#;Número de artículo;Descripción;Fecha de contabilización;Documento;Cantidad;Cantidad;Unidad de meINGRESOSda;Tonelada;Clasificación;Procedencia
CARTULINA;100300001;Cartulina Husky -- C-8 200 gramos 25 x 36;24/10/2025;INGRESOS;1000;1000;hoja(s);0.116078;C8-25H;LOCAL
CARTULINA;100300004;Cartulina Husky -- C-10 230 gramos 25 x 36;7/10/2025;INGRESOS;15200;15200;hoja(s);2.02904344;C10-25H;LOCAL
CARTULINA;100300005;Cartulina Husky -- C-10 230 gramos 25 x 38;1/10/2025;INGRESOS;800;800;hoja(s);0.1127506;C10-25H;LOCAL
CARTULINA;100300005;Cartulina Husky -- C-10 230 gramos 25 x 38;7/10/2025;INGRESOS;800;800;hoja(s);0.1127506;C10-25H;LOCAL
CARTULINA;100300005;Cartulina Husky -- C-10 230 gramos 25 x 38;21/10/2025;INGRESOS;23100;23100;hoja(s);3.255673575;C10-25H;LOCAL
CARTULINA;100300005;Cartulina Husky -- C-10 230 gramos 25 x 38;21/10/2025;INGRESOS;4600;4600;hoja(s);0.64831595;C10-25H;LOCAL
CARTULINA;100300006;Cartulina Husky -- C-10 230 gramos 30 x 40;7/10/2025;INGRESOS;2400;2400;hoja(s);0.427353984;C10-30H;LOCAL
CARTULINA;100300008;Cartulina Husky -- C-12 270 gramos 25 x 36;1/10/2025;INGRESOS;500;500;hoja(s);0.07835265;C12-25H;LOCAL
CARTULINA;100300008;Cartulina Husky -- C-12 270 gramos 25 x 36;7/10/2025;INGRESOS;1000;1000;hoja(s);0.1567053;C12-25H;LOCAL
CARTULINA;100300008;Cartulina Husky -- C-12 270 gramos 25 x 36;21/10/2025;INGRESOS;1500;1500;hoja(s);0.23505795;C12-25H;LOCAL
CARTULINA;100300009;Cartulina Husky -- C-12 270 gramos 25 x 38;1/10/2025;INGRESOS;1000;1000;hoja(s);0.16544925;C12-25H;LOCAL
CARTULINA;100300009;Cartulina Husky -- C-12 270 gramos 25 x 38;10/10/2025;INGRESOS;1250;1250;hoja(s);0.206811563;C12-25H;LOCAL
CARTULINA;100300010;Cartulina Husky -- C-12 270 gramos 30 x 40;21/10/2025;INGRESOS;600;600;hoja(s);0.125419104;C12-30H;LOCAL
CARTULINA;100300011;Cartulina Husky -- C-14 300 gramos 25 x 38;14/10/2025;INGRESOS;14400;14400;hoja(s);2.647188;C14-25H;LOCAL
CARTULINA;100300011;Cartulina Husky -- C-14 300 gramos 25 x 38;21/10/2025;INGRESOS;13000;13000;hoja(s);2.3898225;C14-25H;LOCAL
CARTULINA;100300012;Cartulina Husky -- C-14 300 gramos 30 x 40;21/10/2025;INGRESOS;1100;1100;hoja(s);0.25548336;C14-30H;LOCAL
CARTULINA;100300013;Cartulina Husky -- C-16 350 gramos 25 x 38;23/10/2025;INGRESOS;4300;4300;hoja(s);0.922226375;C16-25H;LOCAL
CARTULINA;100300704;Cartulina FBB Zenith LOCAL -- C-16 270 gramos 25 x 36;27/10/2025;INGRESOS;15000;15000;hoja(s);2.3505795;C16-25;LOCAL
CARTULINA;100300996;Cartulina FBB Zenith LOCAL -- C-18 295 gramos 25 x 36;9/10/2025;INGRESOS;4600;4600;hoja(s);0.78758923;C18-25;LOCAL
CARTULINA;100300996;Cartulina FBB Zenith LOCAL -- C-18 295 gramos 25 x 36;21/10/2025;INGRESOS;2100;2100;hoja(s);0.359551605;C18-25;LOCAL
CARTULINA;100301871;Cartulina SPARK C-12 200 gr 25 X 38;10/10/2025;INGRESOS;200;200;hoja(s);0.024511;Papesp;LOCAL
CARTULINA;100301908;Rollo Cartulina Nine Dragons C - 13.6 215 g ancho 25 (29-89);22/10/2025;INGRESOS;165340;165340;METROS;22.5730435;C13.6-25;IMPORTACION
CARTULINA;100301908;Rollo Cartulina Nine Dragons C - 13.6 215 g ancho 25 (29-89);23/10/2025;INGRESOS;0;0;METROS;0;C13.6-25;IMPORTACION
CARTULINA;100301917;Rollo Cartulina Nine Dragons C - 16.3 255 g ancho 25 (29-89);23/10/2025;INGRESOS;280730;280730;METROS;45.45720525;C16.3-25;IMPORTACION
CARTULINA;100301917;Rollo Cartulina Nine Dragons C - 16.3 255 g ancho 25 (29-89);23/10/2025;INGRESOS;0;0;METROS;0;C16.3-25;IMPORTACION
CARTULINA;100301928;Rollo Cartulina Nine Dragons C - 19 305 g ancho 25 (29-89) REGIONAL;23/10/2025;INGRESOS;55515;55515;METROS;10.75186763;C19-25;IMPORTACION
CARTULINA;100301928;Rollo Cartulina Nine Dragons C - 19 305 g ancho 25 (29-89) REGIONAL;23/10/2025;INGRESOS;0;0;METROS;0;C19-25;IMPORTACION
CARTULINA;100304510;Cartulina FBB DUPLEX MIRABELL -- C-17 320 gramos  22 x 38.5;31/10/2025;INGRESOS;120643;120643;PLIEGOS;21.09613763;COLGATE-150;IMPORTACION
CARTULINA;100304563;Rollo Cartulina Nine Dragons C - 12 205 g ancho 25 (29-89);22/10/2025;INGRESOS;355990;355990;METROS;46.34099825;C12-25;IMPORTACION
CARTULINA;100304563;Rollo Cartulina Nine Dragons C - 12 205 g ancho 25 (29-89);23/10/2025;INGRESOS;0;0;METROS;0;C12-25;IMPORTACION
CARTULINA;100304565;Rollo Cartulina DEINGRESOSCA FSC --  C - 13.5 225 g ancho 23.125;1/10/2025;INGRESOS;141052;141052;METROS;18.6294429;OLMECA;IMPORTACION
CARTULINA;100304565;Rollo Cartulina DEINGRESOSCA FSC --  C - 13.5 225 g ancho 23.125;23/10/2025;INGRESOS;140952;140952;METROS;18.6162354;OLMECA;IMPORTACION
CARTULINA;100304565;Rollo Cartulina DEINGRESOSCA FSC --  C - 13.5 225 g ancho 23.125;23/10/2025;INGRESOS;0;0;METROS;0;OLMECA;IMPORTACION
CARTULINA;100304640;Rollo Cartulina OBAFREE --  C-15 230 g ancho 25.5;31/10/2025;INGRESOS;133067;133067;METROS;19.82312406;FOSFORERA;IMPORTACION
CARTULINA;100304640;Rollo Cartulina OBAFREE --  C-15 230 g ancho 25.5;31/10/2025;INGRESOS;125974;125974;METROS;18.76647275;FOSFORERA;IMPORTACION
CARTULINA;100304640;Rollo Cartulina OBAFREE --  C-15 230 g ancho 25.5;31/10/2025;INGRESOS;0;0;METROS;0;FOSFORERA;IMPORTACION
CARTULINA;100304640;Rollo Cartulina OBAFREE --  C-15 230 g ancho 25.5;31/10/2025;INGRESOS;-125974;125974;METROS;-18.76647275;FOSFORERA;IMPORTACION
CARTULINA;100304642;Rollo Cartulina Nine Dragons C - 19 305 g ancho 29;23/10/2025;INGRESOS;53125;53125;METROS;11.93522188;C19-29;IMPORTACION
CARTULINA;100304642;Rollo Cartulina Nine Dragons C - 19 305 g ancho 29;23/10/2025;INGRESOS;0;0;METROS;0;C19-29;IMPORTACION
CARTULINA;100305981;Cartulina FBB DUPLEX MIRABELL -- C-16 300 gramos  28 x 34;10/10/2025;INGRESOS;183299;183299;PLIEGOS;33.77425142;COLGATE-75;IMPORTACION
CARTULINA;100305981;Cartulina FBB DUPLEX MIRABELL -- C-16 300 gramos  28 x 34;10/10/2025;INGRESOS;0;0;PLIEGOS;0;COLGATE-75;IMPORTACION
CARTULINA;100305981;Cartulina FBB DUPLEX MIRABELL -- C-16 300 gramos  28 x 34;31/10/2025;INGRESOS;307030;307030;PLIEGOS;56.5726404;COLGATE-75;IMPORTACION
CARTULINA;100305982;Cartulina FBB DUPLEX MIRABELL -- C-16 300 gramos  20 x 32.5;10/10/2025;INGRESOS;43018;43018;PLIEGOS;5.411931112;COLGATE-100;IMPORTACION
CARTULINA;100305982;Cartulina FBB DUPLEX MIRABELL -- C-16 300 gramos  20 x 32.5;10/10/2025;INGRESOS;0;0;PLIEGOS;0;COLGATE-100;IMPORTACION
CARTULINA;100305982;Cartulina FBB DUPLEX MIRABELL -- C-16 300 gramos  20 x 32.5;31/10/2025;INGRESOS;133322;133322;PLIEGOS;16.7727342;COLGATE-100;IMPORTACION
CARTULINA;100305983;Cartulina FBB DUPLEX MIRABELL -- C-16 300 gramos  25.5 x 36.5;10/10/2025;INGRESOS;32292;32292;PLIEGOS;5.817235914;COLGATE-50;IMPORTACION
CARTULINA;100305983;Cartulina FBB DUPLEX MIRABELL -- C-16 300 gramos  25.5 x 36.5;10/10/2025;INGRESOS;0;0;PLIEGOS;0;COLGATE-50;IMPORTACION
CARTULINA;100305983;Cartulina FBB DUPLEX MIRABELL -- C-16 300 gramos  25.5 x 36.5;31/10/2025;INGRESOS;149794;149794;PLIEGOS;26.98461032;COLGATE-50;IMPORTACION
CARTULINA;100305984;Cartulina FBB DUPLEX MIRABELL -- C-16 300 gramos  25 x 34;31/10/2025;INGRESOS;29003;29003;PLIEGOS;4.771451747;COLGATE-22;IMPORTACION
CARTULINA;100305985;Cartulina FBB DUPLEX MIRABELL -- C-17 320 gramos  21.5 x 35;31/10/2025;INGRESOS;70251;70251;PLIEGOS;10.91381095;COLGATE-125;IMPORTACION
CARTULINA;100305987;Cartulina SPARK C-12 200 gr 30 X 40;10/10/2025;INGRESOS;200;200;PLIEGOS;0.03096768;SPARK;LOCAL
CARTULINA;100305996;Cartulina SPARK -- C-16 250 gramos 25 X 38;21/10/2025;INGRESOS;12600;12600;hoja(s);1.9306413;SPARK;LOCAL
CARTULINA;100305996;Cartulina SPARK -- C-16 250 gramos 25 X 38;24/10/2025;INGRESOS;800;800;hoja(s);0.1225804;SPARK;LOCAL
CARTULINA;100305997;Cartulina SPARK -- C-16 250 gramos 25 X 36;21/10/2025;INGRESOS;10000;10000;hoja(s);1.45161;SPARK;LOCAL
CARTULINA;100305997;Cartulina SPARK -- C-16 250 gramos 25 X 36;24/10/2025;INGRESOS;600;600;hoja(s);0.0870966;SPARK;LOCAL
CARTULINA;100306002;Cartulina FBB DRAGONS YA ESTÁ -- C-16.3 255 gramos  39.5 x 25;31/10/2025;INGRESOS;143000;143000;PLIEGOS;23.23168741;YA ESTA;IMPORTACION
CARTULINA;100306003;Rollo Cartulina Nine Dragons C - 16.3 255 g ancho 28.5;23/10/2025;INGRESOS;123195;123195;METROS;22.74111943;C16.3-28.5;IMPORTACION
CARTULINA;100306003;Rollo Cartulina Nine Dragons C - 16.3 255 g ancho 28.5;23/10/2025;INGRESOS;0;0;METROS;0;C16.3-28.5;IMPORTACION
PAPEL;100600003;Papel Bond 55 gramos -- 26 x 34;7/10/2025;INGRESOS;1000;1000;PLIEGOS;0.0313269;Bond;LOCAL
PAPEL;100600005;Papel Bond 75 gramos -- 22 x 34;1/10/2025;INGRESOS;3000;3000;PLIEGOS;0.10834965;Bond;LOCAL
PAPEL;100600005;Papel Bond 75 gramos -- 22 x 34;9/10/2025;INGRESOS;6000;6000;PLIEGOS;0.2166993;Bond;LOCAL
PAPEL;100600005;Papel Bond 75 gramos -- 22 x 34;21/10/2025;INGRESOS;7500;7500;PLIEGOS;0.270874125;Bond;LOCAL
PAPEL;100600011;Papel Bond 90 gramos -- 22 x 34;7/10/2025;INGRESOS;2000;2000;PLIEGOS;0.08667972;Bond;LOCAL
PAPEL;100600018;Papel Bond 60 gramos -- 21 x 30;1/10/2025;INGRESOS;126000;126000;PLIEGOS;3.07046376;Bond;LOCAL
PAPEL;100600018;Papel Bond 60 gramos -- 21 x 30;9/10/2025;INGRESOS;63300;63300;PLIEGOS;1.542542508;Bond;LOCAL
PAPEL;100600018;Papel Bond 60 gramos -- 21 x 30;15/10/2025;INGRESOS;38500;38500;PLIEGOS;0.93819726;Bond;LOCAL
PAPEL;100600018;Papel Bond 60 gramos -- 21 x 30;21/10/2025;INGRESOS;-38500;38500;PLIEGOS;-0.93819726;Bond;LOCAL
PAPEL;100600018;Papel Bond 60 gramos -- 21 x 30;21/10/2025;INGRESOS;38500;38500;PLIEGOS;0.93819726;Bond;LOCAL
PAPEL;100600020;Papel Couche Brillante B-60 -- 90 gramos  25 x 36;24/10/2025;INGRESOS;39000;39000;PLIEGOS;2.0371689;Couche;LOCAL
PAPEL;100600021;Papel Couche Brillante - 1 Cara - B-60 -- 90 gramos  25 x 36;9/10/2025;INGRESOS;5000;5000;PLIEGOS;0.2611755;Couche;LOCAL
PAPEL;100600021;Papel Couche Brillante - 1 Cara - B-60 -- 90 gramos  25 x 36;21/10/2025;INGRESOS;6000;6000;PLIEGOS;0.3134106;Couche;LOCAL
PAPEL;100600021;Papel Couche Brillante - 1 Cara - B-60 -- 90 gramos  25 x 36;21/10/2025;INGRESOS;12250;12250;PLIEGOS;0.639879975;Couche;LOCAL
PAPEL;100600023;Papel Couche Brillante - 1 Cara - B-60 -- 90 gramos  25 x 38;9/10/2025;INGRESOS;3000;3000;PLIEGOS;0.16544925;Couche;LOCAL
PAPEL;100600026;Papel Couche Brillante B-70 -- 105 gramos  25 x 36;15/10/2025;INGRESOS;6750;6750;PLIEGOS;0.411351413;Couche;LOCAL
PAPEL;100600026;Papel Couche Brillante B-70 -- 105 gramos  25 x 36;21/10/2025;INGRESOS;-6750;6750;PLIEGOS;-0.411351413;Couche;LOCAL
PAPEL;100600026;Papel Couche Brillante B-70 -- 105 gramos  25 x 36;21/10/2025;INGRESOS;6750;6750;PLIEGOS;0.411351413;Couche;LOCAL
PAPEL;100600026;Papel Couche Brillante B-70 -- 105 gramos  25 x 36;23/10/2025;INGRESOS;63500;63500;PLIEGOS;3.869750325;Couche;LOCAL
PAPEL;100600026;Papel Couche Brillante B-70 -- 105 gramos  25 x 36;24/10/2025;INGRESOS;5250;5250;PLIEGOS;0.319939988;Couche;LOCAL
PAPEL;100600029;Papel Couche Brillante B-80 -- 115 gramos  25 x 36;24/10/2025;INGRESOS;1750;1750;PLIEGOS;0.116803488;Couche;LOCAL
PAPEL;100600030;Papel Couche Brillante B-80 -- 115 gramos  30 x40;1/10/2025;INGRESOS;8250;8250;PLIEGOS;0.581370281;Couche;LOCAL
PAPEL;100600030;Papel Couche Brillante B-80 -- 115 gramos  30 x40;7/10/2025;INGRESOS;500;500;PLIEGOS;0.035234563;Couche;LOCAL
PAPEL;100600032;Papel Couche Brillante B-100 -- 140 gramos  25 x 36;7/10/2025;INGRESOS;7000;7000;PLIEGOS;0.5687822;Couche;LOCAL
PAPEL;100600032;Papel Couche Brillante B-100 -- 140 gramos  25 x 36;21/10/2025;INGRESOS;11000;11000;PLIEGOS;0.8938006;Couche;LOCAL
PAPEL;100600032;Papel Couche Brillante B-100 -- 140 gramos  25 x 36;21/10/2025;INGRESOS;7500;7500;PLIEGOS;0.6094095;Couche;LOCAL
PAPEL;100600032;Papel Couche Brillante B-100 -- 140 gramos  25 x 36;23/10/2025;INGRESOS;3250;3250;PLIEGOS;0.26407745;Couche;LOCAL
PAPEL;100600032;Papel Couche Brillante B-100 -- 140 gramos  25 x 36;24/10/2025;INGRESOS;6000;6000;PLIEGOS;0.4875276;Couche;LOCAL
PAPEL;100600033;Papel Couche Brillante B-100 -- 140 gramos  25 x 38;1/10/2025;INGRESOS;3500;3500;PLIEGOS;0.30025975;Couche;LOCAL
PAPEL;100600033;Papel Couche Brillante B-100 -- 140 gramos  25 x 38;7/10/2025;INGRESOS;7000;7000;PLIEGOS;0.6005195;Couche;LOCAL
PAPEL;100600033;Papel Couche Brillante B-100 -- 140 gramos  25 x 38;10/10/2025;INGRESOS;6750;6750;PLIEGOS;0.579072375;Couche;LOCAL
PAPEL;100600033;Papel Couche Brillante B-100 -- 140 gramos  25 x 38;21/10/2025;INGRESOS;500;500;PLIEGOS;0.04289425;Couche;LOCAL
PAPEL;100600034;Papel Couche Brillante B-100 -- 140 gramos  30 x 40;1/10/2025;INGRESOS;500;500;PLIEGOS;0.05419344;Couche;LOCAL
PAPEL;100600034;Papel Couche Brillante B-100 -- 140 gramos  30 x 40;7/10/2025;INGRESOS;1000;1000;PLIEGOS;0.10838688;Couche;LOCAL
PAPEL;100600043;Papel Bond 75 gramos -- 26 x 38;10/10/2025;INGRESOS;500;500;PLIEGOS;0.023903178;Bond;LOCAL
PAPEL;100600045;Papel Couche Brillante B-80 -- 115 gramos  30 x 40;1/10/2025;INGRESOS;7500;7500;PLIEGOS;0.6677406;Couche;LOCAL
PAPEL;100600045;Papel Couche Brillante B-80 -- 115 gramos  30 x 40;7/10/2025;INGRESOS;7750;7750;PLIEGOS;0.68999862;Couche;LOCAL
PAPEL;100600045;Papel Couche Brillante B-80 -- 115 gramos  30 x 40;10/10/2025;INGRESOS;4750;4750;PLIEGOS;0.42290238;Couche;LOCAL
PAPEL;100600045;Papel Couche Brillante B-80 -- 115 gramos  30 x 40;24/10/2025;INGRESOS;4500;4500;PLIEGOS;0.40064436;Couche;LOCAL
PAPEL;100600093;Cartulina Husky C-8 -- 200 gramos 25 x 38;10/10/2025;INGRESOS;800;800;PLIEGOS;0.098044;C8-25H;LOCAL
PAPEL;100600149;113 Sundance Cover FELT -- 176 gramos 26 x 40;21/10/2025;INGRESOS;1000;1000;PLIEGOS;0.11801856;Varios;IMPORTACION
PAPEL;100600154;Papel Bond 75 gramos -- 26 x 34;15/10/2025;INGRESOS;219900;219900;PLIEGOS;9.406026349;Bond;LOCAL
PAPEL;100600154;Papel Bond 75 gramos -- 26 x 34;21/10/2025;INGRESOS;-219900;219900;PLIEGOS;-9.406026349;Bond;LOCAL
PAPEL;100600154;Papel Bond 75 gramos -- 26 x 34;21/10/2025;INGRESOS;220000;220000;PLIEGOS;9.41030376;Bond;LOCAL
CARTULINA;100300001;Cartulina Husky -- C-8 200 gramos 25 x 36;27/10/2025;CONSUMOS;-1000;1000;hoja(s);0.116078;C8-25H;LOCAL
CARTULINA;100300004;Cartulina Husky -- C-10 230 gramos 25 x 36;10/10/2025;CONSUMOS;-15200;15200;hoja(s);2.02904344;C10-25H;LOCAL
CARTULINA;100300005;Cartulina Husky -- C-10 230 gramos 25 x 38;7/10/2025;CONSUMOS;-800;800;hoja(s);0.1127506;C10-25H;LOCAL
CARTULINA;100300005;Cartulina Husky -- C-10 230 gramos 25 x 38;7/10/2025;CONSUMOS;800;800;hoja(s);-0.1127506;C10-25H;LOCAL
CARTULINA;100300005;Cartulina Husky -- C-10 230 gramos 25 x 38;7/10/2025;CONSUMOS;-800;800;hoja(s);0.1127506;C10-25H;LOCAL
CARTULINA;100300005;Cartulina Husky -- C-10 230 gramos 25 x 38;7/10/2025;CONSUMOS;800;800;hoja(s);-0.1127506;C10-25H;LOCAL
CARTULINA;100300005;Cartulina Husky -- C-10 230 gramos 25 x 38;22/10/2025;CONSUMOS;-18400;18400;hoja(s);2.5932638;C10-25H;LOCAL
CARTULINA;100300005;Cartulina Husky -- C-10 230 gramos 25 x 38;22/10/2025;CONSUMOS;-4700;4700;hoja(s);0.662409775;C10-25H;LOCAL
CARTULINA;100300005;Cartulina Husky -- C-10 230 gramos 25 x 38;22/10/2025;CONSUMOS;-900;900;hoja(s);0.126844425;C10-25H;LOCAL
CARTULINA;100300006;Cartulina Husky -- C-10 230 gramos 30 x 40;10/10/2025;CONSUMOS;-600;600;hoja(s);0.106838496;C10-30H;LOCAL
CARTULINA;100300006;Cartulina Husky -- C-10 230 gramos 30 x 40;10/10/2025;CONSUMOS;-1800;1800;hoja(s);0.320515488;C10-30H;LOCAL
CARTULINA;100300007;Cartulina Husky -- C-12 270 gramos 25 x 41.5 (29-89);22/10/2025;CONSUMOS;-35750;35750;hoja(s);6.460321725;C12-25H;LOCAL
CARTULINA;100300007;Cartulina Husky -- C-12 270 gramos 25 x 41.5 (29-89);30/10/2025;CONSUMOS;-600;600;hoja(s);0.10842498;C12-25H;LOCAL
CARTULINA;100300007;Cartulina Husky -- C-12 270 gramos 25 x 41.5 (29-89);30/10/2025;CONSUMOS;-3000;3000;hoja(s);0.5421249;C12-25H;LOCAL
CARTULINA;100300007;Cartulina Husky -- C-12 270 gramos 25 x 41.5 (29-89);30/10/2025;CONSUMOS;-100;100;hoja(s);0.01807083;C12-25H;LOCAL
CARTULINA;100300007;Cartulina Husky -- C-12 270 gramos 25 x 41.5 (29-89);30/10/2025;CONSUMOS;-1050;1050;hoja(s);0.189743715;C12-25H;LOCAL
CARTULINA;100300008;Cartulina Husky -- C-12 270 gramos 25 x 36;7/10/2025;CONSUMOS;-500;500;hoja(s);0.07835265;C12-25H;LOCAL
CARTULINA;100300008;Cartulina Husky -- C-12 270 gramos 25 x 36;7/10/2025;CONSUMOS;500;500;hoja(s);-0.07835265;C12-25H;LOCAL
CARTULINA;100300008;Cartulina Husky -- C-12 270 gramos 25 x 36;10/10/2025;CONSUMOS;-500;500;hoja(s);0.07835265;C12-25H;LOCAL
CARTULINA;100300008;Cartulina Husky -- C-12 270 gramos 25 x 36;27/10/2025;CONSUMOS;-1100;1100;hoja(s);0.17237583;C12-25H;LOCAL
CARTULINA;100300008;Cartulina Husky -- C-12 270 gramos 25 x 36;27/10/2025;CONSUMOS;-400;400;hoja(s);0.06268212;C12-25H;LOCAL
CARTULINA;100300008;Cartulina Husky -- C-12 270 gramos 25 x 36;27/10/2025;CONSUMOS;-300;300;hoja(s);0.04701159;C12-25H;LOCAL
CARTULINA;100300009;Cartulina Husky -- C-12 270 gramos 25 x 38;7/10/2025;CONSUMOS;-1000;1000;hoja(s);0.16544925;C12-25H;LOCAL
CARTULINA;100300009;Cartulina Husky -- C-12 270 gramos 25 x 38;7/10/2025;CONSUMOS;1000;1000;hoja(s);-0.16544925;C12-25H;LOCAL
CARTULINA;100300009;Cartulina Husky -- C-12 270 gramos 25 x 38;10/10/2025;CONSUMOS;-800;800;hoja(s);0.1323594;C12-25H;LOCAL
CARTULINA;100300009;Cartulina Husky -- C-12 270 gramos 25 x 38;10/10/2025;CONSUMOS;-1100;1100;hoja(s);0.181994175;C12-25H;LOCAL
CARTULINA;100300009;Cartulina Husky -- C-12 270 gramos 25 x 38;27/10/2025;CONSUMOS;-350;350;hoja(s);0.057907238;C12-25H;LOCAL
CARTULINA;100300010;Cartulina Husky -- C-12 270 gramos 30 x 40;22/10/2025;CONSUMOS;-600;600;hoja(s);0.125419104;C12-30H;LOCAL
CARTULINA;100300011;Cartulina Husky -- C-14 300 gramos 25 x 38;10/10/2025;CONSUMOS;-900;900;hoja(s);0.16544925;C14-25H;LOCAL
CARTULINA;100300011;Cartulina Husky -- C-14 300 gramos 25 x 38;15/10/2025;CONSUMOS;-6000;6000;hoja(s);1.102995;C14-25H;LOCAL
CARTULINA;100300011;Cartulina Husky -- C-14 300 gramos 25 x 38;15/10/2025;CONSUMOS;-5400;5400;hoja(s);0.9926955;C14-25H;LOCAL
CARTULINA;100300011;Cartulina Husky -- C-14 300 gramos 25 x 38;16/10/2025;CONSUMOS;-2100;2100;hoja(s);0.38604825;C14-25H;LOCAL
CARTULINA;100300011;Cartulina Husky -- C-14 300 gramos 25 x 38;22/10/2025;CONSUMOS;-12900;12900;hoja(s);2.37143925;C14-25H;LOCAL
CARTULINA;100300011;Cartulina Husky -- C-14 300 gramos 25 x 38;22/10/2025;CONSUMOS;-100;100;hoja(s);0.01838325;C14-25H;LOCAL
CARTULINA;100300011;Cartulina Husky -- C-14 300 gramos 25 x 38;27/10/2025;CONSUMOS;-500;500;hoja(s);0.09191625;C14-25H;LOCAL
CARTULINA;100300012;Cartulina Husky -- C-14 300 gramos 30 x 40;27/10/2025;CONSUMOS;-1000;1000;hoja(s);0.2322576;C14-30H;LOCAL
CARTULINA;100300012;Cartulina Husky -- C-14 300 gramos 30 x 40;27/10/2025;CONSUMOS;-1700;1700;hoja(s);0.39483792;C14-30H;LOCAL
CARTULINA;100300013;Cartulina Husky -- C-16 350 gramos 25 x 38;10/10/2025;CONSUMOS;-70;70;hoja(s);0.015012988;C16-25H;LOCAL
CARTULINA;100300013;Cartulina Husky -- C-16 350 gramos 25 x 38;27/10/2025;CONSUMOS;-4300;4300;hoja(s);0.922226375;C16-25H;LOCAL
CARTULINA;100300013;Cartulina Husky -- C-16 350 gramos 25 x 38;27/10/2025;CONSUMOS;-400;400;hoja(s);0.0857885;C16-25H;LOCAL
CARTULINA;100300013;Cartulina Husky -- C-16 350 gramos 25 x 38;27/10/2025;CONSUMOS;-100;100;hoja(s);0.021447125;C16-25H;LOCAL
CARTULINA;100300013;Cartulina Husky -- C-16 350 gramos 25 x 38;30/10/2025;CONSUMOS;-1174;1174;hoja(s);0.251789248;C16-25H;LOCAL
CARTULINA;100300296;Cartulina FBB Zenith LOCAL -- C-14 235 gramos 25 x 36;15/10/2025;CONSUMOS;-1800;1800;hoja(s);0.24550497;C14-25;LOCAL
CARTULINA;100300298;Cartulina FBB Zenith LOCAL -- C-14 235 gramos 25 x 38;22/10/2025;CONSUMOS;-10600;10600;hoja(s);1.526422525;C14-25;LOCAL
CARTULINA;100300301;Cartulina CMPC RC -- C-16 245 gramos 39.5 x 25 YA ESTA;15/10/2025;CONSUMOS;-2485;2485;hoja(s);0.387763687;YA ESTA;IMPORTACION
CARTULINA;100300301;Cartulina CMPC RC -- C-16 245 gramos 39.5 x 25 YA ESTA;16/10/2025;CONSUMOS;-665;665;hoja(s);0.103767747;YA ESTA;IMPORTACION
CARTULINA;100300558;Cartulina FBB Poplar -- C-16 255 gramos 25 x 38;27/10/2025;CONSUMOS;-900;900;hoja(s);0.140631863;C16-25;IMPORTACION
CARTULINA;100300704;Cartulina FBB Zenith LOCAL -- C-16 270 gramos 25 x 36;30/10/2025;CONSUMOS;-9300;9300;hoja(s);1.45735929;C16-25;LOCAL
CARTULINA;100300704;Cartulina FBB Zenith LOCAL -- C-16 270 gramos 25 x 36;30/10/2025;CONSUMOS;-5700;5700;hoja(s);0.89322021;C16-25;LOCAL
CARTULINA;100300996;Cartulina FBB Zenith LOCAL -- C-18 295 gramos 25 x 36;11/10/2025;CONSUMOS;-4600;4600;hoja(s);0.78758923;C18-25;LOCAL
CARTULINA;100300996;Cartulina FBB Zenith LOCAL -- C-18 295 gramos 25 x 36;11/10/2025;CONSUMOS;4600;4600;hoja(s);-0.78758923;C18-25;LOCAL
CARTULINA;100300996;Cartulina FBB Zenith LOCAL -- C-18 295 gramos 25 x 36;15/10/2025;CONSUMOS;-2100;2100;hoja(s);0.359551605;C18-25;LOCAL
CARTULINA;100300996;Cartulina FBB Zenith LOCAL -- C-18 295 gramos 25 x 36;22/10/2025;CONSUMOS;-4600;4600;hoja(s);0.78758923;C18-25;LOCAL
CARTULINA;100301343;Cartulina FBB Zenith LOCAL -- C-22 360 gramos 25 x 38;15/10/2025;CONSUMOS;-100;100;hoja(s);0.0220599;C22-25;LOCAL
CARTULINA;100301353;Rollo Cartulina CMPC RC C-17 255 g ancho 30;9/10/2025;CONSUMOS;-1586;1586;METROS;0.30817566;CMPC RC;IMPORTACION
CARTULINA;100301353;Rollo Cartulina CMPC RC C-17 255 g ancho 30;28/10/2025;CONSUMOS;-43363;43363;METROS;8.42586453;CMPC RC;IMPORTACION
CARTULINA;100301354;Rollo Cartulina CMPC RC -C - 17 255 g ancho 23.5;28/10/2025;CONSUMOS;-31909;31909;METROS;4.75188828;CMPC RC;IMPORTACION
CARTULINA;100301357;Rollo Cartulina ASIA SYMBOL C-18 295 g ancho 25;14/10/2025;CONSUMOS;-1298;1298;METROS;0.24314785;C18-25;IMPORTACION
CARTULINA;100301394;Cartulina FBB Asia Symbol -- C-16 270 gramos  25 x 38;15/10/2025;CONSUMOS;-230;230;PLIEGOS;0.038053328;C16-25;IMPORTACION
CARTULINA;100301824;Rollo Cartulina ASIA SYMBOL C-14 235 g ancho 25;6/10/2025;CONSUMOS;-780;780;METROS;0.1163955;C14-25;IMPORTACION
CARTULINA;100301824;Rollo Cartulina ASIA SYMBOL C-14 235 g ancho 25;9/10/2025;CONSUMOS;-1412;1412;METROS;0.2107057;C14-25;IMPORTACION
CARTULINA;100301824;Rollo Cartulina ASIA SYMBOL C-14 235 g ancho 25;9/10/2025;CONSUMOS;-4509;4509;METROS;0.672855525;C14-25;IMPORTACION
CARTULINA;100301824;Rollo Cartulina ASIA SYMBOL C-14 235 g ancho 25;9/10/2025;CONSUMOS;-1720;1720;METROS;0.256667;C14-25;IMPORTACION
CARTULINA;100301824;Rollo Cartulina ASIA SYMBOL C-14 235 g ancho 25;9/10/2025;CONSUMOS;-1698;1698;METROS;0.25338405;C14-25;IMPORTACION
CARTULINA;100301824;Rollo Cartulina ASIA SYMBOL C-14 235 g ancho 25;13/10/2025;CONSUMOS;-2652;2652;METROS;0.3957447;C14-25;IMPORTACION
CARTULINA;100301824;Rollo Cartulina ASIA SYMBOL C-14 235 g ancho 25;13/10/2025;CONSUMOS;-2634;2634;METROS;0.39305865;C14-25;IMPORTACION
CARTULINA;100301824;Rollo Cartulina ASIA SYMBOL C-14 235 g ancho 25;14/10/2025;CONSUMOS;-5114;5114;METROS;0.76313665;C14-25;IMPORTACION
CARTULINA;100301824;Rollo Cartulina ASIA SYMBOL C-14 235 g ancho 25;14/10/2025;CONSUMOS;-11397;11397;METROS;1.700717325;C14-25;IMPORTACION
CARTULINA;100301824;Rollo Cartulina ASIA SYMBOL C-14 235 g ancho 25;21/10/2025;CONSUMOS;-17640;17640;METROS;2.632329;C14-25;IMPORTACION
CARTULINA;100301824;Rollo Cartulina ASIA SYMBOL C-14 235 g ancho 25;24/10/2025;CONSUMOS;-23482;23482;METROS;3.50410145;C14-25;IMPORTACION
CARTULINA;100301824;Rollo Cartulina ASIA SYMBOL C-14 235 g ancho 25;24/10/2025;CONSUMOS;-29593;29593;METROS;4.416015425;C14-25;IMPORTACION
CARTULINA;100301824;Rollo Cartulina ASIA SYMBOL C-14 235 g ancho 25;27/10/2025;CONSUMOS;-2339;2339;METROS;0.349037275;C14-25;IMPORTACION
CARTULINA;100301824;Rollo Cartulina ASIA SYMBOL C-14 235 g ancho 25;27/10/2025;CONSUMOS;-2412;2412;METROS;0.3599307;C14-25;IMPORTACION
CARTULINA;100301824;Rollo Cartulina ASIA SYMBOL C-14 235 g ancho 25;29/10/2025;CONSUMOS;-3605;3605;METROS;0.537956125;C14-25;IMPORTACION
CARTULINA;100301848;Rollo Cartulina ASIA SYMBOL C-20 325 g ancho 25;10/10/2025;CONSUMOS;-2772;2772;METROS;0.5720715;C20-25;IMPORTACION
CARTULINA;100301848;Rollo Cartulina ASIA SYMBOL C-20 325 g ancho 25;21/10/2025;CONSUMOS;-5245;5245;METROS;1.082436875;C20-25;IMPORTACION
CARTULINA;100301848;Rollo Cartulina ASIA SYMBOL C-20 325 g ancho 25;27/10/2025;CONSUMOS;-320;320;METROS;0.06604;C20-25;IMPORTACION
CARTULINA;100301856;Rollo Cartulina OBAFREE --  C - 18 265 g ancho 23;27/10/2025;CONSUMOS;-21905;21905;METROS;3.3900178;FOSFORERA;IMPORTACION
CARTULINA;100301871;Cartulina SPARK C-12 200 gr 25 X 38;10/10/2025;CONSUMOS;-200;200;hoja(s);0.024511;Papesp;LOCAL
CARTULINA;100301886;Rollo Cartulina ASIA SYMBOL C-18 295 g ancho 25 (2989F);14/10/2025;CONSUMOS;-6176;6176;METROS;1.1569192;C18-25;IMPORTACION
CARTULINA;100301886;Rollo Cartulina ASIA SYMBOL C-18 295 g ancho 25 (2989F);14/10/2025;CONSUMOS;-5476;5476;METROS;1.0257917;C18-25;IMPORTACION
CARTULINA;100301886;Rollo Cartulina ASIA SYMBOL C-18 295 g ancho 25 (2989F);14/10/2025;CONSUMOS;-1884;1884;METROS;0.3529203;C18-25;IMPORTACION
CARTULINA;100301886;Rollo Cartulina ASIA SYMBOL C-18 295 g ancho 25 (2989F);14/10/2025;CONSUMOS;-17183;17183;METROS;3.218805475;C18-25;IMPORTACION
CARTULINA;100301886;Rollo Cartulina ASIA SYMBOL C-18 295 g ancho 25 (2989F);14/10/2025;CONSUMOS;-2197;2197;METROS;0.411553025;C18-25;IMPORTACION
CARTULINA;100301886;Rollo Cartulina ASIA SYMBOL C-18 295 g ancho 25 (2989F);14/10/2025;CONSUMOS;-55952;55952;METROS;10.4812084;C18-25;IMPORTACION
CARTULINA;100301886;Rollo Cartulina ASIA SYMBOL C-18 295 g ancho 25 (2989F);14/10/2025;CONSUMOS;-12962;12962;METROS;2.42810665;C18-25;IMPORTACION
CARTULINA;100301886;Rollo Cartulina ASIA SYMBOL C-18 295 g ancho 25 (2989F);14/10/2025;CONSUMOS;-2652;2652;METROS;0.4967859;C18-25;IMPORTACION
CARTULINA;100301886;Rollo Cartulina ASIA SYMBOL C-18 295 g ancho 25 (2989F);23/10/2025;CONSUMOS;-10117;10117;METROS;1.895167025;C18-25;IMPORTACION
CARTULINA;100301886;Rollo Cartulina ASIA SYMBOL C-18 295 g ancho 25 (2989F);23/10/2025;CONSUMOS;-4225;4225;METROS;0.791448125;C18-25;IMPORTACION
CARTULINA;100301886;Rollo Cartulina ASIA SYMBOL C-18 295 g ancho 25 (2989F);23/10/2025;CONSUMOS;-5875;5875;METROS;1.100534375;C18-25;IMPORTACION
CARTULINA;100301886;Rollo Cartulina ASIA SYMBOL C-18 295 g ancho 25 (2989F);23/10/2025;CONSUMOS;-562;562;METROS;0.10527665;C18-25;IMPORTACION
CARTULINA;100301886;Rollo Cartulina ASIA SYMBOL C-18 295 g ancho 25 (2989F);24/10/2025;CONSUMOS;-3687;3687;METROS;0.690667275;C18-25;IMPORTACION
CARTULINA;100301886;Rollo Cartulina ASIA SYMBOL C-18 295 g ancho 25 (2989F);24/10/2025;CONSUMOS;-4308;4308;METROS;0.8069961;C18-25;IMPORTACION
CARTULINA;100301886;Rollo Cartulina ASIA SYMBOL C-18 295 g ancho 25 (2989F);29/10/2025;CONSUMOS;-4667;4667;METROS;0.874245775;C18-25;IMPORTACION
CARTULINA;100301886;Rollo Cartulina ASIA SYMBOL C-18 295 g ancho 25 (2989F);29/10/2025;CONSUMOS;-2241;2241;METROS;0.419795325;C18-25;IMPORTACION
CARTULINA;100301886;Rollo Cartulina ASIA SYMBOL C-18 295 g ancho 25 (2989F);30/10/2025;CONSUMOS;-2667;2667;METROS;0.499595775;C18-25;IMPORTACION
CARTULINA;100301887;Rollo Cartulina ASIA SYMBOL C-18 295 g ancho 34 (2989F);24/10/2025;CONSUMOS;-631;631;METROS;0.160643135;C18-34;IMPORTACION
CARTULINA;100301900;Rollo Cartulina SBS CANDESCE -- C-24 407 g ancho 25 (29-89);2/10/2025;CONSUMOS;-845;845;METROS;0.218386025;GILDAN;IMPORTACION
CARTULINA;100301908;Rollo Cartulina Nine Dragons C - 13.6 215 g ancho 25 (29-89);6/10/2025;CONSUMOS;-2596;2596;METROS;0.3544189;C13.6-25;IMPORTACION
CARTULINA;100301908;Rollo Cartulina Nine Dragons C - 13.6 215 g ancho 25 (29-89);6/10/2025;CONSUMOS;-4785;4785;METROS;0.653272125;C13.6-25;IMPORTACION
CARTULINA;100301908;Rollo Cartulina Nine Dragons C - 13.6 215 g ancho 25 (29-89);6/10/2025;CONSUMOS;-1350;1350;METROS;0.18430875;C13.6-25;IMPORTACION
CARTULINA;100301908;Rollo Cartulina Nine Dragons C - 13.6 215 g ancho 25 (29-89);9/10/2025;CONSUMOS;-2032;2032;METROS;0.2774188;C13.6-25;IMPORTACION
CARTULINA;100301908;Rollo Cartulina Nine Dragons C - 13.6 215 g ancho 25 (29-89);15/10/2025;CONSUMOS;-2444;2444;METROS;0.3336671;C13.6-25;IMPORTACION
CARTULINA;100301908;Rollo Cartulina Nine Dragons C - 13.6 215 g ancho 25 (29-89);29/10/2025;CONSUMOS;-245;245;METROS;0.033448625;C13.6-25;IMPORTACION
CARTULINA;100301908;Rollo Cartulina Nine Dragons C - 13.6 215 g ancho 25 (29-89);29/10/2025;CONSUMOS;-250;250;METROS;0.03413125;C13.6-25;IMPORTACION
CARTULINA;100301908;Rollo Cartulina Nine Dragons C - 13.6 215 g ancho 25 (29-89);29/10/2025;CONSUMOS;-288;288;METROS;0.0393192;C13.6-25;IMPORTACION
CARTULINA;100301910;Rollo Cartulina OBAFREE --  C - 15 230 g ancho 25.5 (2989F);9/10/2025;CONSUMOS;-732;732;METROS;0.10892892;FOSFORERA;IMPORTACION
CARTULINA;100301910;Rollo Cartulina OBAFREE --  C - 15 230 g ancho 25.5 (2989F);21/10/2025;CONSUMOS;-56808;56808;METROS;8.45359848;FOSFORERA;IMPORTACION
CARTULINA;100301910;Rollo Cartulina OBAFREE --  C - 15 230 g ancho 25.5 (2989F);23/10/2025;CONSUMOS;-27030;27030;METROS;4.0223343;FOSFORERA;IMPORTACION
CARTULINA;100301912;Rollo Cartulina ASIA SYMBOL C-16 270 g ancho 25 (2989F);1/10/2025;CONSUMOS;-1443;1443;METROS;0.24740235;C16-25;IMPORTACION
CARTULINA;100301912;Rollo Cartulina ASIA SYMBOL C-16 270 g ancho 25 (2989F);1/10/2025;CONSUMOS;-1056;1056;METROS;0.1810512;C16-25;IMPORTACION
CARTULINA;100301912;Rollo Cartulina ASIA SYMBOL C-16 270 g ancho 25 (2989F);1/10/2025;CONSUMOS;-1156;1156;METROS;0.1981962;C16-25;IMPORTACION
CARTULINA;100301912;Rollo Cartulina ASIA SYMBOL C-16 270 g ancho 25 (2989F);1/10/2025;CONSUMOS;-739;739;METROS;0.12670155;C16-25;IMPORTACION
CARTULINA;100301912;Rollo Cartulina ASIA SYMBOL C-16 270 g ancho 25 (2989F);1/10/2025;CONSUMOS;-562;562;METROS;0.0963549;C16-25;IMPORTACION
CARTULINA;100301912;Rollo Cartulina ASIA SYMBOL C-16 270 g ancho 25 (2989F);1/10/2025;CONSUMOS;-1533;1533;METROS;0.26283285;C16-25;IMPORTACION
CARTULINA;100301912;Rollo Cartulina ASIA SYMBOL C-16 270 g ancho 25 (2989F);9/10/2025;CONSUMOS;-4481;4481;METROS;0.76826745;C16-25;IMPORTACION
CARTULINA;100301912;Rollo Cartulina ASIA SYMBOL C-16 270 g ancho 25 (2989F);9/10/2025;CONSUMOS;-1805;1805;METROS;0.30946725;C16-25;IMPORTACION
CARTULINA;100301912;Rollo Cartulina ASIA SYMBOL C-16 270 g ancho 25 (2989F);9/10/2025;CONSUMOS;-3244;3244;METROS;0.5561838;C16-25;IMPORTACION
CARTULINA;100301912;Rollo Cartulina ASIA SYMBOL C-16 270 g ancho 25 (2989F);9/10/2025;CONSUMOS;-960;960;METROS;0.164592;C16-25;IMPORTACION
CARTULINA;100301912;Rollo Cartulina ASIA SYMBOL C-16 270 g ancho 25 (2989F);10/10/2025;CONSUMOS;-985;985;METROS;0.16887825;C16-25;IMPORTACION
CARTULINA;100301912;Rollo Cartulina ASIA SYMBOL C-16 270 g ancho 25 (2989F);10/10/2025;CONSUMOS;-6664;6664;METROS;1.1425428;C16-25;IMPORTACION
CARTULINA;100301912;Rollo Cartulina ASIA SYMBOL C-16 270 g ancho 25 (2989F);15/10/2025;CONSUMOS;-1765;1765;METROS;0.30260925;C16-25;IMPORTACION
CARTULINA;100301912;Rollo Cartulina ASIA SYMBOL C-16 270 g ancho 25 (2989F);21/10/2025;CONSUMOS;-837;837;METROS;0.14350365;C16-25;IMPORTACION
CARTULINA;100301912;Rollo Cartulina ASIA SYMBOL C-16 270 g ancho 25 (2989F);21/10/2025;CONSUMOS;-2333;2333;METROS;0.39999285;C16-25;IMPORTACION
CARTULINA;100301912;Rollo Cartulina ASIA SYMBOL C-16 270 g ancho 25 (2989F);24/10/2025;CONSUMOS;-1268;1268;METROS;0.2173986;C16-25;IMPORTACION
CARTULINA;100301912;Rollo Cartulina ASIA SYMBOL C-16 270 g ancho 25 (2989F);24/10/2025;CONSUMOS;-2922;2922;METROS;0.5009769;C16-25;IMPORTACION
CARTULINA;100301917;Rollo Cartulina Nine Dragons C - 16.3 255 g ancho 25 (29-89);6/10/2025;CONSUMOS;-195;195;METROS;0.031575375;C16.3-25;IMPORTACION
CARTULINA;100301917;Rollo Cartulina Nine Dragons C - 16.3 255 g ancho 25 (29-89);9/10/2025;CONSUMOS;-6253;6253;METROS;1.012517025;C16.3-25;IMPORTACION
CARTULINA;100301917;Rollo Cartulina Nine Dragons C - 16.3 255 g ancho 25 (29-89);9/10/2025;CONSUMOS;-345;345;METROS;0.055864125;C16.3-25;IMPORTACION
CARTULINA;100301917;Rollo Cartulina Nine Dragons C - 16.3 255 g ancho 25 (29-89);9/10/2025;CONSUMOS;-1476;1476;METROS;0.2390013;C16.3-25;IMPORTACION
CARTULINA;100301917;Rollo Cartulina Nine Dragons C - 16.3 255 g ancho 25 (29-89);9/10/2025;CONSUMOS;-3679;3679;METROS;0.595722075;C16.3-25;IMPORTACION
CARTULINA;100301917;Rollo Cartulina Nine Dragons C - 16.3 255 g ancho 25 (29-89);15/10/2025;CONSUMOS;-895;895;METROS;0.144922875;C16.3-25;IMPORTACION
CARTULINA;100301917;Rollo Cartulina Nine Dragons C - 16.3 255 g ancho 25 (29-89);15/10/2025;CONSUMOS;-1651;1651;METROS;0.267338175;C16.3-25;IMPORTACION
CARTULINA;100301917;Rollo Cartulina Nine Dragons C - 16.3 255 g ancho 25 (29-89);23/10/2025;CONSUMOS;-1163;1163;METROS;0.188318775;C16.3-25;IMPORTACION
CARTULINA;100301917;Rollo Cartulina Nine Dragons C - 16.3 255 g ancho 25 (29-89);23/10/2025;CONSUMOS;-2346;2346;METROS;0.37987605;C16.3-25;IMPORTACION
CARTULINA;100301917;Rollo Cartulina Nine Dragons C - 16.3 255 g ancho 25 (29-89);23/10/2025;CONSUMOS;-1216;1216;METROS;0.1969008;C16.3-25;IMPORTACION
CARTULINA;100301917;Rollo Cartulina Nine Dragons C - 16.3 255 g ancho 25 (29-89);23/10/2025;CONSUMOS;-1745;1745;METROS;0.282559125;C16.3-25;IMPORTACION
CARTULINA;100301917;Rollo Cartulina Nine Dragons C - 16.3 255 g ancho 25 (29-89);23/10/2025;CONSUMOS;-1451;1451;METROS;0.234953175;C16.3-25;IMPORTACION
CARTULINA;100301917;Rollo Cartulina Nine Dragons C - 16.3 255 g ancho 25 (29-89);23/10/2025;CONSUMOS;-1499;1499;METROS;0.242725575;C16.3-25;IMPORTACION
CARTULINA;100301917;Rollo Cartulina Nine Dragons C - 16.3 255 g ancho 25 (29-89);29/10/2025;CONSUMOS;-116;116;METROS;0.0187833;C16.3-25;IMPORTACION
CARTULINA;100301917;Rollo Cartulina Nine Dragons C - 16.3 255 g ancho 25 (29-89);29/10/2025;CONSUMOS;-5505;5505;METROS;0.891397125;C16.3-25;IMPORTACION
CARTULINA;100301917;Rollo Cartulina Nine Dragons C - 16.3 255 g ancho 25 (29-89);29/10/2025;CONSUMOS;-8765;8765;METROS;1.419272625;C16.3-25;IMPORTACION
CARTULINA;100301917;Rollo Cartulina Nine Dragons C - 16.3 255 g ancho 25 (29-89);29/10/2025;CONSUMOS;-4759;4759;METROS;0.770601075;C16.3-25;IMPORTACION
CARTULINA;100301917;Rollo Cartulina Nine Dragons C - 16.3 255 g ancho 25 (29-89);29/10/2025;CONSUMOS;-8330;8330;METROS;1.34883525;C16.3-25;IMPORTACION
CARTULINA;100301917;Rollo Cartulina Nine Dragons C - 16.3 255 g ancho 25 (29-89);29/10/2025;CONSUMOS;-660;660;METROS;0.1068705;C16.3-25;IMPORTACION
CARTULINA;100301917;Rollo Cartulina Nine Dragons C - 16.3 255 g ancho 25 (29-89);29/10/2025;CONSUMOS;-7385;7385;METROS;1.195816125;C16.3-25;IMPORTACION
CARTULINA;100301917;Rollo Cartulina Nine Dragons C - 16.3 255 g ancho 25 (29-89);29/10/2025;CONSUMOS;-3085;3085;METROS;0.499538625;C16.3-25;IMPORTACION
CARTULINA;100301918;Rollo Cartulina Nine Dragons C - 16.3 255 g ancho 27 (29-89);9/10/2025;CONSUMOS;-1560;1560;METROS;0.272493;C16.3-27;IMPORTACION
CARTULINA;100301918;Rollo Cartulina Nine Dragons C - 16.3 255 g ancho 27 (29-89);30/10/2025;CONSUMOS;-124040;124040;METROS;21.666687;C16.3-27;IMPORTACION
CARTULINA;100301920;Rollo Cartulina Nine Dragons C - 16.3 255 g ancho 35.5 (29-89);1/10/2025;CONSUMOS;-5956;5956;METROS;1.36842078;C16.3-36;IMPORTACION
CARTULINA;100301926;Rollo Cartulina ASIA SYMBOL C-19 310 g ancho 25 (29-89);9/10/2025;CONSUMOS;-17522;17522;METROS;3.4492057;C19-25;IMPORTACION
CARTULINA;100301928;Rollo Cartulina Nine Dragons C - 19 305 g ancho 25 (29-89) REGIONAL;6/10/2025;CONSUMOS;-1021;1021;METROS;0.197742175;C19-25;IMPORTACION
CARTULINA;100301928;Rollo Cartulina Nine Dragons C - 19 305 g ancho 25 (29-89) REGIONAL;13/10/2025;CONSUMOS;-10690;10690;METROS;2.07038575;C19-25;IMPORTACION
CARTULINA;100301928;Rollo Cartulina Nine Dragons C - 19 305 g ancho 25 (29-89) REGIONAL;13/10/2025;CONSUMOS;-1665;1665;METROS;0.322468875;C19-25;IMPORTACION
CARTULINA;100301928;Rollo Cartulina Nine Dragons C - 19 305 g ancho 25 (29-89) REGIONAL;13/10/2025;CONSUMOS;-23860;23860;METROS;4.6210855;C19-25;IMPORTACION
CARTULINA;100301928;Rollo Cartulina Nine Dragons C - 19 305 g ancho 25 (29-89) REGIONAL;13/10/2025;CONSUMOS;-6070;6070;METROS;1.17560725;C19-25;IMPORTACION
CARTULINA;100301928;Rollo Cartulina Nine Dragons C - 19 305 g ancho 25 (29-89) REGIONAL;13/10/2025;CONSUMOS;-1000;1000;METROS;0.193675;C19-25;IMPORTACION
CARTULINA;100301928;Rollo Cartulina Nine Dragons C - 19 305 g ancho 25 (29-89) REGIONAL;22/10/2025;CONSUMOS;-3607;3607;METROS;0.698585725;C19-25;IMPORTACION
CARTULINA;100301928;Rollo Cartulina Nine Dragons C - 19 305 g ancho 25 (29-89) REGIONAL;22/10/2025;CONSUMOS;-18473;18473;METROS;3.577758275;C19-25;IMPORTACION
CARTULINA;100301928;Rollo Cartulina Nine Dragons C - 19 305 g ancho 25 (29-89) REGIONAL;27/10/2025;CONSUMOS;-55515;55515;METROS;10.75186763;C19-25;IMPORTACION
CARTULINA 29-89;100304547;Rollo Cartulina Spectra Natural -- C-18 267g ancho 27;9/10/2025;CONSUMOS;-54768;54768;METROS;10.0284918;BCONSUMOSBO;IMPORTACION
CARTULINA 29-89;100304547;Rollo Cartulina Spectra Natural -- C-18 267g ancho 27;9/10/2025;CONSUMOS;-285;285;METROS;0.052185951;BCONSUMOSBO;IMPORTACION
CARTULINA 29-89;100304547;Rollo Cartulina Spectra Natural -- C-18 267g ancho 27;27/10/2025;CONSUMOS;-41598;41598;METROS;7.616951543;BCONSUMOSBO;IMPORTACION
CARTULINA 29-89;100304547;Rollo Cartulina Spectra Natural -- C-18 267g ancho 27;27/10/2025;CONSUMOS;-2631;2631;METROS;0.481758727;BCONSUMOSBO;IMPORTACION
CARTULINA 29-89;100304547;Rollo Cartulina Spectra Natural -- C-18 267g ancho 27;27/10/2025;CONSUMOS;-2900;2900;METROS;0.53101494;BCONSUMOSBO;IMPORTACION
CARTULINA 29-89;100304547;Rollo Cartulina Spectra Natural -- C-18 267g ancho 27;30/10/2025;CONSUMOS;2900;2900;METROS;-0.53101494;BCONSUMOSBO;IMPORTACION
CARTULINA;100304564;Cartulina FBB NINE DRAGONS -- C-12 205 gramos 25 x 38;15/10/2025;CONSUMOS;-70;70;hoja(s);0.008793321;C12-25;IMPORTACION
CARTULINA;100304564;Cartulina FBB NINE DRAGONS -- C-12 205 gramos 25 x 38;15/10/2025;CONSUMOS;-25710;25710;hoja(s);3.229661276;C12-25;IMPORTACION
CARTULINA;100304564;Cartulina FBB NINE DRAGONS -- C-12 205 gramos 25 x 38;15/10/2025;CONSUMOS;-160;160;hoja(s);0.02009902;C12-25;IMPORTACION
CARTULINA;100304564;Cartulina FBB NINE DRAGONS -- C-12 205 gramos 25 x 38;15/10/2025;CONSUMOS;-1100;1100;hoja(s);0.138180763;C12-25;IMPORTACION
CARTULINA;100304564;Cartulina FBB NINE DRAGONS -- C-12 205 gramos 25 x 38;27/10/2025;CONSUMOS;-29970;29970;hoja(s);3.764797684;C12-25;IMPORTACION
CARTULINA;100304564;Cartulina FBB NINE DRAGONS -- C-12 205 gramos 25 x 38;30/10/2025;CONSUMOS;-74090;74090;hoja(s);9.307102449;C12-25;IMPORTACION
CARTULINA;100304565;Rollo Cartulina DEINGRESOSCA FSC --  C - 13.5 225 g ancho 23.125;2/10/2025;CONSUMOS;-3742;3742;METROS;0.49422465;OLMECA;IMPORTACION
CARTULINA;100304565;Rollo Cartulina DEINGRESOSCA FSC --  C - 13.5 225 g ancho 23.125;2/10/2025;CONSUMOS;-16703;16703;METROS;2.206048725;OLMECA;IMPORTACION
CARTULINA;100304565;Rollo Cartulina DEINGRESOSCA FSC --  C - 13.5 225 g ancho 23.125;2/10/2025;CONSUMOS;-13121;13121;METROS;1.732956075;OLMECA;IMPORTACION
CARTULINA;100304565;Rollo Cartulina DEINGRESOSCA FSC --  C - 13.5 225 g ancho 23.125;13/10/2025;CONSUMOS;-16915;16915;METROS;2.234048625;OLMECA;IMPORTACION
CARTULINA;100304565;Rollo Cartulina DEINGRESOSCA FSC --  C - 13.5 225 g ancho 23.125;13/10/2025;CONSUMOS;-31760;31760;METROS;4.194702;OLMECA;IMPORTACION
CARTULINA;100304565;Rollo Cartulina DEINGRESOSCA FSC --  C - 13.5 225 g ancho 23.125;13/10/2025;CONSUMOS;-8299;8299;METROS;1.096090425;OLMECA;IMPORTACION
CARTULINA;100304565;Rollo Cartulina DEINGRESOSCA FSC --  C - 13.5 225 g ancho 23.125;13/10/2025;CONSUMOS;-8390;8390;METROS;1.10810925;OLMECA;IMPORTACION
CARTULINA;100304565;Rollo Cartulina DEINGRESOSCA FSC --  C - 13.5 225 g ancho 23.125;23/10/2025;CONSUMOS;-8337;8337;METROS;1.101109275;OLMECA;IMPORTACION
CARTULINA;100304565;Rollo Cartulina DEINGRESOSCA FSC --  C - 13.5 225 g ancho 23.125;23/10/2025;CONSUMOS;-8483;8483;METROS;1.120392225;OLMECA;IMPORTACION
CARTULINA;100304565;Rollo Cartulina DEINGRESOSCA FSC --  C - 13.5 225 g ancho 23.125;23/10/2025;CONSUMOS;-16008;16008;METROS;2.1142566;OLMECA;IMPORTACION
CARTULINA;100304565;Rollo Cartulina DEINGRESOSCA FSC --  C - 13.5 225 g ancho 23.125;23/10/2025;CONSUMOS;-16188;16188;METROS;2.1380301;OLMECA;IMPORTACION
CARTULINA;100304565;Rollo Cartulina DEINGRESOSCA FSC --  C - 13.5 225 g ancho 23.125;23/10/2025;CONSUMOS;-15183;15183;METROS;2.005294725;OLMECA;IMPORTACION
CARTULINA;100304565;Rollo Cartulina DEINGRESOSCA FSC --  C - 13.5 225 g ancho 23.125;23/10/2025;CONSUMOS;-9079;9079;METROS;1.199108925;OLMECA;IMPORTACION
CARTULINA;100304642;Rollo Cartulina Nine Dragons C - 19 305 g ancho 29;22/10/2025;CONSUMOS;-890;890;METROS;0.19995007;C19-29;IMPORTACION
CARTULINA;100304642;Rollo Cartulina Nine Dragons C - 19 305 g ancho 29;22/10/2025;CONSUMOS;-6050;6050;METROS;1.35921115;C19-29;IMPORTACION
CARTULINA;100304642;Rollo Cartulina Nine Dragons C - 19 305 g ancho 29;22/10/2025;CONSUMOS;-11432;11432;METROS;2.568347416;C19-29;IMPORTACION
CARTULINA;100304642;Rollo Cartulina Nine Dragons C - 19 305 g ancho 29;22/10/2025;CONSUMOS;-22053;22053;METROS;4.954493139;C19-29;IMPORTACION
CARTULINA;100304642;Rollo Cartulina Nine Dragons C - 19 305 g ancho 29;22/10/2025;CONSUMOS;-8050;8050;METROS;1.80853715;C19-29;IMPORTACION
CARTULINA;100304642;Rollo Cartulina Nine Dragons C - 19 305 g ancho 29;27/10/2025;CONSUMOS;-18938;18938;METROS;4.254667894;C19-29;IMPORTACION
CARTULINA;100304642;Rollo Cartulina Nine Dragons C - 19 305 g ancho 29;27/10/2025;CONSUMOS;-7422;7422;METROS;1.667448786;C19-29;IMPORTACION
CARTULINA;100304642;Rollo Cartulina Nine Dragons C - 19 305 g ancho 29;27/10/2025;CONSUMOS;-2007;2007;METROS;0.450898641;C19-29;IMPORTACION
CARTULINA;100304642;Rollo Cartulina Nine Dragons C - 19 305 g ancho 29;27/10/2025;CONSUMOS;-753;753;METROS;0.169171239;C19-29;IMPORTACION
CARTULINA;100304642;Rollo Cartulina Nine Dragons C - 19 305 g ancho 29;27/10/2025;CONSUMOS;-918;918;METROS;0.206240634;C19-29;IMPORTACION
CARTULINA;100304642;Rollo Cartulina Nine Dragons C - 19 305 g ancho 29;28/10/2025;CONSUMOS;-2992;2992;METROS;0.672191696;C19-29;IMPORTACION
CARTULINA 29-89;100305967;Rollo Cartulina Nine Dragons C - 18.3 290 g ancho 29;30/10/2025;CONSUMOS;-635;635;METROS;0.13564489;C18-29;IMPORTACION
CARTULINA 29-89;100305969;Cartulina FBB DRAGONS -- C-15.7 245 gramos 34.5 x 27;15/10/2025;CONSUMOS;-102950;102950;PLIEGOS;15.1580288;HONDURAS FOS;IMPORTACION
CARTULINA;100305971;Rollo Cartulina DUPLEX MIRABELL --  C - 16 300 g ancho 25;30/10/2025;CONSUMOS;-754;754;METROS;0.143637;COLGATE;IMPORTACION
CARTULINA;100305971;Rollo Cartulina DUPLEX MIRABELL --  C - 16 300 g ancho 25;30/10/2025;CONSUMOS;-381;381;METROS;0.0725805;COLGATE;IMPORTACION
CARTULINA;100305971;Rollo Cartulina DUPLEX MIRABELL --  C - 16 300 g ancho 25;30/10/2025;CONSUMOS;-485;485;METROS;0.0923925;COLGATE;IMPORTACION
CARTULINA;100305971;Rollo Cartulina DUPLEX MIRABELL --  C - 16 300 g ancho 25;30/10/2025;CONSUMOS;-455;455;METROS;0.0866775;COLGATE;IMPORTACION
CARTULINA;100305987;Cartulina SPARK C-12 200 gr 30 X 40;10/10/2025;CONSUMOS;-200;200;PLIEGOS;0.03096768;Spark;LOCAL
CARTULINA;100305996;Cartulina SPARK -- C-16 250 gramos 25 X 38;22/10/2025;CONSUMOS;-9900;9900;hoja(s);1.51693245;Spark;LOCAL
CARTULINA;100305996;Cartulina SPARK -- C-16 250 gramos 25 X 38;22/10/2025;CONSUMOS;-2700;2700;hoja(s);0.41370885;Spark;LOCAL
CARTULINA;100305996;Cartulina SPARK -- C-16 250 gramos 25 X 38;29/10/2025;CONSUMOS;-200;200;hoja(s);0.0306451;Spark;LOCAL
CARTULINA;100305996;Cartulina SPARK -- C-16 250 gramos 25 X 38;29/10/2025;CONSUMOS;-600;600;hoja(s);0.0919353;Spark;LOCAL
CARTULINA;100305997;Cartulina SPARK -- C-16 250 gramos 25 X 36;22/10/2025;CONSUMOS;-10000;10000;hoja(s);1.532255;Spark;LOCAL
CARTULINA;100305997;Cartulina SPARK -- C-16 250 gramos 25 X 36;29/10/2025;CONSUMOS;-600;600;hoja(s);0.0919353;Spark;LOCAL
PAPEL;100600003;Papel Bond 55 gramos -- 26 x 34;7/10/2025;CONSUMOS;-1000;1000;PLIEGOS;0.0313269;Bond;LOCAL
PAPEL;100600003;Papel Bond 55 gramos -- 26 x 34;7/10/2025;CONSUMOS;1000;1000;PLIEGOS;-0.0313269;Bond;LOCAL
PAPEL;100600003;Papel Bond 55 gramos -- 26 x 34;10/10/2025;CONSUMOS;-900;900;PLIEGOS;0.02819421;Bond;LOCAL
PAPEL;100600005;Papel Bond 75 gramos -- 22 x 34;7/10/2025;CONSUMOS;-3000;3000;PLIEGOS;0.10834965;Bond;LOCAL
PAPEL;100600005;Papel Bond 75 gramos -- 22 x 34;7/10/2025;CONSUMOS;3000;3000;PLIEGOS;-0.10834965;Bond;LOCAL
PAPEL;100600005;Papel Bond 75 gramos -- 22 x 34;10/10/2025;CONSUMOS;-2500;2500;PLIEGOS;0.090291375;Bond;LOCAL
PAPEL;100600005;Papel Bond 75 gramos -- 22 x 34;11/10/2025;CONSUMOS;-6000;6000;PLIEGOS;0.2166993;Bond;LOCAL
PAPEL;100600005;Papel Bond 75 gramos -- 22 x 34;11/10/2025;CONSUMOS;6000;6000;PLIEGOS;-0.2166993;Bond;LOCAL
PAPEL;100600005;Papel Bond 75 gramos -- 22 x 34;16/10/2025;CONSUMOS;-800;800;PLIEGOS;0.02889324;Bond;LOCAL
PAPEL;100600005;Papel Bond 75 gramos -- 22 x 34;16/10/2025;CONSUMOS;-6366;6366;PLIEGOS;0.229917957;Bond;LOCAL
PAPEL;100600005;Papel Bond 75 gramos -- 22 x 34;27/10/2025;CONSUMOS;-7200;7200;PLIEGOS;0.26003916;Bond;LOCAL
PAPEL;100600005;Papel Bond 75 gramos -- 22 x 34;30/10/2025;CONSUMOS;-100;100;PLIEGOS;0.003611655;Bond;LOCAL
PAPEL;100600009;Papel Bond 75 gramos -- 26 x 38;22/10/2025;CONSUMOS;-700;700;PLIEGOS;0.03343725;Bond;LOCAL
PAPEL;100600011;Papel Bond 90 gramos -- 22 x 34;10/10/2025;CONSUMOS;-319;319;PLIEGOS;0.013825415;Bond;LOCAL
PAPEL;100600013;Papel Bond 90 gramos -- 26 x 34;10/10/2025;CONSUMOS;-1600;1600;PLIEGOS;0.08201952;Bond;LOCAL
PAPEL;100600013;Papel Bond 90 gramos -- 26 x 34;15/10/2025;CONSUMOS;-1400;1400;PLIEGOS;0.07176708;Bond;LOCAL
PAPEL;100600013;Papel Bond 90 gramos -- 26 x 34;30/10/2025;CONSUMOS;-74;74;PLIEGOS;0.003793403;Bond;LOCAL
PAPEL;100600013;Papel Bond 90 gramos -- 26 x 34;30/10/2025;CONSUMOS;-116;116;PLIEGOS;0.005946415;Bond;LOCAL
PAPEL;100600017;Papel Bond 120 gramos -- 26 x 34;22/10/2025;CONSUMOS;-185;185;PLIEGOS;0.012644676;Bond;LOCAL
PAPEL;100600017;Papel Bond 120 gramos -- 26 x 34;22/10/2025;CONSUMOS;-94;94;PLIEGOS;0.006424862;Bond;LOCAL
PAPEL;100600018;Papel Bond 60 gramos -- 21 x 30;10/10/2025;CONSUMOS;-2100;2100;PLIEGOS;0.051174396;Bond;LOCAL
PAPEL;100600018;Papel Bond 60 gramos -- 21 x 30;11/10/2025;CONSUMOS;-63300;63300;PLIEGOS;1.542542508;Bond;LOCAL
PAPEL;100600018;Papel Bond 60 gramos -- 21 x 30;11/10/2025;CONSUMOS;63300;63300;PLIEGOS;-1.542542508;Bond;LOCAL
PAPEL;100600018;Papel Bond 60 gramos -- 21 x 30;15/10/2025;CONSUMOS;-63200;63200;PLIEGOS;1.540105632;Bond;LOCAL
PAPEL;100600018;Papel Bond 60 gramos -- 21 x 30;15/10/2025;CONSUMOS;-38100;38100;PLIEGOS;0.928449756;Bond;LOCAL
PAPEL;100600018;Papel Bond 60 gramos -- 21 x 30;27/10/2025;CONSUMOS;-53300;53300;PLIEGOS;1.298854908;Bond;LOCAL
PAPEL;100600018;Papel Bond 60 gramos -- 21 x 30;27/10/2025;CONSUMOS;-72600;72600;PLIEGOS;1.769171976;Bond;LOCAL
PAPEL;100600018;Papel Bond 60 gramos -- 21 x 30;27/10/2025;CONSUMOS;-15300;15300;PLIEGOS;0.372842028;Bond;LOCAL
PAPEL;100600018;Papel Bond 60 gramos -- 21 x 30;27/10/2025;CONSUMOS;15300;15300;PLIEGOS;-0.372842028;Bond;LOCAL
PAPEL;100600018;Papel Bond 60 gramos -- 21 x 30;30/10/2025;CONSUMOS;-100;100;PLIEGOS;0.002436876;Bond;LOCAL
PAPEL;100600020;Papel Couche Brillante B-60 -- 90 gramos  25 x 36;27/10/2025;CONSUMOS;-39100;39100;PLIEGOS;2.04239241;Couche;LOCAL
PAPEL;100600021;Papel Couche Brillante - 1 Cara - B-60 -- 90 gramos  25 x 36;10/10/2025;CONSUMOS;-100;100;PLIEGOS;0.00522351;Couche;LOCAL
PAPEL;100600021;Papel Couche Brillante - 1 Cara - B-60 -- 90 gramos  25 x 36;10/10/2025;CONSUMOS;-1700;1700;PLIEGOS;0.08879967;Couche;LOCAL
PAPEL;100600021;Papel Couche Brillante - 1 Cara - B-60 -- 90 gramos  25 x 36;10/10/2025;CONSUMOS;-500;500;PLIEGOS;0.02611755;Couche;LOCAL
PAPEL;100600021;Papel Couche Brillante - 1 Cara - B-60 -- 90 gramos  25 x 36;10/10/2025;CONSUMOS;-1400;1400;PLIEGOS;0.07312914;Couche;LOCAL
PAPEL;100600021;Papel Couche Brillante - 1 Cara - B-60 -- 90 gramos  25 x 36;11/10/2025;CONSUMOS;-5000;5000;PLIEGOS;0.2611755;Couche;LOCAL
PAPEL;100600021;Papel Couche Brillante - 1 Cara - B-60 -- 90 gramos  25 x 36;11/10/2025;CONSUMOS;5000;5000;PLIEGOS;-0.2611755;Couche;LOCAL
PAPEL;100600021;Papel Couche Brillante - 1 Cara - B-60 -- 90 gramos  25 x 36;15/10/2025;CONSUMOS;-2200;2200;PLIEGOS;0.11491722;Couche;LOCAL
PAPEL;100600021;Papel Couche Brillante - 1 Cara - B-60 -- 90 gramos  25 x 36;15/10/2025;CONSUMOS;-900;900;PLIEGOS;0.04701159;Couche;LOCAL
PAPEL;100600021;Papel Couche Brillante - 1 Cara - B-60 -- 90 gramos  25 x 36;15/10/2025;CONSUMOS;-2300;2300;PLIEGOS;0.12014073;Couche;LOCAL
PAPEL;100600021;Papel Couche Brillante - 1 Cara - B-60 -- 90 gramos  25 x 36;22/10/2025;CONSUMOS;-12100;12100;PLIEGOS;0.63204471;Couche;LOCAL
PAPEL;100600021;Papel Couche Brillante - 1 Cara - B-60 -- 90 gramos  25 x 36;22/10/2025;CONSUMOS;-2000;2000;PLIEGOS;0.1044702;Couche;LOCAL
PAPEL;100600021;Papel Couche Brillante - 1 Cara - B-60 -- 90 gramos  25 x 36;22/10/2025;CONSUMOS;-2900;2900;PLIEGOS;0.15148179;Couche;LOCAL
PAPEL;100600021;Papel Couche Brillante - 1 Cara - B-60 -- 90 gramos  25 x 36;22/10/2025;CONSUMOS;-900;900;PLIEGOS;0.04701159;Couche;LOCAL
PAPEL;100600021;Papel Couche Brillante - 1 Cara - B-60 -- 90 gramos  25 x 36;27/10/2025;CONSUMOS;-2200;2200;PLIEGOS;0.11491722;Couche;LOCAL
PAPEL;100600021;Papel Couche Brillante - 1 Cara - B-60 -- 90 gramos  25 x 36;27/10/2025;CONSUMOS;2200;2200;PLIEGOS;-0.11491722;Couche;LOCAL
PAPEL;100600021;Papel Couche Brillante - 1 Cara - B-60 -- 90 gramos  25 x 36;29/10/2025;CONSUMOS;-500;500;PLIEGOS;0.02611755;Couche;LOCAL
PAPEL;100600023;Papel Couche Brillante - 1 Cara - B-60 -- 90 gramos  25 x 38;11/10/2025;CONSUMOS;-3000;3000;PLIEGOS;0.16544925;Couche;LOCAL
PAPEL;100600023;Papel Couche Brillante - 1 Cara - B-60 -- 90 gramos  25 x 38;11/10/2025;CONSUMOS;3000;3000;PLIEGOS;-0.16544925;Couche;LOCAL
PAPEL;100600023;Papel Couche Brillante - 1 Cara - B-60 -- 90 gramos  25 x 38;15/10/2025;CONSUMOS;-1800;1800;PLIEGOS;0.09926955;Couche;LOCAL
PAPEL;100600023;Papel Couche Brillante - 1 Cara - B-60 -- 90 gramos  25 x 38;27/10/2025;CONSUMOS;-1850;1850;PLIEGOS;0.102027038;Couche;LOCAL
PAPEL;100600024;Papel Couche Brillante B-60 -- 90 gramos  30 x 40;30/10/2025;CONSUMOS;-6600;6600;PLIEGOS;0.459870048;Couche;LOCAL
PAPEL;100600026;Papel Couche Brillante B-70 -- 105 gramos  25 x 36;22/10/2025;CONSUMOS;-6600;6600;PLIEGOS;0.40221027;Couche;LOCAL
PAPEL;100600026;Papel Couche Brillante B-70 -- 105 gramos  25 x 36;27/10/2025;CONSUMOS;-63400;63400;PLIEGOS;3.86365623;Couche;LOCAL
PAPEL;100600026;Papel Couche Brillante B-70 -- 105 gramos  25 x 36;27/10/2025;CONSUMOS;-5300;5300;PLIEGOS;0.322987035;Couche;LOCAL
PAPEL;100600029;Papel Couche Brillante B-80 -- 115 gramos  25 x 36;27/10/2025;CONSUMOS;-1700;1700;PLIEGOS;0.113466245;Couche;LOCAL
PAPEL;100600030;Papel Couche Brillante B-80 -- 115 gramos  30 x40;7/10/2025;CONSUMOS;-8250;8250;PLIEGOS;0.581370281;Couche;LOCAL
PAPEL;100600030;Papel Couche Brillante B-80 -- 115 gramos  30 x40;7/10/2025;CONSUMOS;8250;8250;PLIEGOS;-0.581370281;Couche;LOCAL
PAPEL;100600030;Papel Couche Brillante B-80 -- 115 gramos  30 x40;10/10/2025;CONSUMOS;-2800;2800;PLIEGOS;0.19731355;Couche;LOCAL
PAPEL;100600030;Papel Couche Brillante B-80 -- 115 gramos  30 x40;10/10/2025;CONSUMOS;-2600;2600;PLIEGOS;0.183219725;Couche;LOCAL
PAPEL;100600030;Papel Couche Brillante B-80 -- 115 gramos  30 x40;10/10/2025;CONSUMOS;-1700;1700;PLIEGOS;0.119797513;Couche;LOCAL
PAPEL;100600030;Papel Couche Brillante B-80 -- 115 gramos  30 x40;10/10/2025;CONSUMOS;-413;413;PLIEGOS;0.029103749;Couche;LOCAL
PAPEL;100600030;Papel Couche Brillante B-80 -- 115 gramos  30 x40;16/10/2025;CONSUMOS;-300;300;PLIEGOS;0.021140738;Couche;LOCAL
PAPEL;100600032;Papel Couche Brillante B-100 -- 140 gramos  25 x 36;7/10/2025;CONSUMOS;-7000;7000;PLIEGOS;0.5687822;Couche;LOCAL
PAPEL;100600032;Papel Couche Brillante B-100 -- 140 gramos  25 x 36;7/10/2025;CONSUMOS;7000;7000;PLIEGOS;-0.5687822;Couche;LOCAL
PAPEL;100600032;Papel Couche Brillante B-100 -- 140 gramos  25 x 36;10/10/2025;CONSUMOS;-4000;4000;PLIEGOS;0.3250184;Couche;LOCAL
PAPEL;100600032;Papel Couche Brillante B-100 -- 140 gramos  25 x 36;10/10/2025;CONSUMOS;-3000;3000;PLIEGOS;0.2437638;Couche;LOCAL
PAPEL;100600032;Papel Couche Brillante B-100 -- 140 gramos  25 x 36;22/10/2025;CONSUMOS;-7200;7200;PLIEGOS;0.58503312;Couche;LOCAL
PAPEL;100600032;Papel Couche Brillante B-100 -- 140 gramos  25 x 36;22/10/2025;CONSUMOS;-1900;1900;PLIEGOS;0.15438374;Couche;LOCAL
PAPEL;100600032;Papel Couche Brillante B-100 -- 140 gramos  25 x 36;22/10/2025;CONSUMOS;-9300;9300;PLIEGOS;0.75566778;Couche;LOCAL
PAPEL;100600032;Papel Couche Brillante B-100 -- 140 gramos  25 x 36;27/10/2025;CONSUMOS;-3100;3100;PLIEGOS;0.25188926;Couche;LOCAL
PAPEL;100600032;Papel Couche Brillante B-100 -- 140 gramos  25 x 36;27/10/2025;CONSUMOS;-3900;3900;PLIEGOS;0.31689294;Couche;LOCAL
PAPEL;100600032;Papel Couche Brillante B-100 -- 140 gramos  25 x 36;27/10/2025;CONSUMOS;-2100;2100;PLIEGOS;0.17063466;Couche;LOCAL
PAPEL;100600032;Papel Couche Brillante B-100 -- 140 gramos  25 x 36;29/10/2025;CONSUMOS;-200;200;PLIEGOS;0.01625092;Couche;LOCAL
PAPEL;100600033;Papel Couche Brillante B-100 -- 140 gramos  25 x 38;7/10/2025;CONSUMOS;-7000;7000;PLIEGOS;0.6005195;Couche;LOCAL
PAPEL;100600033;Papel Couche Brillante B-100 -- 140 gramos  25 x 38;7/10/2025;CONSUMOS;7000;7000;PLIEGOS;-0.6005195;Couche;LOCAL
PAPEL;100600033;Papel Couche Brillante B-100 -- 140 gramos  25 x 38;10/10/2025;CONSUMOS;-200;200;PLIEGOS;0.0171577;Couche;LOCAL
PAPEL;100600033;Papel Couche Brillante B-100 -- 140 gramos  25 x 38;10/10/2025;CONSUMOS;-2200;2200;PLIEGOS;0.1887347;Couche;LOCAL
PAPEL;100600033;Papel Couche Brillante B-100 -- 140 gramos  25 x 38;10/10/2025;CONSUMOS;-3400;3400;PLIEGOS;0.2916809;Couche;LOCAL
PAPEL;100600033;Papel Couche Brillante B-100 -- 140 gramos  25 x 38;10/10/2025;CONSUMOS;-4700;4700;PLIEGOS;0.40320595;Couche;LOCAL
PAPEL;100600033;Papel Couche Brillante B-100 -- 140 gramos  25 x 38;10/10/2025;CONSUMOS;-48;48;PLIEGOS;0.004117848;Couche;LOCAL
PAPEL;100600033;Papel Couche Brillante B-100 -- 140 gramos  25 x 38;22/10/2025;CONSUMOS;-345;345;PLIEGOS;0.029597033;Couche;LOCAL
PAPEL;100600033;Papel Couche Brillante B-100 -- 140 gramos  25 x 38;22/10/2025;CONSUMOS;-1600;1600;PLIEGOS;0.1372616;Couche;LOCAL
PAPEL;100600033;Papel Couche Brillante B-100 -- 140 gramos  25 x 38;27/10/2025;CONSUMOS;-3500;3500;PLIEGOS;0.30025975;Couche;LOCAL
PAPEL;100600033;Papel Couche Brillante B-100 -- 140 gramos  25 x 38;27/10/2025;CONSUMOS;3500;3500;PLIEGOS;-0.30025975;Couche;LOCAL
PAPEL;100600033;Papel Couche Brillante B-100 -- 140 gramos  25 x 38;30/10/2025;CONSUMOS;-1757;1757;PLIEGOS;0.150730395;Couche;LOCAL
PAPEL;100600034;Papel Couche Brillante B-100 -- 140 gramos  30 x 40;7/10/2025;CONSUMOS;-500;500;PLIEGOS;0.05419344;Couche;LOCAL
PAPEL;100600034;Papel Couche Brillante B-100 -- 140 gramos  30 x 40;7/10/2025;CONSUMOS;500;500;PLIEGOS;-0.05419344;Couche;LOCAL
PAPEL;100600034;Papel Couche Brillante B-100 -- 140 gramos  30 x 40;10/10/2025;CONSUMOS;-400;400;PLIEGOS;0.043354752;Couche;LOCAL
PAPEL;100600034;Papel Couche Brillante B-100 -- 140 gramos  30 x 40;10/10/2025;CONSUMOS;-800;800;PLIEGOS;0.086709504;Couche;LOCAL
PAPEL;100600034;Papel Couche Brillante B-100 -- 140 gramos  30 x 40;30/10/2025;CONSUMOS;-600;600;PLIEGOS;0.065032128;Couche;LOCAL
PAPEL;100600043;Papel Bond 75 gramos -- 26 x 38;22/10/2025;CONSUMOS;-500;500;PLIEGOS;0.023903178;Bond;LOCAL
PAPEL;100600045;Papel Couche Brillante B-80 -- 115 gramos  30 x 40;7/10/2025;CONSUMOS;-7500;7500;PLIEGOS;0.6677406;Couche;LOCAL
PAPEL;100600045;Papel Couche Brillante B-80 -- 115 gramos  30 x 40;7/10/2025;CONSUMOS;7500;7500;PLIEGOS;-0.6677406;Couche;LOCAL
PAPEL;100600045;Papel Couche Brillante B-80 -- 115 gramos  30 x 40;7/10/2025;CONSUMOS;-7750;7750;PLIEGOS;0.68999862;Couche;LOCAL
PAPEL;100600045;Papel Couche Brillante B-80 -- 115 gramos  30 x 40;7/10/2025;CONSUMOS;7750;7750;PLIEGOS;-0.68999862;Couche;LOCAL
PAPEL;100600045;Papel Couche Brillante B-80 -- 115 gramos  30 x 40;10/10/2025;CONSUMOS;-7000;7000;PLIEGOS;0.62322456;Couche;LOCAL
PAPEL;100600045;Papel Couche Brillante B-80 -- 115 gramos  30 x 40;10/10/2025;CONSUMOS;-300;300;PLIEGOS;0.026709624;Couche;LOCAL
PAPEL;100600045;Papel Couche Brillante B-80 -- 115 gramos  30 x 40;10/10/2025;CONSUMOS;-412;412;PLIEGOS;0.036681217;Couche;LOCAL
PAPEL;100600045;Papel Couche Brillante B-80 -- 115 gramos  30 x 40;10/10/2025;CONSUMOS;-38;38;PLIEGOS;0.003383219;Couche;LOCAL
PAPEL;100600045;Papel Couche Brillante B-80 -- 115 gramos  30 x 40;10/10/2025;CONSUMOS;-2800;2800;PLIEGOS;0.249289824;Couche;LOCAL
PAPEL;100600045;Papel Couche Brillante B-80 -- 115 gramos  30 x 40;10/10/2025;CONSUMOS;-700;700;PLIEGOS;0.062322456;Couche;LOCAL
PAPEL;100600045;Papel Couche Brillante B-80 -- 115 gramos  30 x 40;10/10/2025;CONSUMOS;-500;500;PLIEGOS;0.04451604;Couche;LOCAL
PAPEL;100600045;Papel Couche Brillante B-80 -- 115 gramos  30 x 40;10/10/2025;CONSUMOS;-3400;3400;PLIEGOS;0.302709072;Couche;LOCAL
PAPEL;100600045;Papel Couche Brillante B-80 -- 115 gramos  30 x 40;27/10/2025;CONSUMOS;-3000;3000;PLIEGOS;0.26709624;Couche;LOCAL
PAPEL;100600045;Papel Couche Brillante B-80 -- 115 gramos  30 x 40;30/10/2025;CONSUMOS;-4500;4500;PLIEGOS;0.40064436;Couche;LOCAL
PAPEL;100600089;Papel Bond 80 gramos -- 26 x 36;15/10/2025;CONSUMOS;-100;100;PLIEGOS;0.00482592;Bond;LOCAL
PAPEL;100600093;Cartulina Husky C-8 -- 200 gramos 25 x 38;10/10/2025;CONSUMOS;-800;800;PLIEGOS;0.098044;C8-25H;LOCAL
PAPEL;100600102;Rollo Cartulina BRIGHT --  C - 16 245 g ancho 25;9/10/2025;CONSUMOS;-561;561;METROS;0.087277575;BAYER;IMPORTACION
PAPEL;100600104;Rollo Cartulina CMPC RC --  C - 17 255 g ancho 23;28/10/2025;CONSUMOS;-60155;60155;METROS;8.9582826;CMPC RC;IMPORTACION
PAPEL;100600137;Rollo Cartulina POPLAR --  C - 14 220 g ancho 28.5;9/10/2025;CONSUMOS;-7389;7389;METROS;1.17529434;C14-29;IMPORTACION
PAPEL;100600137;Rollo Cartulina POPLAR --  C - 14 220 g ancho 28.5;21/10/2025;CONSUMOS;-5330;5330;METROS;0.8477898;C14-29;IMPORTACION
PAPEL;100600143;Rollo Cartulina FBB OBAFREE FSC MIXTO --  C - 13.5 225 g ancho 24.5;7/10/2025;CONSUMOS;-778;778;METROS;0.1088811;OLMECA;IMPORTACION
PAPEL;100600143;Rollo Cartulina FBB OBAFREE FSC MIXTO --  C - 13.5 225 g ancho 24.5;7/10/2025;CONSUMOS;-62274;62274;METROS;8.7152463;OLMECA;IMPORTACION
PAPEL;100600143;Rollo Cartulina FBB OBAFREE FSC MIXTO --  C - 13.5 225 g ancho 24.5;7/10/2025;CONSUMOS;-18957;18957;METROS;2.65303215;OLMECA;IMPORTACION
PAPEL;100600154;Papel Bond 75 gramos -- 26 x 34;22/10/2025;CONSUMOS;-220000;220000;PLIEGOS;9.41030376;Bond;LOCAL
PAPEL;100600162;Rollo Cartulina FBB OBAFREE FSC MIXTO --  C - 13.5 225 g ancho 23.149;2/10/2025;CONSUMOS;-2995;2995;METROS;0.3962385;OLMECA;IMPORTACION
PAPEL;100600162;Rollo Cartulina FBB OBAFREE FSC MIXTO --  C - 13.5 225 g ancho 23.149;2/10/2025;CONSUMOS;-2051;2051;METROS;0.2713473;OLMECA;IMPORTACION
PAPEL;100600162;Rollo Cartulina FBB OBAFREE FSC MIXTO --  C - 13.5 225 g ancho 23.149;2/10/2025;CONSUMOS;-2980;2980;METROS;0.394254;OLMECA;IMPORTACION
PAPEL;100600162;Rollo Cartulina FBB OBAFREE FSC MIXTO --  C - 13.5 225 g ancho 23.149;13/10/2025;CONSUMOS;-6856;6856;METROS;0.9070488;OLMECA;IMPORTACION
CARTULINA;100300002;Cartulina Husky -- C-8 190 gramos 25 x 38;14/11/2025;INGRESOS;300;300;hoja(s);0.034928175;C8-25H;LOCAL
CARTULINA;100300005;Cartulina Husky -- C-10 230 gramos 25 x 38;14/11/2025;INGRESOS;15300;15300;hoja(s);2.156355225;C10-25H;LOCAL
CARTULINA;100300009;Cartulina Husky -- C-12 270 gramos 25 x 38;4/11/2025;INGRESOS;2000;2000;hoja(s);0.3308985;C12-25H;LOCAL
CARTULINA;100300011;Cartulina Husky -- C-14 300 gramos 25 x 38;11/11/2025;INGRESOS;1500;1500;hoja(s);0.27574875;C14-25H;LOCAL
CARTULINA;100300013;Cartulina Husky -- C-16 350 gramos 25 x 38;4/11/2025;INGRESOS;1400;1400;hoja(s);0.30025975;C16-25H;LOCAL
CARTULINA;100300013;Cartulina Husky -- C-16 350 gramos 25 x 38;4/11/2025;INGRESOS;1400;1400;hoja(s);0.30025975;C16-25H;LOCAL
CARTULINA;100300013;Cartulina Husky -- C-16 350 gramos 25 x 38;4/11/2025;INGRESOS;5000;5000;hoja(s);1.07235625;C16-25H;LOCAL
CARTULINA;100300014;Cartulina Husky -- C-18 400 gramos 25 x 38;11/11/2025;INGRESOS;100;100;hoja(s);0.024511;C18-25H;LOCAL
CARTULINA;100300704;Cartulina FBB Zenith LOCAL -- C-16 270 gramos 25 x 36;4/11/2025;INGRESOS;600;600;hoja(s);0.09402318;C16-25;LOCAL
CARTULINA;100300704;Cartulina FBB Zenith LOCAL -- C-16 270 gramos 25 x 36;10/11/2025;INGRESOS;3800;3800;hoja(s);0.59548014;C16-25;LOCAL
CARTULINA;100300704;Cartulina FBB Zenith LOCAL -- C-16 270 gramos 25 x 36;14/11/2025;INGRESOS;6500;6500;hoja(s);1.01858445;C16-25;LOCAL
CARTULINA;100300704;Cartulina FBB Zenith LOCAL -- C-16 270 gramos 25 x 36;20/11/2025;INGRESOS;3500;3500;hoja(s);0.54846855;C16-25;LOCAL
CARTULINA;100300996;Cartulina FBB Zenith LOCAL -- C-18 295 gramos 25 x 36;4/11/2025;INGRESOS;2800;2800;hoja(s);0.47940214;C18-25;LOCAL
CARTULINA;100300996;Cartulina FBB Zenith LOCAL -- C-18 295 gramos 25 x 36;10/11/2025;INGRESOS;5300;5300;hoja(s);0.907439765;C18-25;LOCAL
CARTULINA;100300996;Cartulina FBB Zenith LOCAL -- C-18 295 gramos 25 x 36;19/11/2025;INGRESOS;1200;1200;hoja(s);0.20545806;C18-25;LOCAL
CARTULINA;100301001;Cartulina FBB Zenith LOCAL -- C-18 295 gramos 25 x 38;19/11/2025;INGRESOS;700;700;hoja(s);0.126538038;C18-25;LOCAL
CARTULINA;100301046;Cartulina FBB Zenith LOCAL -- C-18 295 gramos 30 x 40;10/11/2025;INGRESOS;1200;1200;hoja(s);0.274063968;C18-30;LOCAL
CARTULINA;100301919;Rollo Cartulina Nine Dragons C - 16.3 255 g ancho 29 (29-89);11/11/2025;INGRESOS;55005;55005;METROS;10.3233384;C16.3-29;IMPORTACION
CARTULINA;100301919;Rollo Cartulina Nine Dragons C - 16.3 255 g ancho 29 (29-89);11/11/2025;INGRESOS;0;0;METROS;0;C16.3-29;IMPORTACION
CARTULINA;100301924;Rollo Cartulina Nine Dragons C - 18.3 290 g ancho 25;11/11/2025;INGRESOS;246910;246910;METROS;45.4684765;C18-25;IMPORTACION
CARTULINA;100301924;Rollo Cartulina Nine Dragons C - 18.3 290 g ancho 25;11/11/2025;INGRESOS;0;0;METROS;0;C18-25;IMPORTACION
CARTULINA;100301928;Rollo Cartulina Nine Dragons C - 19 305 g ancho 25 (29-89) REGIONAL;11/11/2025;INGRESOS;60240;60240;METROS;11.666982;C19-25;IMPORTACION
CARTULINA;100301928;Rollo Cartulina Nine Dragons C - 19 305 g ancho 25 (29-89) REGIONAL;11/11/2025;INGRESOS;0;0;METROS;0;C19-25;IMPORTACION
CARTULINA;100304510;Cartulina FBB DUPLEX MIRABELL -- C-17 320 gramos  22 x 38.5;7/11/2025;INGRESOS;0;0;PLIEGOS;0;COLGATE-150;IMPORTACION
CARTULINA;100304565;Rollo Cartulina DEINGRESOSCA FSC --  C - 13.5 225 g ancho 23.125;26/11/2025;INGRESOS;293616;293616;METROS;38.7793332;OLMECA;IMPORTACION
CARTULINA;100304565;Rollo Cartulina DEINGRESOSCA FSC --  C - 13.5 225 g ancho 23.125;27/11/2025;INGRESOS;296016;296016;METROS;39.0963132;OLMECA;IMPORTACION
CARTULINA;100304640;Rollo Cartulina OBAFREE --  C-15 230 g ancho 25.5;11/11/2025;INGRESOS;125974;125974;METROS;18.76647275;FOSFORERA;IMPORTACION
CARTULINA;100304640;Rollo Cartulina OBAFREE --  C-15 230 g ancho 25.5;11/11/2025;INGRESOS;0;0;METROS;0;FOSFORERA;IMPORTACION
CARTULINA;100304640;Rollo Cartulina OBAFREE --  C-15 230 g ancho 25.5;26/11/2025;INGRESOS;118422;118422;METROS;17.64144376;FOSFORERA;IMPORTACION
CARTULINA;100305974;Rollo Cartulina ASIA SYMBOL C-12 215 g ancho 25.75;26/11/2025;INGRESOS;161700;161700;METROS;22.73837528;C12-25.75;IMPORTACION
CARTULINA;100305981;Cartulina FBB DUPLEX MIRABELL -- C-16 300 gramos  28 x 34;7/11/2025;INGRESOS;0;0;PLIEGOS;0;COLGATE-75;IMPORTACION
CARTULINA;100305982;Cartulina FBB DUPLEX MIRABELL -- C-16 300 gramos  20 x 32.5;7/11/2025;INGRESOS;0;0;PLIEGOS;0;COLGATE-100;IMPORTACION
CARTULINA;100305983;Cartulina FBB DUPLEX MIRABELL -- C-16 300 gramos  25.5 x 36.5;7/11/2025;INGRESOS;0;0;PLIEGOS;0;COLGATE-50;IMPORTACION
CARTULINA;100305984;Cartulina FBB DUPLEX MIRABELL -- C-16 300 gramos  25 x 34;7/11/2025;INGRESOS;0;0;PLIEGOS;0;COLGATE-22;IMPORTACION
CARTULINA;100305985;Cartulina FBB DUPLEX MIRABELL -- C-17 320 gramos  21.5 x 35;7/11/2025;INGRESOS;0;0;PLIEGOS;0;COLGATE-125;IMPORTACION
CARTULINA;100305996;Cartulina SPARK -- C-16 250 gramos 25 X 38;4/11/2025;INGRESOS;2600;2600;hoja(s);0.3983863;Spark;LOCAL
CARTULINA;100305997;Cartulina SPARK -- C-16 250 gramos 25 X 36;4/11/2025;INGRESOS;100;100;hoja(s);0.01532255;Spark;LOCAL
CARTULINA;100306002;Cartulina FBB DRAGONS YA ESTÁ -- C-16.3 255 gramos  39.5 x 25;7/11/2025;INGRESOS;0;0;PLIEGOS;0;YA ESTA;IMPORTACION
CARTULINA;100306002;Cartulina FBB DRAGONS YA ESTÁ -- C-16.3 255 gramos  39.5 x 25;26/11/2025;INGRESOS;286000;286000;PLIEGOS;46.46337482;YA ESTA;IMPORTACION
CARTULINA;100306002;Cartulina FBB DRAGONS YA ESTÁ -- C-16.3 255 gramos  39.5 x 25;26/11/2025;INGRESOS;0;0;PLIEGOS;0;YA ESTA;IMPORTACION
PAPEL;100600005;Papel Bond 75 gramos -- 22 x 34;4/11/2025;INGRESOS;8000;8000;PLIEGOS;0.2889324;Bond;LOCAL
PAPEL;100600011;Papel Bond 90 gramos -- 22 x 34;18/11/2025;INGRESOS;500;500;PLIEGOS;0.02166993;Bond;LOCAL
PAPEL;100600012;Papel Bond 90 gramos -- 24 x 36;13/11/2025;INGRESOS;1500;1500;PLIEGOS;0.07514451;Bond;LOCAL
PAPEL;100600012;Papel Bond 90 gramos -- 24 x 36;19/11/2025;INGRESOS;500;500;PLIEGOS;0.02504817;Bond;LOCAL
PAPEL;100600015;Papel Bond 120 gramos -- 22 x 34;4/11/2025;INGRESOS;1000;1000;PLIEGOS;0.05778648;Bond;LOCAL
PAPEL;100600017;Papel Bond 120 gramos -- 26 x 34;11/11/2025;INGRESOS;1250;1250;PLIEGOS;0.085437;Bond;LOCAL
PAPEL;100600021;Papel Couche Brillante - 1 Cara - B-60 -- 90 gramos  25 x 36;4/11/2025;INGRESOS;1000;1000;PLIEGOS;0.0522351;Couche;LOCAL
PAPEL;100600021;Papel Couche Brillante - 1 Cara - B-60 -- 90 gramos  25 x 36;11/11/2025;INGRESOS;500;500;PLIEGOS;0.02611755;Couche;LOCAL
PAPEL;100600021;Papel Couche Brillante - 1 Cara - B-60 -- 90 gramos  25 x 36;19/11/2025;INGRESOS;14000;14000;PLIEGOS;0.7312914;Couche;LOCAL
PAPEL;100600023;Papel Couche Brillante - 1 Cara - B-60 -- 90 gramos  25 x 38;11/11/2025;INGRESOS;9500;9500;PLIEGOS;0.523922625;Couche;LOCAL
PAPEL;100600023;Papel Couche Brillante - 1 Cara - B-60 -- 90 gramos  25 x 38;18/11/2025;INGRESOS;30750;30750;PLIEGOS;1.695854813;Couche;LOCAL
PAPEL;100600026;Papel Couche Brillante B-70 -- 105 gramos  25 x 36;19/11/2025;INGRESOS;63250;63250;PLIEGOS;3.854515088;Couche;LOCAL
PAPEL;100600026;Papel Couche Brillante B-70 -- 105 gramos  25 x 36;19/11/2025;INGRESOS;3250;3250;PLIEGOS;0.198058088;Couche;LOCAL
PAPEL;100600030;Papel Couche Brillante B-80 -- 115 gramos  30 x40;10/11/2025;INGRESOS;10250;10250;PLIEGOS;0.722308531;Couche;LOCAL
PAPEL;100600032;Papel Couche Brillante B-100 -- 140 gramos  25 x 36;11/11/2025;INGRESOS;500;500;PLIEGOS;0.0406273;Couche;LOCAL
PAPEL;100600032;Papel Couche Brillante B-100 -- 140 gramos  25 x 36;19/11/2025;INGRESOS;9250;9250;PLIEGOS;0.75160505;Couche;LOCAL
PAPEL;100600033;Papel Couche Brillante B-100 -- 140 gramos  25 x 38;20/11/2025;INGRESOS;2500;2500;PLIEGOS;0.21447125;Couche;LOCAL
PAPEL;100600034;Papel Couche Brillante B-100 -- 140 gramos  30 x 40;11/11/2025;INGRESOS;500;500;PLIEGOS;0.05419344;Couche;LOCAL
PAPEL;100600034;Papel Couche Brillante B-100 -- 140 gramos  30 x 40;11/11/2025;INGRESOS;500;500;PLIEGOS;0.05419344;Couche;LOCAL
PAPEL;100600043;Papel Bond 75 gramos -- 26 x 38;4/11/2025;INGRESOS;500;500;PLIEGOS;0.023903178;Bond;LOCAL
PAPEL;100600043;Papel Bond 75 gramos -- 26 x 38;11/11/2025;INGRESOS;1500;1500;PLIEGOS;0.071709534;Bond;LOCAL
PAPEL;100600043;Papel Bond 75 gramos -- 26 x 38;19/11/2025;INGRESOS;18500;18500;PLIEGOS;0.884417586;Bond;LOCAL
PAPEL;100600043;Papel Bond 75 gramos -- 26 x 38;25/11/2025;INGRESOS;1000;1000;PLIEGOS;0.047806356;Bond;LOCAL
PAPEL;100600086;Cartulina Index -- 140 gramos  26 x 34;11/11/2025;INGRESOS;500;500;PLIEGOS;0.0398706;Varios;IMPORTACION
PAPEL;100600155;Papel Bond 75 gramos -- 23 x 36;18/11/2025;INGRESOS;4500;4500;PLIEGOS;0.180289962;Bond;LOCAL
PAPEL;100600164;Papel Bond 55 gramos -- 21 x 32;13/11/2025;INGRESOS;51000;51000;PLIEGOS;1.216100794;Bond;LOCAL
PAPEL;100600164;Papel Bond 55 gramos -- 21 x 32;18/11/2025;INGRESOS;38500;38500;PLIEGOS;0.918036874;Bond;LOCAL
CARTULINA;100300002;Cartulina Husky -- C-8 190 gramos 25 x 38;12/11/2025;CONSUMOS;-312;312;hoja(s);0.036325302;C8-25H;LOCAL
CARTULINA;100300002;Cartulina Husky -- C-8 190 gramos 25 x 38;17/11/2025;CONSUMOS;-54;54;hoja(s);0.006287072;C8-25H;LOCAL
CARTULINA;100300005;Cartulina Husky -- C-10 230 gramos 25 x 38;17/11/2025;CONSUMOS;-15300;15300;hoja(s);2.156355225;C10-25H;LOCAL
CARTULINA;100300005;Cartulina Husky -- C-10 230 gramos 25 x 38;27/11/2025;CONSUMOS;-1300;1300;hoja(s);0.183219725;C10-25H;LOCAL
CARTULINA;100300007;Cartulina Husky -- C-12 270 gramos 25 x 41.5 (29-89);17/11/2025;CONSUMOS;-600;600;hoja(s);0.10842498;C12-25H;LOCAL
CARTULINA;100300007;Cartulina Husky -- C-12 270 gramos 25 x 41.5 (29-89);26/11/2025;CONSUMOS;-10850;10850;hoja(s);1.960685055;C12-25H;LOCAL
CARTULINA;100300008;Cartulina Husky -- C-12 270 gramos 25 x 36;8/11/2025;CONSUMOS;-100;100;hoja(s);0.01567053;C12-25H;LOCAL
CARTULINA;100300008;Cartulina Husky -- C-12 270 gramos 25 x 36;12/11/2025;CONSUMOS;-30;30;hoja(s);0.004701159;C12-25H;LOCAL
CARTULINA;100300008;Cartulina Husky -- C-12 270 gramos 25 x 36;12/11/2025;CONSUMOS;-30;30;hoja(s);0.004701159;C12-25H;LOCAL
CARTULINA;100300008;Cartulina Husky -- C-12 270 gramos 25 x 36;12/11/2025;CONSUMOS;-40;40;hoja(s);0.006268212;C12-25H;LOCAL
CARTULINA;100300009;Cartulina Husky -- C-12 270 gramos 25 x 38;8/11/2025;CONSUMOS;-100;100;hoja(s);0.016544925;C12-25H;LOCAL
CARTULINA;100300009;Cartulina Husky -- C-12 270 gramos 25 x 38;26/11/2025;CONSUMOS;-100;100;hoja(s);0.016544925;C12-25H;LOCAL
CARTULINA;100300009;Cartulina Husky -- C-12 270 gramos 25 x 38;26/11/2025;CONSUMOS;-100;100;hoja(s);0.016544925;C12-25H;LOCAL
CARTULINA;100300009;Cartulina Husky -- C-12 270 gramos 25 x 38;26/11/2025;CONSUMOS;-800;800;hoja(s);0.1323594;C12-25H;LOCAL
CARTULINA;100300009;Cartulina Husky -- C-12 270 gramos 25 x 38;26/11/2025;CONSUMOS;-800;800;hoja(s);0.1323594;C12-25H;LOCAL
CARTULINA;100300011;Cartulina Husky -- C-14 300 gramos 25 x 38;12/11/2025;CONSUMOS;-600;600;hoja(s);0.1102995;C14-25H;LOCAL
CARTULINA;100300011;Cartulina Husky -- C-14 300 gramos 25 x 38;12/11/2025;CONSUMOS;-300;300;hoja(s);0.05514975;C14-25H;LOCAL
CARTULINA;100300011;Cartulina Husky -- C-14 300 gramos 25 x 38;17/11/2025;CONSUMOS;-1500;1500;hoja(s);0.27574875;C14-25H;LOCAL
CARTULINA;100300013;Cartulina Husky -- C-16 350 gramos 25 x 38;4/11/2025;CONSUMOS;-400;400;hoja(s);0.0857885;C16-25H;LOCAL
CARTULINA;100300013;Cartulina Husky -- C-16 350 gramos 25 x 38;8/11/2025;CONSUMOS;-400;400;hoja(s);0.0857885;C16-25H;LOCAL
CARTULINA;100300013;Cartulina Husky -- C-16 350 gramos 25 x 38;8/11/2025;CONSUMOS;-100;100;hoja(s);0.021447125;C16-25H;LOCAL
CARTULINA;100300013;Cartulina Husky -- C-16 350 gramos 25 x 38;12/11/2025;CONSUMOS;-400;400;hoja(s);0.0857885;C16-25H;LOCAL
CARTULINA;100300013;Cartulina Husky -- C-16 350 gramos 25 x 38;17/11/2025;CONSUMOS;-120;120;hoja(s);0.02573655;C16-25H;LOCAL
CARTULINA;100300013;Cartulina Husky -- C-16 350 gramos 25 x 38;27/11/2025;CONSUMOS;-1400;1400;hoja(s);0.30025975;C16-25H;LOCAL
CARTULINA;100300014;Cartulina Husky -- C-18 400 gramos 25 x 38;17/11/2025;CONSUMOS;-400;400;hoja(s);0.098044;C18-25H;LOCAL
CARTULINA;100300298;Cartulina FBB Zenith LOCAL -- C-14 235 gramos 25 x 38;26/11/2025;CONSUMOS;-2100;2100;hoja(s);0.302404463;C14-25;LOCAL
CARTULINA;100300298;Cartulina FBB Zenith LOCAL -- C-14 235 gramos 25 x 38;26/11/2025;CONSUMOS;-3000;3000;hoja(s);0.432006375;C14-25;LOCAL
CARTULINA;100300704;Cartulina FBB Zenith LOCAL -- C-16 270 gramos 25 x 36;12/11/2025;CONSUMOS;-3800;3800;hoja(s);0.59548014;C16-25;LOCAL
CARTULINA;100300704;Cartulina FBB Zenith LOCAL -- C-16 270 gramos 25 x 36;12/11/2025;CONSUMOS;-600;600;hoja(s);0.09402318;C16-25;LOCAL
CARTULINA;100300704;Cartulina FBB Zenith LOCAL -- C-16 270 gramos 25 x 36;26/11/2025;CONSUMOS;-3800;3800;hoja(s);0.59548014;C16-25;LOCAL
CARTULINA;100300704;Cartulina FBB Zenith LOCAL -- C-16 270 gramos 25 x 36;26/11/2025;CONSUMOS;-3500;3500;hoja(s);0.54846855;C16-25;LOCAL
CARTULINA;100300754;Cartulina FBB Zenith LOCAL -- C-16 270 gramos 30 x 40;12/11/2025;CONSUMOS;-100;100;hoja(s);0.020903184;C16-30;LOCAL
CARTULINA;100300996;Cartulina FBB Zenith LOCAL -- C-18 295 gramos 25 x 36;12/11/2025;CONSUMOS;-2800;2800;hoja(s);0.47940214;C18-25;LOCAL
CARTULINA;100300996;Cartulina FBB Zenith LOCAL -- C-18 295 gramos 25 x 36;17/11/2025;CONSUMOS;-5300;5300;hoja(s);0.907439765;C18-25;LOCAL
CARTULINA;100300996;Cartulina FBB Zenith LOCAL -- C-18 295 gramos 25 x 36;26/11/2025;CONSUMOS;-1200;1200;hoja(s);0.20545806;C18-25;LOCAL
CARTULINA;100301001;Cartulina FBB Zenith LOCAL -- C-18 295 gramos 25 x 38;26/11/2025;CONSUMOS;-700;700;hoja(s);0.126538038;C18-25;LOCAL
CARTULINA;100301046;Cartulina FBB Zenith LOCAL -- C-18 295 gramos 30 x 40;12/11/2025;CONSUMOS;-1200;1200;hoja(s);0.274063968;C18-30;LOCAL
CARTULINA;100301356;Rollo Cartulina ASIA SYMBOL C-16 270 g ancho 25;24/11/2025;CONSUMOS;-946;946;METROS;0.1621917;C16-25;IMPORTACION
CARTULINA;100301356;Rollo Cartulina ASIA SYMBOL C-16 270 g ancho 25;24/11/2025;CONSUMOS;-517;517;METROS;0.08863965;C16-25;IMPORTACION
CARTULINA;100301356;Rollo Cartulina ASIA SYMBOL C-16 270 g ancho 25;25/11/2025;CONSUMOS;-904;904;METROS;0.1549908;C16-25;IMPORTACION
CARTULINA;100301356;Rollo Cartulina ASIA SYMBOL C-16 270 g ancho 25;27/11/2025;CONSUMOS;-2350;2350;METROS;0.4029075;C16-25;IMPORTACION
CARTULINA;100301356;Rollo Cartulina ASIA SYMBOL C-16 270 g ancho 25;27/11/2025;CONSUMOS;-1485;1485;METROS;0.25460325;C16-25;IMPORTACION
CARTULINA;100301356;Rollo Cartulina ASIA SYMBOL C-16 270 g ancho 25;27/11/2025;CONSUMOS;-635;635;METROS;0.10887075;C16-25;IMPORTACION
CARTULINA;100301356;Rollo Cartulina ASIA SYMBOL C-16 270 g ancho 25;27/11/2025;CONSUMOS;-2474;2474;METROS;0.4241673;C16-25;IMPORTACION
CARTULINA;100301824;Rollo Cartulina ASIA SYMBOL C-14 235 g ancho 25;5/11/2025;CONSUMOS;-3444;3444;METROS;0.5139309;C14-25;IMPORTACION
CARTULINA;100301824;Rollo Cartulina ASIA SYMBOL C-14 235 g ancho 25;5/11/2025;CONSUMOS;-5268;5268;METROS;0.7861173;C14-25;IMPORTACION
CARTULINA;100301824;Rollo Cartulina ASIA SYMBOL C-14 235 g ancho 25;7/11/2025;CONSUMOS;-13076;13076;METROS;1.9512661;C14-25;IMPORTACION
CARTULINA;100301824;Rollo Cartulina ASIA SYMBOL C-14 235 g ancho 25;17/11/2025;CONSUMOS;-2230;2230;METROS;0.33277175;C14-25;IMPORTACION
CARTULINA;100301824;Rollo Cartulina ASIA SYMBOL C-14 235 g ancho 25;17/11/2025;CONSUMOS;-13580;13580;METROS;2.0264755;C14-25;IMPORTACION
CARTULINA;100301824;Rollo Cartulina ASIA SYMBOL C-14 235 g ancho 25;17/11/2025;CONSUMOS;-11903;11903;METROS;1.776225175;C14-25;IMPORTACION
CARTULINA;100301824;Rollo Cartulina ASIA SYMBOL C-14 235 g ancho 25;17/11/2025;CONSUMOS;-993;993;METROS;0.148180425;C14-25;IMPORTACION
CARTULINA;100301824;Rollo Cartulina ASIA SYMBOL C-14 235 g ancho 25;20/11/2025;CONSUMOS;-6683;6683;METROS;0.997270675;C14-25;IMPORTACION
CARTULINA;100301824;Rollo Cartulina ASIA SYMBOL C-14 235 g ancho 25;20/11/2025;CONSUMOS;-5505;5505;METROS;0.821483625;C14-25;IMPORTACION
CARTULINA;100301824;Rollo Cartulina ASIA SYMBOL C-14 235 g ancho 25;20/11/2025;CONSUMOS;-14568;14568;METROS;2.1739098;C14-25;IMPORTACION
CARTULINA;100301824;Rollo Cartulina ASIA SYMBOL C-14 235 g ancho 25;20/11/2025;CONSUMOS;-465;465;METROS;0.069389625;C14-25;IMPORTACION
CARTULINA;100301824;Rollo Cartulina ASIA SYMBOL C-14 235 g ancho 25;20/11/2025;CONSUMOS;-3042;3042;METROS;0.45394245;C14-25;IMPORTACION
CARTULINA;100301824;Rollo Cartulina ASIA SYMBOL C-14 235 g ancho 25;20/11/2025;CONSUMOS;-3268;3268;METROS;0.4876673;C14-25;IMPORTACION
CARTULINA;100301848;Rollo Cartulina ASIA SYMBOL C-20 325 g ancho 25;27/11/2025;CONSUMOS;-1573;1573;METROS;0.324627875;C20-25;IMPORTACION
CARTULINA;100301856;Rollo Cartulina OBAFREE --  C - 18 265 g ancho 23;18/11/2025;CONSUMOS;-12515;12515;METROS;1.9368214;FOSFORERA;IMPORTACION
CARTULINA;100301856;Rollo Cartulina OBAFREE --  C - 18 265 g ancho 23;24/11/2025;CONSUMOS;-1738;1738;METROS;0.26897288;FOSFORERA;IMPORTACION
CARTULINA;100301856;Rollo Cartulina OBAFREE --  C - 18 265 g ancho 23;27/11/2025;CONSUMOS;-892;892;METROS;0.13804592;FOSFORERA;IMPORTACION
CARTULINA;100301856;Rollo Cartulina OBAFREE --  C - 18 265 g ancho 23;27/11/2025;CONSUMOS;-710;710;METROS;0.1098796;FOSFORERA;IMPORTACION
CARTULINA;100301856;Rollo Cartulina OBAFREE --  C - 18 265 g ancho 23;27/11/2025;CONSUMOS;-875;875;METROS;0.135415;FOSFORERA;IMPORTACION
CARTULINA;100301856;Rollo Cartulina OBAFREE --  C - 18 265 g ancho 23;27/11/2025;CONSUMOS;-4771;4771;METROS;0.73835996;FOSFORERA;IMPORTACION
CARTULINA;100301882;Rollo Cartulina ASIA SYMBOL C-14 235 g ancho 25 (2989F);17/11/2025;CONSUMOS;-6886;6886;METROS;1.02756335;C14-25;IMPORTACION
CARTULINA;100301885;Rollo Cartulina ASIA SYMBOL C-16 270 g ancho 29 (2989F);24/11/2025;CONSUMOS;-209;209;METROS;0.04153248;C16-29;IMPORTACION
CARTULINA;100301885;Rollo Cartulina ASIA SYMBOL C-16 270 g ancho 29 (2989F);24/11/2025;CONSUMOS;-1469;1469;METROS;0.29191968;C16-29;IMPORTACION
CARTULINA;100301885;Rollo Cartulina ASIA SYMBOL C-16 270 g ancho 29 (2989F);24/11/2025;CONSUMOS;-1962;1962;METROS;0.38988864;C16-29;IMPORTACION
CARTULINA;100301885;Rollo Cartulina ASIA SYMBOL C-16 270 g ancho 29 (2989F);24/11/2025;CONSUMOS;-1897;1897;METROS;0.37697184;C16-29;IMPORTACION
CARTULINA;100301886;Rollo Cartulina ASIA SYMBOL C-18 295 g ancho 25 (2989F);7/11/2025;CONSUMOS;-8979;8979;METROS;1.681991175;C18-25;IMPORTACION
CARTULINA;100301886;Rollo Cartulina ASIA SYMBOL C-18 295 g ancho 25 (2989F);7/11/2025;CONSUMOS;-9065;9065;METROS;1.698101125;C18-25;IMPORTACION
CARTULINA;100301886;Rollo Cartulina ASIA SYMBOL C-18 295 g ancho 25 (2989F);7/11/2025;CONSUMOS;-13988;13988;METROS;2.6203021;C18-25;IMPORTACION
CARTULINA;100301886;Rollo Cartulina ASIA SYMBOL C-18 295 g ancho 25 (2989F);14/11/2025;CONSUMOS;-5864;5864;METROS;1.0984738;C18-25;IMPORTACION
CARTULINA;100301886;Rollo Cartulina ASIA SYMBOL C-18 295 g ancho 25 (2989F);17/11/2025;CONSUMOS;-1564;1564;METROS;0.2929763;C18-25;IMPORTACION
CARTULINA;100301886;Rollo Cartulina ASIA SYMBOL C-18 295 g ancho 25 (2989F);18/11/2025;CONSUMOS;-2812;2812;METROS;0.5267579;C18-25;IMPORTACION
CARTULINA;100301886;Rollo Cartulina ASIA SYMBOL C-18 295 g ancho 25 (2989F);26/11/2025;CONSUMOS;-15952;15952;METROS;2.9882084;C18-25;IMPORTACION
CARTULINA;100301886;Rollo Cartulina ASIA SYMBOL C-18 295 g ancho 25 (2989F);26/11/2025;CONSUMOS;-7094;7094;METROS;1.32888355;C18-25;IMPORTACION
CARTULINA;100301886;Rollo Cartulina ASIA SYMBOL C-18 295 g ancho 25 (2989F);26/11/2025;CONSUMOS;-3868;3868;METROS;0.7245731;C18-25;IMPORTACION
CARTULINA;100301900;Rollo Cartulina SBS CANDESCE -- C-24 407 g ancho 25 (29-89);18/11/2025;CONSUMOS;-1375;1375;METROS;0.355361875;GILDAN;IMPORTACION
CARTULINA;100301900;Rollo Cartulina SBS CANDESCE -- C-24 407 g ancho 25 (29-89);27/11/2025;CONSUMOS;-3080;3080;METROS;0.7960106;GILDAN;IMPORTACION
CARTULINA;100301904;Rollo Cartulina ASIA SYMBOL C-14 235 g ancho 28.5 (2989F);17/11/2025;CONSUMOS;-986;986;METROS;0.16752633;C14-29;IMPORTACION
CARTULINA;100301905;Rollo Cartulina ASIA SYMBOL C-12 215 g ancho 25 (29-89);26/11/2025;CONSUMOS;-1668;1668;METROS;0.2277237;C12-25;IMPORTACION
CARTULINA;100301908;Rollo Cartulina Nine Dragons C - 13.6 215 g ancho 25 (29-89);14/11/2025;CONSUMOS;-870;870;METROS;0.11877675;C13.6-25;IMPORTACION
CARTULINA;100301908;Rollo Cartulina Nine Dragons C - 13.6 215 g ancho 25 (29-89);14/11/2025;CONSUMOS;-470;470;METROS;0.06416675;C13.6-25;IMPORTACION
CARTULINA;100301908;Rollo Cartulina Nine Dragons C - 13.6 215 g ancho 25 (29-89);14/11/2025;CONSUMOS;-1267;1267;METROS;0.172977175;C13.6-25;IMPORTACION
CARTULINA;100301908;Rollo Cartulina Nine Dragons C - 13.6 215 g ancho 25 (29-89);14/11/2025;CONSUMOS;-8045;8045;METROS;1.098343625;C13.6-25;IMPORTACION
CARTULINA;100301908;Rollo Cartulina Nine Dragons C - 13.6 215 g ancho 25 (29-89);18/11/2025;CONSUMOS;-12980;12980;METROS;1.7720945;C13.6-25;IMPORTACION
CARTULINA;100301908;Rollo Cartulina Nine Dragons C - 13.6 215 g ancho 25 (29-89);20/11/2025;CONSUMOS;-3295;3295;METROS;0.449849875;C13.6-25;IMPORTACION
CARTULINA;100301908;Rollo Cartulina Nine Dragons C - 13.6 215 g ancho 25 (29-89);20/11/2025;CONSUMOS;-9580;9580;METROS;1.3079095;C13.6-25;IMPORTACION
CARTULINA;100301908;Rollo Cartulina Nine Dragons C - 13.6 215 g ancho 25 (29-89);20/11/2025;CONSUMOS;-4001;4001;METROS;0.546236525;C13.6-25;IMPORTACION
CARTULINA;100301908;Rollo Cartulina Nine Dragons C - 13.6 215 g ancho 25 (29-89);20/11/2025;CONSUMOS;-881;881;METROS;0.120278525;C13.6-25;IMPORTACION
CARTULINA;100301908;Rollo Cartulina Nine Dragons C - 13.6 215 g ancho 25 (29-89);20/11/2025;CONSUMOS;-9108;9108;METROS;1.2434697;C13.6-25;IMPORTACION
CARTULINA;100301908;Rollo Cartulina Nine Dragons C - 13.6 215 g ancho 25 (29-89);25/11/2025;CONSUMOS;-1844;1844;METROS;0.2517521;C13.6-25;IMPORTACION
CARTULINA;100301910;Rollo Cartulina OBAFREE --  C - 15 230 g ancho 25.5 (2989F);5/11/2025;CONSUMOS;-35076;35076;METROS;5.21965956;FOSFORERA;IMPORTACION
CARTULINA;100301910;Rollo Cartulina OBAFREE --  C - 15 230 g ancho 25.5 (2989F);18/11/2025;CONSUMOS;-21973;21973;METROS;3.26980213;FOSFORERA;IMPORTACION
CARTULINA;100301910;Rollo Cartulina OBAFREE --  C - 15 230 g ancho 25.5 (2989F);18/11/2025;CONSUMOS;-43754;43754;METROS;6.51103274;FOSFORERA;IMPORTACION
CARTULINA;100301910;Rollo Cartulina OBAFREE --  C - 15 230 g ancho 25.5 (2989F);18/11/2025;CONSUMOS;-26376;26376;METROS;3.92501256;FOSFORERA;IMPORTACION
CARTULINA;100301910;Rollo Cartulina OBAFREE --  C - 15 230 g ancho 25.5 (2989F);24/11/2025;CONSUMOS;-52602;52602;METROS;7.82770362;FOSFORERA;IMPORTACION
CARTULINA;100301912;Rollo Cartulina ASIA SYMBOL C-16 270 g ancho 25 (2989F);5/11/2025;CONSUMOS;-7802;7802;METROS;1.3376529;C16-25;IMPORTACION
CARTULINA;100301912;Rollo Cartulina ASIA SYMBOL C-16 270 g ancho 25 (2989F);5/11/2025;CONSUMOS;-6149;6149;METROS;1.05424605;C16-25;IMPORTACION
CARTULINA;100301912;Rollo Cartulina ASIA SYMBOL C-16 270 g ancho 25 (2989F);24/11/2025;CONSUMOS;-2103;2103;METROS;0.36055935;C16-25;IMPORTACION
CARTULINA;100301912;Rollo Cartulina ASIA SYMBOL C-16 270 g ancho 25 (2989F);24/11/2025;CONSUMOS;-2191;2191;METROS;0.37564695;C16-25;IMPORTACION
CARTULINA;100301912;Rollo Cartulina ASIA SYMBOL C-16 270 g ancho 25 (2989F);24/11/2025;CONSUMOS;-1196;1196;METROS;0.2050542;C16-25;IMPORTACION
CARTULINA;100301912;Rollo Cartulina ASIA SYMBOL C-16 270 g ancho 25 (2989F);24/11/2025;CONSUMOS;-1770;1770;METROS;0.3034665;C16-25;IMPORTACION
CARTULINA;100301912;Rollo Cartulina ASIA SYMBOL C-16 270 g ancho 25 (2989F);24/11/2025;CONSUMOS;-1888;1888;METROS;0.3236976;C16-25;IMPORTACION
CARTULINA;100301912;Rollo Cartulina ASIA SYMBOL C-16 270 g ancho 25 (2989F);24/11/2025;CONSUMOS;-975;975;METROS;0.16716375;C16-25;IMPORTACION
CARTULINA;100301912;Rollo Cartulina ASIA SYMBOL C-16 270 g ancho 25 (2989F);24/11/2025;CONSUMOS;-2156;2156;METROS;0.3696462;C16-25;IMPORTACION
CARTULINA;100301912;Rollo Cartulina ASIA SYMBOL C-16 270 g ancho 25 (2989F);24/11/2025;CONSUMOS;-1820;1820;METROS;0.312039;C16-25;IMPORTACION
CARTULINA;100301912;Rollo Cartulina ASIA SYMBOL C-16 270 g ancho 25 (2989F);24/11/2025;CONSUMOS;-2075;2075;METROS;0.35575875;C16-25;IMPORTACION
CARTULINA;100301912;Rollo Cartulina ASIA SYMBOL C-16 270 g ancho 25 (2989F);24/11/2025;CONSUMOS;-2290;2290;METROS;0.3926205;C16-25;IMPORTACION
CARTULINA;100301912;Rollo Cartulina ASIA SYMBOL C-16 270 g ancho 25 (2989F);24/11/2025;CONSUMOS;-1525;1525;METROS;0.26146125;C16-25;IMPORTACION
CARTULINA;100301912;Rollo Cartulina ASIA SYMBOL C-16 270 g ancho 25 (2989F);24/11/2025;CONSUMOS;-3336;3336;METROS;0.5719572;C16-25;IMPORTACION
CARTULINA;100301912;Rollo Cartulina ASIA SYMBOL C-16 270 g ancho 25 (2989F);24/11/2025;CONSUMOS;-2288;2288;METROS;0.3922776;C16-25;IMPORTACION
CARTULINA;100301912;Rollo Cartulina ASIA SYMBOL C-16 270 g ancho 25 (2989F);24/11/2025;CONSUMOS;-3320;3320;METROS;0.569214;C16-25;IMPORTACION
CARTULINA;100301912;Rollo Cartulina ASIA SYMBOL C-16 270 g ancho 25 (2989F);24/11/2025;CONSUMOS;-1556;1556;METROS;0.2667762;C16-25;IMPORTACION
CARTULINA;100301912;Rollo Cartulina ASIA SYMBOL C-16 270 g ancho 25 (2989F);24/11/2025;CONSUMOS;-2156;2156;METROS;0.3696462;C16-25;IMPORTACION
CARTULINA;100301912;Rollo Cartulina ASIA SYMBOL C-16 270 g ancho 25 (2989F);24/11/2025;CONSUMOS;-2261;2261;METROS;0.38764845;C16-25;IMPORTACION
CARTULINA;100301912;Rollo Cartulina ASIA SYMBOL C-16 270 g ancho 25 (2989F);24/11/2025;CONSUMOS;-663;663;METROS;0.11367135;C16-25;IMPORTACION
CARTULINA;100301912;Rollo Cartulina ASIA SYMBOL C-16 270 g ancho 25 (2989F);24/11/2025;CONSUMOS;-11028;11028;METROS;1.8907506;C16-25;IMPORTACION
CARTULINA;100301912;Rollo Cartulina ASIA SYMBOL C-16 270 g ancho 25 (2989F);24/11/2025;CONSUMOS;-1611;1611;METROS;0.27620595;C16-25;IMPORTACION
CARTULINA;100301912;Rollo Cartulina ASIA SYMBOL C-16 270 g ancho 25 (2989F);24/11/2025;CONSUMOS;-336;336;METROS;0.0576072;C16-25;IMPORTACION
CARTULINA;100301912;Rollo Cartulina ASIA SYMBOL C-16 270 g ancho 25 (2989F);27/11/2025;CONSUMOS;-385;385;METROS;0.06600825;C16-25;IMPORTACION
CARTULINA;100301912;Rollo Cartulina ASIA SYMBOL C-16 270 g ancho 25 (2989F);27/11/2025;CONSUMOS;-2075;2075;METROS;0.35575875;C16-25;IMPORTACION
CARTULINA;100301912;Rollo Cartulina ASIA SYMBOL C-16 270 g ancho 25 (2989F);27/11/2025;CONSUMOS;-456;456;METROS;0.0781812;C16-25;IMPORTACION
CARTULINA;100301913;Rollo Cartulina BRIGHT --  C - 16 245 g ancho 25 (2989F);26/11/2025;CONSUMOS;-300;300;METROS;0.0466725;BAYER;IMPORTACION
CARTULINA;100301913;Rollo Cartulina BRIGHT --  C - 16 245 g ancho 25 (2989F);26/11/2025;CONSUMOS;-366;366;METROS;0.05694045;BAYER;IMPORTACION
CARTULINA;100301913;Rollo Cartulina BRIGHT --  C - 16 245 g ancho 25 (2989F);27/11/2025;CONSUMOS;-33473;33473;METROS;5.207561975;BAYER;IMPORTACION
CARTULINA;100301917;Rollo Cartulina Nine Dragons C - 16.3 255 g ancho 25 (29-89);7/11/2025;CONSUMOS;-825;825;METROS;0.133588125;C16.3-25;IMPORTACION
CARTULINA;100301917;Rollo Cartulina Nine Dragons C - 16.3 255 g ancho 25 (29-89);12/11/2025;CONSUMOS;-840;840;METROS;0.136017;C16.3-25;IMPORTACION
CARTULINA;100301917;Rollo Cartulina Nine Dragons C - 16.3 255 g ancho 25 (29-89);12/11/2025;CONSUMOS;-1283;1283;METROS;0.207749775;C16.3-25;IMPORTACION
CARTULINA;100301917;Rollo Cartulina Nine Dragons C - 16.3 255 g ancho 25 (29-89);12/11/2025;CONSUMOS;-2875;2875;METROS;0.465534375;C16.3-25;IMPORTACION
CARTULINA;100301917;Rollo Cartulina Nine Dragons C - 16.3 255 g ancho 25 (29-89);12/11/2025;CONSUMOS;-759;759;METROS;0.122901075;C16.3-25;IMPORTACION
CARTULINA;100301917;Rollo Cartulina Nine Dragons C - 16.3 255 g ancho 25 (29-89);12/11/2025;CONSUMOS;-657;657;METROS;0.106384725;C16.3-25;IMPORTACION
CARTULINA;100301917;Rollo Cartulina Nine Dragons C - 16.3 255 g ancho 25 (29-89);14/11/2025;CONSUMOS;-694;694;METROS;0.11237595;C16.3-25;IMPORTACION
CARTULINA;100301917;Rollo Cartulina Nine Dragons C - 16.3 255 g ancho 25 (29-89);24/11/2025;CONSUMOS;-1165;1165;METROS;0.188642625;C16.3-25;IMPORTACION
CARTULINA;100301917;Rollo Cartulina Nine Dragons C - 16.3 255 g ancho 25 (29-89);24/11/2025;CONSUMOS;-637;637;METROS;0.103146225;C16.3-25;IMPORTACION
CARTULINA;100301917;Rollo Cartulina Nine Dragons C - 16.3 255 g ancho 25 (29-89);24/11/2025;CONSUMOS;-1796;1796;METROS;0.2908173;C16.3-25;IMPORTACION
CARTULINA;100301917;Rollo Cartulina Nine Dragons C - 16.3 255 g ancho 25 (29-89);24/11/2025;CONSUMOS;-2255;2255;METROS;0.365140875;C16.3-25;IMPORTACION
CARTULINA;100301917;Rollo Cartulina Nine Dragons C - 16.3 255 g ancho 25 (29-89);24/11/2025;CONSUMOS;-1051;1051;METROS;0.170183175;C16.3-25;IMPORTACION
CARTULINA;100301917;Rollo Cartulina Nine Dragons C - 16.3 255 g ancho 25 (29-89);24/11/2025;CONSUMOS;-3543;3543;METROS;0.573700275;C16.3-25;IMPORTACION
CARTULINA;100301917;Rollo Cartulina Nine Dragons C - 16.3 255 g ancho 25 (29-89);24/11/2025;CONSUMOS;-3916;3916;METROS;0.6340983;C16.3-25;IMPORTACION
CARTULINA;100301917;Rollo Cartulina Nine Dragons C - 16.3 255 g ancho 25 (29-89);24/11/2025;CONSUMOS;-549;549;METROS;0.088896825;C16.3-25;IMPORTACION
CARTULINA;100301917;Rollo Cartulina Nine Dragons C - 16.3 255 g ancho 25 (29-89);24/11/2025;CONSUMOS;-2155;2155;METROS;0.348948375;C16.3-25;IMPORTACION
CARTULINA;100301917;Rollo Cartulina Nine Dragons C - 16.3 255 g ancho 25 (29-89);26/11/2025;CONSUMOS;-2026;2026;METROS;0.32806005;C16.3-25;IMPORTACION
CARTULINA;100301917;Rollo Cartulina Nine Dragons C - 16.3 255 g ancho 25 (29-89);26/11/2025;CONSUMOS;-8994;8994;METROS;1.45635345;C16.3-25;IMPORTACION
CARTULINA;100301917;Rollo Cartulina Nine Dragons C - 16.3 255 g ancho 25 (29-89);27/11/2025;CONSUMOS;-1130;1130;METROS;0.18297525;C16.3-25;IMPORTACION
CARTULINA;100301919;Rollo Cartulina Nine Dragons C - 16.3 255 g ancho 29 (29-89);17/11/2025;CONSUMOS;-1660;1660;METROS;0.3115488;C16.3-29;IMPORTACION
CARTULINA;100301919;Rollo Cartulina Nine Dragons C - 16.3 255 g ancho 29 (29-89);17/11/2025;CONSUMOS;-492;492;METROS;0.09233856;C16.3-29;IMPORTACION
CARTULINA;100301919;Rollo Cartulina Nine Dragons C - 16.3 255 g ancho 29 (29-89);24/11/2025;CONSUMOS;-4576;4576;METROS;0.85882368;C16.3-29;IMPORTACION
CARTULINA;100301919;Rollo Cartulina Nine Dragons C - 16.3 255 g ancho 29 (29-89);25/11/2025;CONSUMOS;-726;726;METROS;0.13625568;C16.3-29;IMPORTACION
CARTULINA;100301920;Rollo Cartulina Nine Dragons C - 16.3 255 g ancho 35.5 (29-89);26/11/2025;CONSUMOS;-4693;4693;METROS;1.078240215;C16.3-35.5;IMPORTACION
CARTULINA;100301922;Rollo Cartulina ASIA SYMBOL C-18 295 g ancho 29 (2989F);7/11/2025;CONSUMOS;-17922;17922;METROS;3.89122464;C18-29;IMPORTACION
CARTULINA;100301922;Rollo Cartulina ASIA SYMBOL C-18 295 g ancho 29 (2989F);18/11/2025;CONSUMOS;-4481;4481;METROS;0.97291472;C18-29;IMPORTACION
CARTULINA;100301924;Rollo Cartulina Nine Dragons C - 18.3 290 g ancho 25;18/11/2025;CONSUMOS;-2297;2297;METROS;0.42299255;C18-25;IMPORTACION
CARTULINA;100301924;Rollo Cartulina Nine Dragons C - 18.3 290 g ancho 25;20/11/2025;CONSUMOS;-1094;1094;METROS;0.2014601;C18-25;IMPORTACION
CARTULINA;100301926;Rollo Cartulina ASIA SYMBOL C-19 310 g ancho 25 (29-89);20/11/2025;CONSUMOS;-1515;1515;METROS;0.29822775;C19-25;IMPORTACION
CARTULINA;100301928;Rollo Cartulina Nine Dragons C - 19 305 g ancho 25 (29-89) REGIONAL;18/11/2025;CONSUMOS;-11898;11898;METROS;2.30434515;C19-25;IMPORTACION
CARTULINA;100301928;Rollo Cartulina Nine Dragons C - 19 305 g ancho 25 (29-89) REGIONAL;18/11/2025;CONSUMOS;-5607;5607;METROS;1.085935725;C19-25;IMPORTACION
CARTULINA;100301928;Rollo Cartulina Nine Dragons C - 19 305 g ancho 25 (29-89) REGIONAL;18/11/2025;CONSUMOS;-7649;7649;METROS;1.481420075;C19-25;IMPORTACION
CARTULINA;100301928;Rollo Cartulina Nine Dragons C - 19 305 g ancho 25 (29-89) REGIONAL;18/11/2025;CONSUMOS;-6446;6446;METROS;1.24842905;C19-25;IMPORTACION
CARTULINA;100301928;Rollo Cartulina Nine Dragons C - 19 305 g ancho 25 (29-89) REGIONAL;20/11/2025;CONSUMOS;-5096;5096;METROS;0.9869678;C19-25;IMPORTACION
CARTULINA;100301928;Rollo Cartulina Nine Dragons C - 19 305 g ancho 25 (29-89) REGIONAL;20/11/2025;CONSUMOS;-2259;2259;METROS;0.437511825;C19-25;IMPORTACION
CARTULINA;100301928;Rollo Cartulina Nine Dragons C - 19 305 g ancho 25 (29-89) REGIONAL;20/11/2025;CONSUMOS;-2060;2060;METROS;0.3989705;C19-25;IMPORTACION
CARTULINA;100301928;Rollo Cartulina Nine Dragons C - 19 305 g ancho 25 (29-89) REGIONAL;20/11/2025;CONSUMOS;-5477;5477;METROS;1.060757975;C19-25;IMPORTACION
CARTULINA;100301928;Rollo Cartulina Nine Dragons C - 19 305 g ancho 25 (29-89) REGIONAL;24/11/2025;CONSUMOS;-6583;6583;METROS;1.274962525;C19-25;IMPORTACION
CARTULINA;100301930;Rollo Cartulina ASIA SYMBOL C-20 325 g ancho 29 (2989F);24/11/2025;CONSUMOS;-1711;1711;METROS;0.4092712;C20-29;IMPORTACION
CARTULINA;100301931;Rollo Cartulina Policote 1PE0/15 C-13.5 225g ancho 23.5 REGIONAL;17/11/2025;CONSUMOS;-42564;42564;METROS;5.7078324;POLICOTE;IMPORTACION
CARTULINA 29-89;100304547;Rollo Cartulina Spectra Natural -- C-18 267g ancho 27;7/11/2025;CONSUMOS;-79011;79011;METROS;14.46759359;BCONSUMOSBO;IMPORTACION
CARTULINA 29-89;100304547;Rollo Cartulina Spectra Natural -- C-18 267g ancho 27;7/11/2025;CONSUMOS;-5102;5102;METROS;0.934220077;BCONSUMOSBO;IMPORTACION
CARTULINA;100304560;Rollo Cartulina FBB FSC MIXTO KING PAPER--  C - 13.6 225 g ancho 36.5;12/11/2025;CONSUMOS;-38252;38252;METROS;7.9784109;POLICOTE;IMPORTACION
CARTULINA;100304560;Rollo Cartulina FBB FSC MIXTO KING PAPER--  C - 13.6 225 g ancho 36.5;24/11/2025;CONSUMOS;-1345;1345;METROS;0.280533375;POLICOTE;IMPORTACION
CARTULINA;100304563;Rollo Cartulina Nine Dragons C - 12 205 g ancho 25 (29-89);20/11/2025;CONSUMOS;-22020;22020;METROS;2.8664535;C12-25;IMPORTACION
CARTULINA;100304564;Cartulina FBB NINE DRAGONS -- C-12 205 gramos 25 x 38;8/11/2025;CONSUMOS;-1295;1295;hoja(s);0.162676443;C12-25;IMPORTACION
CARTULINA;100304564;Cartulina FBB NINE DRAGONS -- C-12 205 gramos 25 x 38;8/11/2025;CONSUMOS;-995;995;hoja(s);0.124990781;C12-25;IMPORTACION
CARTULINA;100304564;Cartulina FBB NINE DRAGONS -- C-12 205 gramos 25 x 38;26/11/2025;CONSUMOS;-1100;1100;hoja(s);0.138180763;C12-25;IMPORTACION
CARTULINA;100304564;Cartulina FBB NINE DRAGONS -- C-12 205 gramos 25 x 38;26/11/2025;CONSUMOS;-660;660;hoja(s);0.082908458;C12-25;IMPORTACION
CARTULINA;100304564;Cartulina FBB NINE DRAGONS -- C-12 205 gramos 25 x 38;26/11/2025;CONSUMOS;-51610;51610;hoja(s);6.483190139;C12-25;IMPORTACION
CARTULINA;100304565;Rollo Cartulina DEINGRESOSCA FSC --  C - 13.5 225 g ancho 23.125;5/11/2025;CONSUMOS;-16225;16225;METROS;2.142916875;OLMECA;IMPORTACION
CARTULINA;100304565;Rollo Cartulina DEINGRESOSCA FSC --  C - 13.5 225 g ancho 23.125;14/11/2025;CONSUMOS;-629;629;METROS;0.083075175;OLMECA;IMPORTACION
CARTULINA;100304565;Rollo Cartulina DEINGRESOSCA FSC --  C - 13.5 225 g ancho 23.125;14/11/2025;CONSUMOS;-1398;1398;METROS;0.18464085;OLMECA;IMPORTACION
CARTULINA;100304565;Rollo Cartulina DEINGRESOSCA FSC --  C - 13.5 225 g ancho 23.125;14/11/2025;CONSUMOS;-8713;8713;METROS;1.150769475;OLMECA;IMPORTACION
CARTULINA;100304565;Rollo Cartulina DEINGRESOSCA FSC --  C - 13.5 225 g ancho 23.125;14/11/2025;CONSUMOS;-8436;8436;METROS;1.1141847;OLMECA;IMPORTACION
CARTULINA;100304565;Rollo Cartulina DEINGRESOSCA FSC --  C - 13.5 225 g ancho 23.125;14/11/2025;CONSUMOS;-23629;23629;METROS;3.120800175;OLMECA;IMPORTACION
CARTULINA;100304565;Rollo Cartulina DEINGRESOSCA FSC --  C - 13.5 225 g ancho 23.125;14/11/2025;CONSUMOS;-31578;31578;METROS;4.17066435;OLMECA;IMPORTACION
CARTULINA;100304565;Rollo Cartulina DEINGRESOSCA FSC --  C - 13.5 225 g ancho 23.125;25/11/2025;CONSUMOS;-31442;31442;METROS;4.15270215;OLMECA;IMPORTACION
CARTULINA;100304565;Rollo Cartulina DEINGRESOSCA FSC --  C - 13.5 225 g ancho 23.125;25/11/2025;CONSUMOS;-16714;16714;METROS;2.20750155;OLMECA;IMPORTACION
CARTULINA;100304642;Rollo Cartulina Nine Dragons C - 19 305 g ancho 29;5/11/2025;CONSUMOS;-2303;2303;METROS;0.517398889;C19-29;IMPORTACION
CARTULINA;100304642;Rollo Cartulina Nine Dragons C - 19 305 g ancho 29;18/11/2025;CONSUMOS;-17792;17792;METROS;3.997204096;C19-29;IMPORTACION
CARTULINA 29-89;100305967;Rollo Cartulina Nine Dragons C - 18.3 290 g ancho 29;18/11/2025;CONSUMOS;-9522;9522;METROS;2.034032508;C18-29;IMPORTACION
CARTULINA 29-89;100305967;Rollo Cartulina Nine Dragons C - 18.3 290 g ancho 29;18/11/2025;CONSUMOS;-18168;18168;METROS;3.880939152;C18-29;IMPORTACION
CARTULINA 29-89;100305967;Rollo Cartulina Nine Dragons C - 18.3 290 g ancho 29;20/11/2025;CONSUMOS;-2485;2485;METROS;0.53083079;C18-29;IMPORTACION
CARTULINA 29-89;100305967;Rollo Cartulina Nine Dragons C - 18.3 290 g ancho 29;26/11/2025;CONSUMOS;-785;785;METROS;0.16768699;C18-29;IMPORTACION
CARTULINA;100305981;Cartulina FBB DUPLEX MIRABELL -- C-16 300 gramos  28 x 34;26/11/2025;CONSUMOS;-102005;102005;PLIEGOS;18.79520628;COLGATE-75;IMPORTACION
CARTULINA;100305982;Cartulina FBB DUPLEX MIRABELL -- C-16 300 gramos  20 x 32.5;26/11/2025;CONSUMOS;-111305;111305;PLIEGOS;14.00285909;COLGATE-100;IMPORTACION
CARTULINA;100305982;Cartulina FBB DUPLEX MIRABELL -- C-16 300 gramos  20 x 32.5;26/11/2025;CONSUMOS;-4000;4000;PLIEGOS;0.5032248;COLGATE-100;IMPORTACION
CARTULINA;100305982;Cartulina FBB DUPLEX MIRABELL -- C-16 300 gramos  20 x 32.5;26/11/2025;CONSUMOS;-14105;14105;PLIEGOS;1.774496451;COLGATE-100;IMPORTACION
CARTULINA;100305984;Cartulina FBB DUPLEX MIRABELL -- C-16 300 gramos  25 x 34;26/11/2025;CONSUMOS;-25905;25905;PLIEGOS;4.261781799;COLGATE-22;IMPORTACION
CARTULINA;100305996;Cartulina SPARK -- C-16 250 gramos 25 X 38;27/11/2025;CONSUMOS;-2600;2600;hoja(s);0.3983863;Spark;LOCAL
CARTULINA;100305997;Cartulina SPARK -- C-16 250 gramos 25 X 36;12/11/2025;CONSUMOS;-100;100;hoja(s);0.0145161;Spark;LOCAL
CARTULINA;100306002;Cartulina FBB DRAGONS YA ESTÁ -- C-16.3 255 gramos  39.5 x 25;26/11/2025;CONSUMOS;-92855;92855;PLIEGOS;15.08516318;YA ESTA;IMPORTACION
CARTULINA;100306002;Cartulina FBB DRAGONS YA ESTÁ -- C-16.3 255 gramos  39.5 x 25;27/11/2025;CONSUMOS;-8240;8240;PLIEGOS;1.338665065;YA ESTA;IMPORTACION
PAPEL;100600005;Papel Bond 75 gramos -- 22 x 34;12/11/2025;CONSUMOS;-8000;8000;PLIEGOS;0.2889324;Bond;LOCAL
PAPEL;100600011;Papel Bond 90 gramos -- 22 x 34;17/11/2025;CONSUMOS;-665;665;PLIEGOS;0.028821007;Bond;LOCAL
PAPEL;100600011;Papel Bond 90 gramos -- 22 x 34;19/11/2025;CONSUMOS;-635;635;PLIEGOS;0.027520811;Bond;LOCAL
PAPEL;100600011;Papel Bond 90 gramos -- 22 x 34;19/11/2025;CONSUMOS;-400;400;PLIEGOS;0.017335944;Bond;LOCAL
PAPEL;100600011;Papel Bond 90 gramos -- 22 x 34;20/11/2025;CONSUMOS;-800;800;PLIEGOS;0.034671888;Bond;LOCAL
PAPEL;100600012;Papel Bond 90 gramos -- 24 x 36;20/11/2025;CONSUMOS;-300;300;PLIEGOS;0.015028902;Bond;LOCAL
PAPEL;100600012;Papel Bond 90 gramos -- 24 x 36;20/11/2025;CONSUMOS;-400;400;PLIEGOS;0.020038536;Bond;LOCAL
PAPEL;100600012;Papel Bond 90 gramos -- 24 x 36;27/11/2025;CONSUMOS;-500;500;PLIEGOS;0.02504817;Bond;LOCAL
PAPEL;100600013;Papel Bond 90 gramos -- 26 x 34;12/11/2025;CONSUMOS;-57;57;PLIEGOS;0.002921945;Bond;LOCAL
PAPEL;100600013;Papel Bond 90 gramos -- 26 x 34;17/11/2025;CONSUMOS;-362;362;PLIEGOS;0.018556916;Bond;LOCAL
PAPEL;100600013;Papel Bond 90 gramos -- 26 x 34;17/11/2025;CONSUMOS;-363;363;PLIEGOS;0.018608179;Bond;LOCAL
PAPEL;100600015;Papel Bond 120 gramos -- 22 x 34;12/11/2025;CONSUMOS;-700;700;PLIEGOS;0.040450536;Bond;LOCAL
PAPEL;100600017;Papel Bond 120 gramos -- 26 x 34;17/11/2025;CONSUMOS;-1250;1250;PLIEGOS;0.085437;Bond;LOCAL
PAPEL;100600018;Papel Bond 60 gramos -- 21 x 30;12/11/2025;CONSUMOS;-2600;2600;PLIEGOS;0.063358776;Bond;LOCAL
PAPEL;100600018;Papel Bond 60 gramos -- 21 x 30;20/11/2025;CONSUMOS;-12200;12200;PLIEGOS;0.297298872;Bond;LOCAL
PAPEL;100600021;Papel Couche Brillante - 1 Cara - B-60 -- 90 gramos  25 x 36;4/11/2025;CONSUMOS;-900;900;PLIEGOS;0.04701159;Couche;LOCAL
PAPEL;100600021;Papel Couche Brillante - 1 Cara - B-60 -- 90 gramos  25 x 36;20/11/2025;CONSUMOS;-14000;14000;PLIEGOS;0.7312914;Couche;LOCAL
PAPEL;100600023;Papel Couche Brillante - 1 Cara - B-60 -- 90 gramos  25 x 38;19/11/2025;CONSUMOS;-9300;9300;PLIEGOS;0.512892675;Couche;LOCAL
PAPEL;100600023;Papel Couche Brillante - 1 Cara - B-60 -- 90 gramos  25 x 38;19/11/2025;CONSUMOS;-29400;29400;PLIEGOS;1.62140265;Couche;LOCAL
PAPEL;100600023;Papel Couche Brillante - 1 Cara - B-60 -- 90 gramos  25 x 38;20/11/2025;CONSUMOS;-1100;1100;PLIEGOS;0.060664725;Couche;LOCAL
PAPEL;100600026;Papel Couche Brillante B-70 -- 105 gramos  25 x 36;20/11/2025;CONSUMOS;-3250;3250;PLIEGOS;0.198058088;Couche;LOCAL
PAPEL;100600026;Papel Couche Brillante B-70 -- 105 gramos  25 x 36;20/11/2025;CONSUMOS;-63250;63250;PLIEGOS;3.854515088;Couche;LOCAL
PAPEL;100600030;Papel Couche Brillante B-80 -- 115 gramos  30 x40;12/11/2025;CONSUMOS;-10200;10200;PLIEGOS;0.718785075;Couche;LOCAL
PAPEL;100600030;Papel Couche Brillante B-80 -- 115 gramos  30 x40;26/11/2025;CONSUMOS;-52;52;PLIEGOS;0.003664395;Couche;LOCAL
PAPEL;100600032;Papel Couche Brillante B-100 -- 140 gramos  25 x 36;8/11/2025;CONSUMOS;-200;200;PLIEGOS;0.01625092;Couche;LOCAL
PAPEL;100600032;Papel Couche Brillante B-100 -- 140 gramos  25 x 36;17/11/2025;CONSUMOS;-500;500;PLIEGOS;0.0406273;Couche;LOCAL
PAPEL;100600032;Papel Couche Brillante B-100 -- 140 gramos  25 x 36;20/11/2025;CONSUMOS;-3100;3100;PLIEGOS;0.25188926;Couche;LOCAL
PAPEL;100600032;Papel Couche Brillante B-100 -- 140 gramos  25 x 36;26/11/2025;CONSUMOS;-500;500;PLIEGOS;0.0406273;Couche;LOCAL
PAPEL;100600032;Papel Couche Brillante B-100 -- 140 gramos  25 x 36;27/11/2025;CONSUMOS;-3900;3900;PLIEGOS;0.31689294;Couche;LOCAL
PAPEL;100600032;Papel Couche Brillante B-100 -- 140 gramos  25 x 36;27/11/2025;CONSUMOS;-1600;1600;PLIEGOS;0.13000736;Couche;LOCAL
PAPEL;100600033;Papel Couche Brillante B-100 -- 140 gramos  25 x 38;4/11/2025;CONSUMOS;-600;600;PLIEGOS;0.0514731;Couche;LOCAL
PAPEL;100600033;Papel Couche Brillante B-100 -- 140 gramos  25 x 38;8/11/2025;CONSUMOS;-200;200;PLIEGOS;0.0171577;Couche;LOCAL
PAPEL;100600033;Papel Couche Brillante B-100 -- 140 gramos  25 x 38;17/11/2025;CONSUMOS;-108;108;PLIEGOS;0.009265158;Couche;LOCAL
PAPEL;100600033;Papel Couche Brillante B-100 -- 140 gramos  25 x 38;20/11/2025;CONSUMOS;-1800;1800;PLIEGOS;0.1544193;Couche;LOCAL
PAPEL;100600034;Papel Couche Brillante B-100 -- 140 gramos  30 x 40;26/11/2025;CONSUMOS;-1000;1000;PLIEGOS;0.10838688;Couche;LOCAL
PAPEL;100600043;Papel Bond 75 gramos -- 26 x 38;12/11/2025;CONSUMOS;-100;100;PLIEGOS;0.004780636;Bond;LOCAL
PAPEL;100600043;Papel Bond 75 gramos -- 26 x 38;17/11/2025;CONSUMOS;-1400;1400;PLIEGOS;0.066928898;Bond;LOCAL
PAPEL;100600043;Papel Bond 75 gramos -- 26 x 38;20/11/2025;CONSUMOS;-18400;18400;PLIEGOS;0.87963695;Bond;LOCAL
PAPEL;100600043;Papel Bond 75 gramos -- 26 x 38;26/11/2025;CONSUMOS;-900;900;PLIEGOS;0.04302572;Bond;LOCAL
PAPEL;100600043;Papel Bond 75 gramos -- 26 x 38;26/11/2025;CONSUMOS;-100;100;PLIEGOS;0.004780636;Bond;LOCAL
PAPEL;100600045;Papel Couche Brillante B-80 -- 115 gramos  30 x 40;4/11/2025;CONSUMOS;-1300;1300;PLIEGOS;0.115741704;Couche;LOCAL
PAPEL;100600045;Papel Couche Brillante B-80 -- 115 gramos  30 x 40;26/11/2025;CONSUMOS;-212;212;PLIEGOS;0.018874801;Couche;LOCAL
PAPEL;100600045;Papel Couche Brillante B-80 -- 115 gramos  30 x 40;27/11/2025;CONSUMOS;-48;48;PLIEGOS;0.00427354;Couche;LOCAL
PAPEL;100600068;Cartulina FBB Zenith --  C-22 330 gramos  25 x 38;12/11/2025;CONSUMOS;-5900;5900;PLIEGOS;1.193320194;C22-25;LOCAL
PAPEL;100600086;Cartulina Index -- 140 gramos  26 x 34;17/11/2025;CONSUMOS;-400;400;PLIEGOS;0.03189648;Varios;IMPORTACION
PAPEL;100600102;Rollo Cartulina BRIGHT --  C - 16 245 g ancho 25;5/11/2025;CONSUMOS;-3561;3561;METROS;0.554002575;BAYER;IMPORTACION
PAPEL;100600102;Rollo Cartulina BRIGHT --  C - 16 245 g ancho 25;25/11/2025;CONSUMOS;-27410;27410;METROS;4.26431075;BAYER;IMPORTACION
PAPEL;100600102;Rollo Cartulina BRIGHT --  C - 16 245 g ancho 25;26/11/2025;CONSUMOS;-369;369;METROS;0.057407175;BAYER;IMPORTACION
PAPEL;100600102;Rollo Cartulina BRIGHT --  C - 16 245 g ancho 25;26/11/2025;CONSUMOS;-390;390;METROS;0.06067425;BAYER;IMPORTACION
PAPEL;100600102;Rollo Cartulina BRIGHT --  C - 16 245 g ancho 25;26/11/2025;CONSUMOS;-501;501;METROS;0.077943075;BAYER;IMPORTACION
PAPEL;100600102;Rollo Cartulina BRIGHT --  C - 16 245 g ancho 25;26/11/2025;CONSUMOS;-510;510;METROS;0.07934325;BAYER;IMPORTACION
PAPEL;100600102;Rollo Cartulina BRIGHT --  C - 16 245 g ancho 25;26/11/2025;CONSUMOS;-153;153;METROS;0.023802975;BAYER;IMPORTACION
PAPEL;100600104;Rollo Cartulina CMPC RC --  C - 17 255 g ancho 23;17/11/2025;CONSUMOS;-14746;14746;METROS;2.19597432;CMPC RC;IMPORTACION
PAPEL;100600137;Rollo Cartulina POPLAR --  C - 14 220 g ancho 28.5;5/11/2025;CONSUMOS;-1100;1100;METROS;0.174966;C14-29;IMPORTACION
PAPEL;100600143;Rollo Cartulina FBB OBAFREE FSC MIXTO --  C - 13.5 225 g ancho 24.5;25/11/2025;CONSUMOS;-9451;9451;METROS;1.32266745;OLMECA;IMPORTACION
PAPEL;100600143;Rollo Cartulina FBB OBAFREE FSC MIXTO --  C - 13.5 225 g ancho 24.5;25/11/2025;CONSUMOS;-9315;9315;METROS;1.30363425;OLMECA;IMPORTACION
PAPEL;100600143;Rollo Cartulina FBB OBAFREE FSC MIXTO --  C - 13.5 225 g ancho 24.5;25/11/2025;CONSUMOS;-8810;8810;METROS;1.2329595;OLMECA;IMPORTACION
PAPEL;100600143;Rollo Cartulina FBB OBAFREE FSC MIXTO --  C - 13.5 225 g ancho 24.5;25/11/2025;CONSUMOS;-16131;16131;METROS;2.25753345;OLMECA;IMPORTACION
PAPEL;100600143;Rollo Cartulina FBB OBAFREE FSC MIXTO --  C - 13.5 225 g ancho 24.5;25/11/2025;CONSUMOS;-16117;16117;METROS;2.25557415;OLMECA;IMPORTACION
PAPEL;100600143;Rollo Cartulina FBB OBAFREE FSC MIXTO --  C - 13.5 225 g ancho 24.5;26/11/2025;CONSUMOS;-8733;8733;METROS;1.22218335;OLMECA;IMPORTACION
PAPEL;100600155;Papel Bond 75 gramos -- 23 x 36;19/11/2025;CONSUMOS;-4500;4500;PLIEGOS;0.180289962;Bond;LOCAL
PAPEL;100600164;Papel Bond 55 gramos -- 21 x 32;19/11/2025;CONSUMOS;-38100;38100;PLIEGOS;0.908498828;bond;LOCAL
PAPEL;100600164;Papel Bond 55 gramos -- 21 x 32;20/11/2025;CONSUMOS;-51400;51400;PLIEGOS;1.225638839;bond;LOCAL
PAPEL;120700010;Papel ININGRESOSGO 6MIL SYNTHETIC 13 X 19;8/11/2025;CONSUMOS;-230;230;hoja(s);0;inINGRESOSgo;IMPORTACION
PAPEL;120700010;Papel ININGRESOSGO 6MIL SYNTHETIC 13 X 19;27/11/2025;CONSUMOS;-185;185;hoja(s);0;inINGRESOSgo;IMPORTACION
CARTULINA;100300001;Cartulina Husky -- C-8 200 gramos 25 x 36;5/12/2025;INGRESOS;900;900;hoja(s);0.1044702;C8-25H;LOCAL
CARTULINA;100300001;Cartulina Husky -- C-8 200 gramos 25 x 36;20/12/2025;INGRESOS;900;900;hoja(s);0.1044702;C8-25H;LOCAL
CARTULINA;100300002;Cartulina Husky -- C-8 190 gramos 25 x 38;2/12/2025;INGRESOS;1800;1800;hoja(s);0.20956905;C8-25H;LOCAL
CARTULINA;100300002;Cartulina Husky -- C-8 190 gramos 25 x 38;2/12/2025;INGRESOS;800;800;hoja(s);0.0931418;C8-25H;LOCAL
CARTULINA;100300002;Cartulina Husky -- C-8 190 gramos 25 x 38;29/12/2025;INGRESOS;600;600;hoja(s);0.06985635;C8-25H;LOCAL
CARTULINA;100300009;Cartulina Husky -- C-12 270 gramos 25 x 38;2/12/2025;INGRESOS;300;300;hoja(s);0.049634775;C12-25H;LOCAL
CARTULINA;100300009;Cartulina Husky -- C-12 270 gramos 25 x 38;5/12/2025;INGRESOS;400;400;hoja(s);0.0661797;C12-25H;LOCAL
CARTULINA;100300009;Cartulina Husky -- C-12 270 gramos 25 x 38;15/12/2025;INGRESOS;1000;1000;hoja(s);0.16544925;C12-25H;LOCAL
CARTULINA;100300011;Cartulina Husky -- C-14 300 gramos 25 x 38;20/12/2025;INGRESOS;500;500;hoja(s);0.09191625;C14-25H;LOCAL
CARTULINA;100300012;Cartulina Husky -- C-14 300 gramos 30 x 40;15/12/2025;INGRESOS;3100;3100;hoja(s);0.71999856;C14-30H;LOCAL
CARTULINA;100300012;Cartulina Husky -- C-14 300 gramos 30 x 40;17/12/2025;INGRESOS;1900;1900;hoja(s);0.44128944;C14-30H;LOCAL
CARTULINA;100300012;Cartulina Husky -- C-14 300 gramos 30 x 40;17/12/2025;INGRESOS;1500;1500;hoja(s);0.3483864;C14-30H;LOCAL
CARTULINA;100300704;Cartulina FBB Zenith LOCAL -- C-16 270 gramos 25 x 36;2/12/2025;INGRESOS;1000;1000;hoja(s);0.1567053;C16-25;LOCAL
CARTULINA;100301001;Cartulina FBB Zenith LOCAL -- C-18 295 gramos 25 x 38;2/12/2025;INGRESOS;1000;1000;hoja(s);0.180768625;C18-25;LOCAL
CARTULINA;100301343;Cartulina FBB Zenith LOCAL -- C-22 360 gramos 25 x 38;3/12/2025;INGRESOS;1200;1200;hoja(s);0.2647188;C22-25;LOCAL
CARTULINA;100301924;Rollo Cartulina Nine Dragons C - 18.3 290 g ancho 25;11/12/2025;INGRESOS;308360;308360;METROS;56.784494;C18-25-COSC;IMPORTACION
CARTULINA;100301924;Rollo Cartulina Nine Dragons C - 18.3 290 g ancho 25;15/12/2025;INGRESOS;0;0;METROS;0;C18-25-COSC;IMPORTACION
CARTULINA;100304565;Rollo Cartulina DEINGRESOSCA FSC --  C - 13.5 225 g ancho 23.125;4/12/2025;INGRESOS;0;0;METROS;0;OLMECA;IMPORTACION
CARTULINA;100304640;Rollo Cartulina OBAFREE --  C-15 230 g ancho 25.5;4/12/2025;INGRESOS;0;0;METROS;0;FOSFORERA;IMPORTACION
CARTULINA 29-89;100305967;Rollo Cartulina Nine Dragons C - 18.3 290 g ancho 29;11/12/2025;INGRESOS;38250;38250;METROS;8.1707355;C18-29-COSC;IMPORTACION
CARTULINA 29-89;100305967;Rollo Cartulina Nine Dragons C - 18.3 290 g ancho 29;15/12/2025;INGRESOS;0;0;METROS;0;C18-29-COSC;IMPORTACION
CARTULINA;100305974;Rollo Cartulina ASIA SYMBOL C-12 215 g ancho 25.75;4/12/2025;INGRESOS;0;0;METROS;0;C12-25.75;IMPORTACION
CARTULINA;100305982;Cartulina FBB DUPLEX MIRABELL -- C-16 300 gramos  20 x 32.5;30/12/2025;INGRESOS;129907;129907;PLIEGOS;16.34310602;COLGATE-100;IMPORTACION
CARTULINA;100305983;Cartulina FBB DUPLEX MIRABELL -- C-16 300 gramos  25.5 x 36.5;30/12/2025;INGRESOS;123925;123925;PLIEGOS;22.32444446;COLGATE-50;IMPORTACION
CARTULINA;100305984;Cartulina FBB DUPLEX MIRABELL -- C-16 300 gramos  25 x 34;30/12/2025;INGRESOS;173005;173005;PLIEGOS;28.46205598;COLGATE-22;IMPORTACION
CARTULINA;100305996;Cartulina SPARK -- C-16 250 gramos 25 X 38;20/12/2025;INGRESOS;9500;9500;hoja(s);1.45564225;Spark;LOCAL
CARTULINA;100305997;Cartulina SPARK -- C-16 250 gramos 25 X 36;20/12/2025;INGRESOS;25700;25700;hoja(s);3.7306377;Spark;LOCAL
CARTULINA;100306002;Cartulina FBB DRAGONS YA ESTÁ -- C-16.3 255 gramos  39.5 x 25;29/12/2025;INGRESOS;143000;143000;PLIEGOS;23.23168741;YA ESTA;IMPORTACION
CARTULINA;100306136;Cartulina Husky -- C-16 350 gramos 30 X 40;22/12/2025;INGRESOS;8000;8000;hoja(s);2.17456512;C16-30H;LOCAL
PAPEL;100600005;Papel Bond 75 gramos -- 22 x 34;15/12/2025;INGRESOS;10000;10000;PLIEGOS;0.3611655;Bond;LOCAL
PAPEL;100600005;Papel Bond 75 gramos -- 22 x 34;17/12/2025;INGRESOS;2500;2500;PLIEGOS;0.090291375;Bond;LOCAL
PAPEL;100600011;Papel Bond 90 gramos -- 22 x 34;15/12/2025;INGRESOS;2500;2500;PLIEGOS;0.10834965;Bond;LOCAL
PAPEL;100600013;Papel Bond 90 gramos -- 26 x 34;22/12/2025;INGRESOS;5000;5000;PLIEGOS;0.256311;Bond;LOCAL
PAPEL;100600015;Papel Bond 120 gramos -- 22 x 34;16/12/2025;INGRESOS;3500;3500;PLIEGOS;0.20225268;Bond;LOCAL
PAPEL;100600017;Papel Bond 120 gramos -- 26 x 34;2/12/2025;INGRESOS;3500;3500;PLIEGOS;0.2392236;Bond;LOCAL
PAPEL;100600017;Papel Bond 120 gramos -- 26 x 34;5/12/2025;INGRESOS;1000;1000;PLIEGOS;0.0683496;Bond;LOCAL
PAPEL;100600017;Papel Bond 120 gramos -- 26 x 34;29/12/2025;INGRESOS;2500;2500;PLIEGOS;0.170874;Bond;LOCAL
PAPEL;100600018;Papel Bond 60 gramos -- 21 x 30;12/12/2025;INGRESOS;101000;101000;PLIEGOS;2.46124476;Bond;LOCAL
PAPEL;100600020;Papel Couche Brillante B-60 -- 90 gramos  25 x 36;5/12/2025;INGRESOS;35750;35750;PLIEGOS;1.867404825;Couche;LOCAL
PAPEL;100600020;Papel Couche Brillante B-60 -- 90 gramos  25 x 36;20/12/2025;INGRESOS;36500;36500;PLIEGOS;1.90658115;Couche;LOCAL
PAPEL;100600021;Papel Couche Brillante - 1 Cara - B-60 -- 90 gramos  25 x 36;2/12/2025;INGRESOS;4250;4250;PLIEGOS;0.221999175;Couche;LOCAL
PAPEL;100600021;Papel Couche Brillante - 1 Cara - B-60 -- 90 gramos  25 x 36;12/12/2025;INGRESOS;1500;1500;PLIEGOS;0.07835265;Couche;LOCAL
PAPEL;100600023;Papel Couche Brillante - 1 Cara - B-60 -- 90 gramos  25 x 38;2/12/2025;INGRESOS;3750;3750;PLIEGOS;0.206811563;Couche;LOCAL
PAPEL;100600023;Papel Couche Brillante - 1 Cara - B-60 -- 90 gramos  25 x 38;11/12/2025;INGRESOS;1000;1000;PLIEGOS;0.05514975;Couche;LOCAL
PAPEL;100600023;Papel Couche Brillante - 1 Cara - B-60 -- 90 gramos  25 x 38;15/12/2025;INGRESOS;2000;2000;PLIEGOS;0.1102995;Couche;LOCAL
PAPEL;100600023;Papel Couche Brillante - 1 Cara - B-60 -- 90 gramos  25 x 38;23/12/2025;INGRESOS;19250;19250;PLIEGOS;1.061632688;Couche;LOCAL
PAPEL;100600026;Papel Couche Brillante B-70 -- 105 gramos  25 x 36;5/12/2025;INGRESOS;5000;5000;PLIEGOS;0.30470475;Couche;LOCAL
PAPEL;100600026;Papel Couche Brillante B-70 -- 105 gramos  25 x 36;18/12/2025;INGRESOS;66250;66250;PLIEGOS;4.037337938;Couche;LOCAL
PAPEL;100600026;Papel Couche Brillante B-70 -- 105 gramos  25 x 36;20/12/2025;INGRESOS;5000;5000;PLIEGOS;0.30470475;Couche;LOCAL
PAPEL;100600026;Papel Couche Brillante B-70 -- 105 gramos  25 x 36;20/12/2025;INGRESOS;71000;71000;PLIEGOS;4.32680745;Couche;LOCAL
PAPEL;100600029;Papel Couche Brillante B-80 -- 115 gramos  25 x 36;5/12/2025;INGRESOS;1500;1500;PLIEGOS;0.100117275;Couche;LOCAL
PAPEL;100600029;Papel Couche Brillante B-80 -- 115 gramos  25 x 36;5/12/2025;INGRESOS;1000;1000;PLIEGOS;0.06674485;Couche;LOCAL
PAPEL;100600029;Papel Couche Brillante B-80 -- 115 gramos  25 x 36;20/12/2025;INGRESOS;1750;1750;PLIEGOS;0.116803488;Couche;LOCAL
PAPEL;100600029;Papel Couche Brillante B-80 -- 115 gramos  25 x 36;23/12/2025;INGRESOS;1500;1500;PLIEGOS;0.100117275;Couche;LOCAL
PAPEL;100600030;Papel Couche Brillante B-80 -- 115 gramos  30 x40;2/12/2025;INGRESOS;4500;4500;PLIEGOS;0.317111063;Couche;LOCAL
PAPEL;100600030;Papel Couche Brillante B-80 -- 115 gramos  30 x40;11/12/2025;INGRESOS;1000;1000;PLIEGOS;0.070469125;Couche;LOCAL
PAPEL;100600031;Papel Couche Brillante B-80 -- 115 gramos  30 x 40;2/12/2025;INGRESOS;3500;3500;PLIEGOS;0.31161228;Couche;LOCAL
PAPEL;100600032;Papel Couche Brillante B-100 -- 140 gramos  25 x 36;2/12/2025;INGRESOS;1750;1750;PLIEGOS;0.14219555;Couche;LOCAL
PAPEL;100600032;Papel Couche Brillante B-100 -- 140 gramos  25 x 36;2/12/2025;INGRESOS;500;500;PLIEGOS;0.0406273;Couche;LOCAL
PAPEL;100600032;Papel Couche Brillante B-100 -- 140 gramos  25 x 36;5/12/2025;INGRESOS;1750;1750;PLIEGOS;0.14219555;Couche;LOCAL
PAPEL;100600032;Papel Couche Brillante B-100 -- 140 gramos  25 x 36;12/12/2025;INGRESOS;500;500;PLIEGOS;0.0406273;Couche;LOCAL
PAPEL;100600032;Papel Couche Brillante B-100 -- 140 gramos  25 x 36;16/12/2025;INGRESOS;500;500;PLIEGOS;0.0406273;Couche;LOCAL
PAPEL;100600032;Papel Couche Brillante B-100 -- 140 gramos  25 x 36;18/12/2025;INGRESOS;9250;9250;PLIEGOS;0.75160505;Couche;LOCAL
PAPEL;100600032;Papel Couche Brillante B-100 -- 140 gramos  25 x 36;23/12/2025;INGRESOS;6000;6000;PLIEGOS;0.4875276;Couche;LOCAL
PAPEL;100600032;Papel Couche Brillante B-100 -- 140 gramos  25 x 36;29/12/2025;INGRESOS;750;750;PLIEGOS;0.06094095;Couche;LOCAL
PAPEL;100600034;Papel Couche Brillante B-100 -- 140 gramos  30 x 40;18/12/2025;INGRESOS;2750;2750;PLIEGOS;0.29806392;Couche;LOCAL
PAPEL;100600043;Papel Bond 75 gramos -- 26 x 38;2/12/2025;INGRESOS;1500;1500;PLIEGOS;0.071709534;Bond;LOCAL
PAPEL;100600043;Papel Bond 75 gramos -- 26 x 38;5/12/2025;INGRESOS;16000;16000;PLIEGOS;0.764901696;Bond;LOCAL
PAPEL;100600043;Papel Bond 75 gramos -- 26 x 38;5/12/2025;INGRESOS;500;500;PLIEGOS;0.023903178;Bond;LOCAL
PAPEL;100600043;Papel Bond 75 gramos -- 26 x 38;12/12/2025;INGRESOS;1500;1500;PLIEGOS;0.071709534;Bond;LOCAL
PAPEL;100600043;Papel Bond 75 gramos -- 26 x 38;15/12/2025;INGRESOS;3000;3000;PLIEGOS;0.143419068;Bond;LOCAL
PAPEL;100600043;Papel Bond 75 gramos -- 26 x 38;16/12/2025;INGRESOS;2000;2000;PLIEGOS;0.095612712;Bond;LOCAL
PAPEL;100600043;Papel Bond 75 gramos -- 26 x 38;20/12/2025;INGRESOS;2000;2000;PLIEGOS;0.095612712;Bond;LOCAL
PAPEL;100600043;Papel Bond 75 gramos -- 26 x 38;20/12/2025;INGRESOS;5500;5500;PLIEGOS;0.262934958;Bond;LOCAL
PAPEL;100600045;Papel Couche Brillante B-80 -- 115 gramos  30 x 40;16/12/2025;INGRESOS;1750;1750;PLIEGOS;0.15580614;Couche;LOCAL
PAPEL;100600093;Cartulina Husky C-8 -- 200 gramos 25 x 38;12/12/2025;INGRESOS;1200;1200;PLIEGOS;0.147066;C8-25H;LOCAL
PAPEL;100600096;Papel Bond 80 gramos -- 26 x 38;2/12/2025;INGRESOS;42000;42000;PLIEGOS;2.139984;Bond;LOCAL
PAPEL;100600101;Papel Bond 60 gramos -- 22 x 34;17/12/2025;INGRESOS;76500;76500;PLIEGOS;2.21033286;Bond;LOCAL
PAPEL;100600102;Rollo Cartulina BRIGHT --  C - 16 245 g ancho 25;30/12/2025;INGRESOS;46218;46218;METROS;7.19036535;BAYER-25;IMPORTACION
PAPEL;100600106;Papel Bond 60 gramos -- 26 x 34;23/12/2025;INGRESOS;76500;76500;PLIEGOS;2.6143722;Bond;LOCAL
PAPEL;100600135;Rollo Cartulina BRIGHT     C - 16 245 g ancho 23;30/12/2025;INGRESOS;75872;75872;METROS;10.85576576;BAYER-23;IMPORTACION
CARTULINA;100300001;Cartulina Husky -- C-8 200 gramos 25 x 36;10/12/2025;CONSUMOS;-900;900;hoja(s);0.1044702;C8-25H;LOCAL
CARTULINA;100300001;Cartulina Husky -- C-8 200 gramos 25 x 36;23/12/2025;CONSUMOS;-900;900;hoja(s);0.1044702;C8-25H;LOCAL
CARTULINA;100300002;Cartulina Husky -- C-8 190 gramos 25 x 38;3/12/2025;CONSUMOS;-800;800;hoja(s);0.0931418;C8-25H;LOCAL
CARTULINA;100300002;Cartulina Husky -- C-8 190 gramos 25 x 38;3/12/2025;CONSUMOS;-230;230;hoja(s);0.026778268;C8-25H;LOCAL
CARTULINA;100300002;Cartulina Husky -- C-8 190 gramos 25 x 38;3/12/2025;CONSUMOS;-1800;1800;hoja(s);0.20956905;C8-25H;LOCAL
CARTULINA;100300002;Cartulina Husky -- C-8 190 gramos 25 x 38;29/12/2025;CONSUMOS;-600;600;hoja(s);0.06985635;C8-25H;LOCAL
CARTULINA;100300005;Cartulina Husky -- C-10 230 gramos 25 x 38;10/12/2025;CONSUMOS;-410;410;hoja(s);0.057784683;C10-25H;LOCAL
CARTULINA;100300008;Cartulina Husky -- C-12 270 gramos 25 x 36;1/12/2025;CONSUMOS;-252;252;hoja(s);0.039489736;C12-25H;LOCAL
CARTULINA;100300008;Cartulina Husky -- C-12 270 gramos 25 x 36;17/12/2025;CONSUMOS;-248;248;hoja(s);0.038862914;C12-25H;LOCAL
CARTULINA;100300009;Cartulina Husky -- C-12 270 gramos 25 x 38;10/12/2025;CONSUMOS;-145;145;hoja(s);0.023990141;C12-25H;LOCAL
CARTULINA;100300009;Cartulina Husky -- C-12 270 gramos 25 x 38;10/12/2025;CONSUMOS;-100;100;hoja(s);0.016544925;C12-25H;LOCAL
CARTULINA;100300009;Cartulina Husky -- C-12 270 gramos 25 x 38;10/12/2025;CONSUMOS;-300;300;hoja(s);0.049634775;C12-25H;LOCAL
CARTULINA;100300009;Cartulina Husky -- C-12 270 gramos 25 x 38;17/12/2025;CONSUMOS;-80;80;hoja(s);0.01323594;C12-25H;LOCAL
CARTULINA;100300011;Cartulina Husky -- C-14 300 gramos 25 x 38;23/12/2025;CONSUMOS;-200;200;hoja(s);0.0367665;C14-25H;LOCAL
CARTULINA;100300012;Cartulina Husky -- C-14 300 gramos 30 x 40;17/12/2025;CONSUMOS;-3100;3100;hoja(s);0.71999856;C14-30H;LOCAL
CARTULINA;100300012;Cartulina Husky -- C-14 300 gramos 30 x 40;17/12/2025;CONSUMOS;-1100;1100;hoja(s);0.25548336;C14-30H;LOCAL
CARTULINA;100300012;Cartulina Husky -- C-14 300 gramos 30 x 40;17/12/2025;CONSUMOS;-1900;1900;hoja(s);0.44128944;C14-30H;LOCAL
CARTULINA;100300013;Cartulina Husky -- C-16 350 gramos 25 x 38;10/12/2025;CONSUMOS;-1700;1700;hoja(s);0.364601125;C16-25H;LOCAL
CARTULINA;100300013;Cartulina Husky -- C-16 350 gramos 25 x 38;10/12/2025;CONSUMOS;-600;600;hoja(s);0.12868275;C16-25H;LOCAL
CARTULINA;100300013;Cartulina Husky -- C-16 350 gramos 25 x 38;10/12/2025;CONSUMOS;-1400;1400;hoja(s);0.30025975;C16-25H;LOCAL
CARTULINA;100300013;Cartulina Husky -- C-16 350 gramos 25 x 38;10/12/2025;CONSUMOS;-145;145;hoja(s);0.031098331;C16-25H;LOCAL
CARTULINA;100300013;Cartulina Husky -- C-16 350 gramos 25 x 38;17/12/2025;CONSUMOS;-155;155;hoja(s);0.033243044;C16-25H;LOCAL
CARTULINA;100300013;Cartulina Husky -- C-16 350 gramos 25 x 38;23/12/2025;CONSUMOS;-62;62;hoja(s);0.013297218;C16-25H;LOCAL
CARTULINA;100300013;Cartulina Husky -- C-16 350 gramos 25 x 38;29/12/2025;CONSUMOS;-118;118;hoja(s);0.025307608;C16-25H;LOCAL
CARTULINA;100300158;Cartulina FBB Zenith LOCAL -- C-12 215 gramos 25 x 36;17/12/2025;CONSUMOS;-100;100;hoja(s);0.012478385;C12-25;LOCAL
CARTULINA;100300298;Cartulina FBB Zenith LOCAL -- C-14 235 gramos 25 x 38;3/12/2025;CONSUMOS;-1400;1400;hoja(s);0.201602975;C14-25;LOCAL
CARTULINA;100300298;Cartulina FBB Zenith LOCAL -- C-14 235 gramos 25 x 38;10/12/2025;CONSUMOS;-100;100;hoja(s);0.014400213;C14-25;LOCAL
CARTULINA;100300298;Cartulina FBB Zenith LOCAL -- C-14 235 gramos 25 x 38;10/12/2025;CONSUMOS;-2600;2600;hoja(s);0.374405525;C14-25;LOCAL
CARTULINA;100300298;Cartulina FBB Zenith LOCAL -- C-14 235 gramos 25 x 38;23/12/2025;CONSUMOS;-4900;4900;hoja(s);0.705610413;C14-25;LOCAL
CARTULINA;100300298;Cartulina FBB Zenith LOCAL -- C-14 235 gramos 25 x 38;26/12/2025;CONSUMOS;-3900;3900;hoja(s);0.561608288;C14-25;LOCAL
CARTULINA;100300298;Cartulina FBB Zenith LOCAL -- C-14 235 gramos 25 x 38;29/12/2025;CONSUMOS;-31000;31000;hoja(s);4.464065875;C14-25;LOCAL
CARTULINA;100300704;Cartulina FBB Zenith LOCAL -- C-16 270 gramos 25 x 36;3/12/2025;CONSUMOS;-3300;3300;hoja(s);0.51712749;C16-25;LOCAL
CARTULINA;100301001;Cartulina FBB Zenith LOCAL -- C-18 295 gramos 25 x 38;3/12/2025;CONSUMOS;-800;800;hoja(s);0.1446149;C18-25;LOCAL
CARTULINA;100301356;Rollo Cartulina ASIA SYMBOL C-16 270 g ancho 25;2/12/2025;CONSUMOS;-720;720;METROS;0.123444;C16-25;IMPORTACION
CARTULINA;100301356;Rollo Cartulina ASIA SYMBOL C-16 270 g ancho 25;2/12/2025;CONSUMOS;-519;519;METROS;0.08898255;C16-25;IMPORTACION
CARTULINA;100301356;Rollo Cartulina ASIA SYMBOL C-16 270 g ancho 25;17/12/2025;CONSUMOS;-10446;10446;METROS;1.7909667;C16-25;IMPORTACION
CARTULINA;100301356;Rollo Cartulina ASIA SYMBOL C-16 270 g ancho 25;17/12/2025;CONSUMOS;-955;955;METROS;0.16373475;C16-25;IMPORTACION
CARTULINA;100301356;Rollo Cartulina ASIA SYMBOL C-16 270 g ancho 25;17/12/2025;CONSUMOS;-1520;1520;METROS;0.260604;C16-25;IMPORTACION
CARTULINA;100301356;Rollo Cartulina ASIA SYMBOL C-16 270 g ancho 25;17/12/2025;CONSUMOS;-1558;1558;METROS;0.2671191;C16-25;IMPORTACION
CARTULINA;100301356;Rollo Cartulina ASIA SYMBOL C-16 270 g ancho 25;29/12/2025;CONSUMOS;-2982;2982;METROS;0.5112639;C16-25;IMPORTACION
CARTULINA;100301356;Rollo Cartulina ASIA SYMBOL C-16 270 g ancho 25;29/12/2025;CONSUMOS;-1642;1642;METROS;0.2815209;C16-25;IMPORTACION
CARTULINA;100301356;Rollo Cartulina ASIA SYMBOL C-16 270 g ancho 25;29/12/2025;CONSUMOS;-1789;1789;METROS;0.30672405;C16-25;IMPORTACION
CARTULINA;100301356;Rollo Cartulina ASIA SYMBOL C-16 270 g ancho 25;29/12/2025;CONSUMOS;-2108;2108;METROS;0.3614166;C16-25;IMPORTACION
CARTULINA;100301356;Rollo Cartulina ASIA SYMBOL C-16 270 g ancho 25;29/12/2025;CONSUMOS;-1228;1228;METROS;0.2105406;C16-25;IMPORTACION
CARTULINA;100301356;Rollo Cartulina ASIA SYMBOL C-16 270 g ancho 25;29/12/2025;CONSUMOS;-2496;2496;METROS;0.4279392;C16-25;IMPORTACION
CARTULINA;100301356;Rollo Cartulina ASIA SYMBOL C-16 270 g ancho 25;29/12/2025;CONSUMOS;-660;660;METROS;0.113157;C16-25;IMPORTACION
CARTULINA;100301356;Rollo Cartulina ASIA SYMBOL C-16 270 g ancho 25;29/12/2025;CONSUMOS;-7363;7363;METROS;1.26238635;C16-25;IMPORTACION
CARTULINA;100301356;Rollo Cartulina ASIA SYMBOL C-16 270 g ancho 25;29/12/2025;CONSUMOS;-1322;1322;METROS;0.2266569;C16-25;IMPORTACION
CARTULINA;100301356;Rollo Cartulina ASIA SYMBOL C-16 270 g ancho 25;29/12/2025;CONSUMOS;-899;899;METROS;0.15413355;C16-25;IMPORTACION
CARTULINA;100301356;Rollo Cartulina ASIA SYMBOL C-16 270 g ancho 25;29/12/2025;CONSUMOS;-3294;3294;METROS;0.5647563;C16-25;IMPORTACION
CARTULINA;100301356;Rollo Cartulina ASIA SYMBOL C-16 270 g ancho 25;29/12/2025;CONSUMOS;-3531;3531;METROS;0.60538995;C16-25;IMPORTACION
CARTULINA;100301356;Rollo Cartulina ASIA SYMBOL C-16 270 g ancho 25;29/12/2025;CONSUMOS;-3995;3995;METROS;0.68494275;C16-25;IMPORTACION
CARTULINA;100301356;Rollo Cartulina ASIA SYMBOL C-16 270 g ancho 25;29/12/2025;CONSUMOS;-1678;1678;METROS;0.2876931;C16-25;IMPORTACION
CARTULINA;100301356;Rollo Cartulina ASIA SYMBOL C-16 270 g ancho 25;29/12/2025;CONSUMOS;-3750;3750;METROS;0.6429375;C16-25;IMPORTACION
CARTULINA;100301357;Rollo Cartulina ASIA SYMBOL C-18 295 g ancho 25;17/12/2025;CONSUMOS;-13996;13996;METROS;2.6218007;C18-25;IMPORTACION
CARTULINA;100301357;Rollo Cartulina ASIA SYMBOL C-18 295 g ancho 25;17/12/2025;CONSUMOS;-735;735;METROS;0.137683875;C18-25;IMPORTACION
CARTULINA;100301357;Rollo Cartulina ASIA SYMBOL C-18 295 g ancho 25;17/12/2025;CONSUMOS;-1101;1101;METROS;0.206244825;C18-25;IMPORTACION
CARTULINA;100301357;Rollo Cartulina ASIA SYMBOL C-18 295 g ancho 25;17/12/2025;CONSUMOS;-1731;1731;METROS;0.324259575;C18-25;IMPORTACION
CARTULINA;100301357;Rollo Cartulina ASIA SYMBOL C-18 295 g ancho 25;17/12/2025;CONSUMOS;-1322;1322;METROS;0.24764365;C18-25;IMPORTACION
CARTULINA;100301357;Rollo Cartulina ASIA SYMBOL C-18 295 g ancho 25;26/12/2025;CONSUMOS;-16064;16064;METROS;3.0091888;C18-25;IMPORTACION
CARTULINA;100301357;Rollo Cartulina ASIA SYMBOL C-18 295 g ancho 25;29/12/2025;CONSUMOS;-6831;6831;METROS;1.279617075;C18-25;IMPORTACION
CARTULINA;100301357;Rollo Cartulina ASIA SYMBOL C-18 295 g ancho 25;29/12/2025;CONSUMOS;-17394;17394;METROS;3.25833105;C18-25;IMPORTACION
CARTULINA;100301357;Rollo Cartulina ASIA SYMBOL C-18 295 g ancho 25;29/12/2025;CONSUMOS;-5227;5227;METROS;0.979147775;C18-25;IMPORTACION
CARTULINA;100301824;Rollo Cartulina ASIA SYMBOL C-14 235 g ancho 25;2/12/2025;CONSUMOS;-2648;2648;METROS;0.3951478;C14-25;IMPORTACION
CARTULINA;100301824;Rollo Cartulina ASIA SYMBOL C-14 235 g ancho 25;2/12/2025;CONSUMOS;-1141;1141;METROS;0.170265725;C14-25;IMPORTACION
CARTULINA;100301824;Rollo Cartulina ASIA SYMBOL C-14 235 g ancho 25;5/12/2025;CONSUMOS;-9249;9249;METROS;1.380182025;C14-25;IMPORTACION
CARTULINA;100301824;Rollo Cartulina ASIA SYMBOL C-14 235 g ancho 25;5/12/2025;CONSUMOS;-2877;2877;METROS;0.429320325;C14-25;IMPORTACION
CARTULINA;100301824;Rollo Cartulina ASIA SYMBOL C-14 235 g ancho 25;11/12/2025;CONSUMOS;-107;107;METROS;0.015967075;C14-25;IMPORTACION
CARTULINA;100301824;Rollo Cartulina ASIA SYMBOL C-14 235 g ancho 25;11/12/2025;CONSUMOS;-7036;7036;METROS;1.0499471;C14-25;IMPORTACION
CARTULINA;100301824;Rollo Cartulina ASIA SYMBOL C-14 235 g ancho 25;11/12/2025;CONSUMOS;-4768;4768;METROS;0.7115048;C14-25;IMPORTACION
CARTULINA;100301824;Rollo Cartulina ASIA SYMBOL C-14 235 g ancho 25;11/12/2025;CONSUMOS;-5737;5737;METROS;0.856103825;C14-25;IMPORTACION
CARTULINA;100301824;Rollo Cartulina ASIA SYMBOL C-14 235 g ancho 25;11/12/2025;CONSUMOS;-3796;3796;METROS;0.5664581;C14-25;IMPORTACION
CARTULINA;100301824;Rollo Cartulina ASIA SYMBOL C-14 235 g ancho 25;15/12/2025;CONSUMOS;-978;978;METROS;0.14594205;C14-25;IMPORTACION
CARTULINA;100301824;Rollo Cartulina ASIA SYMBOL C-14 235 g ancho 25;26/12/2025;CONSUMOS;-3444;3444;METROS;0.5139309;C14-25;IMPORTACION
CARTULINA;100301848;Rollo Cartulina ASIA SYMBOL C-20 325 g ancho 25;11/12/2025;CONSUMOS;-12651;12651;METROS;2.610850125;C20-25;IMPORTACION
CARTULINA;100301848;Rollo Cartulina ASIA SYMBOL C-20 325 g ancho 25;15/12/2025;CONSUMOS;-1605;1605;METROS;0.331231875;C20-25;IMPORTACION
CARTULINA;100301848;Rollo Cartulina ASIA SYMBOL C-20 325 g ancho 25;26/12/2025;CONSUMOS;-7123;7123;METROS;1.470009125;C20-25;IMPORTACION
CARTULINA;100301848;Rollo Cartulina ASIA SYMBOL C-20 325 g ancho 25;26/12/2025;CONSUMOS;-3400;3400;METROS;0.701675;C20-25;IMPORTACION
CARTULINA;100301848;Rollo Cartulina ASIA SYMBOL C-20 325 g ancho 25;26/12/2025;CONSUMOS;-4177;4177;METROS;0.862028375;C20-25;IMPORTACION
CARTULINA;100301848;Rollo Cartulina ASIA SYMBOL C-20 325 g ancho 25;26/12/2025;CONSUMOS;-10192;10192;METROS;2.103374;C20-25;IMPORTACION
CARTULINA;100301851;Rollo Cartulina ALASKA BRIGHT --  C - 16 270 g ancho 28.5;11/12/2025;CONSUMOS;-2338;2338;METROS;0.45703224;C16-29;IMPORTACION
CARTULINA;100301856;Rollo Cartulina OBAFREE --  C - 18 265 g ancho 23;11/12/2025;CONSUMOS;-17150;17150;METROS;2.654134;FOSFORERA;IMPORTACION
CARTULINA;100301882;Rollo Cartulina ASIA SYMBOL C-14 235 g ancho 25 (2989F);11/12/2025;CONSUMOS;-13772;13772;METROS;2.0551267;C14-25;IMPORTACION
CARTULINA;100301882;Rollo Cartulina ASIA SYMBOL C-14 235 g ancho 25 (2989F);11/12/2025;CONSUMOS;-4663;4663;METROS;0.695836175;C14-25;IMPORTACION
CARTULINA;100301882;Rollo Cartulina ASIA SYMBOL C-14 235 g ancho 25 (2989F);11/12/2025;CONSUMOS;-39128;39128;METROS;5.8388758;C14-25;IMPORTACION
CARTULINA;100301882;Rollo Cartulina ASIA SYMBOL C-14 235 g ancho 25 (2989F);11/12/2025;CONSUMOS;-952;952;METROS;0.1420622;C14-25;IMPORTACION
CARTULINA;100301886;Rollo Cartulina ASIA SYMBOL C-18 295 g ancho 25 (2989F);2/12/2025;CONSUMOS;-3545;3545;METROS;0.664067125;C18-25;IMPORTACION
CARTULINA;100301886;Rollo Cartulina ASIA SYMBOL C-18 295 g ancho 25 (2989F);2/12/2025;CONSUMOS;-2791;2791;METROS;0.522824075;C18-25;IMPORTACION
CARTULINA;100301886;Rollo Cartulina ASIA SYMBOL C-18 295 g ancho 25 (2989F);2/12/2025;CONSUMOS;-4489;4489;METROS;0.840901925;C18-25;IMPORTACION
CARTULINA;100301886;Rollo Cartulina ASIA SYMBOL C-18 295 g ancho 25 (2989F);2/12/2025;CONSUMOS;-1051;1051;METROS;0.196878575;C18-25;IMPORTACION
CARTULINA;100301886;Rollo Cartulina ASIA SYMBOL C-18 295 g ancho 25 (2989F);4/12/2025;CONSUMOS;-1109;1109;METROS;0.207743425;C18-25;IMPORTACION
CARTULINA;100301886;Rollo Cartulina ASIA SYMBOL C-18 295 g ancho 25 (2989F);4/12/2025;CONSUMOS;-202;202;METROS;0.03783965;C18-25;IMPORTACION
CARTULINA;100301886;Rollo Cartulina ASIA SYMBOL C-18 295 g ancho 25 (2989F);4/12/2025;CONSUMOS;-2456;2456;METROS;0.4600702;C18-25;IMPORTACION
CARTULINA;100301892;Rollo Cartulina ASIA SYMBOL C-12 215 g ancho 25;10/12/2025;CONSUMOS;-2775;2775;METROS;0.378856875;C12-25;IMPORTACION
CARTULINA;100301892;Rollo Cartulina ASIA SYMBOL C-12 215 g ancho 25;10/12/2025;CONSUMOS;-7040;7040;METROS;0.961136;C12-25;IMPORTACION
CARTULINA;100301892;Rollo Cartulina ASIA SYMBOL C-12 215 g ancho 25;11/12/2025;CONSUMOS;-693;693;METROS;0.094611825;C12-25;IMPORTACION
CARTULINA;100301892;Rollo Cartulina ASIA SYMBOL C-12 215 g ancho 25;26/12/2025;CONSUMOS;-52873;52873;METROS;7.218486325;C12-25;IMPORTACION
CARTULINA;100301905;Rollo Cartulina ASIA SYMBOL C-12 215 g ancho 25 (29-89);2/12/2025;CONSUMOS;-3289;3289;METROS;0.449030725;C12-25;IMPORTACION
CARTULINA;100301906;Rollo Cartulina ASIA SYMBOL C-12 215 g ancho 27 (29-89);26/12/2025;CONSUMOS;-23414;23414;METROS;3.44829685;C12-27;IMPORTACION
CARTULINA;100301907;Rollo Cartulina ASIA SYMBOL C-12 215 g ancho 29 (29-89);26/12/2025;CONSUMOS;-90098;90098;METROS;14.25710752;C12-29;IMPORTACION
CARTULINA;100301908;Rollo Cartulina Nine Dragons C - 13.6 215 g ancho 25 (29-89);4/12/2025;CONSUMOS;-926;926;METROS;0.12642215;C13.6-25;IMPORTACION
CARTULINA;100301908;Rollo Cartulina Nine Dragons C - 13.6 215 g ancho 25 (29-89);4/12/2025;CONSUMOS;-3390;3390;METROS;0.46281975;C13.6-25;IMPORTACION
CARTULINA;100301908;Rollo Cartulina Nine Dragons C - 13.6 215 g ancho 25 (29-89);4/12/2025;CONSUMOS;-410;410;METROS;0.05597525;C13.6-25;IMPORTACION
CARTULINA;100301908;Rollo Cartulina Nine Dragons C - 13.6 215 g ancho 25 (29-89);11/12/2025;CONSUMOS;-1370;1370;METROS;0.18703925;C13.6-25;IMPORTACION
CARTULINA;100301908;Rollo Cartulina Nine Dragons C - 13.6 215 g ancho 25 (29-89);15/12/2025;CONSUMOS;-2280;2280;METROS;0.311277;C13.6-25;IMPORTACION
CARTULINA;100301908;Rollo Cartulina Nine Dragons C - 13.6 215 g ancho 25 (29-89);15/12/2025;CONSUMOS;-1485;1485;METROS;0.202739625;C13.6-25;IMPORTACION
CARTULINA;100301910;Rollo Cartulina OBAFREE --  C - 15 230 g ancho 25.5 (2989F);10/12/2025;CONSUMOS;-26381;26381;METROS;3.92575661;FOSFORERA;IMPORTACION
CARTULINA;100301910;Rollo Cartulina OBAFREE --  C - 15 230 g ancho 25.5 (2989F);10/12/2025;CONSUMOS;-41956;41956;METROS;6.24347236;FOSFORERA;IMPORTACION
CARTULINA;100301912;Rollo Cartulina ASIA SYMBOL C-16 270 g ancho 25 (2989F);2/12/2025;CONSUMOS;-1083;1083;METROS;0.18568035;C16-25;IMPORTACION
CARTULINA;100301912;Rollo Cartulina ASIA SYMBOL C-16 270 g ancho 25 (2989F);2/12/2025;CONSUMOS;-50;50;METROS;0.0085725;C16-25;IMPORTACION
CARTULINA;100301912;Rollo Cartulina ASIA SYMBOL C-16 270 g ancho 25 (2989F);5/12/2025;CONSUMOS;-1583;1583;METROS;0.27140535;C16-25;IMPORTACION
CARTULINA;100301912;Rollo Cartulina ASIA SYMBOL C-16 270 g ancho 25 (2989F);5/12/2025;CONSUMOS;-1230;1230;METROS;0.2108835;C16-25;IMPORTACION
CARTULINA;100301912;Rollo Cartulina ASIA SYMBOL C-16 270 g ancho 25 (2989F);5/12/2025;CONSUMOS;-1162;1162;METROS;0.1992249;C16-25;IMPORTACION
CARTULINA;100301912;Rollo Cartulina ASIA SYMBOL C-16 270 g ancho 25 (2989F);5/12/2025;CONSUMOS;-20148;20148;METROS;3.4543746;C16-25;IMPORTACION
CARTULINA;100301912;Rollo Cartulina ASIA SYMBOL C-16 270 g ancho 25 (2989F);5/12/2025;CONSUMOS;-3307;3307;METROS;0.56698515;C16-25;IMPORTACION
CARTULINA;100301912;Rollo Cartulina ASIA SYMBOL C-16 270 g ancho 25 (2989F);11/12/2025;CONSUMOS;-484;484;METROS;0.0829818;C16-25;IMPORTACION
CARTULINA;100301912;Rollo Cartulina ASIA SYMBOL C-16 270 g ancho 25 (2989F);11/12/2025;CONSUMOS;-696;696;METROS;0.1193292;C16-25;IMPORTACION
CARTULINA;100301912;Rollo Cartulina ASIA SYMBOL C-16 270 g ancho 25 (2989F);11/12/2025;CONSUMOS;-1005;1005;METROS;0.17230725;C16-25;IMPORTACION
CARTULINA;100301912;Rollo Cartulina ASIA SYMBOL C-16 270 g ancho 25 (2989F);11/12/2025;CONSUMOS;-9489;9489;METROS;1.62688905;C16-25;IMPORTACION
CARTULINA;100301917;Rollo Cartulina Nine Dragons C - 16.3 255 g ancho 25 (29-89);2/12/2025;CONSUMOS;-291;291;METROS;0.047120175;C16.3-25;IMPORTACION
CARTULINA;100301917;Rollo Cartulina Nine Dragons C - 16.3 255 g ancho 25 (29-89);2/12/2025;CONSUMOS;-675;675;METROS;0.109299375;C16.3-25;IMPORTACION
CARTULINA;100301917;Rollo Cartulina Nine Dragons C - 16.3 255 g ancho 25 (29-89);2/12/2025;CONSUMOS;-1301;1301;METROS;0.210664425;C16.3-25;IMPORTACION
CARTULINA;100301917;Rollo Cartulina Nine Dragons C - 16.3 255 g ancho 25 (29-89);2/12/2025;CONSUMOS;-1543;1543;METROS;0.249850275;C16.3-25;IMPORTACION
CARTULINA;100301917;Rollo Cartulina Nine Dragons C - 16.3 255 g ancho 25 (29-89);5/12/2025;CONSUMOS;-670;670;METROS;0.10848975;C16.3-25;IMPORTACION
CARTULINA;100301917;Rollo Cartulina Nine Dragons C - 16.3 255 g ancho 25 (29-89);10/12/2025;CONSUMOS;-870;870;METROS;0.14087475;C16.3-25;IMPORTACION
CARTULINA;100301917;Rollo Cartulina Nine Dragons C - 16.3 255 g ancho 25 (29-89);10/12/2025;CONSUMOS;-8850;8850;METROS;1.43303625;C16.3-25;IMPORTACION
CARTULINA;100301917;Rollo Cartulina Nine Dragons C - 16.3 255 g ancho 25 (29-89);10/12/2025;CONSUMOS;-18629;18629;METROS;3.016500825;C16.3-25;IMPORTACION
CARTULINA;100301917;Rollo Cartulina Nine Dragons C - 16.3 255 g ancho 25 (29-89);10/12/2025;CONSUMOS;-415;415;METROS;0.067198875;C16.3-25;IMPORTACION
CARTULINA;100301917;Rollo Cartulina Nine Dragons C - 16.3 255 g ancho 25 (29-89);17/12/2025;CONSUMOS;-12697;12697;METROS;2.055961725;C16.3-25;IMPORTACION
CARTULINA;100301917;Rollo Cartulina Nine Dragons C - 16.3 255 g ancho 25 (29-89);17/12/2025;CONSUMOS;-2759;2759;METROS;0.446751075;C16.3-25;IMPORTACION
CARTULINA;100301917;Rollo Cartulina Nine Dragons C - 16.3 255 g ancho 25 (29-89);17/12/2025;CONSUMOS;-360;360;METROS;0.058293;C16.3-25;IMPORTACION
CARTULINA;100301917;Rollo Cartulina Nine Dragons C - 16.3 255 g ancho 25 (29-89);26/12/2025;CONSUMOS;-8159;8159;METROS;1.321146075;C16.3-25;IMPORTACION
CARTULINA;100301917;Rollo Cartulina Nine Dragons C - 16.3 255 g ancho 25 (29-89);26/12/2025;CONSUMOS;-3211;3211;METROS;0.519941175;C16.3-25;IMPORTACION
CARTULINA;100301919;Rollo Cartulina Nine Dragons C - 16.3 255 g ancho 29 (29-89);11/12/2025;CONSUMOS;-960;960;METROS;0.1801728;C16.3-29;IMPORTACION
CARTULINA;100301919;Rollo Cartulina Nine Dragons C - 16.3 255 g ancho 29 (29-89);15/12/2025;CONSUMOS;-7436;7436;METROS;1.39558848;C16.3-29;IMPORTACION
CARTULINA;100301922;Rollo Cartulina ASIA SYMBOL C-18 295 g ancho 29 (2989F);8/12/2025;CONSUMOS;-2069;2069;METROS;0.44922128;C18-29;IMPORTACION
CARTULINA;100301924;Rollo Cartulina Nine Dragons C - 18.3 290 g ancho 25;3/12/2025;CONSUMOS;-81555;81555;METROS;15.01835325;C18-25-COSC;IMPORTACION
CARTULINA;100301924;Rollo Cartulina Nine Dragons C - 18.3 290 g ancho 25;3/12/2025;CONSUMOS;-51879;51879;METROS;9.55351785;C18-25-COSC;IMPORTACION
CARTULINA;100301924;Rollo Cartulina Nine Dragons C - 18.3 290 g ancho 25;29/12/2025;CONSUMOS;-110085;110085;METROS;20.27215275;C18-25-COSC;IMPORTACION
CARTULINA;100301924;Rollo Cartulina Nine Dragons C - 18.3 290 g ancho 25;29/12/2025;CONSUMOS;-108765;108765;METROS;20.02907475;C18-25-COSC;IMPORTACION
CARTULINA;100301924;Rollo Cartulina Nine Dragons C - 18.3 290 g ancho 25;29/12/2025;CONSUMOS;-755;755;METROS;0.13903325;C18-25-COSC;IMPORTACION
CARTULINA;100301926;Rollo Cartulina ASIA SYMBOL C-19 310 g ancho 25 (29-89);11/12/2025;CONSUMOS;-681;681;METROS;0.13405485;C19-25;IMPORTACION
CARTULINA;100301926;Rollo Cartulina ASIA SYMBOL C-19 310 g ancho 25 (29-89);26/12/2025;CONSUMOS;-11368;11368;METROS;2.2377908;C19-25;IMPORTACION
CARTULINA;100301926;Rollo Cartulina ASIA SYMBOL C-19 310 g ancho 25 (29-89);29/12/2025;CONSUMOS;-17641;17641;METROS;3.47263085;C19-25;IMPORTACION
CARTULINA;100301928;Rollo Cartulina Nine Dragons C - 19 305 g ancho 25 (29-89) REGIONAL;4/12/2025;CONSUMOS;-414;414;METROS;0.08018145;C19-25;IMPORTACION
CARTULINA;100301928;Rollo Cartulina Nine Dragons C - 19 305 g ancho 25 (29-89) REGIONAL;4/12/2025;CONSUMOS;-2296;2296;METROS;0.4446778;C19-25;IMPORTACION
CARTULINA;100301928;Rollo Cartulina Nine Dragons C - 19 305 g ancho 25 (29-89) REGIONAL;15/12/2025;CONSUMOS;-2443;2443;METROS;0.473148025;C19-25;IMPORTACION
CARTULINA;100301930;Rollo Cartulina ASIA SYMBOL C-20 325 g ancho 29 (2989F);2/12/2025;CONSUMOS;-1551;1551;METROS;0.3709992;C20-29;IMPORTACION
CARTULINA;100301934;Cartulina FBB NINE DRAGONS -- C-16.3 255 gramos 27 x 34.5 (29-89);10/12/2025;CONSUMOS;-28215;28215;hoja(s);3.470792045;C16.3-27;IMPORTACION
CARTULINA;100301936;Rollo Cartulina ASIA SYMBOL C-14 235 g ancho 25 (29-89) REGIONAL;15/12/2025;CONSUMOS;-3519;3519;METROS;0.525122775;C14-25;IMPORTACION
CARTULINA;100301936;Rollo Cartulina ASIA SYMBOL C-14 235 g ancho 25 (29-89) REGIONAL;29/12/2025;CONSUMOS;-676;676;METROS;0.1008761;C14-25;IMPORTACION
CARTULINA;100301936;Rollo Cartulina ASIA SYMBOL C-14 235 g ancho 25 (29-89) REGIONAL;29/12/2025;CONSUMOS;-5912;5912;METROS;0.8822182;C14-25;IMPORTACION
CARTULINA;100304510;Cartulina FBB DUPLEX MIRABELL -- C-17 320 gramos  22 x 38.5;10/12/2025;CONSUMOS;-51910;51910;PLIEGOS;9.077198878;COLGATE-150;IMPORTACION
CARTULINA;100304541;Rollo Cartulina ASIA SYMBOL C-12 230 g ancho 25;29/12/2025;CONSUMOS;-6033;6033;METROS;0.88111965;C12-25;IMPORTACION
CARTULINA;100304541;Rollo Cartulina ASIA SYMBOL C-12 230 g ancho 25;29/12/2025;CONSUMOS;-1775;1775;METROS;0.25923875;C12-25;IMPORTACION
CARTULINA 29-89;100304547;Rollo Cartulina Spectra Natural -- C-18 267g ancho 27;29/12/2025;CONSUMOS;-25391;25391;METROS;4.649310463;BCONSUMOSBO;IMPORTACION
CARTULINA;100304563;Rollo Cartulina Nine Dragons C - 12 205 g ancho 25 (29-89);26/12/2025;CONSUMOS;-34299;34299;METROS;4.464872325;C12-25;IMPORTACION
CARTULINA;100304564;Cartulina FBB NINE DRAGONS -- C-12 205 gramos 25 x 38;23/12/2025;CONSUMOS;-1030;1030;hoja(s);0.129387441;C12-25;IMPORTACION
CARTULINA;100304565;Rollo Cartulina DEINGRESOSCA FSC --  C - 13.5 225 g ancho 23.125;8/12/2025;CONSUMOS;-8367;8367;METROS;1.105071525;OLMECA;IMPORTACION
CARTULINA;100304565;Rollo Cartulina DEINGRESOSCA FSC --  C - 13.5 225 g ancho 23.125;8/12/2025;CONSUMOS;-23585;23585;METROS;3.114988875;OLMECA;IMPORTACION
CARTULINA;100304565;Rollo Cartulina DEINGRESOSCA FSC --  C - 13.5 225 g ancho 23.125;8/12/2025;CONSUMOS;-8335;8335;METROS;1.100845125;OLMECA;IMPORTACION
CARTULINA;100304565;Rollo Cartulina DEINGRESOSCA FSC --  C - 13.5 225 g ancho 23.125;8/12/2025;CONSUMOS;-8249;8249;METROS;1.089486675;OLMECA;IMPORTACION
CARTULINA;100304565;Rollo Cartulina DEINGRESOSCA FSC --  C - 13.5 225 g ancho 23.125;8/12/2025;CONSUMOS;-15959;15959;METROS;2.107784925;OLMECA;IMPORTACION
CARTULINA;100304565;Rollo Cartulina DEINGRESOSCA FSC --  C - 13.5 225 g ancho 23.125;8/12/2025;CONSUMOS;-16325;16325;METROS;2.156124375;OLMECA;IMPORTACION
CARTULINA;100304565;Rollo Cartulina DEINGRESOSCA FSC --  C - 13.5 225 g ancho 23.125;10/12/2025;CONSUMOS;-16407;16407;METROS;2.166954525;OLMECA;IMPORTACION
CARTULINA;100304565;Rollo Cartulina DEINGRESOSCA FSC --  C - 13.5 225 g ancho 23.125;10/12/2025;CONSUMOS;-8582;8582;METROS;1.13346765;OLMECA;IMPORTACION
CARTULINA;100304565;Rollo Cartulina DEINGRESOSCA FSC --  C - 13.5 225 g ancho 23.125;10/12/2025;CONSUMOS;-16750;16750;METROS;2.21225625;OLMECA;IMPORTACION
CARTULINA;100304565;Rollo Cartulina DEINGRESOSCA FSC --  C - 13.5 225 g ancho 23.125;10/12/2025;CONSUMOS;-16682;16682;METROS;2.20327515;OLMECA;IMPORTACION
CARTULINA;100304565;Rollo Cartulina DEINGRESOSCA FSC --  C - 13.5 225 g ancho 23.125;10/12/2025;CONSUMOS;-8464;8464;METROS;1.1178828;OLMECA;IMPORTACION
CARTULINA;100304565;Rollo Cartulina DEINGRESOSCA FSC --  C - 13.5 225 g ancho 23.125;10/12/2025;CONSUMOS;-8493;8493;METROS;1.121712975;OLMECA;IMPORTACION
CARTULINA;100304565;Rollo Cartulina DEINGRESOSCA FSC --  C - 13.5 225 g ancho 23.125;15/12/2025;CONSUMOS;-7802;7802;METROS;1.03044915;OLMECA;IMPORTACION
CARTULINA;100304565;Rollo Cartulina DEINGRESOSCA FSC --  C - 13.5 225 g ancho 23.125;15/12/2025;CONSUMOS;-8348;8348;METROS;1.1025621;OLMECA;IMPORTACION
CARTULINA;100304565;Rollo Cartulina DEINGRESOSCA FSC --  C - 13.5 225 g ancho 23.125;15/12/2025;CONSUMOS;-8183;8183;METROS;1.080769725;OLMECA;IMPORTACION
CARTULINA;100304565;Rollo Cartulina DEINGRESOSCA FSC --  C - 13.5 225 g ancho 23.125;15/12/2025;CONSUMOS;-8225;8225;METROS;1.086316875;OLMECA;IMPORTACION
CARTULINA;100304565;Rollo Cartulina DEINGRESOSCA FSC --  C - 13.5 225 g ancho 23.125;15/12/2025;CONSUMOS;-8238;8238;METROS;1.08803385;OLMECA;IMPORTACION
CARTULINA;100304565;Rollo Cartulina DEINGRESOSCA FSC --  C - 13.5 225 g ancho 23.125;15/12/2025;CONSUMOS;-16608;16608;METROS;2.1935016;OLMECA;IMPORTACION
CARTULINA;100304565;Rollo Cartulina DEINGRESOSCA FSC --  C - 13.5 225 g ancho 23.125;26/12/2025;CONSUMOS;-8150;8150;METROS;1.07641125;OLMECA;IMPORTACION
CARTULINA;100304565;Rollo Cartulina DEINGRESOSCA FSC --  C - 13.5 225 g ancho 23.125;26/12/2025;CONSUMOS;-22482;22482;METROS;2.96931015;OLMECA;IMPORTACION
CARTULINA;100304639;Rollo Cartulina BRIGHT --  C - 16 245 g ancho 25;15/12/2025;CONSUMOS;-10956;10956;METROS;1.7044797;BAYER;IMPORTACION
CARTULINA;100304640;Rollo Cartulina OBAFREE --  C-15 230 g ancho 25.5;10/12/2025;CONSUMOS;-10864;10864;METROS;1.618420944;FOSFORERA;IMPORTACION
CARTULINA;100304640;Rollo Cartulina OBAFREE --  C-15 230 g ancho 25.5;26/12/2025;CONSUMOS;-22103;22103;METROS;3.292706013;FOSFORERA;IMPORTACION
CARTULINA;100304640;Rollo Cartulina OBAFREE --  C-15 230 g ancho 25.5;26/12/2025;CONSUMOS;-4488;4488;METROS;0.668581848;FOSFORERA;IMPORTACION
CARTULINA 29-89;100305967;Rollo Cartulina Nine Dragons C - 18.3 290 g ancho 29;3/12/2025;CONSUMOS;-4410;4410;METROS;0.94203774;C18-29-COSC;IMPORTACION
CARTULINA 29-89;100305967;Rollo Cartulina Nine Dragons C - 18.3 290 g ancho 29;3/12/2025;CONSUMOS;-68813;68813;METROS;14.69942018;C18-29-COSC;IMPORTACION
CARTULINA 29-89;100305967;Rollo Cartulina Nine Dragons C - 18.3 290 g ancho 29;3/12/2025;CONSUMOS;-911;911;METROS;0.194602354;C18-29-COSC;IMPORTACION
CARTULINA 29-89;100305967;Rollo Cartulina Nine Dragons C - 18.3 290 g ancho 29;29/12/2025;CONSUMOS;-937;937;METROS;0.200156318;C18-29-COSC;IMPORTACION
CARTULINA;100305974;Rollo Cartulina ASIA SYMBOL C-12 215 g ancho 25.75;26/12/2025;CONSUMOS;-27185;27185;METROS;3.822775089;C12-25.75;IMPORTACION
CARTULINA;100305981;Cartulina FBB DUPLEX MIRABELL -- C-16 300 gramos  28 x 34;10/12/2025;CONSUMOS;-118240;118240;PLIEGOS;21.78662998;COLGATE-75;IMPORTACION
CARTULINA;100305983;Cartulina FBB DUPLEX MIRABELL -- C-16 300 gramos  25.5 x 36.5;10/12/2025;CONSUMOS;-16170;16170;PLIEGOS;2.912941432;COLGATE-50;IMPORTACION
CARTULINA;100305983;Cartulina FBB DUPLEX MIRABELL -- C-16 300 gramos  25.5 x 36.5;23/12/2025;CONSUMOS;-34878;34878;PLIEGOS;6.283090369;COLGATE-50;IMPORTACION
CARTULINA;100305983;Cartulina FBB DUPLEX MIRABELL -- C-16 300 gramos  25.5 x 36.5;23/12/2025;CONSUMOS;-36600;36600;PLIEGOS;6.593299717;COLGATE-50;IMPORTACION
CARTULINA;100305984;Cartulina FBB DUPLEX MIRABELL -- C-16 300 gramos  25 x 34;23/12/2025;CONSUMOS;-3098;3098;PLIEGOS;0.509669948;COLGATE-22;IMPORTACION
CARTULINA;100305985;Cartulina FBB DUPLEX MIRABELL -- C-17 320 gramos  21.5 x 35;10/12/2025;CONSUMOS;-64365;64365;PLIEGOS;9.999394195;COLGATE-125;IMPORTACION
CARTULINA;100305996;Cartulina SPARK -- C-16 250 gramos 25 X 38;26/12/2025;CONSUMOS;-9500;9500;hoja(s);0;Spark;LOCAL
CARTULINA;100305997;Cartulina SPARK -- C-16 250 gramos 25 X 36;23/12/2025;CONSUMOS;-7500;7500;hoja(s);0;Spark;LOCAL
CARTULINA;100305999;Rollo Cartulina Nine Dragons C - 19 305 g ancho 24;15/12/2025;CONSUMOS;-4660;4660;METROS;0.86642448;C19-25;IMPORTACION
CARTULINA;100306002;Cartulina FBB DRAGONS YA ESTÁ -- C-16.3 255 gramos  39.5 x 25;23/12/2025;CONSUMOS;-38140;38140;PLIEGOS;6.196199704;YA ESTA;IMPORTACION
CARTULINA;100306136;Cartulina Husky -- C-16 350 gramos 30 X 40;23/12/2025;CONSUMOS;-3400;3400;hoja(s);0.92128848;C16-30H;LOCAL
CARTULINA;100306136;Cartulina Husky -- C-16 350 gramos 30 X 40;23/12/2025;CONSUMOS;-4200;4200;hoja(s);1.13806224;C16-30H;LOCAL
PAPEL;100600005;Papel Bond 75 gramos -- 22 x 34;17/12/2025;CONSUMOS;-10000;10000;PLIEGOS;0.3611655;Bond;LOCAL
PAPEL;100600005;Papel Bond 75 gramos -- 22 x 34;23/12/2025;CONSUMOS;-2600;2600;PLIEGOS;0.09390303;Bond;LOCAL
PAPEL;100600011;Papel Bond 90 gramos -- 22 x 34;17/12/2025;CONSUMOS;-2000;2000;PLIEGOS;0.08667972;Bond;LOCAL
PAPEL;100600011;Papel Bond 90 gramos -- 22 x 34;17/12/2025;CONSUMOS;-180;180;PLIEGOS;0.007801175;Bond;LOCAL
PAPEL;100600011;Papel Bond 90 gramos -- 22 x 34;17/12/2025;CONSUMOS;-320;320;PLIEGOS;0.013868755;Bond;LOCAL
PAPEL;100600012;Papel Bond 90 gramos -- 24 x 36;1/12/2025;CONSUMOS;-53;53;PLIEGOS;0.002655106;Bond;LOCAL
PAPEL;100600012;Papel Bond 90 gramos -- 24 x 36;1/12/2025;CONSUMOS;-50;50;PLIEGOS;0.002504817;Bond;LOCAL
PAPEL;100600012;Papel Bond 90 gramos -- 24 x 36;1/12/2025;CONSUMOS;-55;55;PLIEGOS;0.002755299;Bond;LOCAL
PAPEL;100600012;Papel Bond 90 gramos -- 24 x 36;10/12/2025;CONSUMOS;-165;165;PLIEGOS;0.008265896;Bond;LOCAL
PAPEL;100600012;Papel Bond 90 gramos -- 24 x 36;17/12/2025;CONSUMOS;-83;83;PLIEGOS;0.004157996;Bond;LOCAL
PAPEL;100600013;Papel Bond 90 gramos -- 26 x 34;23/12/2025;CONSUMOS;-306;306;PLIEGOS;0.015686233;Bond;LOCAL
PAPEL;100600013;Papel Bond 90 gramos -- 26 x 34;23/12/2025;CONSUMOS;-146;146;PLIEGOS;0.007484281;Bond;LOCAL
PAPEL;100600015;Papel Bond 120 gramos -- 22 x 34;1/12/2025;CONSUMOS;-300;300;PLIEGOS;0.017335944;Bond;LOCAL
PAPEL;100600015;Papel Bond 120 gramos -- 22 x 34;17/12/2025;CONSUMOS;-3200;3200;PLIEGOS;0.184916736;Bond;LOCAL
PAPEL;100600017;Papel Bond 120 gramos -- 26 x 34;3/12/2025;CONSUMOS;-2900;2900;PLIEGOS;0.19821384;Bond;LOCAL
PAPEL;100600017;Papel Bond 120 gramos -- 26 x 34;3/12/2025;CONSUMOS;-525;525;PLIEGOS;0.03588354;Bond;LOCAL
PAPEL;100600017;Papel Bond 120 gramos -- 26 x 34;10/12/2025;CONSUMOS;-1075;1075;PLIEGOS;0.07347582;Bond;LOCAL
PAPEL;100600018;Papel Bond 60 gramos -- 21 x 30;17/12/2025;CONSUMOS;-101000;101000;PLIEGOS;2.46124476;Bond;LOCAL
PAPEL;100600020;Papel Couche Brillante B-60 -- 90 gramos  25 x 36;10/12/2025;CONSUMOS;-35800;35800;PLIEGOS;1.87001658;Couche;LOCAL
PAPEL;100600020;Papel Couche Brillante B-60 -- 90 gramos  25 x 36;24/12/2025;CONSUMOS;-36500;36500;PLIEGOS;1.90658115;Couche;LOCAL
PAPEL;100600021;Papel Couche Brillante - 1 Cara - B-60 -- 90 gramos  25 x 36;3/12/2025;CONSUMOS;-1400;1400;PLIEGOS;0.07312914;Couche;LOCAL
PAPEL;100600021;Papel Couche Brillante - 1 Cara - B-60 -- 90 gramos  25 x 36;3/12/2025;CONSUMOS;-2900;2900;PLIEGOS;0.15148179;Couche;LOCAL
PAPEL;100600021;Papel Couche Brillante - 1 Cara - B-60 -- 90 gramos  25 x 36;17/12/2025;CONSUMOS;-1325;1325;PLIEGOS;0.069211508;Couche;LOCAL
PAPEL;100600021;Papel Couche Brillante - 1 Cara - B-60 -- 90 gramos  25 x 36;23/12/2025;CONSUMOS;-1000;1000;PLIEGOS;0.0522351;Couche;LOCAL
PAPEL;100600021;Papel Couche Brillante - 1 Cara - B-60 -- 90 gramos  25 x 36;23/12/2025;CONSUMOS;-1000;1000;PLIEGOS;0.0522351;Couche;LOCAL
PAPEL;100600022;Papel Couche Brillante B-60 -- 90 gramos  25 x 38;26/12/2025;CONSUMOS;-500;500;PLIEGOS;0.027574875;Couche;LOCAL
PAPEL;100600022;Papel Couche Brillante B-60 -- 90 gramos  25 x 38;26/12/2025;CONSUMOS;-500;500;PLIEGOS;0.027574875;Couche;LOCAL
PAPEL;100600023;Papel Couche Brillante - 1 Cara - B-60 -- 90 gramos  25 x 38;3/12/2025;CONSUMOS;-2700;2700;PLIEGOS;0.148904325;Couche;LOCAL
PAPEL;100600023;Papel Couche Brillante - 1 Cara - B-60 -- 90 gramos  25 x 38;3/12/2025;CONSUMOS;-1000;1000;PLIEGOS;0.05514975;Couche;LOCAL
PAPEL;100600023;Papel Couche Brillante - 1 Cara - B-60 -- 90 gramos  25 x 38;17/12/2025;CONSUMOS;-800;800;PLIEGOS;0.0441198;Couche;LOCAL
PAPEL;100600023;Papel Couche Brillante - 1 Cara - B-60 -- 90 gramos  25 x 38;17/12/2025;CONSUMOS;-600;600;PLIEGOS;0.03308985;Couche;LOCAL
PAPEL;100600026;Papel Couche Brillante B-70 -- 105 gramos  25 x 36;10/12/2025;CONSUMOS;-4800;4800;PLIEGOS;0.29251656;Couche;LOCAL
PAPEL;100600026;Papel Couche Brillante B-70 -- 105 gramos  25 x 36;23/12/2025;CONSUMOS;-62800;62800;PLIEGOS;3.82709166;Couche;LOCAL
PAPEL;100600026;Papel Couche Brillante B-70 -- 105 gramos  25 x 36;23/12/2025;CONSUMOS;-3000;3000;PLIEGOS;0.18282285;Couche;LOCAL
PAPEL;100600026;Papel Couche Brillante B-70 -- 105 gramos  25 x 36;23/12/2025;CONSUMOS;-4600;4600;PLIEGOS;0.28032837;Couche;LOCAL
PAPEL;100600026;Papel Couche Brillante B-70 -- 105 gramos  25 x 36;23/12/2025;CONSUMOS;-2700;2700;PLIEGOS;0.164540565;Couche;LOCAL
PAPEL;100600026;Papel Couche Brillante B-70 -- 105 gramos  25 x 36;23/12/2025;CONSUMOS;-4900;4900;PLIEGOS;0.298610655;Couche;LOCAL
PAPEL;100600026;Papel Couche Brillante B-70 -- 105 gramos  25 x 36;26/12/2025;CONSUMOS;-250;250;PLIEGOS;0.015235238;Couche;LOCAL
PAPEL;100600029;Papel Couche Brillante B-80 -- 115 gramos  25 x 36;6/12/2025;CONSUMOS;-1000;1000;PLIEGOS;0.06674485;Couche;LOCAL
PAPEL;100600029;Papel Couche Brillante B-80 -- 115 gramos  25 x 36;6/12/2025;CONSUMOS;1000;1000;PLIEGOS;-0.06674485;Couche;LOCAL
PAPEL;100600029;Papel Couche Brillante B-80 -- 115 gramos  25 x 36;10/12/2025;CONSUMOS;-900;900;PLIEGOS;0.060070365;Couche;LOCAL
PAPEL;100600029;Papel Couche Brillante B-80 -- 115 gramos  25 x 36;10/12/2025;CONSUMOS;-1500;1500;PLIEGOS;0.100117275;Couche;LOCAL
PAPEL;100600029;Papel Couche Brillante B-80 -- 115 gramos  25 x 36;17/12/2025;CONSUMOS;-400;400;PLIEGOS;0.02669794;Couche;LOCAL
PAPEL;100600029;Papel Couche Brillante B-80 -- 115 gramos  25 x 36;23/12/2025;CONSUMOS;-1600;1600;PLIEGOS;0.10679176;Couche;LOCAL
PAPEL;100600030;Papel Couche Brillante B-80 -- 115 gramos  30 x40;3/12/2025;CONSUMOS;-3500;3500;PLIEGOS;0.246641938;Couche;LOCAL
PAPEL;100600030;Papel Couche Brillante B-80 -- 115 gramos  30 x40;10/12/2025;CONSUMOS;-1600;1600;PLIEGOS;0.1127506;Couche;LOCAL
PAPEL;100600030;Papel Couche Brillante B-80 -- 115 gramos  30 x40;10/12/2025;CONSUMOS;-202;202;PLIEGOS;0.014234763;Couche;LOCAL
PAPEL;100600030;Papel Couche Brillante B-80 -- 115 gramos  30 x40;10/12/2025;CONSUMOS;-20;20;PLIEGOS;0.001409383;Couche;LOCAL
PAPEL;100600030;Papel Couche Brillante B-80 -- 115 gramos  30 x40;10/12/2025;CONSUMOS;-113;113;PLIEGOS;0.007963011;Couche;LOCAL
PAPEL;100600030;Papel Couche Brillante B-80 -- 115 gramos  30 x40;12/12/2025;CONSUMOS;-1000;1000;PLIEGOS;0.070469125;Couche;LOCAL
PAPEL;100600031;Papel Couche Brillante B-80 -- 115 gramos  30 x 40;10/12/2025;CONSUMOS;-187;187;PLIEGOS;0.016648999;Couche;LOCAL
PAPEL;100600031;Papel Couche Brillante B-80 -- 115 gramos  30 x 40;12/12/2025;CONSUMOS;-500;500;PLIEGOS;0.04451604;Couche;LOCAL
PAPEL;100600031;Papel Couche Brillante B-80 -- 115 gramos  30 x 40;17/12/2025;CONSUMOS;-2813;2813;PLIEGOS;0.250447241;Couche;LOCAL
PAPEL;100600032;Papel Couche Brillante B-100 -- 140 gramos  25 x 36;3/12/2025;CONSUMOS;-600;600;PLIEGOS;0.04875276;Couche;LOCAL
PAPEL;100600032;Papel Couche Brillante B-100 -- 140 gramos  25 x 36;3/12/2025;CONSUMOS;-1800;1800;PLIEGOS;0.14625828;Couche;LOCAL
PAPEL;100600032;Papel Couche Brillante B-100 -- 140 gramos  25 x 36;10/12/2025;CONSUMOS;-1600;1600;PLIEGOS;0.13000736;Couche;LOCAL
PAPEL;100600032;Papel Couche Brillante B-100 -- 140 gramos  25 x 36;12/12/2025;CONSUMOS;-150;150;PLIEGOS;0.01218819;Couche;LOCAL
PAPEL;100600032;Papel Couche Brillante B-100 -- 140 gramos  25 x 36;17/12/2025;CONSUMOS;-500;500;PLIEGOS;0.0406273;Couche;LOCAL
PAPEL;100600032;Papel Couche Brillante B-100 -- 140 gramos  25 x 36;23/12/2025;CONSUMOS;-3100;3100;PLIEGOS;0.25188926;Couche;LOCAL
PAPEL;100600032;Papel Couche Brillante B-100 -- 140 gramos  25 x 36;23/12/2025;CONSUMOS;-1600;1600;PLIEGOS;0.13000736;Couche;LOCAL
PAPEL;100600032;Papel Couche Brillante B-100 -- 140 gramos  25 x 36;24/12/2025;CONSUMOS;-4500;4500;PLIEGOS;0.3656457;Couche;LOCAL
PAPEL;100600032;Papel Couche Brillante B-100 -- 140 gramos  25 x 36;26/12/2025;CONSUMOS;-600;600;PLIEGOS;0.04875276;Couche;LOCAL
PAPEL;100600033;Papel Couche Brillante B-100 -- 140 gramos  25 x 38;10/12/2025;CONSUMOS;-550;550;PLIEGOS;0.047183675;Couche;LOCAL
PAPEL;100600033;Papel Couche Brillante B-100 -- 140 gramos  25 x 38;12/12/2025;CONSUMOS;-46;46;PLIEGOS;0.003946271;Couche;LOCAL
PAPEL;100600033;Papel Couche Brillante B-100 -- 140 gramos  25 x 38;17/12/2025;CONSUMOS;-196;196;PLIEGOS;0.016814546;Couche;LOCAL
PAPEL;100600033;Papel Couche Brillante B-100 -- 140 gramos  25 x 38;17/12/2025;CONSUMOS;-200;200;PLIEGOS;0.0171577;Couche;LOCAL
PAPEL;100600033;Papel Couche Brillante B-100 -- 140 gramos  25 x 38;23/12/2025;CONSUMOS;-100;100;PLIEGOS;0.00857885;Couche;LOCAL
PAPEL;100600033;Papel Couche Brillante B-100 -- 140 gramos  25 x 38;24/12/2025;CONSUMOS;-1500;1500;PLIEGOS;0.12868275;Couche;LOCAL
PAPEL;100600033;Papel Couche Brillante B-100 -- 140 gramos  25 x 38;24/12/2025;CONSUMOS;-400;400;PLIEGOS;0.0343154;Couche;LOCAL
PAPEL;100600033;Papel Couche Brillante B-100 -- 140 gramos  25 x 38;26/12/2025;CONSUMOS;-50;50;PLIEGOS;0.004289425;Couche;LOCAL
PAPEL;100600034;Papel Couche Brillante B-100 -- 140 gramos  30 x 40;12/12/2025;CONSUMOS;-204;204;PLIEGOS;0.022110924;Couche;LOCAL
PAPEL;100600034;Papel Couche Brillante B-100 -- 140 gramos  30 x 40;23/12/2025;CONSUMOS;-2600;2600;PLIEGOS;0.281805888;Couche;LOCAL
PAPEL;100600043;Papel Bond 75 gramos -- 26 x 38;1/12/2025;CONSUMOS;-100;100;PLIEGOS;0.004780636;Bond;LOCAL
PAPEL;100600043;Papel Bond 75 gramos -- 26 x 38;3/12/2025;CONSUMOS;-1300;1300;PLIEGOS;0.062148263;Bond;LOCAL
PAPEL;100600043;Papel Bond 75 gramos -- 26 x 38;3/12/2025;CONSUMOS;-700;700;PLIEGOS;0.033464449;Bond;LOCAL
PAPEL;100600043;Papel Bond 75 gramos -- 26 x 38;6/12/2025;CONSUMOS;-500;500;PLIEGOS;0.023903178;Bond;LOCAL
PAPEL;100600043;Papel Bond 75 gramos -- 26 x 38;6/12/2025;CONSUMOS;500;500;PLIEGOS;-0.023903178;Bond;LOCAL
PAPEL;100600043;Papel Bond 75 gramos -- 26 x 38;10/12/2025;CONSUMOS;-10500;10500;PLIEGOS;0.501966738;Bond;LOCAL
PAPEL;100600043;Papel Bond 75 gramos -- 26 x 38;10/12/2025;CONSUMOS;-5500;5500;PLIEGOS;0.262934958;Bond;LOCAL
PAPEL;100600043;Papel Bond 75 gramos -- 26 x 38;12/12/2025;CONSUMOS;-300;300;PLIEGOS;0.014341907;Bond;LOCAL
PAPEL;100600043;Papel Bond 75 gramos -- 26 x 38;17/12/2025;CONSUMOS;-1800;1800;PLIEGOS;0.086051441;Bond;LOCAL
PAPEL;100600043;Papel Bond 75 gramos -- 26 x 38;17/12/2025;CONSUMOS;-2800;2800;PLIEGOS;0.133857797;Bond;LOCAL
PAPEL;100600043;Papel Bond 75 gramos -- 26 x 38;23/12/2025;CONSUMOS;-1600;1600;PLIEGOS;0.07649017;Bond;LOCAL
PAPEL;100600043;Papel Bond 75 gramos -- 26 x 38;26/12/2025;CONSUMOS;-6500;6500;PLIEGOS;0.310741314;Bond;LOCAL
PAPEL;100600043;Papel Bond 75 gramos -- 26 x 38;26/12/2025;CONSUMOS;-400;400;PLIEGOS;0.019122542;Bond;LOCAL
PAPEL;100600045;Papel Couche Brillante B-80 -- 115 gramos  30 x 40;10/12/2025;CONSUMOS;-290;290;PLIEGOS;0.025819303;Couche;LOCAL
PAPEL;100600045;Papel Couche Brillante B-80 -- 115 gramos  30 x 40;17/12/2025;CONSUMOS;-1750;1750;PLIEGOS;0.15580614;Couche;LOCAL
PAPEL;100600068;Cartulina FBB Zenith --  C-22 330 gramos  25 x 38;3/12/2025;CONSUMOS;-1200;1200;PLIEGOS;0.242709192;C22-25;LOCAL
PAPEL;100600089;Papel Bond 80 gramos -- 26 x 36;12/12/2025;CONSUMOS;-3000;3000;PLIEGOS;0.1447776;Bond;LOCAL
PAPEL;100600093;Cartulina Husky C-8 -- 200 gramos 25 x 38;10/12/2025;CONSUMOS;-100;100;PLIEGOS;0.0122555;C8-25H;LOCAL
PAPEL;100600093;Cartulina Husky C-8 -- 200 gramos 25 x 38;17/12/2025;CONSUMOS;-1200;1200;PLIEGOS;0.147066;C8-25H;LOCAL
PAPEL;100600096;Papel Bond 80 gramos -- 26 x 38;3/12/2025;CONSUMOS;-38500;38500;PLIEGOS;1.961652;Bond;LOCAL
PAPEL;100600096;Papel Bond 80 gramos -- 26 x 38;3/12/2025;CONSUMOS;-3400;3400;PLIEGOS;0.1732368;Bond;LOCAL
PAPEL;100600101;Papel Bond 60 gramos -- 22 x 34;23/12/2025;CONSUMOS;-76500;76500;PLIEGOS;2.21033286;Bond;LOCAL
PAPEL;100600130;Rollo Cartulina POPLAR --  C - 16 255 g ancho 22;29/12/2025;CONSUMOS;-4718;4718;METROS;0.67132422;C16-22;IMPORTACION
PAPEL;100600143;Rollo Cartulina FBB OBAFREE FSC MIXTO --  C - 13.5 225 g ancho 24.5;12/12/2025;CONSUMOS;-16157;16157;METROS;2.26117215;OLMECA;IMPORTACION
PAPEL;100600143;Rollo Cartulina FBB OBAFREE FSC MIXTO --  C - 13.5 225 g ancho 24.5;12/12/2025;CONSUMOS;-31308;31308;METROS;4.3815546;OLMECA;IMPORTACION
PAPEL;100600143;Rollo Cartulina FBB OBAFREE FSC MIXTO --  C - 13.5 225 g ancho 24.5;12/12/2025;CONSUMOS;-16229;16229;METROS;2.27124855;OLMECA;IMPORTACION
PAPEL;100600143;Rollo Cartulina FBB OBAFREE FSC MIXTO --  C - 13.5 225 g ancho 24.5;15/12/2025;CONSUMOS;-23729;23729;METROS;3.32087355;OLMECA;IMPORTACION
CARTULINA;100300001;Cartulina Husky -- C-8 200 gramos 25 x 36;13/01/2026;INGRESOS;1100;1100;hoja(s);0.1276858;C8-25H;LOCAL
CARTULINA;100300001;Cartulina Husky -- C-8 200 gramos 25 x 36;13/01/2026;INGRESOS;1500;1500;hoja(s);0.174117;C8-25H;LOCAL
CARTULINA;100300005;Cartulina Husky -- C-10 230 gramos 25 x 38;28/01/2026;INGRESOS;26000;26000;hoja(s);3.6643945;C10-25H;LOCAL
CARTULINA;100300009;Cartulina Husky -- C-12 270 gramos 25 x 38;16/01/2026;INGRESOS;1200;1200;hoja(s);0.1985391;C12-25H;LOCAL
CARTULINA;100300011;Cartulina Husky -- C-14 300 gramos 25 x 38;20/01/2026;INGRESOS;3500;3500;hoja(s);0.64341375;C14-25H;LOCAL
CARTULINA;100300012;Cartulina Husky -- C-14 300 gramos 30 x 40;27/01/2026;INGRESOS;5000;5000;hoja(s);1.161288;C14-30H;LOCAL
CARTULINA;100300013;Cartulina Husky -- C-16 350 gramos 25 x 38;22/01/2026;INGRESOS;2500;2500;hoja(s);0.536178125;C16-25H;LOCAL
CARTULINA;100300704;Cartulina FBB Zenith LOCAL -- C-16 270 gramos 25 x 36;5/01/2026;INGRESOS;1600;1600;hoja(s);0.25072848;C16-25;LOCAL
CARTULINA;100300996;Cartulina FBB Zenith LOCAL -- C-18 295 gramos 25 x 36;20/01/2026;INGRESOS;1100;1100;hoja(s);0.188336555;C18-25;LOCAL
CARTULINA;100301855;Rollo Cartulina Nine Dragons C - 16 255 g ancho 28.5;29/01/2026;INGRESOS;120330;120330;METROS;19.48443525;C16-29;IMPORTACION
CARTULINA;100301855;Rollo Cartulina Nine Dragons C - 16 255 g ancho 28.5;29/01/2026;INGRESOS;0;0;METROS;0;C16-29;IMPORTACION
CARTULINA;100304526;Cartulina SPARK C-18 270 gr 25 X 36;28/01/2026;INGRESOS;300;300;PLIEGOS;0.04701159;Spark;LOCAL
CARTULINA 29-89;100304547;Rollo Cartulina Spectra Natural -- C-18 267g ancho 27;7/01/2026;INGRESOS;107082;107082;METROS;19.60763511;BCONSUMOSBO;IMPORTACION
CARTULINA 29-89;100304547;Rollo Cartulina Spectra Natural -- C-18 267g ancho 27;7/01/2026;INGRESOS;0;0;METROS;0;BCONSUMOSBO;IMPORTACION
CARTULINA 29-89;100304547;Rollo Cartulina Spectra Natural -- C-18 267g ancho 27;30/01/2026;INGRESOS;105237;105237;METROS;19.26979974;BCONSUMOSBO;IMPORTACION
CARTULINA;100304565;Rollo Cartulina DEINGRESOSCA FSC --  C - 13.5 225 g ancho 23.125;7/01/2026;INGRESOS;0;0;METROS;0;OLMECA;IMPORTACION
CARTULINA;100304640;Rollo Cartulina OBAFREE --  C-15 230 g ancho 25.5;29/01/2026;INGRESOS;129792;129792;METROS;19.33524403;FOSFORERA;IMPORTACION
CARTULINA;100304640;Rollo Cartulina OBAFREE --  C-15 230 g ancho 25.5;29/01/2026;INGRESOS;0;0;METROS;0;FOSFORERA;IMPORTACION
CARTULINA 29-89;100305969;Cartulina FBB DRAGONS -- C-15.7 245 gramos 34.5 x 27;29/01/2026;INGRESOS;156000;156000;PLIEGOS;22.96894116;HONDURAS FOS;IMPORTACION
CARTULINA 29-89;100305969;Cartulina FBB DRAGONS -- C-15.7 245 gramos 34.5 x 27;29/01/2026;INGRESOS;0;0;PLIEGOS;0;HONDURAS FOS;IMPORTACION
CARTULINA;100305982;Cartulina FBB DUPLEX MIRABELL -- C-16 300 gramos  20 x 32.5;7/01/2026;INGRESOS;0;0;PLIEGOS;0;COLGATE-100;IMPORTACION
CARTULINA;100305983;Cartulina FBB DUPLEX MIRABELL -- C-16 300 gramos  25.5 x 36.5;7/01/2026;INGRESOS;0;0;PLIEGOS;0;COLGATE-50;IMPORTACION
CARTULINA;100305984;Cartulina FBB DUPLEX MIRABELL -- C-16 300 gramos  25 x 34;7/01/2026;INGRESOS;0;0;PLIEGOS;0;COLGATE-22;IMPORTACION
CARTULINA;100306002;Cartulina FBB DRAGONS YA ESTÁ -- C-16.3 255 gramos  39.5 x 25;7/01/2026;INGRESOS;0;0;PLIEGOS;0;YA ESTA;IMPORTACION
CARTULINA;100306136;Cartulina Husky -- C-16 350 gramos 30 X 40;27/01/2026;INGRESOS;400;400;hoja(s);0.10838688;C16-30H;LOCAL
CARTULINA;100306141;Cartulina SPARK C-20 295 gr 25 X 36;20/01/2026;INGRESOS;2300;2300;PLIEGOS;0.393966954;Spark;LOCAL
PAPEL;100600003;Papel Bond 55 gramos -- 26 x 34;28/01/2026;INGRESOS;3500;3500;PLIEGOS;0.10964415;Bond;LOCAL
PAPEL;100600005;Papel Bond 75 gramos -- 22 x 34;14/01/2026;INGRESOS;6000;6000;PLIEGOS;0.2166993;Bond;LOCAL
PAPEL;100600006;Papel Bond 75 gramos -- 26 x 34;28/01/2026;INGRESOS;26500;26500;PLIEGOS;1.13204025;Bond;LOCAL
PAPEL;100600007;Papel Bond 75 gramos -- 26 x 34;27/01/2026;INGRESOS;3500;3500;PLIEGOS;0.149709378;Bond;LOCAL
PAPEL;100600009;Papel Bond 75 gramos -- 26 x 38;27/01/2026;INGRESOS;2000;2000;PLIEGOS;0.095535;Bond;LOCAL
PAPEL;100600015;Papel Bond 120 gramos -- 22 x 34;27/01/2026;INGRESOS;1000;1000;PLIEGOS;0.05778648;Bond;LOCAL
PAPEL;100600015;Papel Bond 120 gramos -- 22 x 34;28/01/2026;INGRESOS;2000;2000;PLIEGOS;0.11557296;Bond;LOCAL
PAPEL;100600018;Papel Bond 60 gramos -- 21 x 30;5/01/2026;INGRESOS;25500;25500;PLIEGOS;0.62140338;Bond;LOCAL
PAPEL;100600018;Papel Bond 60 gramos -- 21 x 30;22/01/2026;INGRESOS;103000;103000;PLIEGOS;2.50998228;Bond;LOCAL
PAPEL;100600020;Papel Couche Brillante B-60 -- 90 gramos  25 x 36;13/01/2026;INGRESOS;40750;40750;PLIEGOS;2.128580325;Couche;LOCAL
PAPEL;100600021;Papel Couche Brillante - 1 Cara - B-60 -- 90 gramos  25 x 36;14/01/2026;INGRESOS;3250;3250;PLIEGOS;0.169764075;Couche;LOCAL
PAPEL;100600021;Papel Couche Brillante - 1 Cara - B-60 -- 90 gramos  25 x 36;16/01/2026;INGRESOS;10000;10000;PLIEGOS;0.522351;Couche;LOCAL
PAPEL;100600021;Papel Couche Brillante - 1 Cara - B-60 -- 90 gramos  25 x 36;22/01/2026;INGRESOS;11750;11750;PLIEGOS;0.613762425;Couche;LOCAL
PAPEL;100600021;Papel Couche Brillante - 1 Cara - B-60 -- 90 gramos  25 x 36;27/01/2026;INGRESOS;1000;1000;PLIEGOS;0.0522351;Couche;LOCAL
PAPEL;100600021;Papel Couche Brillante - 1 Cara - B-60 -- 90 gramos  25 x 36;28/01/2026;INGRESOS;1750;1750;PLIEGOS;0.091411425;Couche;LOCAL
PAPEL;100600023;Papel Couche Brillante - 1 Cara - B-60 -- 90 gramos  25 x 38;5/01/2026;INGRESOS;2500;2500;PLIEGOS;0.137874375;Couche;LOCAL
PAPEL;100600023;Papel Couche Brillante - 1 Cara - B-60 -- 90 gramos  25 x 38;22/01/2026;INGRESOS;1000;1000;PLIEGOS;0.05514975;Couche;LOCAL
PAPEL;100600023;Papel Couche Brillante - 1 Cara - B-60 -- 90 gramos  25 x 38;28/01/2026;INGRESOS;11000;11000;PLIEGOS;0.60664725;Couche;LOCAL
PAPEL;100600026;Papel Couche Brillante B-70 -- 105 gramos  25 x 36;15/01/2026;INGRESOS;20000;20000;PLIEGOS;1.218819;Couche;LOCAL
PAPEL;100600029;Papel Couche Brillante B-80 -- 115 gramos  25 x 36;13/01/2026;INGRESOS;1000;1000;PLIEGOS;0.06674485;Couche;LOCAL
PAPEL;100600029;Papel Couche Brillante B-80 -- 115 gramos  25 x 36;13/01/2026;INGRESOS;2000;2000;PLIEGOS;0.1334897;Couche;LOCAL
PAPEL;100600029;Papel Couche Brillante B-80 -- 115 gramos  25 x 36;14/01/2026;INGRESOS;3500;3500;PLIEGOS;0.233606975;Couche;LOCAL
PAPEL;100600029;Papel Couche Brillante B-80 -- 115 gramos  25 x 36;28/01/2026;INGRESOS;2000;2000;PLIEGOS;0.1334897;Couche;LOCAL
PAPEL;100600030;Papel Couche Brillante B-80 -- 115 gramos  25 x 38;27/01/2026;INGRESOS;8000;8000;PLIEGOS;0.563753;Couche;LOCAL
PAPEL;100600032;Papel Couche Brillante B-100 -- 140 gramos  25 x 36;5/01/2026;INGRESOS;500;500;PLIEGOS;0.0406273;Couche;LOCAL
PAPEL;100600032;Papel Couche Brillante B-100 -- 140 gramos  25 x 36;13/01/2026;INGRESOS;5000;5000;PLIEGOS;0.406273;Couche;LOCAL
PAPEL;100600032;Papel Couche Brillante B-100 -- 140 gramos  25 x 36;15/01/2026;INGRESOS;10000;10000;PLIEGOS;0.812546;Couche;LOCAL
PAPEL;100600032;Papel Couche Brillante B-100 -- 140 gramos  25 x 36;27/01/2026;INGRESOS;13500;13500;PLIEGOS;1.0969371;Couche;LOCAL
PAPEL;100600033;Papel Couche Brillante B-100 -- 140 gramos  25 x 38;16/01/2026;INGRESOS;7250;7250;PLIEGOS;0.621966625;Couche;LOCAL
PAPEL;100600034;Papel Couche Brillante B-100 -- 140 gramos  30 x 40;13/01/2026;INGRESOS;2500;2500;PLIEGOS;0.2709672;Couche;LOCAL
PAPEL;100600043;Papel Bond 75 gramos -- 26 x 38;5/01/2026;INGRESOS;4000;4000;PLIEGOS;0.191225424;Bond;LOCAL
PAPEL;100600043;Papel Bond 75 gramos -- 26 x 38;5/01/2026;INGRESOS;9000;9000;PLIEGOS;0.430257204;Bond;LOCAL
PAPEL;100600043;Papel Bond 75 gramos -- 26 x 38;5/01/2026;INGRESOS;2500;2500;PLIEGOS;0.11951589;Bond;LOCAL
PAPEL;100600043;Papel Bond 75 gramos -- 26 x 38;22/01/2026;INGRESOS;7000;7000;PLIEGOS;0.334644492;Bond;LOCAL
PAPEL;100600043;Papel Bond 75 gramos -- 26 x 38;27/01/2026;INGRESOS;7000;7000;PLIEGOS;0.334644492;Bond;LOCAL
PAPEL;100600045;Papel Couche Brillante B-80 -- 115 gramos  30 x 40;5/01/2026;INGRESOS;3500;3500;PLIEGOS;0.31161228;Couche;LOCAL
PAPEL;100600045;Papel Couche Brillante B-80 -- 115 gramos  30 x 40;13/01/2026;INGRESOS;750;750;PLIEGOS;0.06677406;Couche;LOCAL
PAPEL;100600045;Papel Couche Brillante B-80 -- 115 gramos  30 x 40;20/01/2026;INGRESOS;4000;4000;PLIEGOS;0.35612832;Couche;LOCAL
PAPEL;100600045;Papel Couche Brillante B-80 -- 115 gramos  30 x 40;28/01/2026;INGRESOS;5000;5000;PLIEGOS;0.4451604;Couche;LOCAL
PAPEL;100600102;Rollo Cartulina BRIGHT --  C - 16 245 g ancho 25;7/01/2026;INGRESOS;0;0;METROS;0;BAYER-25;IMPORTACION
PAPEL;100600135;Rollo Cartulina BRIGHT     C - 16 245 g ancho 23;7/01/2026;INGRESOS;0;0;METROS;0;BAYER-23;IMPORTACION
CARTULINA;100300001;Cartulina Husky -- C-8 200 gramos 25 x 36;16/01/2026;CONSUMOS;-1100;1100;hoja(s);0.1276858;C8-25H;LOCAL
CARTULINA;100300001;Cartulina Husky -- C-8 200 gramos 25 x 36;16/01/2026;CONSUMOS;-1500;1500;hoja(s);0.174117;C8-25H;LOCAL
CARTULINA;100300005;Cartulina Husky -- C-10 230 gramos 25 x 38;28/01/2026;CONSUMOS;-26000;26000;hoja(s);3.6643945;C10-25H;LOCAL
CARTULINA;100300007;Cartulina Husky -- C-12 270 gramos 25 x 41.5 (29-89);28/01/2026;CONSUMOS;-3285;3285;hoja(s);0.593626766;C12-25H;LOCAL
CARTULINA;100300007;Cartulina Husky -- C-12 270 gramos 25 x 41.5 (29-89);29/01/2026;CONSUMOS;-40;40;hoja(s);0.007228332;C12-25H;LOCAL
CARTULINA;100300009;Cartulina Husky -- C-12 270 gramos 25 x 38;19/01/2026;CONSUMOS;-1300;1300;hoja(s);0.215084025;C12-25H;LOCAL
CARTULINA;100300009;Cartulina Husky -- C-12 270 gramos 25 x 38;28/01/2026;CONSUMOS;-180;180;hoja(s);0.029780865;C12-25H;LOCAL
CARTULINA;100300011;Cartulina Husky -- C-14 300 gramos 25 x 38;7/01/2026;CONSUMOS;-166;166;hoja(s);0.030516195;C14-25H;LOCAL
CARTULINA;100300011;Cartulina Husky -- C-14 300 gramos 25 x 38;7/01/2026;CONSUMOS;-70;70;hoja(s);0.012868275;C14-25H;LOCAL
CARTULINA;100300011;Cartulina Husky -- C-14 300 gramos 25 x 38;16/01/2026;CONSUMOS;-200;200;hoja(s);0.0367665;C14-25H;LOCAL
CARTULINA;100300011;Cartulina Husky -- C-14 300 gramos 25 x 38;19/01/2026;CONSUMOS;-135;135;hoja(s);0.024817388;C14-25H;LOCAL
CARTULINA;100300011;Cartulina Husky -- C-14 300 gramos 25 x 38;24/01/2026;CONSUMOS;-700;700;hoja(s);0.12868275;C14-25H;LOCAL
CARTULINA;100300011;Cartulina Husky -- C-14 300 gramos 25 x 38;24/01/2026;CONSUMOS;-2100;2100;hoja(s);0.38604825;C14-25H;LOCAL
CARTULINA;100300011;Cartulina Husky -- C-14 300 gramos 25 x 38;24/01/2026;CONSUMOS;-700;700;hoja(s);0.12868275;C14-25H;LOCAL
CARTULINA;100300011;Cartulina Husky -- C-14 300 gramos 25 x 38;26/01/2026;CONSUMOS;-14;14;hoja(s);0.002573655;C14-25H;LOCAL
CARTULINA;100300012;Cartulina Husky -- C-14 300 gramos 30 x 40;27/01/2026;CONSUMOS;-5000;5000;hoja(s);1.161288;C14-30H;LOCAL
CARTULINA;100300012;Cartulina Husky -- C-14 300 gramos 30 x 40;27/01/2026;CONSUMOS;5000;5000;hoja(s);-1.161288;C14-30H;LOCAL
CARTULINA;100300012;Cartulina Husky -- C-14 300 gramos 30 x 40;28/01/2026;CONSUMOS;-822;822;hoja(s);0.190915747;C14-30H;LOCAL
CARTULINA;100300013;Cartulina Husky -- C-16 350 gramos 25 x 38;7/01/2026;CONSUMOS;-400;400;hoja(s);0.0857885;C16-25H;LOCAL
CARTULINA;100300013;Cartulina Husky -- C-16 350 gramos 25 x 38;19/01/2026;CONSUMOS;-26;26;hoja(s);0.005576253;C16-25H;LOCAL
CARTULINA;100300013;Cartulina Husky -- C-16 350 gramos 25 x 38;24/01/2026;CONSUMOS;-400;400;hoja(s);0.0857885;C16-25H;LOCAL
CARTULINA;100300013;Cartulina Husky -- C-16 350 gramos 25 x 38;24/01/2026;CONSUMOS;-400;400;hoja(s);0.0857885;C16-25H;LOCAL
CARTULINA;100300158;Cartulina FBB Zenith LOCAL -- C-12 215 gramos 25 x 36;29/01/2026;CONSUMOS;-145;145;hoja(s);0.018093658;C12-25;LOCAL
CARTULINA;100300158;Cartulina FBB Zenith LOCAL -- C-12 215 gramos 25 x 36;29/01/2026;CONSUMOS;-123;123;hoja(s);0.015348414;C12-25;LOCAL
CARTULINA;100300296;Cartulina FBB Zenith LOCAL -- C-14 235 gramos 25 x 36;26/01/2026;CONSUMOS;-4740;4740;hoja(s);0.646496421;C14-25;LOCAL
CARTULINA;100300296;Cartulina FBB Zenith LOCAL -- C-14 235 gramos 25 x 36;28/01/2026;CONSUMOS;-860;860;hoja(s);0.117296819;C14-25;LOCAL
CARTULINA;100300298;Cartulina FBB Zenith LOCAL -- C-14 235 gramos 25 x 38;7/01/2026;CONSUMOS;-2300;2300;hoja(s);0.331204888;C14-25;LOCAL
CARTULINA;100300298;Cartulina FBB Zenith LOCAL -- C-14 235 gramos 25 x 38;26/01/2026;CONSUMOS;-2875;2875;hoja(s);0.414006109;C14-25;LOCAL
CARTULINA;100300298;Cartulina FBB Zenith LOCAL -- C-14 235 gramos 25 x 38;28/01/2026;CONSUMOS;-910;910;hoja(s);0.131041934;C14-25;LOCAL
CARTULINA;100300558;Cartulina FBB Poplar -- C-16 255 gramos 25 x 38;8/01/2026;CONSUMOS;-1880;1880;hoja(s);0.293764335;C16-25;IMPORTACION
CARTULINA;100300558;Cartulina FBB Poplar -- C-16 255 gramos 25 x 38;8/01/2026;CONSUMOS;-1195;1195;hoja(s);0.186727862;C16-25;IMPORTACION
CARTULINA;100300558;Cartulina FBB Poplar -- C-16 255 gramos 25 x 38;8/01/2026;CONSUMOS;-1195;1195;hoja(s);0.186727862;C16-25;IMPORTACION
CARTULINA;100300558;Cartulina FBB Poplar -- C-16 255 gramos 25 x 38;10/01/2026;CONSUMOS;-30;30;hoja(s);0.004687729;C16-25;IMPORTACION
CARTULINA;100300704;Cartulina FBB Zenith LOCAL -- C-16 270 gramos 25 x 36;29/01/2026;CONSUMOS;-200;200;hoja(s);0.03134106;C16-25;LOCAL
CARTULINA;100300996;Cartulina FBB Zenith LOCAL -- C-18 295 gramos 25 x 36;24/01/2026;CONSUMOS;-1100;1100;hoja(s);0.188336555;C18-25;LOCAL
CARTULINA;100301356;Rollo Cartulina ASIA SYMBOL C-16 270 g ancho 25;6/01/2026;CONSUMOS;-7620;7620;METROS;1.306449;C16-25;IMPORTACION
CARTULINA;100301356;Rollo Cartulina ASIA SYMBOL C-16 270 g ancho 25;6/01/2026;CONSUMOS;-2209;2209;METROS;0.37873305;C16-25;IMPORTACION
CARTULINA;100301356;Rollo Cartulina ASIA SYMBOL C-16 270 g ancho 25;6/01/2026;CONSUMOS;-9233;9233;METROS;1.58299785;C16-25;IMPORTACION
CARTULINA;100301356;Rollo Cartulina ASIA SYMBOL C-16 270 g ancho 25;6/01/2026;CONSUMOS;-1859;1859;METROS;0.31872555;C16-25;IMPORTACION
CARTULINA;100301356;Rollo Cartulina ASIA SYMBOL C-16 270 g ancho 25;6/01/2026;CONSUMOS;-2174;2174;METROS;0.3727323;C16-25;IMPORTACION
CARTULINA;100301356;Rollo Cartulina ASIA SYMBOL C-16 270 g ancho 25;6/01/2026;CONSUMOS;-4800;4800;METROS;0.82296;C16-25;IMPORTACION
CARTULINA;100301356;Rollo Cartulina ASIA SYMBOL C-16 270 g ancho 25;12/01/2026;CONSUMOS;-725;725;METROS;0.12430125;C16-25;IMPORTACION
CARTULINA;100301356;Rollo Cartulina ASIA SYMBOL C-16 270 g ancho 25;12/01/2026;CONSUMOS;-1285;1285;METROS;0.22031325;C16-25;IMPORTACION
CARTULINA;100301356;Rollo Cartulina ASIA SYMBOL C-16 270 g ancho 25;14/01/2026;CONSUMOS;-195;195;METROS;0.03343275;C16-25;IMPORTACION
CARTULINA;100301356;Rollo Cartulina ASIA SYMBOL C-16 270 g ancho 25;14/01/2026;CONSUMOS;-1046;1046;METROS;0.1793367;C16-25;IMPORTACION
CARTULINA;100301356;Rollo Cartulina ASIA SYMBOL C-16 270 g ancho 25;21/01/2026;CONSUMOS;-1359;1359;METROS;0.23300055;C16-25;IMPORTACION
CARTULINA;100301356;Rollo Cartulina ASIA SYMBOL C-16 270 g ancho 25;26/01/2026;CONSUMOS;-1560;1560;METROS;0.267462;C16-25;IMPORTACION
CARTULINA;100301356;Rollo Cartulina ASIA SYMBOL C-16 270 g ancho 25;26/01/2026;CONSUMOS;-2121;2121;METROS;0.36364545;C16-25;IMPORTACION
CARTULINA;100301356;Rollo Cartulina ASIA SYMBOL C-16 270 g ancho 25;26/01/2026;CONSUMOS;-1493;1493;METROS;0.25597485;C16-25;IMPORTACION
CARTULINA;100301356;Rollo Cartulina ASIA SYMBOL C-16 270 g ancho 25;26/01/2026;CONSUMOS;-941;941;METROS;0.16133445;C16-25;IMPORTACION
CARTULINA;100301356;Rollo Cartulina ASIA SYMBOL C-16 270 g ancho 25;26/01/2026;CONSUMOS;-885;885;METROS;0.15173325;C16-25;IMPORTACION
CARTULINA;100301356;Rollo Cartulina ASIA SYMBOL C-16 270 g ancho 25;28/01/2026;CONSUMOS;-2278;2278;METROS;0.3905631;C16-25;IMPORTACION
CARTULINA;100301356;Rollo Cartulina ASIA SYMBOL C-16 270 g ancho 25;29/01/2026;CONSUMOS;-5439;5439;METROS;0.93251655;C16-25;IMPORTACION
CARTULINA;100301356;Rollo Cartulina ASIA SYMBOL C-16 270 g ancho 25;29/01/2026;CONSUMOS;-1626;1626;METROS;0.2787777;C16-25;IMPORTACION
CARTULINA;100301356;Rollo Cartulina ASIA SYMBOL C-16 270 g ancho 25;29/01/2026;CONSUMOS;-1218;1218;METROS;0.2088261;C16-25;IMPORTACION
CARTULINA;100301356;Rollo Cartulina ASIA SYMBOL C-16 270 g ancho 25;29/01/2026;CONSUMOS;-1023;1023;METROS;0.17539335;C16-25;IMPORTACION
CARTULINA;100301356;Rollo Cartulina ASIA SYMBOL C-16 270 g ancho 25;29/01/2026;CONSUMOS;-2266;2266;METROS;0.3885057;C16-25;IMPORTACION
CARTULINA;100301356;Rollo Cartulina ASIA SYMBOL C-16 270 g ancho 25;29/01/2026;CONSUMOS;-3769;3769;METROS;0.64619505;C16-25;IMPORTACION
CARTULINA;100301356;Rollo Cartulina ASIA SYMBOL C-16 270 g ancho 25;29/01/2026;CONSUMOS;-1077;1077;METROS;0.18465165;C16-25;IMPORTACION
CARTULINA;100301356;Rollo Cartulina ASIA SYMBOL C-16 270 g ancho 25;29/01/2026;CONSUMOS;-3859;3859;METROS;0.66162555;C16-25;IMPORTACION
CARTULINA;100301356;Rollo Cartulina ASIA SYMBOL C-16 270 g ancho 25;29/01/2026;CONSUMOS;-760;760;METROS;0.130302;C16-25;IMPORTACION
CARTULINA;100301356;Rollo Cartulina ASIA SYMBOL C-16 270 g ancho 25;29/01/2026;CONSUMOS;-2239;2239;METROS;0.38387655;C16-25;IMPORTACION
CARTULINA;100301356;Rollo Cartulina ASIA SYMBOL C-16 270 g ancho 25;29/01/2026;CONSUMOS;-1260;1260;METROS;0.216027;C16-25;IMPORTACION
CARTULINA;100301356;Rollo Cartulina ASIA SYMBOL C-16 270 g ancho 25;29/01/2026;CONSUMOS;-1503;1503;METROS;0.25768935;C16-25;IMPORTACION
CARTULINA;100301356;Rollo Cartulina ASIA SYMBOL C-16 270 g ancho 25;29/01/2026;CONSUMOS;-6697;6697;METROS;1.14820065;C16-25;IMPORTACION
CARTULINA;100301356;Rollo Cartulina ASIA SYMBOL C-16 270 g ancho 25;29/01/2026;CONSUMOS;-2222;2222;METROS;0.3809619;C16-25;IMPORTACION
CARTULINA;100301356;Rollo Cartulina ASIA SYMBOL C-16 270 g ancho 25;29/01/2026;CONSUMOS;-843;843;METROS;0.14453235;C16-25;IMPORTACION
CARTULINA;100301356;Rollo Cartulina ASIA SYMBOL C-16 270 g ancho 25;29/01/2026;CONSUMOS;-1737;1737;METROS;0.29780865;C16-25;IMPORTACION
CARTULINA;100301357;Rollo Cartulina ASIA SYMBOL C-18 295 g ancho 25;6/01/2026;CONSUMOS;-16748;16748;METROS;3.1373191;C18-25;IMPORTACION
CARTULINA;100301357;Rollo Cartulina ASIA SYMBOL C-18 295 g ancho 25;6/01/2026;CONSUMOS;-2945;2945;METROS;0.551672125;C18-25;IMPORTACION
CARTULINA;100301357;Rollo Cartulina ASIA SYMBOL C-18 295 g ancho 25;6/01/2026;CONSUMOS;-2431;2431;METROS;0.455387075;C18-25;IMPORTACION
CARTULINA;100301357;Rollo Cartulina ASIA SYMBOL C-18 295 g ancho 25;6/01/2026;CONSUMOS;-6938;6938;METROS;1.29966085;C18-25;IMPORTACION
CARTULINA;100301357;Rollo Cartulina ASIA SYMBOL C-18 295 g ancho 25;6/01/2026;CONSUMOS;-2182;2182;METROS;0.40874315;C18-25;IMPORTACION
CARTULINA;100301357;Rollo Cartulina ASIA SYMBOL C-18 295 g ancho 25;6/01/2026;CONSUMOS;-3265;3265;METROS;0.611616125;C18-25;IMPORTACION
CARTULINA;100301357;Rollo Cartulina ASIA SYMBOL C-18 295 g ancho 25;6/01/2026;CONSUMOS;-2326;2326;METROS;0.43571795;C18-25;IMPORTACION
CARTULINA;100301357;Rollo Cartulina ASIA SYMBOL C-18 295 g ancho 25;6/01/2026;CONSUMOS;-1916;1916;METROS;0.3589147;C18-25;IMPORTACION
CARTULINA;100301357;Rollo Cartulina ASIA SYMBOL C-18 295 g ancho 25;7/01/2026;CONSUMOS;-3480;3480;METROS;0.651891;C18-25;IMPORTACION
CARTULINA;100301357;Rollo Cartulina ASIA SYMBOL C-18 295 g ancho 25;12/01/2026;CONSUMOS;-1583;1583;METROS;0.296535475;C18-25;IMPORTACION
CARTULINA;100301357;Rollo Cartulina ASIA SYMBOL C-18 295 g ancho 25;14/01/2026;CONSUMOS;-22511;22511;METROS;4.216873075;C18-25;IMPORTACION
CARTULINA;100301357;Rollo Cartulina ASIA SYMBOL C-18 295 g ancho 25;14/01/2026;CONSUMOS;-20136;20136;METROS;3.7719762;C18-25;IMPORTACION
CARTULINA;100301357;Rollo Cartulina ASIA SYMBOL C-18 295 g ancho 25;14/01/2026;CONSUMOS;-7416;7416;METROS;1.3892022;C18-25;IMPORTACION
CARTULINA;100301357;Rollo Cartulina ASIA SYMBOL C-18 295 g ancho 25;16/01/2026;CONSUMOS;-6131;6131;METROS;1.148489575;C18-25;IMPORTACION
CARTULINA;100301357;Rollo Cartulina ASIA SYMBOL C-18 295 g ancho 25;16/01/2026;CONSUMOS;-17442;17442;METROS;3.26732265;C18-25;IMPORTACION
CARTULINA;100301357;Rollo Cartulina ASIA SYMBOL C-18 295 g ancho 25;16/01/2026;CONSUMOS;-165;165;METROS;0.030908625;C18-25;IMPORTACION
CARTULINA;100301357;Rollo Cartulina ASIA SYMBOL C-18 295 g ancho 25;20/01/2026;CONSUMOS;-1086;1086;METROS;0.20343495;C18-25;IMPORTACION
CARTULINA;100301357;Rollo Cartulina ASIA SYMBOL C-18 295 g ancho 25;20/01/2026;CONSUMOS;-2514;2514;METROS;0.47093505;C18-25;IMPORTACION
CARTULINA;100301357;Rollo Cartulina ASIA SYMBOL C-18 295 g ancho 25;20/01/2026;CONSUMOS;-1021;1021;METROS;0.191258825;C18-25;IMPORTACION
CARTULINA;100301357;Rollo Cartulina ASIA SYMBOL C-18 295 g ancho 25;20/01/2026;CONSUMOS;-4210;4210;METROS;0.78863825;C18-25;IMPORTACION
CARTULINA;100301357;Rollo Cartulina ASIA SYMBOL C-18 295 g ancho 25;26/01/2026;CONSUMOS;-3796;3796;METROS;0.7110857;C18-25;IMPORTACION
CARTULINA;100301357;Rollo Cartulina ASIA SYMBOL C-18 295 g ancho 25;26/01/2026;CONSUMOS;-11722;11722;METROS;2.19582365;C18-25;IMPORTACION
CARTULINA;100301357;Rollo Cartulina ASIA SYMBOL C-18 295 g ancho 25;26/01/2026;CONSUMOS;-1766;1766;METROS;0.33081595;C18-25;IMPORTACION
CARTULINA;100301357;Rollo Cartulina ASIA SYMBOL C-18 295 g ancho 25;28/01/2026;CONSUMOS;-720;720;METROS;0.134874;C18-25;IMPORTACION
CARTULINA;100301357;Rollo Cartulina ASIA SYMBOL C-18 295 g ancho 25;28/01/2026;CONSUMOS;-1564;1564;METROS;0.2929763;C18-25;IMPORTACION
CARTULINA;100301357;Rollo Cartulina ASIA SYMBOL C-18 295 g ancho 25;28/01/2026;CONSUMOS;-3615;3615;METROS;0.677179875;C18-25;IMPORTACION
CARTULINA;100301357;Rollo Cartulina ASIA SYMBOL C-18 295 g ancho 25;28/01/2026;CONSUMOS;-6887;6887;METROS;1.290107275;C18-25;IMPORTACION
CARTULINA;100301357;Rollo Cartulina ASIA SYMBOL C-18 295 g ancho 25;29/01/2026;CONSUMOS;-5114;5114;METROS;0.95798005;C18-25;IMPORTACION
CARTULINA;100301357;Rollo Cartulina ASIA SYMBOL C-18 295 g ancho 25;29/01/2026;CONSUMOS;-4582;4582;METROS;0.85832315;C18-25;IMPORTACION
CARTULINA;100301357;Rollo Cartulina ASIA SYMBOL C-18 295 g ancho 25;29/01/2026;CONSUMOS;-1804;1804;METROS;0.3379343;C18-25;IMPORTACION
CARTULINA;100301824;Rollo Cartulina ASIA SYMBOL C-14 235 g ancho 25;26/01/2026;CONSUMOS;-2683;2683;METROS;0.400370675;C14-25;IMPORTACION
CARTULINA;100301824;Rollo Cartulina ASIA SYMBOL C-14 235 g ancho 25;26/01/2026;CONSUMOS;-165;165;METROS;0.024622125;C14-25;IMPORTACION
CARTULINA;100301824;Rollo Cartulina ASIA SYMBOL C-14 235 g ancho 25;26/01/2026;CONSUMOS;-231;231;METROS;0.034470975;C14-25;IMPORTACION
CARTULINA;100301825;Rollo Cartulina ASIA SYMBOL C-16 270 g ancho 28.5;12/01/2026;CONSUMOS;-237;237;METROS;0.04626477;C16-29;IMPORTACION
CARTULINA;100301825;Rollo Cartulina ASIA SYMBOL C-16 270 g ancho 28.5;12/01/2026;CONSUMOS;-900;900;METROS;0.175689;C16-29;IMPORTACION
CARTULINA;100301825;Rollo Cartulina ASIA SYMBOL C-16 270 g ancho 28.5;12/01/2026;CONSUMOS;-1636;1636;METROS;0.31936356;C16-29;IMPORTACION
CARTULINA;100301834;Rollo Cartulina ASIA SYMBOL C-16 270 g ancho 29;13/01/2026;CONSUMOS;-1948;1948;METROS;0.38710656;C16-29;IMPORTACION
CARTULINA;100301834;Rollo Cartulina ASIA SYMBOL C-16 270 g ancho 29;26/01/2026;CONSUMOS;-1791;1791;METROS;0.35590752;C16-29;IMPORTACION
CARTULINA;100301834;Rollo Cartulina ASIA SYMBOL C-16 270 g ancho 29;26/01/2026;CONSUMOS;-330;330;METROS;0.0655776;C16-29;IMPORTACION
CARTULINA;100301834;Rollo Cartulina ASIA SYMBOL C-16 270 g ancho 29;28/01/2026;CONSUMOS;-4501;4501;METROS;0.89443872;C16-29;IMPORTACION
CARTULINA;100301834;Rollo Cartulina ASIA SYMBOL C-16 270 g ancho 29;28/01/2026;CONSUMOS;-9662;9662;METROS;1.92003264;C16-29;IMPORTACION
CARTULINA;100301835;Rollo Cartulina ASIA SYMBOL C-18 295 g ancho 29;14/01/2026;CONSUMOS;-4596;4596;METROS;0.99788352;C18-29;IMPORTACION
CARTULINA;100301835;Rollo Cartulina ASIA SYMBOL C-18 295 g ancho 29;14/01/2026;CONSUMOS;-4420;4420;METROS;0.9596704;C18-29;IMPORTACION
CARTULINA;100301848;Rollo Cartulina ASIA SYMBOL C-20 325 g ancho 25;6/01/2026;CONSUMOS;-15659;15659;METROS;3.231626125;C20-25;IMPORTACION
CARTULINA;100301848;Rollo Cartulina ASIA SYMBOL C-20 325 g ancho 25;6/01/2026;CONSUMOS;-2150;2150;METROS;0.44370625;C20-25;IMPORTACION
CARTULINA;100301848;Rollo Cartulina ASIA SYMBOL C-20 325 g ancho 25;7/01/2026;CONSUMOS;-9306;9306;METROS;1.92052575;C20-25;IMPORTACION
CARTULINA;100301848;Rollo Cartulina ASIA SYMBOL C-20 325 g ancho 25;7/01/2026;CONSUMOS;-325;325;METROS;0.067071875;C20-25;IMPORTACION
CARTULINA;100301848;Rollo Cartulina ASIA SYMBOL C-20 325 g ancho 25;16/01/2026;CONSUMOS;-8934;8934;METROS;1.84375425;C20-25;IMPORTACION
CARTULINA;100301848;Rollo Cartulina ASIA SYMBOL C-20 325 g ancho 25;21/01/2026;CONSUMOS;-2329;2329;METROS;0.480647375;C20-25;IMPORTACION
CARTULINA;100301848;Rollo Cartulina ASIA SYMBOL C-20 325 g ancho 25;27/01/2026;CONSUMOS;-1010;1010;METROS;0.20843875;C20-25;IMPORTACION
CARTULINA;100301848;Rollo Cartulina ASIA SYMBOL C-20 325 g ancho 25;27/01/2026;CONSUMOS;-565;565;METROS;0.116601875;C20-25;IMPORTACION
CARTULINA;100301848;Rollo Cartulina ASIA SYMBOL C-20 325 g ancho 25;27/01/2026;CONSUMOS;-612;612;METROS;0.1263015;C20-25;IMPORTACION
CARTULINA;100301848;Rollo Cartulina ASIA SYMBOL C-20 325 g ancho 25;28/01/2026;CONSUMOS;-406;406;METROS;0.08378825;C20-25;IMPORTACION
CARTULINA;100301848;Rollo Cartulina ASIA SYMBOL C-20 325 g ancho 25;28/01/2026;CONSUMOS;-770;770;METROS;0.15890875;C20-25;IMPORTACION
CARTULINA;100301850;Rollo Cartulina ASIA SYMBOL C-18 295 g ancho 24.6;27/01/2026;CONSUMOS;-515;515;METROS;0.094953125;C18-25;IMPORTACION
CARTULINA;100301851;Rollo Cartulina ALASKA BRIGHT --  C - 16 270 g ancho 28.5;28/01/2026;CONSUMOS;-5076;5076;METROS;0.99225648;C16-29;IMPORTACION
CARTULINA;100301856;Rollo Cartulina OBAFREE --  C - 18 265 g ancho 23;21/01/2026;CONSUMOS;-22158;22158;METROS;3.42917208;C18-23;IMPORTACION
CARTULINA;100301900;Rollo Cartulina SBS CANDESCE -- C-24 407 g ancho 25 (29-89);16/01/2026;CONSUMOS;-1191;1191;METROS;0.307807995;GILDAN;IMPORTACION
CARTULINA;100301900;Rollo Cartulina SBS CANDESCE -- C-24 407 g ancho 25 (29-89);27/01/2026;CONSUMOS;-1534;1534;METROS;0.39645463;GILDAN;IMPORTACION
CARTULINA;100301907;Rollo Cartulina ASIA SYMBOL C-12 215 g ancho 29 (29-89);27/01/2026;CONSUMOS;-542;542;METROS;0.08576608;C12-29;IMPORTACION
CARTULINA;100301908;Rollo Cartulina Nine Dragons C - 13.6 215 g ancho 25 (29-89);14/01/2026;CONSUMOS;-800;800;METROS;0.10922;C13.6-25;IMPORTACION
CARTULINA;100301908;Rollo Cartulina Nine Dragons C - 13.6 215 g ancho 25 (29-89);14/01/2026;CONSUMOS;-575;575;METROS;0.078501875;C13.6-25;IMPORTACION
CARTULINA;100301908;Rollo Cartulina Nine Dragons C - 13.6 215 g ancho 25 (29-89);14/01/2026;CONSUMOS;-2556;2556;METROS;0.3489579;C13.6-25;IMPORTACION
CARTULINA;100301908;Rollo Cartulina Nine Dragons C - 13.6 215 g ancho 25 (29-89);14/01/2026;CONSUMOS;-6994;6994;METROS;0.95485585;C13.6-25;IMPORTACION
CARTULINA;100301908;Rollo Cartulina Nine Dragons C - 13.6 215 g ancho 25 (29-89);14/01/2026;CONSUMOS;-7820;7820;METROS;1.0676255;C13.6-25;IMPORTACION
CARTULINA;100301908;Rollo Cartulina Nine Dragons C - 13.6 215 g ancho 25 (29-89);14/01/2026;CONSUMOS;-6435;6435;METROS;0.878538375;C13.6-25;IMPORTACION
CARTULINA;100301908;Rollo Cartulina Nine Dragons C - 13.6 215 g ancho 25 (29-89);14/01/2026;CONSUMOS;-1337;1337;METROS;0.182533925;C13.6-25;IMPORTACION
CARTULINA;100301908;Rollo Cartulina Nine Dragons C - 13.6 215 g ancho 25 (29-89);21/01/2026;CONSUMOS;-3389;3389;METROS;0.462683225;C13.6-25;IMPORTACION
CARTULINA;100301908;Rollo Cartulina Nine Dragons C - 13.6 215 g ancho 25 (29-89);21/01/2026;CONSUMOS;-394;394;METROS;0.05379085;C13.6-25;IMPORTACION
CARTULINA;100301908;Rollo Cartulina Nine Dragons C - 13.6 215 g ancho 25 (29-89);29/01/2026;CONSUMOS;-480;480;METROS;0.065532;C13.6-25;IMPORTACION
CARTULINA;100301908;Rollo Cartulina Nine Dragons C - 13.6 215 g ancho 25 (29-89);29/01/2026;CONSUMOS;-965;965;METROS;0.131746625;C13.6-25;IMPORTACION
CARTULINA;100301917;Rollo Cartulina Nine Dragons C - 16.3 255 g ancho 25 (29-89);6/01/2026;CONSUMOS;-2903;2903;METROS;0.470068275;C16.3-25;IMPORTACION
CARTULINA;100301917;Rollo Cartulina Nine Dragons C - 16.3 255 g ancho 25 (29-89);6/01/2026;CONSUMOS;-4623;4623;METROS;0.748579275;C16.3-25;IMPORTACION
CARTULINA;100301917;Rollo Cartulina Nine Dragons C - 16.3 255 g ancho 25 (29-89);6/01/2026;CONSUMOS;-2009;2009;METROS;0.325307325;C16.3-25;IMPORTACION
CARTULINA;100301917;Rollo Cartulina Nine Dragons C - 16.3 255 g ancho 25 (29-89);6/01/2026;CONSUMOS;-11359;11359;METROS;1.839306075;C16.3-25;IMPORTACION
CARTULINA;100301917;Rollo Cartulina Nine Dragons C - 16.3 255 g ancho 25 (29-89);6/01/2026;CONSUMOS;-5796;5796;METROS;0.9385173;C16.3-25;IMPORTACION
CARTULINA;100301917;Rollo Cartulina Nine Dragons C - 16.3 255 g ancho 25 (29-89);6/01/2026;CONSUMOS;-1820;1820;METROS;0.2947035;C16.3-25;IMPORTACION
CARTULINA;100301917;Rollo Cartulina Nine Dragons C - 16.3 255 g ancho 25 (29-89);6/01/2026;CONSUMOS;-2681;2681;METROS;0.434120925;C16.3-25;IMPORTACION
CARTULINA;100301917;Rollo Cartulina Nine Dragons C - 16.3 255 g ancho 25 (29-89);12/01/2026;CONSUMOS;-923;923;METROS;0.149456775;C16.3-25;IMPORTACION
CARTULINA;100301917;Rollo Cartulina Nine Dragons C - 16.3 255 g ancho 25 (29-89);12/01/2026;CONSUMOS;-1845;1845;METROS;0.298751625;C16.3-25;IMPORTACION
CARTULINA;100301917;Rollo Cartulina Nine Dragons C - 16.3 255 g ancho 25 (29-89);14/01/2026;CONSUMOS;-945;945;METROS;0.153019125;C16.3-25;IMPORTACION
CARTULINA;100301917;Rollo Cartulina Nine Dragons C - 16.3 255 g ancho 25 (29-89);14/01/2026;CONSUMOS;-185;185;METROS;0.029956125;C16.3-25;IMPORTACION
CARTULINA;100301917;Rollo Cartulina Nine Dragons C - 16.3 255 g ancho 25 (29-89);14/01/2026;CONSUMOS;-433;433;METROS;0.070113525;C16.3-25;IMPORTACION
CARTULINA;100301917;Rollo Cartulina Nine Dragons C - 16.3 255 g ancho 25 (29-89);20/01/2026;CONSUMOS;-5539;5539;METROS;0.896902575;C16.3-25;IMPORTACION
CARTULINA;100301917;Rollo Cartulina Nine Dragons C - 16.3 255 g ancho 25 (29-89);20/01/2026;CONSUMOS;-1769;1769;METROS;0.286445325;C16.3-25;IMPORTACION
CARTULINA;100301917;Rollo Cartulina Nine Dragons C - 16.3 255 g ancho 25 (29-89);28/01/2026;CONSUMOS;-410;410;METROS;0.06638925;C16.3-25;IMPORTACION
CARTULINA;100301924;Rollo Cartulina Nine Dragons C - 18.3 290 g ancho 25;12/01/2026;CONSUMOS;-912;912;METROS;0.1679448;C18-25-COSC;IMPORTACION
CARTULINA;100301924;Rollo Cartulina Nine Dragons C - 18.3 290 g ancho 25;13/01/2026;CONSUMOS;-1894;1894;METROS;0.3487801;C18-25-COSC;IMPORTACION
CARTULINA;100301924;Rollo Cartulina Nine Dragons C - 18.3 290 g ancho 25;16/01/2026;CONSUMOS;-2294;2294;METROS;0.4224401;C18-25-COSC;IMPORTACION
CARTULINA;100301926;Rollo Cartulina ASIA SYMBOL C-19 310 g ancho 25 (29-89);12/01/2026;CONSUMOS;-2514;2514;METROS;0.4948809;C19-25;IMPORTACION
CARTULINA;100301926;Rollo Cartulina ASIA SYMBOL C-19 310 g ancho 25 (29-89);16/01/2026;CONSUMOS;-1498;1498;METROS;0.2948813;C19-25;IMPORTACION
CARTULINA;100301926;Rollo Cartulina ASIA SYMBOL C-19 310 g ancho 25 (29-89);20/01/2026;CONSUMOS;-2198;2198;METROS;0.4326763;C19-25;IMPORTACION
CARTULINA;100301926;Rollo Cartulina ASIA SYMBOL C-19 310 g ancho 25 (29-89);20/01/2026;CONSUMOS;-8606;8606;METROS;1.6940911;C19-25;IMPORTACION
CARTULINA;100301926;Rollo Cartulina ASIA SYMBOL C-19 310 g ancho 25 (29-89);20/01/2026;CONSUMOS;-4590;4590;METROS;0.9035415;C19-25;IMPORTACION
CARTULINA;100301926;Rollo Cartulina ASIA SYMBOL C-19 310 g ancho 25 (29-89);23/01/2026;CONSUMOS;-27984;27984;METROS;5.5086504;C19-25;IMPORTACION
CARTULINA;100301926;Rollo Cartulina ASIA SYMBOL C-19 310 g ancho 25 (29-89);23/01/2026;CONSUMOS;-21818;21818;METROS;4.2948733;C19-25;IMPORTACION
CARTULINA;100301926;Rollo Cartulina ASIA SYMBOL C-19 310 g ancho 25 (29-89);27/01/2026;CONSUMOS;-5393;5393;METROS;1.06161205;C19-25;IMPORTACION
CARTULINA;100301926;Rollo Cartulina ASIA SYMBOL C-19 310 g ancho 25 (29-89);27/01/2026;CONSUMOS;-2387;2387;METROS;0.46988095;C19-25;IMPORTACION
CARTULINA;100301926;Rollo Cartulina ASIA SYMBOL C-19 310 g ancho 25 (29-89);27/01/2026;CONSUMOS;-5666;5666;METROS;1.1153521;C19-25;IMPORTACION
CARTULINA;100301926;Rollo Cartulina ASIA SYMBOL C-19 310 g ancho 25 (29-89);29/01/2026;CONSUMOS;-5375;5375;METROS;1.05806875;C19-25;IMPORTACION
CARTULINA;100301928;Rollo Cartulina Nine Dragons C - 19 305 g ancho 25 (29-89) REGIONAL;23/01/2026;CONSUMOS;-600;600;METROS;0.116205;C19-25;IMPORTACION
CARTULINA;100301936;Rollo Cartulina ASIA SYMBOL C-14 235 g ancho 25 (29-89) REGIONAL;7/01/2026;CONSUMOS;-2678;2678;METROS;0.39962455;C14-25;IMPORTACION
CARTULINA;100301936;Rollo Cartulina ASIA SYMBOL C-14 235 g ancho 25 (29-89) REGIONAL;7/01/2026;CONSUMOS;-2989;2989;METROS;0.446033525;C14-25;IMPORTACION
CARTULINA;100301936;Rollo Cartulina ASIA SYMBOL C-14 235 g ancho 25 (29-89) REGIONAL;7/01/2026;CONSUMOS;-7655;7655;METROS;1.142317375;C14-25;IMPORTACION
CARTULINA;100301936;Rollo Cartulina ASIA SYMBOL C-14 235 g ancho 25 (29-89) REGIONAL;7/01/2026;CONSUMOS;-30477;30477;METROS;4.547930325;C14-25;IMPORTACION
CARTULINA;100301936;Rollo Cartulina ASIA SYMBOL C-14 235 g ancho 25 (29-89) REGIONAL;8/01/2026;CONSUMOS;-1409;1409;METROS;0.210258025;C14-25;IMPORTACION
CARTULINA;100301936;Rollo Cartulina ASIA SYMBOL C-14 235 g ancho 25 (29-89) REGIONAL;8/01/2026;CONSUMOS;-1624;1624;METROS;0.2423414;C14-25;IMPORTACION
CARTULINA;100301936;Rollo Cartulina ASIA SYMBOL C-14 235 g ancho 25 (29-89) REGIONAL;8/01/2026;CONSUMOS;-1300;1300;METROS;0.1939925;C14-25;IMPORTACION
CARTULINA;100301936;Rollo Cartulina ASIA SYMBOL C-14 235 g ancho 25 (29-89) REGIONAL;8/01/2026;CONSUMOS;-488;488;METROS;0.0728218;C14-25;IMPORTACION
CARTULINA;100301936;Rollo Cartulina ASIA SYMBOL C-14 235 g ancho 25 (29-89) REGIONAL;8/01/2026;CONSUMOS;-4140;4140;METROS;0.6177915;C14-25;IMPORTACION
CARTULINA;100301936;Rollo Cartulina ASIA SYMBOL C-14 235 g ancho 25 (29-89) REGIONAL;21/01/2026;CONSUMOS;-1750;1750;METROS;0.26114375;C14-25;IMPORTACION
CARTULINA;100301936;Rollo Cartulina ASIA SYMBOL C-14 235 g ancho 25 (29-89) REGIONAL;26/01/2026;CONSUMOS;-2553;2553;METROS;0.380971425;C14-25;IMPORTACION
CARTULINA;100301936;Rollo Cartulina ASIA SYMBOL C-14 235 g ancho 25 (29-89) REGIONAL;26/01/2026;CONSUMOS;-10540;10540;METROS;1.5728315;C14-25;IMPORTACION
CARTULINA;100304510;Cartulina FBB DUPLEX MIRABELL -- C-17 320 gramos  22 x 38.5;16/01/2026;CONSUMOS;-51845;51845;PLIEGOS;9.065832707;COLGATE-150;IMPORTACION
CARTULINA;100304526;Cartulina SPARK C-18 270 gr 25 X 36;29/01/2026;CONSUMOS;-300;300;PLIEGOS;0.04701159;Spark;LOCAL
CARTULINA;100304532;Rollo Cartulina APP C - 19 305 g ancho 25;27/01/2026;CONSUMOS;-2265;2265;METROS;0.438673875;C19-25;IMPORTACION
CARTULINA;100304533;Rollo Cartulina APP C - 19 305 g ancho 29;23/01/2026;CONSUMOS;-1119;1119;METROS;0.25119312;C19-29;IMPORTACION
CARTULINA;100304546;Rollo Cartulina DUPLEX MIRABELL --  C - 17 320 g ancho 21.5;16/01/2026;CONSUMOS;-10237;10237;METROS;1.788936224;COLGATE-125;IMPORTACION
CARTULINA 29-89;100304547;Rollo Cartulina Spectra Natural -- C-18 267g ancho 27;8/01/2026;CONSUMOS;-58133;58133;METROS;10.64465224;BCONSUMOSBO;IMPORTACION
CARTULINA 29-89;100304547;Rollo Cartulina Spectra Natural -- C-18 267g ancho 27;8/01/2026;CONSUMOS;-12;12;METROS;0.002197303;BCONSUMOSBO;IMPORTACION
CARTULINA 29-89;100304547;Rollo Cartulina Spectra Natural -- C-18 267g ancho 27;27/01/2026;CONSUMOS;-48937;48937;METROS;8.960785558;BCONSUMOSBO;IMPORTACION
CARTULINA;100304558;Rollo Cartulina FBB MIXTO KING PAPER--  C - 13.6 225 g ancho 23.5;14/01/2026;CONSUMOS;-43158;43158;METROS;5.7874878;POLICOTE;IMPORTACION
CARTULINA;100304558;Rollo Cartulina FBB MIXTO KING PAPER--  C - 13.6 225 g ancho 23.5;14/01/2026;CONSUMOS;-45941;45941;METROS;6.1606881;POLICOTE;IMPORTACION
CARTULINA;100304559;Rollo Cartulina FBB MIXTO KING PAPER--  C - 13.6 225 g ancho 36;14/01/2026;CONSUMOS;-7125;7125;METROS;1.46525625;POLICOTE;IMPORTACION
CARTULINA;100304559;Rollo Cartulina FBB MIXTO KING PAPER--  C - 13.6 225 g ancho 36;14/01/2026;CONSUMOS;-23616;23616;METROS;4.8566304;POLICOTE;IMPORTACION
CARTULINA;100304560;Rollo Cartulina FBB MIXTO KING PAPER--  C - 13.6 225 g ancho 36.5;13/01/2026;CONSUMOS;-93709;93709;METROS;19.54535468;POLICOTE;IMPORTACION
CARTULINA;100304560;Rollo Cartulina FBB MIXTO KING PAPER--  C - 13.6 225 g ancho 36.5;14/01/2026;CONSUMOS;-4780;4780;METROS;0.9969885;POLICOTE;IMPORTACION
CARTULINA;100304563;Rollo Cartulina Nine Dragons C - 12 205 g ancho 25 (29-89);27/01/2026;CONSUMOS;-157771;157771;METROS;20.53783993;C12-25;IMPORTACION
CARTULINA;100304563;Rollo Cartulina Nine Dragons C - 12 205 g ancho 25 (29-89);27/01/2026;CONSUMOS;-810;810;METROS;0.10544175;C12-25;IMPORTACION
CARTULINA;100304563;Rollo Cartulina Nine Dragons C - 12 205 g ancho 25 (29-89);29/01/2026;CONSUMOS;-555;555;METROS;0.072247125;C12-25;IMPORTACION
CARTULINA;100304565;Rollo Cartulina DEINGRESOSCA FSC --  C - 13.5 225 g ancho 23.125;6/01/2026;CONSUMOS;-16490;16490;METROS;2.17791675;OLMECA;IMPORTACION
CARTULINA;100304565;Rollo Cartulina DEINGRESOSCA FSC --  C - 13.5 225 g ancho 23.125;6/01/2026;CONSUMOS;-7343;7343;METROS;0.969826725;OLMECA;IMPORTACION
CARTULINA;100304565;Rollo Cartulina DEINGRESOSCA FSC --  C - 13.5 225 g ancho 23.125;6/01/2026;CONSUMOS;-9095;9095;METROS;1.201222125;OLMECA;IMPORTACION
CARTULINA;100304565;Rollo Cartulina DEINGRESOSCA FSC --  C - 13.5 225 g ancho 23.125;6/01/2026;CONSUMOS;-32585;32585;METROS;4.303663875;OLMECA;IMPORTACION
CARTULINA;100304565;Rollo Cartulina DEINGRESOSCA FSC --  C - 13.5 225 g ancho 23.125;16/01/2026;CONSUMOS;-7930;7930;METROS;1.04735475;OLMECA;IMPORTACION
CARTULINA;100304565;Rollo Cartulina DEINGRESOSCA FSC --  C - 13.5 225 g ancho 23.125;16/01/2026;CONSUMOS;-15952;15952;METROS;2.1068604;OLMECA;IMPORTACION
CARTULINA;100304565;Rollo Cartulina DEINGRESOSCA FSC --  C - 13.5 225 g ancho 23.125;20/01/2026;CONSUMOS;-4976;4976;METROS;0.6572052;OLMECA;IMPORTACION
CARTULINA;100304565;Rollo Cartulina DEINGRESOSCA FSC --  C - 13.5 225 g ancho 23.125;23/01/2026;CONSUMOS;-8187;8187;METROS;1.081298025;OLMECA;IMPORTACION
CARTULINA;100304565;Rollo Cartulina DEINGRESOSCA FSC --  C - 13.5 225 g ancho 23.125;23/01/2026;CONSUMOS;-8282;8282;METROS;1.09384515;OLMECA;IMPORTACION
CARTULINA;100304565;Rollo Cartulina DEINGRESOSCA FSC --  C - 13.5 225 g ancho 23.125;27/01/2026;CONSUMOS;-5617;5617;METROS;0.741865275;OLMECA;IMPORTACION
CARTULINA;100304565;Rollo Cartulina DEINGRESOSCA FSC --  C - 13.5 225 g ancho 23.125;27/01/2026;CONSUMOS;-10609;10609;METROS;1.401183675;OLMECA;IMPORTACION
CARTULINA;100304565;Rollo Cartulina DEINGRESOSCA FSC --  C - 13.5 225 g ancho 23.125;27/01/2026;CONSUMOS;-7985;7985;METROS;1.054618875;OLMECA;IMPORTACION
CARTULINA;100304619;Rollo Cartulina BRIGHT   --  C-16 245 g ancho 23;19/01/2026;CONSUMOS;75872;75872;METROS;-10.85948349;BAYER-23;IMPORTACION
CARTULINA;100304619;Rollo Cartulina BRIGHT   --  C-16 245 g ancho 23;19/01/2026;CONSUMOS;30189;30189;METROS;-4.320921381;BAYER-23;IMPORTACION
CARTULINA;100304619;Rollo Cartulina BRIGHT   --  C-16 245 g ancho 23;26/01/2026;CONSUMOS;-32699;32699;METROS;4.680175171;BAYER-23;IMPORTACION
CARTULINA;100304625;Rollo Cartulina ASIA SYMBOL C-14 235 g ancho 28.5;16/01/2026;CONSUMOS;-895;895;METROS;0.152254268;C14-29;IMPORTACION
CARTULINA;100304627;Rollo Cartulina ASIA SYMBOL C-20 325 g ancho 29;12/01/2026;CONSUMOS;-1091;1091;METROS;0.261179945;C20-29;IMPORTACION
CARTULINA;100304627;Rollo Cartulina ASIA SYMBOL C-20 325 g ancho 29;12/01/2026;CONSUMOS;-822;822;METROS;0.19678269;C20-29;IMPORTACION
CARTULINA;100304627;Rollo Cartulina ASIA SYMBOL C-20 325 g ancho 29;12/01/2026;CONSUMOS;-4289;4289;METROS;1.026765155;C20-29;IMPORTACION
CARTULINA;100304639;Rollo Cartulina BRIGHT --  C - 16 245 g ancho 25;19/01/2026;CONSUMOS;3364;3364;METROS;-0.5233543;BAYER-25;IMPORTACION
CARTULINA;100304639;Rollo Cartulina BRIGHT --  C - 16 245 g ancho 25;19/01/2026;CONSUMOS;46218;46218;METROS;-7.19036535;BAYER-25;IMPORTACION
CARTULINA;100304640;Rollo Cartulina OBAFREE --  C-15 230 g ancho 25.5;6/01/2026;CONSUMOS;-17636;17636;METROS;2.627252556;FOSFORERA;IMPORTACION
CARTULINA;100304640;Rollo Cartulina OBAFREE --  C-15 230 g ancho 25.5;16/01/2026;CONSUMOS;-1555;1555;METROS;0.231649905;FOSFORERA;IMPORTACION
CARTULINA;100304640;Rollo Cartulina OBAFREE --  C-15 230 g ancho 25.5;21/01/2026;CONSUMOS;-117889;117889;METROS;17.56204222;FOSFORERA;IMPORTACION
CARTULINA;100304640;Rollo Cartulina OBAFREE --  C-15 230 g ancho 25.5;21/01/2026;CONSUMOS;-44915;44915;METROS;6.691032465;FOSFORERA;IMPORTACION
CARTULINA;100304640;Rollo Cartulina OBAFREE --  C-15 230 g ancho 25.5;21/01/2026;CONSUMOS;-9516;9516;METROS;1.417608036;FOSFORERA;IMPORTACION
CARTULINA;100304640;Rollo Cartulina OBAFREE --  C-15 230 g ancho 25.5;21/01/2026;CONSUMOS;-28408;28408;METROS;4.231968168;FOSFORERA;IMPORTACION
CARTULINA;100304640;Rollo Cartulina OBAFREE --  C-15 230 g ancho 25.5;23/01/2026;CONSUMOS;-871;871;METROS;0.129753741;FOSFORERA;IMPORTACION
CARTULINA;100304640;Rollo Cartulina OBAFREE --  C-15 230 g ancho 25.5;23/01/2026;CONSUMOS;-871;871;METROS;0.129753741;FOSFORERA;IMPORTACION
CARTULINA 29-89;100305967;Rollo Cartulina Nine Dragons C - 18.3 290 g ancho 29;7/01/2026;CONSUMOS;-8619;8619;METROS;1.841139066;C18-29-COSC;IMPORTACION
CARTULINA;100305981;Cartulina FBB DUPLEX MIRABELL -- C-16 300 gramos  28 x 34;8/01/2026;CONSUMOS;-117990;117990;PLIEGOS;21.74056555;COLGATE-75;IMPORTACION
CARTULINA;100305981;Cartulina FBB DUPLEX MIRABELL -- C-16 300 gramos  28 x 34;19/01/2026;CONSUMOS;-90675;90675;PLIEGOS;16.70756658;COLGATE-75;IMPORTACION
CARTULINA;100305982;Cartulina FBB DUPLEX MIRABELL -- C-16 300 gramos  20 x 32.5;10/01/2026;CONSUMOS;-78800;78800;PLIEGOS;9.91352856;COLGATE-100;IMPORTACION
CARTULINA;100305983;Cartulina FBB DUPLEX MIRABELL -- C-16 300 gramos  25.5 x 36.5;10/01/2026;CONSUMOS;-380;380;PLIEGOS;0.068455024;COLGATE-50;IMPORTACION
CARTULINA;100305983;Cartulina FBB DUPLEX MIRABELL -- C-16 300 gramos  25.5 x 36.5;19/01/2026;CONSUMOS;-37585;37585;PLIEGOS;6.770742346;COLGATE-50;IMPORTACION
CARTULINA;100305983;Cartulina FBB DUPLEX MIRABELL -- C-16 300 gramos  25.5 x 36.5;28/01/2026;CONSUMOS;-775;775;PLIEGOS;0.139612221;COLGATE-50;IMPORTACION
CARTULINA;100305984;Cartulina FBB DUPLEX MIRABELL -- C-16 300 gramos  25 x 34;24/01/2026;CONSUMOS;-13150;13150;PLIEGOS;2.16338277;COLGATE-22;IMPORTACION
CARTULINA;100305989;Cartulina FBB DUPLEX MIRABELL -- C-17 320 gramos  21.5 x 35.5;16/01/2026;CONSUMOS;-42334;42334;PLIEGOS;6.670732568;COLGATE-125;IMPORTACION
CARTULINA;100305997;Cartulina SPARK -- C-16 250 gramos 25 X 36;7/01/2026;CONSUMOS;-10300;10300;hoja(s);1.4951583;Spark;LOCAL
CARTULINA;100305997;Cartulina SPARK -- C-16 250 gramos 25 X 36;16/01/2026;CONSUMOS;-6300;6300;hoja(s);0.9145143;Spark;LOCAL
CARTULINA;100305997;Cartulina SPARK -- C-16 250 gramos 25 X 36;29/01/2026;CONSUMOS;-300;300;hoja(s);0.0435483;Spark;LOCAL
CARTULINA;100305999;Rollo Cartulina Nine Dragons C - 19 305 g ancho 24;23/01/2026;CONSUMOS;-2677;2677;METROS;0.497729256;C19-24;IMPORTACION
CARTULINA;100306002;Cartulina FBB DRAGONS YA ESTÁ -- C-16.3 255 gramos  39.5 x 25;16/01/2026;CONSUMOS;-64600;64600;PLIEGOS;10.49487417;YA ESTA;IMPORTACION
CARTULINA;100306136;Cartulina Husky -- C-16 350 gramos 30 X 40;7/01/2026;CONSUMOS;-300;300;hoja(s);0.08129016;C16-30H;LOCAL
CARTULINA;100306136;Cartulina Husky -- C-16 350 gramos 30 X 40;28/01/2026;CONSUMOS;-400;400;hoja(s);0.10838688;C16-30H;LOCAL
CARTULINA;100306141;Cartulina SPARK C-20 295 gr 25 X 36;24/01/2026;CONSUMOS;-700;700;PLIEGOS;0.119902986;Spark;LOCAL
CARTULINA;100306141;Cartulina SPARK C-20 295 gr 25 X 36;24/01/2026;CONSUMOS;-800;800;PLIEGOS;0.137031984;Spark;LOCAL
CARTULINA;100306141;Cartulina SPARK C-20 295 gr 25 X 36;24/01/2026;CONSUMOS;-800;800;PLIEGOS;0.137031984;Spark;LOCAL
PAPEL;100600005;Papel Bond 75 gramos -- 22 x 34;16/01/2026;CONSUMOS;-5800;5800;PLIEGOS;0.20947599;Bond;LOCAL
PAPEL;100600007;Papel Bond 75 gramos -- 26 x 34;28/01/2026;CONSUMOS;-700;700;PLIEGOS;0.029941876;Bond;LOCAL
PAPEL;100600007;Papel Bond 75 gramos -- 26 x 34;28/01/2026;CONSUMOS;-700;700;PLIEGOS;0.029941876;Bond;LOCAL
PAPEL;100600007;Papel Bond 75 gramos -- 26 x 34;28/01/2026;CONSUMOS;-700;700;PLIEGOS;0.029941876;Bond;LOCAL
PAPEL;100600007;Papel Bond 75 gramos -- 26 x 34;28/01/2026;CONSUMOS;-1100;1100;PLIEGOS;0.047051519;Bond;LOCAL
PAPEL;100600012;Papel Bond 90 gramos -- 24 x 36;29/01/2026;CONSUMOS;-394;394;PLIEGOS;0.019737958;Bond;LOCAL
PAPEL;100600013;Papel Bond 90 gramos -- 26 x 34;7/01/2026;CONSUMOS;-166;166;PLIEGOS;0.008509525;Bond;LOCAL
PAPEL;100600013;Papel Bond 90 gramos -- 26 x 34;10/01/2026;CONSUMOS;-27;27;PLIEGOS;0.001384079;Bond;LOCAL
PAPEL;100600013;Papel Bond 90 gramos -- 26 x 34;10/01/2026;CONSUMOS;-620;620;PLIEGOS;0.031782564;Bond;LOCAL
PAPEL;100600015;Papel Bond 120 gramos -- 22 x 34;28/01/2026;CONSUMOS;-1000;1000;PLIEGOS;0.05778648;Bond;LOCAL
PAPEL;100600017;Papel Bond 120 gramos -- 26 x 34;16/01/2026;CONSUMOS;-2300;2300;PLIEGOS;0.15720408;Bond;LOCAL
PAPEL;100600018;Papel Bond 60 gramos -- 21 x 30;7/01/2026;CONSUMOS;-25600;25600;PLIEGOS;0.623840256;Bond;LOCAL
PAPEL;100600018;Papel Bond 60 gramos -- 21 x 30;24/01/2026;CONSUMOS;-49500;49500;PLIEGOS;1.20625362;Bond;LOCAL
PAPEL;100600018;Papel Bond 60 gramos -- 21 x 30;28/01/2026;CONSUMOS;-53200;53200;PLIEGOS;1.296418032;Bond;LOCAL
PAPEL;100600020;Papel Couche Brillante B-60 -- 90 gramos  25 x 36;16/01/2026;CONSUMOS;-40600;40600;PLIEGOS;2.12074506;Couche;LOCAL
PAPEL;100600021;Papel Couche Brillante - 1 Cara - B-60 -- 90 gramos  25 x 36;16/01/2026;CONSUMOS;-3250;3250;PLIEGOS;0.169764075;Couche;LOCAL
PAPEL;100600021;Papel Couche Brillante - 1 Cara - B-60 -- 90 gramos  25 x 36;19/01/2026;CONSUMOS;-1600;1600;PLIEGOS;0.08357616;Couche;LOCAL
PAPEL;100600021;Papel Couche Brillante - 1 Cara - B-60 -- 90 gramos  25 x 36;19/01/2026;CONSUMOS;-2300;2300;PLIEGOS;0.12014073;Couche;LOCAL
PAPEL;100600021;Papel Couche Brillante - 1 Cara - B-60 -- 90 gramos  25 x 36;19/01/2026;CONSUMOS;-1900;1900;PLIEGOS;0.09924669;Couche;LOCAL
PAPEL;100600021;Papel Couche Brillante - 1 Cara - B-60 -- 90 gramos  25 x 36;24/01/2026;CONSUMOS;-3000;3000;PLIEGOS;0.1567053;Couche;LOCAL
PAPEL;100600021;Papel Couche Brillante - 1 Cara - B-60 -- 90 gramos  25 x 36;24/01/2026;CONSUMOS;-1300;1300;PLIEGOS;0.06790563;Couche;LOCAL
PAPEL;100600021;Papel Couche Brillante - 1 Cara - B-60 -- 90 gramos  25 x 36;24/01/2026;CONSUMOS;-3200;3200;PLIEGOS;0.16715232;Couche;LOCAL
PAPEL;100600021;Papel Couche Brillante - 1 Cara - B-60 -- 90 gramos  25 x 36;24/01/2026;CONSUMOS;-1800;1800;PLIEGOS;0.09402318;Couche;LOCAL
PAPEL;100600021;Papel Couche Brillante - 1 Cara - B-60 -- 90 gramos  25 x 36;24/01/2026;CONSUMOS;-2400;2400;PLIEGOS;0.12536424;Couche;LOCAL
PAPEL;100600021;Papel Couche Brillante - 1 Cara - B-60 -- 90 gramos  25 x 36;24/01/2026;CONSUMOS;-1000;1000;PLIEGOS;0.0522351;Couche;LOCAL
PAPEL;100600021;Papel Couche Brillante - 1 Cara - B-60 -- 90 gramos  25 x 36;28/01/2026;CONSUMOS;-1000;1000;PLIEGOS;0.0522351;Couche;LOCAL
PAPEL;100600021;Papel Couche Brillante - 1 Cara - B-60 -- 90 gramos  25 x 36;28/01/2026;CONSUMOS;-1600;1600;PLIEGOS;0.08357616;Couche;LOCAL
PAPEL;100600023;Papel Couche Brillante - 1 Cara - B-60 -- 90 gramos  25 x 38;7/01/2026;CONSUMOS;-1500;1500;PLIEGOS;0.082724625;Couche;LOCAL
PAPEL;100600023;Papel Couche Brillante - 1 Cara - B-60 -- 90 gramos  25 x 38;7/01/2026;CONSUMOS;-800;800;PLIEGOS;0.0441198;Couche;LOCAL
PAPEL;100600023;Papel Couche Brillante - 1 Cara - B-60 -- 90 gramos  25 x 38;10/01/2026;CONSUMOS;-19100;19100;PLIEGOS;1.053360225;Couche;LOCAL
PAPEL;100600023;Papel Couche Brillante - 1 Cara - B-60 -- 90 gramos  25 x 38;19/01/2026;CONSUMOS;-1200;1200;PLIEGOS;0.0661797;Couche;LOCAL
PAPEL;100600023;Papel Couche Brillante - 1 Cara - B-60 -- 90 gramos  25 x 38;28/01/2026;CONSUMOS;-1000;1000;PLIEGOS;0.05514975;Couche;LOCAL
PAPEL;100600023;Papel Couche Brillante - 1 Cara - B-60 -- 90 gramos  25 x 38;28/01/2026;CONSUMOS;-3500;3500;PLIEGOS;0.193024125;Couche;LOCAL
PAPEL;100600023;Papel Couche Brillante - 1 Cara - B-60 -- 90 gramos  25 x 38;28/01/2026;CONSUMOS;-900;900;PLIEGOS;0.049634775;Couche;LOCAL
PAPEL;100600023;Papel Couche Brillante - 1 Cara - B-60 -- 90 gramos  25 x 38;28/01/2026;CONSUMOS;-5200;5200;PLIEGOS;0.2867787;Couche;LOCAL
PAPEL;100600026;Papel Couche Brillante B-70 -- 105 gramos  25 x 36;16/01/2026;CONSUMOS;-5400;5400;PLIEGOS;0.32908113;Couche;LOCAL
PAPEL;100600026;Papel Couche Brillante B-70 -- 105 gramos  25 x 36;16/01/2026;CONSUMOS;-5400;5400;PLIEGOS;0.32908113;Couche;LOCAL
PAPEL;100600026;Papel Couche Brillante B-70 -- 105 gramos  25 x 36;24/01/2026;CONSUMOS;-66600;66600;PLIEGOS;4.05866727;Couche;LOCAL
PAPEL;100600026;Papel Couche Brillante B-70 -- 105 gramos  25 x 36;24/01/2026;CONSUMOS;-6000;6000;PLIEGOS;0.3656457;Couche;LOCAL
PAPEL;100600026;Papel Couche Brillante B-70 -- 105 gramos  25 x 36;28/01/2026;CONSUMOS;-1400;1400;PLIEGOS;0.08531733;Couche;LOCAL
PAPEL;100600029;Papel Couche Brillante B-80 -- 115 gramos  25 x 36;7/01/2026;CONSUMOS;-1400;1400;PLIEGOS;0.09344279;Couche;LOCAL
PAPEL;100600029;Papel Couche Brillante B-80 -- 115 gramos  25 x 36;16/01/2026;CONSUMOS;-900;900;PLIEGOS;0.060070365;Couche;LOCAL
PAPEL;100600029;Papel Couche Brillante B-80 -- 115 gramos  25 x 36;16/01/2026;CONSUMOS;-1800;1800;PLIEGOS;0.12014073;Couche;LOCAL
PAPEL;100600029;Papel Couche Brillante B-80 -- 115 gramos  25 x 36;16/01/2026;CONSUMOS;-3600;3600;PLIEGOS;0.24028146;Couche;LOCAL
PAPEL;100600029;Papel Couche Brillante B-80 -- 115 gramos  25 x 36;28/01/2026;CONSUMOS;-2000;2000;PLIEGOS;0.1334897;Couche;LOCAL
PAPEL;100600029;Papel Couche Brillante B-80 -- 115 gramos  25 x 36;29/01/2026;CONSUMOS;-200;200;PLIEGOS;0.01334897;Couche;LOCAL
PAPEL;100600030;Papel Couche Brillante B-80 -- 115 gramos  25 x 38;28/01/2026;CONSUMOS;-600;600;PLIEGOS;0.042281475;Couche;LOCAL
PAPEL;100600032;Papel Couche Brillante B-100 -- 140 gramos  25 x 36;7/01/2026;CONSUMOS;-125;125;PLIEGOS;0.010156825;Couche;LOCAL
PAPEL;100600032;Papel Couche Brillante B-100 -- 140 gramos  25 x 36;10/01/2026;CONSUMOS;-38;38;PLIEGOS;0.003087675;Couche;LOCAL
PAPEL;100600032;Papel Couche Brillante B-100 -- 140 gramos  25 x 36;10/01/2026;CONSUMOS;-64;64;PLIEGOS;0.005200294;Couche;LOCAL
PAPEL;100600032;Papel Couche Brillante B-100 -- 140 gramos  25 x 36;10/01/2026;CONSUMOS;-102;102;PLIEGOS;0.008287969;Couche;LOCAL
PAPEL;100600032;Papel Couche Brillante B-100 -- 140 gramos  25 x 36;13/01/2026;CONSUMOS;-3000;3000;PLIEGOS;0.2437638;Couche;LOCAL
PAPEL;100600032;Papel Couche Brillante B-100 -- 140 gramos  25 x 36;16/01/2026;CONSUMOS;-1800;1800;PLIEGOS;0.14625828;Couche;LOCAL
PAPEL;100600032;Papel Couche Brillante B-100 -- 140 gramos  25 x 36;24/01/2026;CONSUMOS;-3500;3500;PLIEGOS;0.2843911;Couche;LOCAL
PAPEL;100600032;Papel Couche Brillante B-100 -- 140 gramos  25 x 36;26/01/2026;CONSUMOS;-4200;4200;PLIEGOS;0.34126932;Couche;LOCAL
PAPEL;100600032;Papel Couche Brillante B-100 -- 140 gramos  25 x 36;26/01/2026;CONSUMOS;-2300;2300;PLIEGOS;0.18688558;Couche;LOCAL
PAPEL;100600032;Papel Couche Brillante B-100 -- 140 gramos  25 x 36;28/01/2026;CONSUMOS;-13300;13300;PLIEGOS;1.08068618;Couche;LOCAL
PAPEL;100600032;Papel Couche Brillante B-100 -- 140 gramos  25 x 36;29/01/2026;CONSUMOS;-3871;3871;PLIEGOS;0.314536557;Couche;LOCAL
PAPEL;100600033;Papel Couche Brillante B-100 -- 140 gramos  25 x 38;24/01/2026;CONSUMOS;-6000;6000;PLIEGOS;0.514731;Couche;LOCAL
PAPEL;100600033;Papel Couche Brillante B-100 -- 140 gramos  25 x 38;24/01/2026;CONSUMOS;-88;88;PLIEGOS;0.007549388;Couche;LOCAL
PAPEL;100600033;Papel Couche Brillante B-100 -- 140 gramos  25 x 38;24/01/2026;CONSUMOS;-23;23;PLIEGOS;0.001973136;Couche;LOCAL
PAPEL;100600033;Papel Couche Brillante B-100 -- 140 gramos  25 x 38;24/01/2026;CONSUMOS;-280;280;PLIEGOS;0.02402078;Couche;LOCAL
PAPEL;100600033;Papel Couche Brillante B-100 -- 140 gramos  25 x 38;24/01/2026;CONSUMOS;-60;60;PLIEGOS;0.00514731;Couche;LOCAL
PAPEL;100600033;Papel Couche Brillante B-100 -- 140 gramos  25 x 38;26/01/2026;CONSUMOS;-55;55;PLIEGOS;0.004718368;Couche;LOCAL
PAPEL;100600034;Papel Couche Brillante B-100 -- 140 gramos  30 x 40;16/01/2026;CONSUMOS;-1500;1500;PLIEGOS;0.16258032;Couche;LOCAL
PAPEL;100600034;Papel Couche Brillante B-100 -- 140 gramos  30 x 40;16/01/2026;CONSUMOS;-900;900;PLIEGOS;0.097548192;Couche;LOCAL
PAPEL;100600043;Papel Bond 75 gramos -- 26 x 38;7/01/2026;CONSUMOS;-5300;5300;PLIEGOS;0.253373687;Bond;LOCAL
PAPEL;100600043;Papel Bond 75 gramos -- 26 x 38;7/01/2026;CONSUMOS;-1800;1800;PLIEGOS;0.086051441;Bond;LOCAL
PAPEL;100600043;Papel Bond 75 gramos -- 26 x 38;7/01/2026;CONSUMOS;-700;700;PLIEGOS;0.033464449;Bond;LOCAL
PAPEL;100600043;Papel Bond 75 gramos -- 26 x 38;7/01/2026;CONSUMOS;-3700;3700;PLIEGOS;0.176883517;Bond;LOCAL
PAPEL;100600043;Papel Bond 75 gramos -- 26 x 38;10/01/2026;CONSUMOS;-1300;1300;PLIEGOS;0.062148263;Bond;LOCAL
PAPEL;100600043;Papel Bond 75 gramos -- 26 x 38;10/01/2026;CONSUMOS;-100;100;PLIEGOS;0.004780636;Bond;LOCAL
PAPEL;100600043;Papel Bond 75 gramos -- 26 x 38;10/01/2026;CONSUMOS;-1600;1600;PLIEGOS;0.07649017;Bond;LOCAL
PAPEL;100600043;Papel Bond 75 gramos -- 26 x 38;24/01/2026;CONSUMOS;-100;100;PLIEGOS;0.004780636;Bond;LOCAL
PAPEL;100600043;Papel Bond 75 gramos -- 26 x 38;24/01/2026;CONSUMOS;-6800;6800;PLIEGOS;0.325083221;Bond;LOCAL
PAPEL;100600043;Papel Bond 75 gramos -- 26 x 38;26/01/2026;CONSUMOS;-1200;1200;PLIEGOS;0.057367627;Bond;LOCAL
PAPEL;100600043;Papel Bond 75 gramos -- 26 x 38;28/01/2026;CONSUMOS;-6800;6800;PLIEGOS;0.325083221;Bond;LOCAL
PAPEL;100600043;Papel Bond 75 gramos -- 26 x 38;28/01/2026;CONSUMOS;-1200;1200;PLIEGOS;0.057367627;Bond;LOCAL
PAPEL;100600045;Papel Couche Brillante B-80 -- 115 gramos  30 x 40;7/01/2026;CONSUMOS;-3500;3500;PLIEGOS;0.31161228;Couche;LOCAL
PAPEL;100600045;Papel Couche Brillante B-80 -- 115 gramos  30 x 40;16/01/2026;CONSUMOS;-400;400;PLIEGOS;0.035612832;Couche;LOCAL
PAPEL;100600045;Papel Couche Brillante B-80 -- 115 gramos  30 x 40;16/01/2026;CONSUMOS;-350;350;PLIEGOS;0.031161228;Couche;LOCAL
PAPEL;100600045;Papel Couche Brillante B-80 -- 115 gramos  30 x 40;24/01/2026;CONSUMOS;-4000;4000;PLIEGOS;0.35612832;Couche;LOCAL
PAPEL;100600045;Papel Couche Brillante B-80 -- 115 gramos  30 x 40;29/01/2026;CONSUMOS;-700;700;PLIEGOS;0.062322456;Couche;LOCAL
PAPEL;100600045;Papel Couche Brillante B-80 -- 115 gramos  30 x 40;29/01/2026;CONSUMOS;-3000;3000;PLIEGOS;0.26709624;Couche;LOCAL
PAPEL;100600045;Papel Couche Brillante B-80 -- 115 gramos  30 x 40;29/01/2026;CONSUMOS;-1100;1100;PLIEGOS;0.097935288;Couche;LOCAL
PAPEL;100600068;Cartulina FBB Zenith --  C-22 330 gramos  25 x 38;28/01/2026;CONSUMOS;-1700;1700;PLIEGOS;0.343838022;C22-25;LOCAL
PAPEL;100600089;Papel Bond 80 gramos -- 26 x 36;10/01/2026;CONSUMOS;-3100;3100;PLIEGOS;0.14960352;Bond;LOCAL
PAPEL;100600094;Rollo Cartulina CMPC RC --  C - 18 265 g ancho 25;29/01/2026;CONSUMOS;-27163;27163;METROS;4.570853825;CMPC RC;IMPORTACION
PAPEL;100600102;Rollo Cartulina BRIGHT --  C - 16 245 g ancho 25;19/01/2026;CONSUMOS;-3364;3364;METROS;0.5233543;BAYER-25;IMPORTACION
PAPEL;100600102;Rollo Cartulina BRIGHT --  C - 16 245 g ancho 25;19/01/2026;CONSUMOS;-46218;46218;METROS;7.19036535;BAYER-25;IMPORTACION
PAPEL;100600106;Papel Bond 60 gramos -- 26 x 34;10/01/2026;CONSUMOS;-7000;7000;PLIEGOS;0.2392236;Bond;LOCAL
PAPEL;100600106;Papel Bond 60 gramos -- 26 x 34;28/01/2026;CONSUMOS;-49500;49500;PLIEGOS;1.6916526;Bond;LOCAL
PAPEL;100600116;Rollo Cartulina BRIGHT --  C - 16 245 g ancho 29;26/01/2026;CONSUMOS;-3188;3188;METROS;0.57486016;BAYER-29;IMPORTACION
PAPEL;100600116;Rollo Cartulina BRIGHT --  C - 16 245 g ancho 29;27/01/2026;CONSUMOS;-12974;12974;METROS;2.33947168;BAYER-29;IMPORTACION
PAPEL;100600119;Rollo Cartulina OBAFREE --  C - 16 245 g ancho 35.5;27/01/2026;CONSUMOS;-545;545;METROS;0.120306025;C16-35.5;IMPORTACION
PAPEL;100600130;Rollo Cartulina POPLAR --  C - 16 255 g ancho 22;28/01/2026;CONSUMOS;-2935;2935;METROS;0.41762115;C16-22;IMPORTACION
PAPEL;100600135;Rollo Cartulina BRIGHT     C - 16 245 g ancho 23;19/01/2026;CONSUMOS;-75872;75872;METROS;10.85576576;BAYER-23;IMPORTACION
PAPEL;100600135;Rollo Cartulina BRIGHT     C - 16 245 g ancho 23;19/01/2026;CONSUMOS;-30189;30189;METROS;4.31944212;BAYER-23;IMPORTACION
Cartulina;100300001;Cartulina Husky -- C-8 200 gramos 25 x 36;4/02/2026;INGRESOS;1000;1000;hoja(s);0.116078;C8-25H;LOCAL
Cartulina;100300001;Cartulina Husky -- C-8 200 gramos 25 x 36;24/02/2026;INGRESOS;1000;1000;hoja(s);0.116078;C8-25H;LOCAL
Cartulina;100300012;Cartulina Husky -- C-14 300 gramos 30 x 40;20/02/2026;INGRESOS;4000;4000;hoja(s);0.9290304;C14-30H;LOCAL
Cartulina;100300013;Cartulina Husky -- C-16 350 gramos 25 x 38;20/02/2026;INGRESOS;3500;3500;hoja(s);0.750649375;C16-25H;LOCAL
Cartulina;100300996;Cartulina FBB Zenith LOCAL -- C-18 295 gramos 25 x 36;3/02/2026;INGRESOS;4500;4500;hoja(s);0.770467725;C18-25;LOCAL
Cartulina;100300996;Cartulina FBB Zenith LOCAL -- C-18 295 gramos 25 x 36;11/02/2026;INGRESOS;3100;3100;hoja(s);0.530766655;C18-25;LOCAL
Cartulina;100300996;Cartulina FBB Zenith LOCAL -- C-18 295 gramos 25 x 36;12/02/2026;INGRESOS;5000;5000;hoja(s);0.85607525;C18-25;LOCAL
Cartulina;100301871;Cartulina SPARK C-12 200 gr 25 X 38;3/02/2026;INGRESOS;200;200;hoja(s);0.024511;Papesp;LOCAL
Cartulina;100304510;Cartulina FBB DUPLEX MIRABELL -- C-17 320 gramos  22 x 38.5;19/02/2026;INGRESOS;92766;92766;PLIEGOS;16.22144926;COLGATE-150;IMPORTACION
Cartulina;100304510;Cartulina FBB DUPLEX MIRABELL -- C-17 320 gramos  22 x 38.5;19/02/2026;INGRESOS;0;0;PLIEGOS;0;COLGATE-150;IMPORTACION
Cartulina;100304530;Cartulina SPARK C-20 295 gr 30 X 40;24/02/2026;INGRESOS;7200;7200;PLIEGOS;1.644383808;Spark;LOCAL
Cartulina;100304547;Rollo Cartulina Spectra Natural -- C-18 267g ancho 27;9/02/2026;INGRESOS;0;0;METROS;0;BCONSUMOSBO;IMPORTACION
Cartulina;100304565;Rollo Cartulina DEINGRESOSCA FSC --  C - 13.5 225 g ancho 23.125;10/02/2026;INGRESOS;288332;288332;METROS;38.0814489;OLMECA;IMPORTACION
Cartulina;100304565;Rollo Cartulina DEINGRESOSCA FSC --  C - 13.5 225 g ancho 23.125;11/02/2026;INGRESOS;0;0;METROS;0;OLMECA;IMPORTACION
Cartulina;100304640;Rollo Cartulina OBAFREE --  C-15 230 g ancho 25.5;10/02/2026;INGRESOS;128526;128526;METROS;19.14664675;FOSFORERA;IMPORTACION
Cartulina;100304640;Rollo Cartulina OBAFREE --  C-15 230 g ancho 25.5;10/02/2026;INGRESOS;0;0;METROS;0;FOSFORERA;IMPORTACION
Cartulina;100305969;Cartulina FBB DRAGONS -- C-15.7 245 gramos 34.5 x 27;10/02/2026;INGRESOS;159300;159300;PLIEGOS;23.45482261;HONDURAS FOS;IMPORTACION
Cartulina;100305969;Cartulina FBB DRAGONS -- C-15.7 245 gramos 34.5 x 27;11/02/2026;INGRESOS;0;0;PLIEGOS;0;HONDURAS FOS;IMPORTACION
Cartulina;100305985;Cartulina FBB DUPLEX MIRABELL -- C-17 320 gramos  21.5 x 35;19/02/2026;INGRESOS;44315;44315;PLIEGOS;6.884535908;COLGATE-125;IMPORTACION
Cartulina;100305985;Cartulina FBB DUPLEX MIRABELL -- C-17 320 gramos  21.5 x 35;19/02/2026;INGRESOS;0;0;PLIEGOS;0;COLGATE-125;IMPORTACION
Cartulina;100305987;Cartulina SPARK C-12 200 gr 30 X 40;3/02/2026;INGRESOS;200;200;PLIEGOS;0.03096768;Spark;LOCAL
Cartulina;100306131;Rollo Cartulina FBB PROTO C1S -- C-24 396 g ancho 30.5;26/02/2026;INGRESOS;17172;17172;METROS;5.268046766;GILDAN;IMPORTACION
Cartulina;100306132;Rollo Cartulina FBB PROTO C1S -- C-24 396 g ancho 29;26/02/2026;INGRESOS;36813;36813;METROS;10.7381165;GILDAN;IMPORTACION
Cartulina;100306133;Rollo Cartulina FBB PROTO C1S -- C-24 396 g ancho 28.5;26/02/2026;INGRESOS;88157;88157;METROS;25.27147351;GILDAN;IMPORTACION
Cartulina;100306134;Rollo Cartulina FBB PROTO C1S -- C-24 396 g ancho 26.5;26/02/2026;INGRESOS;131545;131545;METROS;35.06300404;GILDAN;IMPORTACION
Cartulina;100306136;Cartulina Husky -- C-16 350 gramos 30 X 40;4/02/2026;INGRESOS;8000;8000;hoja(s);2.1677376;C16-30H;LOCAL
Cartulina;100306136;Cartulina Husky -- C-16 350 gramos 30 X 40;25/02/2026;INGRESOS;100;100;hoja(s);0.02709672;C16-30H;LOCAL
Cartulina;100306141;Cartulina SPARK C-20 295 gr 25 X 36;3/02/2026;INGRESOS;700;700;PLIEGOS;0.119902986;Spark;LOCAL
Papel;100600006;Papel Bond 75 gramos -- 26 x 34;3/02/2026;INGRESOS;2000;2000;PLIEGOS;0.085437;Bond;LOCAL
Papel;100600008;Papel Bond 75 gramos -- 26 x 36;17/02/2026;INGRESOS;7500;7500;PLIEGOS;0.33967674;Bond;LOCAL
Papel;100600009;Papel Bond 75 gramos -- 26 x 38;3/02/2026;INGRESOS;5500;5500;PLIEGOS;0.26272125;Bond;LOCAL
Papel;100600009;Papel Bond 75 gramos -- 26 x 38;17/02/2026;INGRESOS;2500;2500;PLIEGOS;0.11941875;Bond;LOCAL
Papel;100600012;Papel Bond 90 gramos -- 24 x 36;24/02/2026;INGRESOS;3500;3500;PLIEGOS;0.17533719;Bond;LOCAL
Papel;100600020;Papel Couche Brillante B-60 -- 90 gramos  25 x 36;4/02/2026;INGRESOS;39500;39500;PLIEGOS;2.06328645;Couche;LOCAL
Papel;100600020;Papel Couche Brillante B-60 -- 90 gramos  25 x 36;24/02/2026;INGRESOS;30000;30000;PLIEGOS;1.567053;Couche;LOCAL
Papel;100600021;Papel Couche Brillante - 1 Cara - B-60 -- 90 gramos  25 x 36;17/02/2026;INGRESOS;3250;3250;PLIEGOS;0.169764075;Couche;LOCAL
Papel;100600021;Papel Couche Brillante - 1 Cara - B-60 -- 90 gramos  25 x 36;25/02/2026;INGRESOS;5750;5750;PLIEGOS;0.300351825;Couche;LOCAL
Papel;100600023;Papel Couche Brillante - 1 Cara - B-60 -- 90 gramos  25 x 38;25/02/2026;INGRESOS;4750;4750;PLIEGOS;0.261961313;Couche;LOCAL
Papel;100600026;Papel Couche Brillante B-70 -- 105 gramos  25 x 36;4/02/2026;INGRESOS;8000;8000;PLIEGOS;0.4875276;Couche;LOCAL
Papel;100600026;Papel Couche Brillante B-70 -- 105 gramos  25 x 36;11/02/2026;INGRESOS;32750;32750;PLIEGOS;1.995816113;Couche;LOCAL
Papel;100600026;Papel Couche Brillante B-70 -- 105 gramos  25 x 36;17/02/2026;INGRESOS;77000;77000;PLIEGOS;4.69245315;Couche;LOCAL
Papel;100600026;Papel Couche Brillante B-70 -- 105 gramos  25 x 36;24/02/2026;INGRESOS;5250;5250;PLIEGOS;0.319939988;Couche;LOCAL
Papel;100600029;Papel Couche Brillante B-80 -- 115 gramos  25 x 36;4/02/2026;INGRESOS;1750;1750;PLIEGOS;0.116803488;Couche;LOCAL
Papel;100600029;Papel Couche Brillante B-80 -- 115 gramos  25 x 36;17/02/2026;INGRESOS;1500;1500;PLIEGOS;0.100117275;Couche;LOCAL
Papel;100600029;Papel Couche Brillante B-80 -- 115 gramos  25 x 36;24/02/2026;INGRESOS;3500;3500;PLIEGOS;0.233606975;Couche;LOCAL
Papel;100600032;Papel Couche Brillante B-100 -- 140 gramos  25 x 36;9/02/2026;INGRESOS;3500;3500;PLIEGOS;0.2843911;Couche;LOCAL
Papel;100600032;Papel Couche Brillante B-100 -- 140 gramos  25 x 36;11/02/2026;INGRESOS;1000;1000;PLIEGOS;0.0812546;Couche;LOCAL
Papel;100600032;Papel Couche Brillante B-100 -- 140 gramos  25 x 36;17/02/2026;INGRESOS;3750;3750;PLIEGOS;0.30470475;Couche;LOCAL
Papel;100600032;Papel Couche Brillante B-100 -- 140 gramos  25 x 36;17/02/2026;INGRESOS;8250;8250;PLIEGOS;0.67035045;Couche;LOCAL
Papel;100600032;Papel Couche Brillante B-100 -- 140 gramos  25 x 36;18/02/2026;INGRESOS;20000;20000;PLIEGOS;1.625092;Couche;LOCAL
Papel;100600032;Papel Couche Brillante B-100 -- 140 gramos  25 x 36;24/02/2026;INGRESOS;1250;1250;PLIEGOS;0.10156825;Couche;LOCAL
Papel;100600033;Papel Couche Brillante B-100 -- 140 gramos  25 x 38;10/02/2026;INGRESOS;250;250;PLIEGOS;0.021447125;Couche;LOCAL
Papel;100600033;Papel Couche Brillante B-100 -- 140 gramos  25 x 38;20/02/2026;INGRESOS;750;750;PLIEGOS;0.064341375;Couche;LOCAL
Papel;100600034;Papel Couche Brillante B-100 -- 140 gramos  30 x 40;24/02/2026;INGRESOS;750;750;PLIEGOS;0.08129016;Couche;LOCAL
Papel;100600043;Papel Bond 75 gramos -- 26 x 38;17/02/2026;INGRESOS;8500;8500;PLIEGOS;0.406354026;Bond;LOCAL
Papel;100600043;Papel Bond 75 gramos -- 26 x 38;20/02/2026;INGRESOS;1500;1500;PLIEGOS;0.071709534;Bond;LOCAL
Papel;100600045;Papel Couche Brillante B-80 -- 115 gramos  30 x 40;25/02/2026;INGRESOS;13000;13000;PLIEGOS;1.15741704;Couche;LOCAL
Cartulina;100700009;Cartulina Kraft -- C-15 225 gramos 38 x 23;9/02/2026;INGRESOS;80000;80000;hoja(s);10.14965712;Kraft;IMPORTACION
Cartulina;100301356;Rollo Cartulina ASIA SYMBOL C-16 270 g ancho 25;3/02/2026;CONSUMOS;-1881;1881;METROS;0.32249745;C16-25;IMPORTACION
Cartulina;100301356;Rollo Cartulina ASIA SYMBOL C-16 270 g ancho 25;3/02/2026;CONSUMOS;-2305;2305;METROS;0.39519225;C16-25;IMPORTACION
Cartulina;100301357;Rollo Cartulina ASIA SYMBOL C-18 295 g ancho 25;3/02/2026;CONSUMOS;-3783;3783;METROS;0.708650475;C18-25;IMPORTACION
Cartulina;100301357;Rollo Cartulina ASIA SYMBOL C-18 295 g ancho 25;3/02/2026;CONSUMOS;-11700;11700;METROS;2.1917025;C18-25;IMPORTACION
Cartulina;100301357;Rollo Cartulina ASIA SYMBOL C-18 295 g ancho 25;3/02/2026;CONSUMOS;-1621;1621;METROS;0.303653825;C18-25;IMPORTACION
Cartulina;100301357;Rollo Cartulina ASIA SYMBOL C-18 295 g ancho 25;3/02/2026;CONSUMOS;-2598;2598;METROS;0.48667035;C18-25;IMPORTACION
Cartulina;100301357;Rollo Cartulina ASIA SYMBOL C-18 295 g ancho 25;3/02/2026;CONSUMOS;-2661;2661;METROS;0.498471825;C18-25;IMPORTACION
Cartulina;100301824;Rollo Cartulina ASIA SYMBOL C-14 235 g ancho 25;3/02/2026;CONSUMOS;-690;690;METROS;0.10296525;C14-25;IMPORTACION
Cartulina;100301824;Rollo Cartulina ASIA SYMBOL C-14 235 g ancho 25;3/02/2026;CONSUMOS;-6450;6450;METROS;0.96250125;C14-25;IMPORTACION
Cartulina;100301824;Rollo Cartulina ASIA SYMBOL C-14 235 g ancho 25;3/02/2026;CONSUMOS;-1002;1002;METROS;0.14952345;C14-25;IMPORTACION
Cartulina;100301824;Rollo Cartulina ASIA SYMBOL C-14 235 g ancho 25;3/02/2026;CONSUMOS;-170;170;METROS;0.02536825;C14-25;IMPORTACION
Cartulina;100301824;Rollo Cartulina ASIA SYMBOL C-14 235 g ancho 25;3/02/2026;CONSUMOS;-899;899;METROS;0.134153275;C14-25;IMPORTACION
Cartulina;100301848;Rollo Cartulina ASIA SYMBOL C-20 325 g ancho 25;3/02/2026;CONSUMOS;-2228;2228;METROS;0.4598035;C20-25;IMPORTACION
Cartulina;100301848;Rollo Cartulina ASIA SYMBOL C-20 325 g ancho 25;3/02/2026;CONSUMOS;-8188;8188;METROS;1.6897985;C20-25;IMPORTACION
Cartulina;100301848;Rollo Cartulina ASIA SYMBOL C-20 325 g ancho 25;3/02/2026;CONSUMOS;-4013;4013;METROS;0.828182875;C20-25;IMPORTACION
Cartulina;100301856;Rollo Cartulina OBAFREE --  C - 18 265 g ancho 23;3/02/2026;CONSUMOS;-775;775;METROS;0.119939;C18-23;IMPORTACION
Cartulina;100301917;Rollo Cartulina Nine Dragons C - 16.3 255 g ancho 25 (29-89);3/02/2026;CONSUMOS;-1216;1216;METROS;0.1969008;C16.3-25;IMPORTACION
Cartulina;100301917;Rollo Cartulina Nine Dragons C - 16.3 255 g ancho 25 (29-89);3/02/2026;CONSUMOS;-2056;2056;METROS;0.3329178;C16.3-25;IMPORTACION
Cartulina;100301917;Rollo Cartulina Nine Dragons C - 16.3 255 g ancho 25 (29-89);3/02/2026;CONSUMOS;-4558;4558;METROS;0.73805415;C16.3-25;IMPORTACION
Cartulina;100301936;Rollo Cartulina ASIA SYMBOL C-14 235 g ancho 25 (29-89) REGIONAL;3/02/2026;CONSUMOS;-1933;1933;METROS;0.288451925;C14-25;IMPORTACION
Cartulina;100304619;Rollo Cartulina BRIGHT   --  C-16 245 g ancho 23;3/02/2026;CONSUMOS;-810;810;METROS;0.11593449;BAY-C16-23;IMPORTACION
Cartulina;100304627;Rollo Cartulina ASIA SYMBOL C-20 325 g ancho 29;3/02/2026;CONSUMOS;-1136;1136;METROS;0.27195272;C20-29;IMPORTACION
Cartulina;100304627;Rollo Cartulina ASIA SYMBOL C-20 325 g ancho 29;3/02/2026;CONSUMOS;-1384;1384;METROS;0.33132268;C20-29;IMPORTACION
Cartulina;100306003;Rollo Cartulina Nine Dragons C - 16.3 255 g ancho 28.5;3/02/2026;CONSUMOS;-15565;15565;METROS;2.873213393;C16.3-28.5;IMPORTACION
Cartulina;100301357;Rollo Cartulina ASIA SYMBOL C-18 295 g ancho 25;4/02/2026;CONSUMOS;-6926;6926;METROS;1.29741295;C18-25;IMPORTACION
Cartulina;100301908;Rollo Cartulina Nine Dragons C - 13.6 215 g ancho 25 (29-89);4/02/2026;CONSUMOS;-21330;21330;METROS;2.91207825;C13.6-25;IMPORTACION
Cartulina;100301908;Rollo Cartulina Nine Dragons C - 13.6 215 g ancho 25 (29-89);4/02/2026;CONSUMOS;-1016;1016;METROS;0.1387094;C13.6-25;IMPORTACION
Cartulina;100301920;Rollo Cartulina Nine Dragons C - 16.3 255 g ancho 35.5 (29-89);4/02/2026;CONSUMOS;-3952;3952;METROS;0.90799176;C16.3-35.5;IMPORTACION
Cartulina;100301920;Rollo Cartulina Nine Dragons C - 16.3 255 g ancho 35.5 (29-89);4/02/2026;CONSUMOS;-250;250;METROS;0.05743875;C16.3-35.5;IMPORTACION
Cartulina;100301928;Rollo Cartulina Nine Dragons C - 19 305 g ancho 25 (29-89) REGIONAL;4/02/2026;CONSUMOS;-405;405;METROS;0.078438375;C19-25;IMPORTACION
Cartulina;100304541;Rollo Cartulina ASIA SYMBOL C-12 230 g ancho 25;4/02/2026;CONSUMOS;-333;333;METROS;0.04863465;C12-25;IMPORTACION
Cartulina;100304541;Rollo Cartulina ASIA SYMBOL C-12 230 g ancho 25;4/02/2026;CONSUMOS;-1893;1893;METROS;0.27647265;C12-25;IMPORTACION
Cartulina;100304541;Rollo Cartulina ASIA SYMBOL C-12 230 g ancho 25;4/02/2026;CONSUMOS;-1260;1260;METROS;0.184023;C12-25;IMPORTACION
Cartulina;100304565;Rollo Cartulina DEINGRESOSCA FSC --  C - 13.5 225 g ancho 23.125;4/02/2026;CONSUMOS;-16882;16882;METROS;2.22969015;OLMECA;IMPORTACION
Cartulina;100304565;Rollo Cartulina DEINGRESOSCA FSC --  C - 13.5 225 g ancho 23.125;4/02/2026;CONSUMOS;-15391;15391;METROS;2.032766325;OLMECA;IMPORTACION
Cartulina;100304565;Rollo Cartulina DEINGRESOSCA FSC --  C - 13.5 225 g ancho 23.125;4/02/2026;CONSUMOS;-150;150;METROS;0.01981125;OLMECA;IMPORTACION
Cartulina;100300001;Cartulina Husky -- C-8 200 gramos 25 x 36;5/02/2026;CONSUMOS;-1000;1000;hoja(s);0.116078;C8-25H;LOCAL
Cartulina;100300007;Cartulina Husky -- C-12 270 gramos 25 x 41.5 (29-89);5/02/2026;CONSUMOS;-1900;1900;hoja(s);0.34334577;C12-25H;LOCAL
Cartulina;100300996;Cartulina FBB Zenith LOCAL -- C-18 295 gramos 25 x 36;5/02/2026;CONSUMOS;-4500;4500;hoja(s);0.770467725;C18-25;LOCAL
Cartulina;100301356;Rollo Cartulina ASIA SYMBOL C-16 270 g ancho 25;5/02/2026;CONSUMOS;-7169;7169;METROS;1.22912505;C16-25;IMPORTACION
Cartulina;100301357;Rollo Cartulina ASIA SYMBOL C-18 295 g ancho 25;5/02/2026;CONSUMOS;-2452;2452;METROS;0.4593209;C18-25;IMPORTACION
Cartulina;100301871;Cartulina SPARK C-12 200 gr 25 X 38;5/02/2026;CONSUMOS;-200;200;hoja(s);0.024511;Papesp;LOCAL
Cartulina;100301908;Rollo Cartulina Nine Dragons C - 13.6 215 g ancho 25 (29-89);5/02/2026;CONSUMOS;-2566;2566;METROS;0.35032315;C13.6-25;IMPORTACION
Cartulina;100301917;Rollo Cartulina Nine Dragons C - 16.3 255 g ancho 25 (29-89);5/02/2026;CONSUMOS;-3461;3461;METROS;0.560422425;C16.3-25;IMPORTACION
Cartulina;100304565;Rollo Cartulina DEINGRESOSCA FSC --  C - 13.5 225 g ancho 23.125;5/02/2026;CONSUMOS;-3828;3828;METROS;0.5055831;OLMECA;IMPORTACION
Cartulina;100304640;Rollo Cartulina OBAFREE --  C-15 230 g ancho 25.5;5/02/2026;CONSUMOS;-22723;22723;METROS;3.385068033;FOSFORERA;IMPORTACION
Cartulina;100304640;Rollo Cartulina OBAFREE --  C-15 230 g ancho 25.5;5/02/2026;CONSUMOS;-26793;26793;METROS;3.991380003;FOSFORERA;IMPORTACION
Cartulina;100304640;Rollo Cartulina OBAFREE --  C-15 230 g ancho 25.5;5/02/2026;CONSUMOS;-27037;27037;METROS;4.027728927;FOSFORERA;IMPORTACION
Cartulina;100304640;Rollo Cartulina OBAFREE --  C-15 230 g ancho 25.5;5/02/2026;CONSUMOS;-53987;53987;METROS;8.042497377;FOSFORERA;IMPORTACION
Cartulina;100305983;Cartulina FBB DUPLEX MIRABELL -- C-16 300 gramos  25.5 x 36.5;5/02/2026;CONSUMOS;-355;355;PLIEGOS;0.063951404;COLGATE-50;IMPORTACION
Cartulina;100305987;Cartulina SPARK C-12 200 gr 30 X 40;5/02/2026;CONSUMOS;-200;200;PLIEGOS;0.03096768;Spark;LOCAL
Cartulina;100306002;Cartulina FBB DRAGONS YA ESTÁ -- C-16.3 255 gramos  39.5 x 25;5/02/2026;CONSUMOS;-26300;26300;PLIEGOS;4.272680971;YA ESTA;IMPORTACION
Cartulina;100306136;Cartulina Husky -- C-16 350 gramos 30 X 40;5/02/2026;CONSUMOS;-3600;3600;hoja(s);0.97548192;C16-30H;LOCAL
Cartulina;100306136;Cartulina Husky -- C-16 350 gramos 30 X 40;5/02/2026;CONSUMOS;-4300;4300;hoja(s);1.16515896;C16-30H;LOCAL
Papel;100600003;Papel Bond 55 gramos -- 26 x 34;5/02/2026;CONSUMOS;-2100;2100;PLIEGOS;0.06578649;Bond;LOCAL
Papel;100600003;Papel Bond 55 gramos -- 26 x 34;5/02/2026;CONSUMOS;-1300;1300;PLIEGOS;0.04072497;Bond;LOCAL
Papel;100600006;Papel Bond 75 gramos -- 26 x 34;5/02/2026;CONSUMOS;-26300;26300;PLIEGOS;1.12349655;Bond;LOCAL
Papel;100600006;Papel Bond 75 gramos -- 26 x 34;5/02/2026;CONSUMOS;-1900;1900;PLIEGOS;0.08116515;Bond;LOCAL
Papel;100600009;Papel Bond 75 gramos -- 26 x 38;5/02/2026;CONSUMOS;-5100;5100;PLIEGOS;0.24361425;Bond;LOCAL
Papel;100600013;Papel Bond 90 gramos -- 26 x 34;5/02/2026;CONSUMOS;-1500;1500;PLIEGOS;0.0768933;Bond;LOCAL
Papel;100600015;Papel Bond 120 gramos -- 22 x 34;5/02/2026;CONSUMOS;-1800;1800;PLIEGOS;0.104015664;Bond;LOCAL
Papel;100600020;Papel Couche Brillante B-60 -- 90 gramos  25 x 36;5/02/2026;CONSUMOS;-1100;1100;PLIEGOS;0.05745861;Couche;LOCAL
Papel;100600020;Papel Couche Brillante B-60 -- 90 gramos  25 x 36;5/02/2026;CONSUMOS;-39250;39250;PLIEGOS;2.050227675;Couche;LOCAL
Papel;100600026;Papel Couche Brillante B-70 -- 105 gramos  25 x 36;5/02/2026;CONSUMOS;-7800;7800;PLIEGOS;0.47533941;Couche;LOCAL
Papel;100600029;Papel Couche Brillante B-80 -- 115 gramos  25 x 36;5/02/2026;CONSUMOS;-1700;1700;PLIEGOS;0.113466245;Couche;LOCAL
Papel;100600032;Papel Couche Brillante B-100 -- 140 gramos  25 x 36;5/02/2026;CONSUMOS;-1188;1188;PLIEGOS;0.096530465;Couche;LOCAL
Papel;100600032;Papel Couche Brillante B-100 -- 140 gramos  25 x 36;5/02/2026;CONSUMOS;-1700;1700;PLIEGOS;0.13813282;Couche;LOCAL
Papel;100600033;Papel Couche Brillante B-100 -- 140 gramos  25 x 38;5/02/2026;CONSUMOS;-994;994;PLIEGOS;0.085273769;Couche;LOCAL
Cartulina;100301924;Rollo Cartulina Nine Dragons C - 18.3 290 g ancho 25;6/02/2026;CONSUMOS;-8980;8980;METROS;1.653667;C18-25-COSC;IMPORTACION
Cartulina;100600094;Rollo Cartulina CMPC RC --  C - 18 265 g ancho 25;6/02/2026;CONSUMOS;-3134;3134;METROS;0.52737385;CMPC RC;IMPORTACION
Cartulina;100600094;Rollo Cartulina CMPC RC --  C - 18 265 g ancho 25;6/02/2026;CONSUMOS;-3354;3354;METROS;0.56439435;CMPC RC;IMPORTACION
Cartulina;100301908;Rollo Cartulina Nine Dragons C - 13.6 215 g ancho 25 (29-89);9/02/2026;CONSUMOS;-3409;3409;METROS;0.465413725;C13.6-25;IMPORTACION
Cartulina;100301909;Rollo Cartulina Nine Dragons C - 13.6 215 g ancho 30 (29-89);9/02/2026;CONSUMOS;-2161;2161;METROS;0.35403663;C13.6-30;IMPORTACION
Cartulina;100301909;Rollo Cartulina Nine Dragons C - 13.6 215 g ancho 30 (29-89);9/02/2026;CONSUMOS;-12920;12920;METROS;2.1166836;C13.6-30;IMPORTACION
Cartulina;100301909;Rollo Cartulina Nine Dragons C - 13.6 215 g ancho 30 (29-89);9/02/2026;CONSUMOS;-2114;2114;METROS;0.34633662;C13.6-30;IMPORTACION
Cartulina;100301920;Rollo Cartulina Nine Dragons C - 16.3 255 g ancho 35.5 (29-89);9/02/2026;CONSUMOS;-5806;5806;METROS;1.33395753;C16.3-35.5;IMPORTACION
Cartulina;100300012;Cartulina Husky -- C-14 300 gramos 30 x 40;10/02/2026;CONSUMOS;-300;300;hoja(s);0.06967728;C14-30H;LOCAL
Cartulina;100300013;Cartulina Husky -- C-16 350 gramos 25 x 38;10/02/2026;CONSUMOS;-65;65;hoja(s);0.013940631;C16-25H;LOCAL
Cartulina;100300013;Cartulina Husky -- C-16 350 gramos 25 x 38;10/02/2026;CONSUMOS;-188;188;hoja(s);0.040320595;C16-25H;LOCAL
Cartulina;100300013;Cartulina Husky -- C-16 350 gramos 25 x 38;10/02/2026;CONSUMOS;-7;7;hoja(s);0.001501299;C16-25H;LOCAL
Cartulina;100300298;Cartulina FBB Zenith LOCAL -- C-14 235 gramos 25 x 38;10/02/2026;CONSUMOS;-3965;3965;hoja(s);0.570968426;C14-25;LOCAL
Cartulina;100301356;Rollo Cartulina ASIA SYMBOL C-16 270 g ancho 25;10/02/2026;CONSUMOS;-1520;1520;METROS;0.260604;C16-25;IMPORTACION
Cartulina;100305984;Cartulina FBB DUPLEX MIRABELL -- C-16 300 gramos  25 x 34;10/02/2026;CONSUMOS;-42855;42855;PLIEGOS;7.050324609;COLGATE-22;IMPORTACION
Papel;100600009;Papel Bond 75 gramos -- 26 x 38;10/02/2026;CONSUMOS;-1600;1600;PLIEGOS;0.076428;Bond;LOCAL
Papel;100600013;Papel Bond 90 gramos -- 26 x 34;10/02/2026;CONSUMOS;-169;169;PLIEGOS;0.008663312;Bond;LOCAL
Papel;100600013;Papel Bond 90 gramos -- 26 x 34;10/02/2026;CONSUMOS;-410;410;PLIEGOS;0.021017502;Bond;LOCAL
Papel;100600021;Papel Couche Brillante - 1 Cara - B-60 -- 90 gramos  25 x 36;10/02/2026;CONSUMOS;-1000;1000;PLIEGOS;0.0522351;Couche;LOCAL
Papel;100600023;Papel Couche Brillante - 1 Cara - B-60 -- 90 gramos  25 x 38;10/02/2026;CONSUMOS;-800;800;PLIEGOS;0.0441198;Couche;LOCAL
Papel;100600030;Papel Couche Brillante B-80 -- 115 gramos  25 x 38;10/02/2026;CONSUMOS;-42;42;PLIEGOS;0.002959703;Couche;LOCAL
Papel;100600032;Papel Couche Brillante B-100 -- 140 gramos  25 x 36;10/02/2026;CONSUMOS;-3871;3871;PLIEGOS;0.314536557;Couche;LOCAL
Cartulina;100301824;Rollo Cartulina ASIA SYMBOL C-14 235 g ancho 25;11/02/2026;CONSUMOS;-1917;1917;METROS;0.286064325;C14-25;IMPORTACION
Cartulina;100301824;Rollo Cartulina ASIA SYMBOL C-14 235 g ancho 25;11/02/2026;CONSUMOS;-598;598;METROS;0.08923655;C14-25;IMPORTACION
Cartulina;100301824;Rollo Cartulina ASIA SYMBOL C-14 235 g ancho 25;11/02/2026;CONSUMOS;-524;524;METROS;0.0781939;C14-25;IMPORTACION
Cartulina;100301848;Rollo Cartulina ASIA SYMBOL C-20 325 g ancho 25;11/02/2026;CONSUMOS;-7057;7057;METROS;1.456388375;C20-25;IMPORTACION
Cartulina;100301926;Rollo Cartulina ASIA SYMBOL C-19 310 g ancho 25 (29-89);11/02/2026;CONSUMOS;-1824;1824;METROS;0.3590544;C19-25;IMPORTACION
Cartulina;100301926;Rollo Cartulina ASIA SYMBOL C-19 310 g ancho 25 (29-89);11/02/2026;CONSUMOS;-24656;24656;METROS;4.8535336;C19-25;IMPORTACION
Cartulina;100301936;Rollo Cartulina ASIA SYMBOL C-14 235 g ancho 25 (29-89) REGIONAL;11/02/2026;CONSUMOS;-1004;1004;METROS;0.1498219;C14-25;IMPORTACION
Cartulina;100304565;Rollo Cartulina DEINGRESOSCA FSC --  C - 13.5 225 g ancho 23.125;11/02/2026;CONSUMOS;-15536;15536;METROS;2.0519172;OLMECA;IMPORTACION
Cartulina;100304565;Rollo Cartulina DEINGRESOSCA FSC --  C - 13.5 225 g ancho 23.125;11/02/2026;CONSUMOS;-8526;8526;METROS;1.12607145;OLMECA;IMPORTACION
Cartulina;100304565;Rollo Cartulina DEINGRESOSCA FSC --  C - 13.5 225 g ancho 23.125;11/02/2026;CONSUMOS;-15583;15583;METROS;2.058124725;OLMECA;IMPORTACION
Cartulina;100304565;Rollo Cartulina DEINGRESOSCA FSC --  C - 13.5 225 g ancho 23.125;11/02/2026;CONSUMOS;-7987;7987;METROS;1.054883025;OLMECA;IMPORTACION
Cartulina;100304565;Rollo Cartulina DEINGRESOSCA FSC --  C - 13.5 225 g ancho 23.125;11/02/2026;CONSUMOS;-8169;8169;METROS;1.078920675;OLMECA;IMPORTACION
Cartulina;100304565;Rollo Cartulina DEINGRESOSCA FSC --  C - 13.5 225 g ancho 23.125;11/02/2026;CONSUMOS;-16025;16025;METROS;2.116501875;OLMECA;IMPORTACION
Cartulina;100304565;Rollo Cartulina DEINGRESOSCA FSC --  C - 13.5 225 g ancho 23.125;11/02/2026;CONSUMOS;-7917;7917;METROS;1.045637775;OLMECA;IMPORTACION
Cartulina;100305999;Rollo Cartulina Nine Dragons C - 19 305 g ancho 24;11/02/2026;CONSUMOS;-2293;2293;METROS;0.426332904;C19-24;IMPORTACION
Cartulina;100300298;Cartulina FBB Zenith LOCAL -- C-14 235 gramos 25 x 38;12/02/2026;CONSUMOS;-1500;1500;hoja(s);0.216003188;C14-25;LOCAL
Cartulina;100300704;Cartulina FBB Zenith LOCAL -- C-16 270 gramos 25 x 36;12/02/2026;CONSUMOS;-900;900;hoja(s);0.14103477;C16-25;LOCAL
Cartulina;100300996;Cartulina FBB Zenith LOCAL -- C-18 295 gramos 25 x 36;12/02/2026;CONSUMOS;-2000;2000;hoja(s);0.3424301;C18-25;LOCAL
Cartulina;100300996;Cartulina FBB Zenith LOCAL -- C-18 295 gramos 25 x 36;12/02/2026;CONSUMOS;-1000;1000;hoja(s);0.17121505;C18-25;LOCAL
Cartulina;100300996;Cartulina FBB Zenith LOCAL -- C-18 295 gramos 25 x 36;12/02/2026;CONSUMOS;-700;700;hoja(s);0.119850535;C18-25;LOCAL
Cartulina;100300996;Cartulina FBB Zenith LOCAL -- C-18 295 gramos 25 x 36;12/02/2026;CONSUMOS;-4000;4000;hoja(s);0.6848602;C18-25;LOCAL
Cartulina;100301001;Cartulina FBB Zenith LOCAL -- C-18 295 gramos 25 x 38;12/02/2026;CONSUMOS;-100;100;hoja(s);0.018076863;C18-25;LOCAL
Cartulina;100301824;Rollo Cartulina ASIA SYMBOL C-14 235 g ancho 25;12/02/2026;CONSUMOS;-507;507;METROS;0.075657075;C14-25;IMPORTACION
Cartulina;100301909;Rollo Cartulina Nine Dragons C - 13.6 215 g ancho 30 (29-89);12/02/2026;CONSUMOS;-2221;2221;METROS;0.36386643;C13.6-30;IMPORTACION
Cartulina;100301926;Rollo Cartulina ASIA SYMBOL C-19 310 g ancho 25 (29-89);12/02/2026;CONSUMOS;-2974;2974;METROS;0.5854319;C19-25;IMPORTACION
Cartulina;100304547;Rollo Cartulina Spectra Natural -- C-18 267g ancho 27;12/02/2026;CONSUMOS;-12551;12551;METROS;2.298196039;BCONSUMOSBO;IMPORTACION
Cartulina;100304547;Rollo Cartulina Spectra Natural -- C-18 267g ancho 27;12/02/2026;CONSUMOS;-9568;9568;METROS;1.751983085;BCONSUMOSBO;IMPORTACION
Cartulina;100304640;Rollo Cartulina OBAFREE --  C-15 230 g ancho 25.5;12/02/2026;CONSUMOS;-62457;62457;METROS;9.304281747;FOSFORERA;IMPORTACION
Cartulina;100304640;Rollo Cartulina OBAFREE --  C-15 230 g ancho 25.5;12/02/2026;CONSUMOS;-31774;31774;METROS;4.733404554;FOSFORERA;IMPORTACION
Cartulina;100305967;Rollo Cartulina Nine Dragons C - 18.3 290 g ancho 29;12/02/2026;CONSUMOS;-1858;1858;METROS;0.396894812;C18-29-COSC;IMPORTACION
Cartulina;100305967;Rollo Cartulina Nine Dragons C - 18.3 290 g ancho 29;12/02/2026;CONSUMOS;-2767;2767;METROS;0.591069938;C18-29-COSC;IMPORTACION
Cartulina;100305969;Cartulina FBB DRAGONS -- C-15.7 245 gramos 34.5 x 27;12/02/2026;CONSUMOS;-108585;108585;PLIEGOS;15.98770818;HONDURAS FOS;IMPORTACION
Cartulina;100305981;Cartulina FBB DUPLEX MIRABELL -- C-16 300 gramos  28 x 34;12/02/2026;CONSUMOS;-77245;77245;PLIEGOS;14.23298573;COLGATE-75;IMPORTACION
Cartulina;100305981;Cartulina FBB DUPLEX MIRABELL -- C-16 300 gramos  28 x 34;12/02/2026;CONSUMOS;-25505;25505;PLIEGOS;4.699492536;COLGATE-75;IMPORTACION
Cartulina;100305982;Cartulina FBB DUPLEX MIRABELL -- C-16 300 gramos  20 x 32.5;12/02/2026;CONSUMOS;-2000;2000;PLIEGOS;0.2516124;COLGATE-100;IMPORTACION
Papel;100600026;Papel Couche Brillante B-70 -- 105 gramos  25 x 36;12/02/2026;CONSUMOS;-1300;1300;PLIEGOS;0.079223235;Couche;LOCAL
Papel;100600026;Papel Couche Brillante B-70 -- 105 gramos  25 x 36;12/02/2026;CONSUMOS;-32300;32300;PLIEGOS;1.968392685;Couche;LOCAL
Papel;100600030;Papel Couche Brillante B-80 -- 115 gramos  25 x 38;12/02/2026;CONSUMOS;-3900;3900;PLIEGOS;0.274829588;Couche;LOCAL
Papel;100600032;Papel Couche Brillante B-100 -- 140 gramos  25 x 36;12/02/2026;CONSUMOS;-500;500;PLIEGOS;0.0406273;Couche;LOCAL
Cartulina;100600094;Rollo Cartulina CMPC RC --  C - 18 265 g ancho 25;12/02/2026;CONSUMOS;-415;415;METROS;0.069834125;CMPC RC;IMPORTACION
Cartulina;100600116;Rollo Cartulina BRIGHT --  C - 16 245 g ancho 29;12/02/2026;CONSUMOS;-966;966;METROS;0.17418912;BAY-C16-29;IMPORTACION
Cartulina;100700009;Cartulina Kraft -- C-15 225 gramos 38 x 23;12/02/2026;CONSUMOS;-70400;70400;hoja(s);8.931698266;Kraft;IMPORTACION
Cartulina;100700009;Cartulina Kraft -- C-15 225 gramos 38 x 23;12/02/2026;CONSUMOS;-9600;9600;hoja(s);1.217958854;Kraft;IMPORTACION
Cartulina;100301356;Rollo Cartulina ASIA SYMBOL C-16 270 g ancho 25;13/02/2026;CONSUMOS;-1651;1651;METROS;0.28306395;C16-25;IMPORTACION
Cartulina;100301900;Rollo Cartulina SBS CANDESCE -- C-24 407 g ancho 25 (29-89);13/02/2026;CONSUMOS;-1051;1051;METROS;0.271625695;GILDAN;IMPORTACION
Cartulina;100301901;Rollo Cartulina SBS CANDESCE -- C-24 407 g ancho 27.5 (29-89);13/02/2026;CONSUMOS;-2364;2364;METROS;0.671579304;GILDAN;IMPORTACION
Cartulina;100301901;Rollo Cartulina SBS CANDESCE -- C-24 407 g ancho 27.5 (29-89);13/02/2026;CONSUMOS;-3223;3223;METROS;0.915609178;GILDAN;IMPORTACION
Cartulina;100301903;Rollo Cartulina SBS CANDESCE -- C-24 407 g ancho 29 (29-89);13/02/2026;CONSUMOS;-567;567;METROS;0.169845984;GILDAN;IMPORTACION
Cartulina;100301902;Rollo Cartulina SBS CANDESCE -- C-24 407 g ancho 39 (29-89);16/02/2026;CONSUMOS;-1238;1238;METROS;0.49882734;GILDAN;IMPORTACION
Cartulina;100301924;Rollo Cartulina Nine Dragons C - 18.3 290 g ancho 25;16/02/2026;CONSUMOS;-56333;56333;METROS;10.37372195;C18-25-COSC;IMPORTACION
Cartulina;100301924;Rollo Cartulina Nine Dragons C - 18.3 290 g ancho 25;16/02/2026;CONSUMOS;-2550;2550;METROS;0.4695825;C18-25-COSC;IMPORTACION
Cartulina;100304640;Rollo Cartulina OBAFREE --  C-15 230 g ancho 25.5;16/02/2026;CONSUMOS;-769;769;METROS;0.114558699;FOSFORERA;IMPORTACION
Cartulina;100301917;Rollo Cartulina Nine Dragons C - 16.3 255 g ancho 25 (29-89);17/02/2026;CONSUMOS;-5339;5339;METROS;0.864517575;C16.3-25;IMPORTACION
Cartulina;100301917;Rollo Cartulina Nine Dragons C - 16.3 255 g ancho 25 (29-89);17/02/2026;CONSUMOS;-652;652;METROS;0.1055751;C16.3-25;IMPORTACION
Cartulina;100301924;Rollo Cartulina Nine Dragons C - 18.3 290 g ancho 25;17/02/2026;CONSUMOS;-7512;7512;METROS;1.3833348;C18-25-COSC;IMPORTACION
Cartulina;100304541;Rollo Cartulina ASIA SYMBOL C-12 230 g ancho 25;17/02/2026;CONSUMOS;-1092;1092;METROS;0.1594866;C12-25;IMPORTACION
Cartulina;100304565;Rollo Cartulina DEINGRESOSCA FSC --  C - 13.5 225 g ancho 23.125;17/02/2026;CONSUMOS;-15681;15681;METROS;2.071068075;OLMECA;IMPORTACION
Cartulina;100304565;Rollo Cartulina DEINGRESOSCA FSC --  C - 13.5 225 g ancho 23.125;17/02/2026;CONSUMOS;-15606;15606;METROS;2.06116245;OLMECA;IMPORTACION
Cartulina;100304565;Rollo Cartulina DEINGRESOSCA FSC --  C - 13.5 225 g ancho 23.125;17/02/2026;CONSUMOS;-7920;7920;METROS;1.046034;OLMECA;IMPORTACION
Cartulina;100304565;Rollo Cartulina DEINGRESOSCA FSC --  C - 13.5 225 g ancho 23.125;17/02/2026;CONSUMOS;-2010;2010;METROS;0.26547075;OLMECA;IMPORTACION
Cartulina;100305999;Rollo Cartulina Nine Dragons C - 19 305 g ancho 24;17/02/2026;CONSUMOS;-2512;2512;METROS;0.467051136;C19-24;IMPORTACION
Cartulina;100300007;Cartulina Husky -- C-12 270 gramos 25 x 41.5 (29-89);18/02/2026;CONSUMOS;-360;360;hoja(s);0.065054988;C12-25H;LOCAL
Cartulina;100300013;Cartulina Husky -- C-16 350 gramos 25 x 38;18/02/2026;CONSUMOS;-500;500;hoja(s);0.107235625;C16-25H;LOCAL
Cartulina;100300013;Cartulina Husky -- C-16 350 gramos 25 x 38;18/02/2026;CONSUMOS;-600;600;hoja(s);0.12868275;C16-25H;LOCAL
Cartulina;100300298;Cartulina FBB Zenith LOCAL -- C-14 235 gramos 25 x 38;18/02/2026;CONSUMOS;-4965;4965;hoja(s);0.714970551;C14-25;LOCAL
Cartulina;100301824;Rollo Cartulina ASIA SYMBOL C-14 235 g ancho 25;18/02/2026;CONSUMOS;-2661;2661;METROS;0.397087725;C14-25;IMPORTACION
Cartulina;100301824;Rollo Cartulina ASIA SYMBOL C-14 235 g ancho 25;18/02/2026;CONSUMOS;-19970;19970;METROS;2.98002325;C14-25;IMPORTACION
Cartulina;100301825;Rollo Cartulina ASIA SYMBOL C-16 270 g ancho 28.5;18/02/2026;CONSUMOS;-4701;4701;METROS;0.91768221;C16-29;IMPORTACION
Cartulina;100301825;Rollo Cartulina ASIA SYMBOL C-16 270 g ancho 28.5;18/02/2026;CONSUMOS;-2289;2289;METROS;0.44683569;C16-29;IMPORTACION
Cartulina;100301834;Rollo Cartulina ASIA SYMBOL C-16 270 g ancho 29;18/02/2026;CONSUMOS;-2505;2505;METROS;0.4977936;C16-29;IMPORTACION
Cartulina;100301835;Rollo Cartulina ASIA SYMBOL C-18 295 g ancho 29;18/02/2026;CONSUMOS;-2303;2303;METROS;0.50002736;C18-29;IMPORTACION
Cartulina;100301844;Cartulina Texcote TP White Local -- C-14 235 gramos 25 x 38;18/02/2026;CONSUMOS;-900;900;hoja(s);0.129601913;C14-25;IMPORTACION
Cartulina;100301918;Rollo Cartulina Nine Dragons C - 16.3 255 g ancho 27 (29-89);18/02/2026;CONSUMOS;-762;762;METROS;0.13310235;C16.3-27;IMPORTACION
Cartulina;100301924;Rollo Cartulina Nine Dragons C - 18.3 290 g ancho 25;18/02/2026;CONSUMOS;-2048;2048;METROS;0.3771392;C18-25-COSC;IMPORTACION
Cartulina;100304541;Rollo Cartulina ASIA SYMBOL C-12 230 g ancho 25;18/02/2026;CONSUMOS;-780;780;METROS;0.113919;C12-25;IMPORTACION
Cartulina;100305968;Cartulina FBB DUPLEX MIRABELL -- C-17 320 gramos VARIAS MEINGRESOSDAS;18/02/2026;CONSUMOS;-22442;22442;PLIEGOS;6.356256666;COLGATE;IMPORTACION
Cartulina;100305999;Rollo Cartulina Nine Dragons C - 19 305 g ancho 24;18/02/2026;CONSUMOS;-12796;12796;METROS;2.379134688;C19-24;IMPORTACION
Papel;100600008;Papel Bond 75 gramos -- 26 x 36;18/02/2026;CONSUMOS;-7100;7100;PLIEGOS;0.321560647;Bond;LOCAL
Papel;100600009;Papel Bond 75 gramos -- 26 x 38;18/02/2026;CONSUMOS;-2200;2200;PLIEGOS;0.1050885;Bond;LOCAL
Papel;100600021;Papel Couche Brillante - 1 Cara - B-60 -- 90 gramos  25 x 36;18/02/2026;CONSUMOS;-1600;1600;PLIEGOS;0.08357616;Couche;LOCAL
Papel;100600021;Papel Couche Brillante - 1 Cara - B-60 -- 90 gramos  25 x 36;18/02/2026;CONSUMOS;-3000;3000;PLIEGOS;0.1567053;Couche;LOCAL
Papel;100600021;Papel Couche Brillante - 1 Cara - B-60 -- 90 gramos  25 x 36;18/02/2026;CONSUMOS;-1500;1500;PLIEGOS;0.07835265;Couche;LOCAL
Papel;100600023;Papel Couche Brillante - 1 Cara - B-60 -- 90 gramos  25 x 38;18/02/2026;CONSUMOS;-1800;1800;PLIEGOS;0.09926955;Couche;LOCAL
Papel;100600026;Papel Couche Brillante B-70 -- 105 gramos  25 x 36;18/02/2026;CONSUMOS;-72100;72100;PLIEGOS;4.393842495;Couche;LOCAL
Papel;100600026;Papel Couche Brillante B-70 -- 105 gramos  25 x 36;18/02/2026;CONSUMOS;-6450;6450;PLIEGOS;0.393069128;Couche;LOCAL
Papel;100600029;Papel Couche Brillante B-80 -- 115 gramos  25 x 36;18/02/2026;CONSUMOS;-1500;1500;PLIEGOS;0.100117275;Couche;LOCAL
Papel;100600032;Papel Couche Brillante B-100 -- 140 gramos  25 x 36;18/02/2026;CONSUMOS;-1500;1500;PLIEGOS;0.1218819;Couche;LOCAL
Papel;100600032;Papel Couche Brillante B-100 -- 140 gramos  25 x 36;18/02/2026;CONSUMOS;-400;400;PLIEGOS;0.03250184;Couche;LOCAL
Papel;100600032;Papel Couche Brillante B-100 -- 140 gramos  25 x 36;18/02/2026;CONSUMOS;-500;500;PLIEGOS;0.0406273;Couche;LOCAL
Papel;100600032;Papel Couche Brillante B-100 -- 140 gramos  25 x 36;18/02/2026;CONSUMOS;-1000;1000;PLIEGOS;0.0812546;Couche;LOCAL
Papel;100600032;Papel Couche Brillante B-100 -- 140 gramos  25 x 36;18/02/2026;CONSUMOS;-2500;2500;PLIEGOS;0.2031365;Couche;LOCAL
Papel;100600032;Papel Couche Brillante B-100 -- 140 gramos  25 x 36;18/02/2026;CONSUMOS;-4600;4600;PLIEGOS;0.37377116;Couche;LOCAL
Papel;100600032;Papel Couche Brillante B-100 -- 140 gramos  25 x 36;18/02/2026;CONSUMOS;-3600;3600;PLIEGOS;0.29251656;Couche;LOCAL
Cartulina;100301917;Rollo Cartulina Nine Dragons C - 16.3 255 g ancho 25 (29-89);19/02/2026;CONSUMOS;-2243;2243;METROS;0.363197775;C16.3-25;IMPORTACION
Cartulina;100301917;Rollo Cartulina Nine Dragons C - 16.3 255 g ancho 25 (29-89);19/02/2026;CONSUMOS;-94;94;METROS;0.01522095;C16.3-25;IMPORTACION
Cartulina;100301926;Rollo Cartulina ASIA SYMBOL C-19 310 g ancho 25 (29-89);19/02/2026;CONSUMOS;-21841;21841;METROS;4.29940085;C19-25;IMPORTACION
Cartulina;100301926;Rollo Cartulina ASIA SYMBOL C-19 310 g ancho 25 (29-89);19/02/2026;CONSUMOS;-6000;6000;METROS;1.1811;C19-25;IMPORTACION
Cartulina;100301926;Rollo Cartulina ASIA SYMBOL C-19 310 g ancho 25 (29-89);19/02/2026;CONSUMOS;-3226;3226;METROS;0.6350381;C19-25;IMPORTACION
Cartulina;100301926;Rollo Cartulina ASIA SYMBOL C-19 310 g ancho 25 (29-89);19/02/2026;CONSUMOS;-2202;2202;METROS;0.4334637;C19-25;IMPORTACION
Cartulina;100301926;Rollo Cartulina ASIA SYMBOL C-19 310 g ancho 25 (29-89);19/02/2026;CONSUMOS;-5511;5511;METROS;1.08484035;C19-25;IMPORTACION
Cartulina;100304543;Rollo Cartulina DUPLEX MIRABELL --  C - 16 300 g ancho 28;19/02/2026;CONSUMOS;-92887;92887;METROS;19.81837032;COLGATE-75;IMPORTACION
Cartulina;100301356;Rollo Cartulina ASIA SYMBOL C-16 270 g ancho 25;20/02/2026;CONSUMOS;-419;419;METROS;0.07183755;C16-25;IMPORTACION
Cartulina;100301356;Rollo Cartulina ASIA SYMBOL C-16 270 g ancho 25;20/02/2026;CONSUMOS;-3495;3495;METROS;0.59921775;C16-25;IMPORTACION
Cartulina;100301356;Rollo Cartulina ASIA SYMBOL C-16 270 g ancho 25;20/02/2026;CONSUMOS;-1205;1205;METROS;0.20659725;C16-25;IMPORTACION
Cartulina;100301356;Rollo Cartulina ASIA SYMBOL C-16 270 g ancho 25;20/02/2026;CONSUMOS;-1168;1168;METROS;0.2002536;C16-25;IMPORTACION
Cartulina;100301356;Rollo Cartulina ASIA SYMBOL C-16 270 g ancho 25;20/02/2026;CONSUMOS;-941;941;METROS;0.16133445;C16-25;IMPORTACION
Cartulina;100301356;Rollo Cartulina ASIA SYMBOL C-16 270 g ancho 25;20/02/2026;CONSUMOS;-1991;1991;METROS;0.34135695;C16-25;IMPORTACION
Cartulina;100301356;Rollo Cartulina ASIA SYMBOL C-16 270 g ancho 25;20/02/2026;CONSUMOS;-1987;1987;METROS;0.34067115;C16-25;IMPORTACION
Cartulina;100301356;Rollo Cartulina ASIA SYMBOL C-16 270 g ancho 25;20/02/2026;CONSUMOS;-1124;1124;METROS;0.1927098;C16-25;IMPORTACION
Cartulina;100301356;Rollo Cartulina ASIA SYMBOL C-16 270 g ancho 25;20/02/2026;CONSUMOS;-2062;2062;METROS;0.3535299;C16-25;IMPORTACION
Cartulina;100301356;Rollo Cartulina ASIA SYMBOL C-16 270 g ancho 25;20/02/2026;CONSUMOS;-2618;2618;METROS;0.4488561;C16-25;IMPORTACION
Cartulina;100301356;Rollo Cartulina ASIA SYMBOL C-16 270 g ancho 25;20/02/2026;CONSUMOS;-3691;3691;METROS;0.63282195;C16-25;IMPORTACION
Cartulina;100301356;Rollo Cartulina ASIA SYMBOL C-16 270 g ancho 25;20/02/2026;CONSUMOS;-2391;2391;METROS;0.40993695;C16-25;IMPORTACION
Cartulina;100301356;Rollo Cartulina ASIA SYMBOL C-16 270 g ancho 25;20/02/2026;CONSUMOS;-1014;1014;METROS;0.1738503;C16-25;IMPORTACION
Cartulina;100301356;Rollo Cartulina ASIA SYMBOL C-16 270 g ancho 25;20/02/2026;CONSUMOS;-1104;1104;METROS;0.1892808;C16-25;IMPORTACION
Cartulina;100301356;Rollo Cartulina ASIA SYMBOL C-16 270 g ancho 25;20/02/2026;CONSUMOS;-1405;1405;METROS;0.24088725;C16-25;IMPORTACION
Cartulina;100301356;Rollo Cartulina ASIA SYMBOL C-16 270 g ancho 25;20/02/2026;CONSUMOS;-1691;1691;METROS;0.28992195;C16-25;IMPORTACION
Cartulina;100301901;Rollo Cartulina SBS CANDESCE -- C-24 407 g ancho 27.5 (29-89);20/02/2026;CONSUMOS;-2993;2993;METROS;0.850269398;GILDAN;IMPORTACION
Cartulina;100301901;Rollo Cartulina SBS CANDESCE -- C-24 407 g ancho 27.5 (29-89);20/02/2026;CONSUMOS;-1409;1409;METROS;0.400277174;GILDAN;IMPORTACION
Cartulina;100301924;Rollo Cartulina Nine Dragons C - 18.3 290 g ancho 25;20/02/2026;CONSUMOS;-2379;2379;METROS;0.43809285;C18-25-COSC;IMPORTACION
Cartulina;100600145;Rollo Cartulina OBAFREE --  C - 14 220 g ancho 25.5;20/02/2026;CONSUMOS;-5247;5247;METROS;0.7330059;C14-25;IMPORTACION
Cartulina;100300005;Cartulina Husky -- C-10 230 gramos 25 x 38;21/02/2026;CONSUMOS;-1200;1200;hoja(s);0.1691259;C10-25H;LOCAL
Cartulina;100300012;Cartulina Husky -- C-14 300 gramos 30 x 40;21/02/2026;CONSUMOS;-1400;1400;hoja(s);0.32516064;C14-30H;LOCAL
Cartulina;100300012;Cartulina Husky -- C-14 300 gramos 30 x 40;21/02/2026;CONSUMOS;-2700;2700;hoja(s);0.62709552;C14-30H;LOCAL
Cartulina;100300012;Cartulina Husky -- C-14 300 gramos 30 x 40;21/02/2026;CONSUMOS;-4000;4000;hoja(s);0.9290304;C14-30H;LOCAL
Cartulina;100300013;Cartulina Husky -- C-16 350 gramos 25 x 38;21/02/2026;CONSUMOS;-100;100;hoja(s);0.021447125;C16-25H;LOCAL
Cartulina;100300013;Cartulina Husky -- C-16 350 gramos 25 x 38;21/02/2026;CONSUMOS;-1750;1750;hoja(s);0.375324688;C16-25H;LOCAL
Cartulina;100301356;Rollo Cartulina ASIA SYMBOL C-16 270 g ancho 25;21/02/2026;CONSUMOS;-733;733;METROS;0.12567285;C16-25;IMPORTACION
Cartulina;100301356;Rollo Cartulina ASIA SYMBOL C-16 270 g ancho 25;21/02/2026;CONSUMOS;-1904;1904;METROS;0.3264408;C16-25;IMPORTACION
Cartulina;100301356;Rollo Cartulina ASIA SYMBOL C-16 270 g ancho 25;21/02/2026;CONSUMOS;-834;834;METROS;0.1429893;C16-25;IMPORTACION
Cartulina;100301356;Rollo Cartulina ASIA SYMBOL C-16 270 g ancho 25;21/02/2026;CONSUMOS;-2465;2465;METROS;0.42262425;C16-25;IMPORTACION
Cartulina;100301356;Rollo Cartulina ASIA SYMBOL C-16 270 g ancho 25;21/02/2026;CONSUMOS;-2533;2533;METROS;0.43428285;C16-25;IMPORTACION
Cartulina;100301356;Rollo Cartulina ASIA SYMBOL C-16 270 g ancho 25;21/02/2026;CONSUMOS;-2916;2916;METROS;0.4999482;C16-25;IMPORTACION
Cartulina;100301356;Rollo Cartulina ASIA SYMBOL C-16 270 g ancho 25;21/02/2026;CONSUMOS;-762;762;METROS;0.1306449;C16-25;IMPORTACION
Cartulina;100301356;Rollo Cartulina ASIA SYMBOL C-16 270 g ancho 25;21/02/2026;CONSUMOS;-20274;20274;METROS;3.4759773;C16-25;IMPORTACION
Cartulina;100301356;Rollo Cartulina ASIA SYMBOL C-16 270 g ancho 25;21/02/2026;CONSUMOS;-3632;3632;METROS;0.6227064;C16-25;IMPORTACION
Cartulina;100301356;Rollo Cartulina ASIA SYMBOL C-16 270 g ancho 25;21/02/2026;CONSUMOS;-1184;1184;METROS;0.2029968;C16-25;IMPORTACION
Cartulina;100301356;Rollo Cartulina ASIA SYMBOL C-16 270 g ancho 25;21/02/2026;CONSUMOS;-2276;2276;METROS;0.3902202;C16-25;IMPORTACION
Cartulina;100301825;Rollo Cartulina ASIA SYMBOL C-16 270 g ancho 28.5;21/02/2026;CONSUMOS;-396;396;METROS;0.07730316;C16-29;IMPORTACION
Cartulina;100305983;Cartulina FBB DUPLEX MIRABELL -- C-16 300 gramos  25.5 x 36.5;21/02/2026;CONSUMOS;-61930;61930;PLIEGOS;11.15636753;COLGATE-50;IMPORTACION
Papel;100600005;Papel Bond 75 gramos -- 22 x 34;21/02/2026;CONSUMOS;-300;300;PLIEGOS;0.010834965;Bond;LOCAL
Papel;100600009;Papel Bond 75 gramos -- 26 x 38;21/02/2026;CONSUMOS;-1100;1100;PLIEGOS;0.05254425;Bond;LOCAL
Papel;100600013;Papel Bond 90 gramos -- 26 x 34;21/02/2026;CONSUMOS;-15;15;PLIEGOS;0.000768933;Bond;LOCAL
Papel;100600015;Papel Bond 120 gramos -- 22 x 34;21/02/2026;CONSUMOS;-500;500;PLIEGOS;0.02889324;Bond;LOCAL
Papel;100600017;Papel Bond 120 gramos -- 26 x 34;21/02/2026;CONSUMOS;-361;361;PLIEGOS;0.024674206;Bond;LOCAL
Papel;100600043;Papel Bond 75 gramos -- 26 x 38;21/02/2026;CONSUMOS;-200;200;PLIEGOS;0.009561271;Bond;LOCAL
Papel;100600043;Papel Bond 75 gramos -- 26 x 38;21/02/2026;CONSUMOS;-8600;8600;PLIEGOS;0.411134662;Bond;LOCAL
Cartulina;100301935;Cartulina FBB Asia Symbol -- C-14 235 gramos  22 x 34;23/02/2026;CONSUMOS;-1500;1500;PLIEGOS;0.169747785;C14-22;IMPORTACION
Cartulina;100304565;Rollo Cartulina DEINGRESOSCA FSC --  C - 13.5 225 g ancho 23.125;23/02/2026;CONSUMOS;-8077;8077;METROS;1.066769775;OLMECA;IMPORTACION
Cartulina;100304565;Rollo Cartulina DEINGRESOSCA FSC --  C - 13.5 225 g ancho 23.125;23/02/2026;CONSUMOS;-15593;15593;METROS;2.059445475;OLMECA;IMPORTACION
Cartulina;100304565;Rollo Cartulina DEINGRESOSCA FSC --  C - 13.5 225 g ancho 23.125;23/02/2026;CONSUMOS;-15574;15574;METROS;2.05693605;OLMECA;IMPORTACION
Cartulina;100304565;Rollo Cartulina DEINGRESOSCA FSC --  C - 13.5 225 g ancho 23.125;23/02/2026;CONSUMOS;-7956;7956;METROS;1.0507887;OLMECA;IMPORTACION
Cartulina;100304565;Rollo Cartulina DEINGRESOSCA FSC --  C - 13.5 225 g ancho 23.125;23/02/2026;CONSUMOS;-31010;31010;METROS;4.09564575;OLMECA;IMPORTACION
Cartulina;100304565;Rollo Cartulina DEINGRESOSCA FSC --  C - 13.5 225 g ancho 23.125;23/02/2026;CONSUMOS;-8163;8163;METROS;1.078128225;OLMECA;IMPORTACION
Cartulina;100304565;Rollo Cartulina DEINGRESOSCA FSC --  C - 13.5 225 g ancho 23.125;23/02/2026;CONSUMOS;-24237;24237;METROS;3.201101775;OLMECA;IMPORTACION
Cartulina;100304565;Rollo Cartulina DEINGRESOSCA FSC --  C - 13.5 225 g ancho 23.125;23/02/2026;CONSUMOS;-8173;8173;METROS;1.079448975;OLMECA;IMPORTACION
Cartulina;100304565;Rollo Cartulina DEINGRESOSCA FSC --  C - 13.5 225 g ancho 23.125;23/02/2026;CONSUMOS;-8081;8081;METROS;1.067298075;OLMECA;IMPORTACION
Cartulina;100304565;Rollo Cartulina DEINGRESOSCA FSC --  C - 13.5 225 g ancho 23.125;23/02/2026;CONSUMOS;-8267;8267;METROS;1.091864025;OLMECA;IMPORTACION
Papel;100600043;Papel Bond 75 gramos -- 26 x 38;23/02/2026;CONSUMOS;-800;800;PLIEGOS;0.038245085;Bond;LOCAL
Papel;100600106;Papel Bond 60 gramos -- 26 x 34;23/02/2026;CONSUMOS;-1000;1000;PLIEGOS;0.0341748;Bond;LOCAL
Cartulina;100300001;Cartulina Husky -- C-8 200 gramos 25 x 36;24/02/2026;CONSUMOS;-1000;1000;hoja(s);0.116078;C8-25H;LOCAL
Cartulina;100300013;Cartulina Husky -- C-16 350 gramos 25 x 38;24/02/2026;CONSUMOS;-400;400;hoja(s);0.0857885;C16-25H;LOCAL
Cartulina;100301356;Rollo Cartulina ASIA SYMBOL C-16 270 g ancho 25;24/02/2026;CONSUMOS;-934;934;METROS;0.1601343;C16-25;IMPORTACION
Cartulina;100301356;Rollo Cartulina ASIA SYMBOL C-16 270 g ancho 25;24/02/2026;CONSUMOS;-1597;1597;METROS;0.27380565;C16-25;IMPORTACION
Cartulina;100301356;Rollo Cartulina ASIA SYMBOL C-16 270 g ancho 25;24/02/2026;CONSUMOS;-1319;1319;METROS;0.22614255;C16-25;IMPORTACION
Cartulina;100301356;Rollo Cartulina ASIA SYMBOL C-16 270 g ancho 25;24/02/2026;CONSUMOS;-2885;2885;METROS;0.49463325;C16-25;IMPORTACION
Cartulina;100301356;Rollo Cartulina ASIA SYMBOL C-16 270 g ancho 25;24/02/2026;CONSUMOS;-1850;1850;METROS;0.3171825;C16-25;IMPORTACION
Cartulina;100301356;Rollo Cartulina ASIA SYMBOL C-16 270 g ancho 25;24/02/2026;CONSUMOS;-975;975;METROS;0.16716375;C16-25;IMPORTACION
Cartulina;100301356;Rollo Cartulina ASIA SYMBOL C-16 270 g ancho 25;24/02/2026;CONSUMOS;-1037;1037;METROS;0.17779365;C16-25;IMPORTACION
Cartulina;100301356;Rollo Cartulina ASIA SYMBOL C-16 270 g ancho 25;24/02/2026;CONSUMOS;-732;732;METROS;0.1255014;C16-25;IMPORTACION
Cartulina;100301848;Rollo Cartulina ASIA SYMBOL C-20 325 g ancho 25;24/02/2026;CONSUMOS;-3280;3280;METROS;0.67691;C20-25;IMPORTACION
Cartulina;100304510;Cartulina FBB DUPLEX MIRABELL -- C-17 320 gramos  22 x 38.5;24/02/2026;CONSUMOS;-29513;29513;PLIEGOS;5.160766143;COLGATE-150;IMPORTACION
Cartulina;100304530;Cartulina SPARK C-20 295 gr 30 X 40;24/02/2026;CONSUMOS;-7200;7200;PLIEGOS;1.644383808;Spark;LOCAL
Papel;100600012;Papel Bond 90 gramos -- 24 x 36;24/02/2026;CONSUMOS;-3200;3200;PLIEGOS;0.160308288;Bond;LOCAL
Papel;100600020;Papel Couche Brillante B-60 -- 90 gramos  25 x 36;24/02/2026;CONSUMOS;-30000;30000;PLIEGOS;1.567053;Couche;LOCAL
Papel;100600022;Papel Couche Brillante B-60 -- 90 gramos  25 x 38;24/02/2026;CONSUMOS;-8400;8400;PLIEGOS;0.4632579;Couche;LOCAL
Papel;100600026;Papel Couche Brillante B-70 -- 105 gramos  25 x 36;24/02/2026;CONSUMOS;-5250;5250;PLIEGOS;0.319939988;Couche;LOCAL
Papel;100600029;Papel Couche Brillante B-80 -- 115 gramos  25 x 36;24/02/2026;CONSUMOS;-1750;1750;PLIEGOS;0.116803488;Couche;LOCAL
Papel;100600032;Papel Couche Brillante B-100 -- 140 gramos  25 x 36;24/02/2026;CONSUMOS;-1750;1750;PLIEGOS;0.14219555;Couche;LOCAL
Papel;100600033;Papel Couche Brillante B-100 -- 140 gramos  25 x 38;24/02/2026;CONSUMOS;-564;564;PLIEGOS;0.048384714;Couche;LOCAL
Papel;100600033;Papel Couche Brillante B-100 -- 140 gramos  25 x 38;24/02/2026;CONSUMOS;-47;47;PLIEGOS;0.00403206;Couche;LOCAL
Papel;100600034;Papel Couche Brillante B-100 -- 140 gramos  30 x 40;24/02/2026;CONSUMOS;-800;800;PLIEGOS;0.086709504;Couche;LOCAL
Cartulina;100300013;Cartulina Husky -- C-16 350 gramos 25 x 38;25/02/2026;CONSUMOS;-1964;1964;hoja(s);0.421221535;C16-25H;LOCAL
Cartulina;100300996;Cartulina FBB Zenith LOCAL -- C-18 295 gramos 25 x 36;25/02/2026;CONSUMOS;-600;600;hoja(s);0.10272903;C18-25;LOCAL
Cartulina;100301356;Rollo Cartulina ASIA SYMBOL C-16 270 g ancho 25;25/02/2026;CONSUMOS;-137;137;METROS;0.02348865;C16-25;IMPORTACION
Cartulina;100301824;Rollo Cartulina ASIA SYMBOL C-14 235 g ancho 25;25/02/2026;CONSUMOS;-561;561;METROS;0.083715225;C14-25;IMPORTACION
Cartulina;100301861;Rollo Cartulina ASIA SYMBOL C-14 235 g ancho 25.5;25/02/2026;CONSUMOS;-7181;7181;METROS;1.091835145;C14-25.5;IMPORTACION
Cartulina;100301861;Rollo Cartulina ASIA SYMBOL C-14 235 g ancho 25.5;25/02/2026;CONSUMOS;-6554;6554;METROS;0.99650293;C14-25.5;IMPORTACION
Cartulina;100301936;Rollo Cartulina ASIA SYMBOL C-14 235 g ancho 25 (29-89) REGIONAL;25/02/2026;CONSUMOS;-4954;4954;METROS;0.73926065;C14-25;IMPORTACION
Cartulina;100301936;Rollo Cartulina ASIA SYMBOL C-14 235 g ancho 25 (29-89) REGIONAL;25/02/2026;CONSUMOS;-3470;3470;METROS;0.51781075;C14-25;IMPORTACION
Cartulina;100301936;Rollo Cartulina ASIA SYMBOL C-14 235 g ancho 25 (29-89) REGIONAL;25/02/2026;CONSUMOS;-3632;3632;METROS;0.5419852;C14-25;IMPORTACION
Cartulina;100301936;Rollo Cartulina ASIA SYMBOL C-14 235 g ancho 25 (29-89) REGIONAL;25/02/2026;CONSUMOS;-2154;2154;METROS;0.32143065;C14-25;IMPORTACION
Cartulina;100306136;Cartulina Husky -- C-16 350 gramos 30 X 40;25/02/2026;CONSUMOS;-300;300;hoja(s);0.08129016;C16-30H;LOCAL
Papel;100600021;Papel Couche Brillante - 1 Cara - B-60 -- 90 gramos  25 x 36;25/02/2026;CONSUMOS;-2000;2000;PLIEGOS;0.1044702;Couche;LOCAL
Papel;100600021;Papel Couche Brillante - 1 Cara - B-60 -- 90 gramos  25 x 36;25/02/2026;CONSUMOS;-1500;1500;PLIEGOS;0.07835265;Couche;LOCAL
Papel;100600021;Papel Couche Brillante - 1 Cara - B-60 -- 90 gramos  25 x 36;25/02/2026;CONSUMOS;-2100;2100;PLIEGOS;0.10969371;Couche;LOCAL
Papel;100600023;Papel Couche Brillante - 1 Cara - B-60 -- 90 gramos  25 x 38;25/02/2026;CONSUMOS;-800;800;PLIEGOS;0.0441198;Couche;LOCAL
Papel;100600023;Papel Couche Brillante - 1 Cara - B-60 -- 90 gramos  25 x 38;25/02/2026;CONSUMOS;-800;800;PLIEGOS;0.0441198;Couche;LOCAL
Papel;100600023;Papel Couche Brillante - 1 Cara - B-60 -- 90 gramos  25 x 38;25/02/2026;CONSUMOS;-3000;3000;PLIEGOS;0.16544925;Couche;LOCAL
Papel;100600029;Papel Couche Brillante B-80 -- 115 gramos  25 x 36;25/02/2026;CONSUMOS;-2050;2050;PLIEGOS;0.136826943;Couche;LOCAL
Papel;100600045;Papel Couche Brillante B-80 -- 115 gramos  30 x 40;25/02/2026;CONSUMOS;-11900;11900;PLIEGOS;1.059481752;Couche;LOCAL
Papel;100600045;Papel Couche Brillante B-80 -- 115 gramos  30 x 40;25/02/2026;CONSUMOS;-1300;1300;PLIEGOS;0.115741704;Couche;LOCAL
Cartulina;100300157;Cartulina Texcote -- C-12 210 gramos 35.25 x 29;26/02/2026;CONSUMOS;-750;750;hoja(s);0.1037484;C12-35.3;IMPORTACION
Cartulina;100301926;Rollo Cartulina ASIA SYMBOL C-19 310 g ancho 25 (29-89);26/02/2026;CONSUMOS;-10567;10567;METROS;2.08011395;C19-25;IMPORTACION
Cartulina;100301926;Rollo Cartulina ASIA SYMBOL C-19 310 g ancho 25 (29-89);26/02/2026;CONSUMOS;-351;351;METROS;0.06909435;C19-25;IMPORTACION
Cartulina;100304541;Rollo Cartulina ASIA SYMBOL C-12 230 g ancho 25;26/02/2026;CONSUMOS;-5007;5007;METROS;0.73127235;C12-25;IMPORTACION
Cartulina;100305969;Cartulina FBB DRAGONS -- C-15.7 245 gramos 34.5 x 27;26/02/2026;CONSUMOS;-2900;2900;PLIEGOS;0.426986727;HONDURAS FOS;IMPORTACION
Cartulina;100305981;Cartulina FBB DUPLEX MIRABELL -- C-16 300 gramos  28 x 34;26/02/2026;CONSUMOS;-2631;2631;PLIEGOS;0.484781998;COLGATE-75;IMPORTACION
Cartulina;100306141;Cartulina SPARK C-20 295 gr 25 X 36;26/02/2026;CONSUMOS;-700;700;PLIEGOS;0.119902986;Spark;LOCAL
Papel;100600022;Papel Couche Brillante B-60 -- 90 gramos  25 x 38;26/02/2026;CONSUMOS;-1100;1100;PLIEGOS;0.060664725;Couche;LOCAL
Papel;100600032;Papel Couche Brillante B-100 -- 140 gramos  25 x 36;26/02/2026;CONSUMOS;-17041;17041;PLIEGOS;1.384659639;Couche;LOCAL
Papel;100600106;Papel Bond 60 gramos -- 26 x 34;26/02/2026;CONSUMOS;-22000;22000;PLIEGOS;0.7518456;Bond;LOCAL
Cartulina;100300001;Cartulina Husky -- C-8 200 gramos 25 x 36;13/03/2026;INGRESOS;1000;1000;hoja(s);0.116078;C8-25H;LOCAL
Cartulina;100300001;Cartulina Husky -- C-8 200 gramos 25 x 36;16/03/2026;CONSUMOS;-1000;1000;hoja(s);0.116078;C8-25H;LOCAL
Cartulina;100300002;Cartulina Husky -- C-8 190 gramos 25 x 38;5/03/2026;INGRESOS;800;800;hoja(s);0.093161104;C8-25H;LOCAL
Cartulina;100300002;Cartulina Husky -- C-8 190 gramos 25 x 38;6/03/2026;CONSUMOS;-800;800;hoja(s);0.093161104;C8-25H;LOCAL
Cartulina;100300002;Cartulina Husky -- C-8 190 gramos 25 x 38;10/03/2026;INGRESOS;800;800;hoja(s);0.093161104;C8-25H;LOCAL
Cartulina;100300002;Cartulina Husky -- C-8 190 gramos 25 x 38;10/03/2026;CONSUMOS;-800;800;hoja(s);0.093161104;C8-25H;LOCAL
Cartulina;100300002;Cartulina Husky -- C-8 190 gramos 25 x 38;11/03/2026;CONSUMOS;-54;54;hoja(s);0.006288375;C8-25H;LOCAL
Cartulina;100300002;Cartulina Husky -- C-8 190 gramos 25 x 38;27/03/2026;INGRESOS;1000;1000;hoja(s);0.11645138;C8-25H;LOCAL
Cartulina;100300005;Cartulina Husky -- C-10 230 gramos 25 x 38;7/03/2026;CONSUMOS;-2300;2300;hoja(s);0.324157975;C10-25H;LOCAL
Cartulina;100300005;Cartulina Husky -- C-10 230 gramos 25 x 38;10/03/2026;INGRESOS;6900;6900;hoja(s);0.972473925;C10-25H;LOCAL
Cartulina;100300005;Cartulina Husky -- C-10 230 gramos 25 x 38;10/03/2026;INGRESOS;2300;2300;hoja(s);0.324157975;C10-25H;LOCAL
Cartulina;100300005;Cartulina Husky -- C-10 230 gramos 25 x 38;11/03/2026;CONSUMOS;-6900;6900;hoja(s);0.972473925;C10-25H;LOCAL
Cartulina;100300005;Cartulina Husky -- C-10 230 gramos 25 x 38;12/03/2026;CONSUMOS;-500;500;hoja(s);0.070469125;C10-25H;LOCAL
Cartulina;100300005;Cartulina Husky -- C-10 230 gramos 25 x 38;26/03/2026;INGRESOS;3500;3500;hoja(s);0.493283875;C10-25H;LOCAL
Cartulina;100300005;Cartulina Husky -- C-10 230 gramos 25 x 38;26/03/2026;CONSUMOS;-5610;5610;hoja(s);0.790663583;C10-25H;LOCAL
Cartulina;100300005;Cartulina Husky -- C-10 230 gramos 25 x 38;27/03/2026;INGRESOS;100;100;hoja(s);0.014093825;C10-25H;LOCAL
Cartulina;100300007;Cartulina Husky -- C-12 270 gramos 25 x 41.5 (29-89);11/03/2026;CONSUMOS;-13110;13110;hoja(s);2.369085813;C12-25H;LOCAL
Cartulina;100300007;Cartulina Husky -- C-12 270 gramos 25 x 41.5 (29-89);18/03/2026;CONSUMOS;-1000;1000;hoja(s);0.1807083;C12-25H;LOCAL
Cartulina;100300007;Cartulina Husky -- C-12 270 gramos 25 x 41.5 (29-89);24/03/2026;CONSUMOS;-365;365;hoja(s);0.06595853;C12-25H;LOCAL
Cartulina;100300009;Cartulina Husky -- C-12 270 gramos 25 x 38;4/03/2026;CONSUMOS;-100;100;hoja(s);0.016544925;C12-25H;LOCAL
Cartulina;100300009;Cartulina Husky -- C-12 270 gramos 25 x 38;7/03/2026;CONSUMOS;-100;100;hoja(s);0.016544925;C12-25H;LOCAL
Cartulina;100300009;Cartulina Husky -- C-12 270 gramos 25 x 38;7/03/2026;CONSUMOS;-22;22;hoja(s);0.003639884;C12-25H;LOCAL
Cartulina;100300009;Cartulina Husky -- C-12 270 gramos 25 x 38;11/03/2026;CONSUMOS;100;100;hoja(s);-0.016544925;C12-25H;LOCAL
Cartulina;100300009;Cartulina Husky -- C-12 270 gramos 25 x 38;11/03/2026;CONSUMOS;-100;100;hoja(s);0.016544925;C12-25H;LOCAL
Cartulina;100300009;Cartulina Husky -- C-12 270 gramos 25 x 38;11/03/2026;CONSUMOS;-58;58;hoja(s);0.009596057;C12-25H;LOCAL
Cartulina;100300009;Cartulina Husky -- C-12 270 gramos 25 x 38;11/03/2026;CONSUMOS;-60;60;hoja(s);0.009926955;C12-25H;LOCAL
Cartulina;100300009;Cartulina Husky -- C-12 270 gramos 25 x 38;13/03/2026;INGRESOS;800;800;hoja(s);0.1323594;C12-25H;LOCAL
Cartulina;100300009;Cartulina Husky -- C-12 270 gramos 25 x 38;16/03/2026;CONSUMOS;-800;800;hoja(s);0.1323594;C12-25H;LOCAL
Cartulina;100300009;Cartulina Husky -- C-12 270 gramos 25 x 38;24/03/2026;CONSUMOS;-235;235;hoja(s);0.038880574;C12-25H;LOCAL
Cartulina;100300009;Cartulina Husky -- C-12 270 gramos 25 x 38;25/03/2026;INGRESOS;100;100;hoja(s);0.016544925;C12-25H;LOCAL
Cartulina;100300009;Cartulina Husky -- C-12 270 gramos 25 x 38;25/03/2026;CONSUMOS;-320;320;hoja(s);0.05294376;C12-25H;LOCAL
Cartulina;100300009;Cartulina Husky -- C-12 270 gramos 25 x 38;26/03/2026;CONSUMOS;-30;30;hoja(s);0.004963478;C12-25H;LOCAL
Cartulina;100300010;Cartulina Husky -- C-12 270 gramos 30 x 40;13/03/2026;INGRESOS;12100;12100;hoja(s);2.529285264;C12-30H;LOCAL
Cartulina;100300010;Cartulina Husky -- C-12 270 gramos 30 x 40;16/03/2026;CONSUMOS;-12100;12100;hoja(s);2.529285264;C12-30H;LOCAL
Cartulina;100300010;Cartulina Husky -- C-12 270 gramos 30 x 40;27/03/2026;INGRESOS;3800;3800;hoja(s);0.794320992;C12-30H;LOCAL
Cartulina;100300011;Cartulina Husky -- C-14 300 gramos 25 x 38;26/03/2026;CONSUMOS;-40;40;hoja(s);0.0073533;C14-25H;LOCAL
Cartulina;100300012;Cartulina Husky -- C-14 300 gramos 30 x 40;16/03/2026;INGRESOS;1000;1000;hoja(s);0.2322576;C14-30H;LOCAL
Cartulina;100300012;Cartulina Husky -- C-14 300 gramos 30 x 40;18/03/2026;CONSUMOS;-1000;1000;hoja(s);0.2322576;C14-30H;LOCAL
Cartulina;100300012;Cartulina Husky -- C-14 300 gramos 30 x 40;18/03/2026;CONSUMOS;-15;15;hoja(s);0.003483864;C14-30H;LOCAL
Cartulina;100300012;Cartulina Husky -- C-14 300 gramos 30 x 40;25/03/2026;CONSUMOS;-135;135;hoja(s);0.031354776;C14-30H;LOCAL
Cartulina;100300012;Cartulina Husky -- C-14 300 gramos 30 x 40;27/03/2026;INGRESOS;900;900;hoja(s);0.20903184;C14-30H;LOCAL
Cartulina;100300013;Cartulina Husky -- C-16 350 gramos 25 x 38;3/03/2026;INGRESOS;1000;1000;hoja(s);0.21447125;C16-25H;LOCAL
Cartulina;100300013;Cartulina Husky -- C-16 350 gramos 25 x 38;4/03/2026;CONSUMOS;-240;240;hoja(s);0.0514731;C16-25H;LOCAL
Cartulina;100300013;Cartulina Husky -- C-16 350 gramos 25 x 38;11/03/2026;CONSUMOS;240;240;hoja(s);-0.0514731;C16-25H;LOCAL
Cartulina;100300013;Cartulina Husky -- C-16 350 gramos 25 x 38;11/03/2026;CONSUMOS;-240;240;hoja(s);0.0514731;C16-25H;LOCAL
Cartulina;100300013;Cartulina Husky -- C-16 350 gramos 25 x 38;12/03/2026;CONSUMOS;-60;60;hoja(s);0.012868275;C16-25H;LOCAL
Cartulina;100300013;Cartulina Husky -- C-16 350 gramos 25 x 38;20/03/2026;CONSUMOS;-10;10;hoja(s);0.002144713;C16-25H;LOCAL
Cartulina;100300013;Cartulina Husky -- C-16 350 gramos 25 x 38;20/03/2026;CONSUMOS;-15;15;hoja(s);0.003217069;C16-25H;LOCAL
Cartulina;100300013;Cartulina Husky -- C-16 350 gramos 25 x 38;20/03/2026;CONSUMOS;-135;135;hoja(s);0.028953619;C16-25H;LOCAL
Cartulina;100300013;Cartulina Husky -- C-16 350 gramos 25 x 38;20/03/2026;CONSUMOS;-272;272;hoja(s);0.05833618;C16-25H;LOCAL
Cartulina;100300013;Cartulina Husky -- C-16 350 gramos 25 x 38;27/03/2026;INGRESOS;100;100;hoja(s);0.021447125;C16-25H;LOCAL
Cartulina;100300298;Cartulina FBB Zenith LOCAL -- C-14 235 gramos 25 x 38;24/03/2026;CONSUMOS;-2900;2900;hoja(s);0.417606163;C14-25;LOCAL
Cartulina;100300704;Cartulina FBB Zenith LOCAL -- C-16 270 gramos 25 x 36;18/03/2026;CONSUMOS;-400;400;hoja(s);0.06268212;C16-25;LOCAL
Cartulina;100300704;Cartulina FBB Zenith LOCAL -- C-16 270 gramos 25 x 36;18/03/2026;INGRESOS;7700;7700;hoja(s);1.20663081;C16-25;LOCAL
Cartulina;100300704;Cartulina FBB Zenith LOCAL -- C-16 270 gramos 25 x 36;20/03/2026;CONSUMOS;-7700;7700;hoja(s);1.20663081;C16-25;LOCAL
Cartulina;100300996;Cartulina FBB Zenith LOCAL -- C-18 295 gramos 25 x 36;3/03/2026;INGRESOS;500;500;hoja(s);0.08564499;C18-25;LOCAL
Cartulina;100300996;Cartulina FBB Zenith LOCAL -- C-18 295 gramos 25 x 36;3/03/2026;INGRESOS;15700;15700;hoja(s);2.689252686;C18-25;LOCAL
Cartulina;100300996;Cartulina FBB Zenith LOCAL -- C-18 295 gramos 25 x 36;4/03/2026;INGRESOS;7900;7900;hoja(s);1.353190842;C18-25;LOCAL
Cartulina;100300996;Cartulina FBB Zenith LOCAL -- C-18 295 gramos 25 x 36;4/03/2026;CONSUMOS;-7800;7800;hoja(s);1.336061844;C18-25;LOCAL
Cartulina;100300996;Cartulina FBB Zenith LOCAL -- C-18 295 gramos 25 x 36;4/03/2026;CONSUMOS;-16700;16700;hoja(s);2.860542666;C18-25;LOCAL
Cartulina;100300996;Cartulina FBB Zenith LOCAL -- C-18 295 gramos 25 x 36;4/03/2026;INGRESOS;3700;3700;hoja(s);0.633772926;C18-25;LOCAL
Cartulina;100300996;Cartulina FBB Zenith LOCAL -- C-18 295 gramos 25 x 36;5/03/2026;CONSUMOS;-1300;1300;hoja(s);0.222676974;C18-25;LOCAL
Cartulina;100300996;Cartulina FBB Zenith LOCAL -- C-18 295 gramos 25 x 36;5/03/2026;CONSUMOS;-700;700;hoja(s);0.119902986;C18-25;LOCAL
Cartulina;100300996;Cartulina FBB Zenith LOCAL -- C-18 295 gramos 25 x 36;5/03/2026;CONSUMOS;-600;600;hoja(s);0.102773988;C18-25;LOCAL
Cartulina;100300996;Cartulina FBB Zenith LOCAL -- C-18 295 gramos 25 x 36;5/03/2026;INGRESOS;6800;6800;hoja(s);1.164771864;C18-25;LOCAL
Cartulina;100300996;Cartulina FBB Zenith LOCAL -- C-18 295 gramos 25 x 36;5/03/2026;INGRESOS;800;800;hoja(s);0.137031984;C18-25;LOCAL
Cartulina;100300996;Cartulina FBB Zenith LOCAL -- C-18 295 gramos 25 x 36;6/03/2026;CONSUMOS;-2400;2400;hoja(s);0.411095952;C18-25;LOCAL
Cartulina;100300996;Cartulina FBB Zenith LOCAL -- C-18 295 gramos 25 x 36;6/03/2026;CONSUMOS;-6700;6700;hoja(s);1.147642866;C18-25;LOCAL
Cartulina;100300996;Cartulina FBB Zenith LOCAL -- C-18 295 gramos 25 x 36;10/03/2026;INGRESOS;3700;3700;hoja(s);0.633772926;C18-25;LOCAL
Cartulina;100300996;Cartulina FBB Zenith LOCAL -- C-18 295 gramos 25 x 36;10/03/2026;CONSUMOS;-3700;3700;hoja(s);0.633772926;C18-25;LOCAL
Cartulina;100300996;Cartulina FBB Zenith LOCAL -- C-18 295 gramos 25 x 36;11/03/2026;INGRESOS;2400;2400;hoja(s);0.411095952;C18-25;LOCAL
Cartulina;100300996;Cartulina FBB Zenith LOCAL -- C-18 295 gramos 25 x 36;11/03/2026;CONSUMOS;7800;7800;hoja(s);-1.336061844;C18-25;LOCAL
Cartulina;100300996;Cartulina FBB Zenith LOCAL -- C-18 295 gramos 25 x 36;11/03/2026;CONSUMOS;16700;16700;hoja(s);-2.860542666;C18-25;LOCAL
Cartulina;100300996;Cartulina FBB Zenith LOCAL -- C-18 295 gramos 25 x 36;11/03/2026;CONSUMOS;-7800;7800;hoja(s);1.336061844;C18-25;LOCAL
Cartulina;100300996;Cartulina FBB Zenith LOCAL -- C-18 295 gramos 25 x 36;11/03/2026;CONSUMOS;-16700;16700;hoja(s);2.860542666;C18-25;LOCAL
Cartulina;100300996;Cartulina FBB Zenith LOCAL -- C-18 295 gramos 25 x 36;11/03/2026;CONSUMOS;-2400;2400;hoja(s);0.411095952;C18-25;LOCAL
Cartulina;100300996;Cartulina FBB Zenith LOCAL -- C-18 295 gramos 25 x 36;17/03/2026;INGRESOS;1000;1000;hoja(s);0.17128998;C18-25;LOCAL
Cartulina;100300996;Cartulina FBB Zenith LOCAL -- C-18 295 gramos 25 x 36;18/03/2026;CONSUMOS;-1000;1000;hoja(s);0.17128998;C18-25;LOCAL
Cartulina;100300996;Cartulina FBB Zenith LOCAL -- C-18 295 gramos 25 x 36;18/03/2026;INGRESOS;3500;3500;hoja(s);0.59951493;C18-25;LOCAL
Cartulina;100300996;Cartulina FBB Zenith LOCAL -- C-18 295 gramos 25 x 36;20/03/2026;CONSUMOS;-2500;2500;hoja(s);0.42822495;C18-25;LOCAL
Cartulina;100300996;Cartulina FBB Zenith LOCAL -- C-18 295 gramos 25 x 36;21/03/2026;CONSUMOS;-1000;1000;hoja(s);0.17128998;C18-25;LOCAL
Cartulina;100300996;Cartulina FBB Zenith LOCAL -- C-18 295 gramos 25 x 36;23/03/2026;INGRESOS;900;900;hoja(s);0.154160982;C18-25;LOCAL
Cartulina;100300996;Cartulina FBB Zenith LOCAL -- C-18 295 gramos 25 x 36;24/03/2026;CONSUMOS;-900;900;hoja(s);0.154160982;C18-25;LOCAL
Cartulina;100300996;Cartulina FBB Zenith LOCAL -- C-18 295 gramos 25 x 36;25/03/2026;INGRESOS;1200;1200;hoja(s);0.205547976;C18-25;LOCAL
Cartulina;100300996;Cartulina FBB Zenith LOCAL -- C-18 295 gramos 25 x 36;26/03/2026;CONSUMOS;-1200;1200;hoja(s);0.205547976;C18-25;LOCAL
Cartulina;100301001;Cartulina FBB Zenith LOCAL -- C-18 295 gramos 25 x 38;4/03/2026;CONSUMOS;-100;100;hoja(s);0.018076863;C18-25;LOCAL
Cartulina;100301001;Cartulina FBB Zenith LOCAL -- C-18 295 gramos 25 x 38;10/03/2026;CONSUMOS;100;100;hoja(s);-0.018076863;C18-25;LOCAL
Cartulina;100301001;Cartulina FBB Zenith LOCAL -- C-18 295 gramos 25 x 38;10/03/2026;CONSUMOS;-100;100;hoja(s);0.018076863;C18-25;LOCAL
Cartulina;100301001;Cartulina FBB Zenith LOCAL -- C-18 295 gramos 25 x 38;11/03/2026;INGRESOS;3700;3700;hoja(s);0.668843913;C18-25;LOCAL
Cartulina;100301001;Cartulina FBB Zenith LOCAL -- C-18 295 gramos 25 x 38;11/03/2026;CONSUMOS;-3700;3700;hoja(s);0.668843913;C18-25;LOCAL
Cartulina;100301001;Cartulina FBB Zenith LOCAL -- C-18 295 gramos 25 x 38;12/03/2026;INGRESOS;200;200;hoja(s);0.036153725;C18-25;LOCAL
Cartulina;100301001;Cartulina FBB Zenith LOCAL -- C-18 295 gramos 25 x 38;16/03/2026;INGRESOS;5100;5100;hoja(s);0.921919988;C18-25;LOCAL
Cartulina;100301001;Cartulina FBB Zenith LOCAL -- C-18 295 gramos 25 x 38;16/03/2026;CONSUMOS;-300;300;hoja(s);0.054230588;C18-25;LOCAL
Cartulina;100301001;Cartulina FBB Zenith LOCAL -- C-18 295 gramos 25 x 38;18/03/2026;CONSUMOS;-5100;5100;hoja(s);0.921919988;C18-25;LOCAL
Cartulina;100301001;Cartulina FBB Zenith LOCAL -- C-18 295 gramos 25 x 38;27/03/2026;INGRESOS;300;300;hoja(s);0.054230588;C18-25;LOCAL
Cartulina;100301046;Cartulina FBB Zenith LOCAL -- C-18 295 gramos 30 x 40;17/03/2026;INGRESOS;4200;4200;hoja(s);0.959223888;C18-30;LOCAL
Cartulina;100301046;Cartulina FBB Zenith LOCAL -- C-18 295 gramos 30 x 40;18/03/2026;CONSUMOS;-4200;4200;hoja(s);0.959223888;C18-30;LOCAL
Cartulina;100301046;Cartulina FBB Zenith LOCAL -- C-18 295 gramos 30 x 40;18/03/2026;INGRESOS;3400;3400;hoja(s);0.776514576;C18-30;LOCAL
Cartulina;100301046;Cartulina FBB Zenith LOCAL -- C-18 295 gramos 30 x 40;20/03/2026;CONSUMOS;-3400;3400;hoja(s);0.776514576;C18-30;LOCAL
Cartulina;100301343;Cartulina FBB Zenith LOCAL -- C-22 360 gramos 25 x 38;25/03/2026;CONSUMOS;-500;500;hoja(s);0.1102995;C22-25;LOCAL
Cartulina;100301356;Rollo Cartulina ASIA SYMBOL C-16 270 g ancho 25;2/03/2026;CONSUMOS;-323;323;METROS;0.05537835;C16-25;IMPORTACION
Cartulina;100301356;Rollo Cartulina ASIA SYMBOL C-16 270 g ancho 25;2/03/2026;CONSUMOS;-1795;1795;METROS;0.30775275;C16-25;IMPORTACION
Cartulina;100301356;Rollo Cartulina ASIA SYMBOL C-16 270 g ancho 25;5/03/2026;CONSUMOS;-1778;1778;METROS;0.3048381;C16-25;IMPORTACION
Cartulina;100301356;Rollo Cartulina ASIA SYMBOL C-16 270 g ancho 25;5/03/2026;CONSUMOS;-4684;4684;METROS;0.8030718;C16-25;IMPORTACION
Cartulina;100301356;Rollo Cartulina ASIA SYMBOL C-16 270 g ancho 25;5/03/2026;CONSUMOS;-914;914;METROS;0.1567053;C16-25;IMPORTACION
Cartulina;100301356;Rollo Cartulina ASIA SYMBOL C-16 270 g ancho 25;5/03/2026;CONSUMOS;-3130;3130;METROS;0.5366385;C16-25;IMPORTACION
Cartulina;100301356;Rollo Cartulina ASIA SYMBOL C-16 270 g ancho 25;5/03/2026;CONSUMOS;-1049;1049;METROS;0.17985105;C16-25;IMPORTACION
Cartulina;100301356;Rollo Cartulina ASIA SYMBOL C-16 270 g ancho 25;5/03/2026;CONSUMOS;-1559;1559;METROS;0.26729055;C16-25;IMPORTACION
Cartulina;100301356;Rollo Cartulina ASIA SYMBOL C-16 270 g ancho 25;9/03/2026;CONSUMOS;-996;996;METROS;0.1707642;C16-25;IMPORTACION
Cartulina;100301356;Rollo Cartulina ASIA SYMBOL C-16 270 g ancho 25;9/03/2026;CONSUMOS;-2109;2109;METROS;0.36158805;C16-25;IMPORTACION
Cartulina;100301356;Rollo Cartulina ASIA SYMBOL C-16 270 g ancho 25;9/03/2026;CONSUMOS;-382;382;METROS;0.0654939;C16-25;IMPORTACION
Cartulina;100301356;Rollo Cartulina ASIA SYMBOL C-16 270 g ancho 25;9/03/2026;CONSUMOS;-884;884;METROS;0.1515618;C16-25;IMPORTACION
Cartulina;100301356;Rollo Cartulina ASIA SYMBOL C-16 270 g ancho 25;9/03/2026;CONSUMOS;-2002;2002;METROS;0.3432429;C16-25;IMPORTACION
Cartulina;100301356;Rollo Cartulina ASIA SYMBOL C-16 270 g ancho 25;9/03/2026;CONSUMOS;-2004;2004;METROS;0.3435858;C16-25;IMPORTACION
Cartulina;100301356;Rollo Cartulina ASIA SYMBOL C-16 270 g ancho 25;10/03/2026;CONSUMOS;-453;453;METROS;0.07766685;C16-25;IMPORTACION
Cartulina;100301356;Rollo Cartulina ASIA SYMBOL C-16 270 g ancho 25;11/03/2026;CONSUMOS;-2541;2541;METROS;0.43565445;C16-25;IMPORTACION
Cartulina;100301356;Rollo Cartulina ASIA SYMBOL C-16 270 g ancho 25;11/03/2026;CONSUMOS;-1179;1179;METROS;0.20213955;C16-25;IMPORTACION
Cartulina;100301356;Rollo Cartulina ASIA SYMBOL C-16 270 g ancho 25;11/03/2026;CONSUMOS;-4816;4816;METROS;0.8257032;C16-25;IMPORTACION
Cartulina;100301356;Rollo Cartulina ASIA SYMBOL C-16 270 g ancho 25;16/03/2026;CONSUMOS;-967;967;METROS;0.16579215;C16-25;IMPORTACION
Cartulina;100301356;Rollo Cartulina ASIA SYMBOL C-16 270 g ancho 25;16/03/2026;CONSUMOS;-10735;10735;METROS;1.84051575;C16-25;IMPORTACION
Cartulina;100301356;Rollo Cartulina ASIA SYMBOL C-16 270 g ancho 25;16/03/2026;CONSUMOS;-816;816;METROS;0.1399032;C16-25;IMPORTACION
Cartulina;100301356;Rollo Cartulina ASIA SYMBOL C-16 270 g ancho 25;17/03/2026;CONSUMOS;-251;251;METROS;0.04303395;C16-25;IMPORTACION
Cartulina;100301356;Rollo Cartulina ASIA SYMBOL C-16 270 g ancho 25;17/03/2026;CONSUMOS;-433;433;METROS;0.07423785;C16-25;IMPORTACION
Cartulina;100301356;Rollo Cartulina ASIA SYMBOL C-16 270 g ancho 25;20/03/2026;CONSUMOS;-448;448;METROS;0.0768096;C16-25;IMPORTACION
Cartulina;100301356;Rollo Cartulina ASIA SYMBOL C-16 270 g ancho 25;24/03/2026;CONSUMOS;-1936;1936;METROS;0.3319272;C16-25;IMPORTACION
Cartulina;100301356;Rollo Cartulina ASIA SYMBOL C-16 270 g ancho 25;24/03/2026;CONSUMOS;-733;733;METROS;0.12567285;C16-25;IMPORTACION
Cartulina;100301356;Rollo Cartulina ASIA SYMBOL C-16 270 g ancho 25;24/03/2026;CONSUMOS;-1356;1356;METROS;0.2324862;C16-25;IMPORTACION
Cartulina;100301356;Rollo Cartulina ASIA SYMBOL C-16 270 g ancho 25;26/03/2026;CONSUMOS;-2700;2700;METROS;0.462915;C16-25;IMPORTACION
Cartulina;100301356;Rollo Cartulina ASIA SYMBOL C-16 270 g ancho 25;26/03/2026;CONSUMOS;-2689;2689;METROS;0.46102905;C16-25;IMPORTACION
Cartulina;100301356;Rollo Cartulina ASIA SYMBOL C-16 270 g ancho 25;26/03/2026;CONSUMOS;-509;509;METROS;0.08726805;C16-25;IMPORTACION
Cartulina;100301356;Rollo Cartulina ASIA SYMBOL C-16 270 g ancho 25;27/03/2026;CONSUMOS;-1448;1448;METROS;0.2482596;C16-25;IMPORTACION
Cartulina;100301356;Rollo Cartulina ASIA SYMBOL C-16 270 g ancho 25;27/03/2026;CONSUMOS;-885;885;METROS;0.15173325;C16-25;IMPORTACION
Cartulina;100301356;Rollo Cartulina ASIA SYMBOL C-16 270 g ancho 25;27/03/2026;CONSUMOS;-1250;1250;METROS;0.2143125;C16-25;IMPORTACION
Cartulina;100301356;Rollo Cartulina ASIA SYMBOL C-16 270 g ancho 25;27/03/2026;CONSUMOS;-1354;1354;METROS;0.2321433;C16-25;IMPORTACION
Cartulina;100301356;Rollo Cartulina ASIA SYMBOL C-16 270 g ancho 25;27/03/2026;CONSUMOS;-878;878;METROS;0.1505331;C16-25;IMPORTACION
Cartulina;100301356;Rollo Cartulina ASIA SYMBOL C-16 270 g ancho 25;27/03/2026;CONSUMOS;-5209;5209;METROS;0.89308305;C16-25;IMPORTACION
Cartulina;100301356;Rollo Cartulina ASIA SYMBOL C-16 270 g ancho 25;27/03/2026;CONSUMOS;-4780;4780;METROS;0.819531;C16-25;IMPORTACION
Cartulina;100301356;Rollo Cartulina ASIA SYMBOL C-16 270 g ancho 25;27/03/2026;CONSUMOS;-1509;1509;METROS;0.25871805;C16-25;IMPORTACION
Cartulina;100301356;Rollo Cartulina ASIA SYMBOL C-16 270 g ancho 25;27/03/2026;CONSUMOS;-2156;2156;METROS;0.3696462;C16-25;IMPORTACION
Cartulina;100301356;Rollo Cartulina ASIA SYMBOL C-16 270 g ancho 25;27/03/2026;CONSUMOS;-1413;1413;METROS;0.24225885;C16-25;IMPORTACION
Cartulina;100301356;Rollo Cartulina ASIA SYMBOL C-16 270 g ancho 25;27/03/2026;CONSUMOS;-1752;1752;METROS;0.3003804;C16-25;IMPORTACION
Cartulina;100301356;Rollo Cartulina ASIA SYMBOL C-16 270 g ancho 25;27/03/2026;CONSUMOS;-2880;2880;METROS;0.493776;C16-25;IMPORTACION
Cartulina;100301356;Rollo Cartulina ASIA SYMBOL C-16 270 g ancho 25;27/03/2026;CONSUMOS;-2451;2451;METROS;0.42022395;C16-25;IMPORTACION
Cartulina;100301356;Rollo Cartulina ASIA SYMBOL C-16 270 g ancho 25;27/03/2026;CONSUMOS;-483;483;METROS;0.08281035;C16-25;IMPORTACION
Cartulina;100301356;Rollo Cartulina ASIA SYMBOL C-16 270 g ancho 25;27/03/2026;CONSUMOS;-2690;2690;METROS;0.4612005;C16-25;IMPORTACION
Cartulina;100301357;Rollo Cartulina ASIA SYMBOL C-18 295 g ancho 25;23/03/2026;CONSUMOS;-707;707;METROS;0.132438775;C18-25;IMPORTACION
Cartulina;100301825;Rollo Cartulina ASIA SYMBOL C-16 270 g ancho 28.5;18/03/2026;CONSUMOS;-3171;3171;METROS;0.61901091;C16-29;IMPORTACION
Cartulina;100301825;Rollo Cartulina ASIA SYMBOL C-16 270 g ancho 28.5;18/03/2026;CONSUMOS;-4647;4647;METROS;0.90714087;C16-29;IMPORTACION
Cartulina;100301825;Rollo Cartulina ASIA SYMBOL C-16 270 g ancho 28.5;27/03/2026;CONSUMOS;-2415;2415;METROS;0.47143215;C16-29;IMPORTACION
Cartulina;100301848;Rollo Cartulina ASIA SYMBOL C-20 325 g ancho 25;3/03/2026;CONSUMOS;-5073;5073;METROS;1.046940375;C20-25;IMPORTACION
Cartulina;100301848;Rollo Cartulina ASIA SYMBOL C-20 325 g ancho 25;10/03/2026;CONSUMOS;-2287;2287;METROS;0.471979625;C20-25;IMPORTACION
Cartulina;100301848;Rollo Cartulina ASIA SYMBOL C-20 325 g ancho 25;17/03/2026;CONSUMOS;-1878;1878;METROS;0.38757225;C20-25;IMPORTACION
Cartulina;100301848;Rollo Cartulina ASIA SYMBOL C-20 325 g ancho 25;17/03/2026;CONSUMOS;-2928;2928;METROS;0.604266;C20-25;IMPORTACION
Cartulina;100301848;Rollo Cartulina ASIA SYMBOL C-20 325 g ancho 25;27/03/2026;CONSUMOS;-551;551;METROS;0.113712625;C20-25;IMPORTACION
Cartulina;100301848;Rollo Cartulina ASIA SYMBOL C-20 325 g ancho 25;27/03/2026;CONSUMOS;-4246;4246;METROS;0.87626825;C20-25;IMPORTACION
Cartulina;100301855;Rollo Cartulina Nine Dragons C - 16 255 g ancho 28.5;23/03/2026;CONSUMOS;-27255;27255;METROS;4.413265875;C16-29;IMPORTACION
Cartulina;100301855;Rollo Cartulina Nine Dragons C - 16 255 g ancho 28.5;23/03/2026;CONSUMOS;-44823;44823;METROS;7.257964275;C16-29;IMPORTACION
Cartulina;100301855;Rollo Cartulina Nine Dragons C - 16 255 g ancho 28.5;26/03/2026;CONSUMOS;-37547;37547;METROS;6.079797975;C16-29;IMPORTACION
Cartulina;100301855;Rollo Cartulina Nine Dragons C - 16 255 g ancho 28.5;26/03/2026;CONSUMOS;-9513;9513;METROS;1.540392525;C16-29;IMPORTACION
Cartulina;100301855;Rollo Cartulina Nine Dragons C - 16 255 g ancho 28.5;27/03/2026;CONSUMOS;-792;792;METROS;0.1282446;C16-29;IMPORTACION
Cartulina;100301856;Rollo Cartulina OBAFREE --  C - 18 265 g ancho 23;23/03/2026;CONSUMOS;-8052;8052;METROS;1.24612752;C18-23;IMPORTACION
Cartulina;100301856;Rollo Cartulina OBAFREE --  C - 18 265 g ancho 23;23/03/2026;CONSUMOS;-17415;17415;METROS;2.6951454;C18-23;IMPORTACION
Cartulina;100301861;Rollo Cartulina ASIA SYMBOL C-14 235 g ancho 25.5;2/03/2026;CONSUMOS;-1242;1242;METROS;0.18883989;C14-25.5;IMPORTACION
Cartulina;100301861;Rollo Cartulina ASIA SYMBOL C-14 235 g ancho 25.5;3/03/2026;CONSUMOS;-818;818;METROS;0.12437281;C14-25.5;IMPORTACION
Cartulina;100301861;Rollo Cartulina ASIA SYMBOL C-14 235 g ancho 25.5;9/03/2026;CONSUMOS;-864;864;METROS;0.13136688;C14-25.5;IMPORTACION
Cartulina;100301861;Rollo Cartulina ASIA SYMBOL C-14 235 g ancho 25.5;13/03/2026;CONSUMOS;-6401;6401;METROS;0.973240045;C14-25.5;IMPORTACION
Cartulina;100301861;Rollo Cartulina ASIA SYMBOL C-14 235 g ancho 25.5;17/03/2026;CONSUMOS;-2048;2048;METROS;0.31138816;C14-25.5;IMPORTACION
Cartulina;100301861;Rollo Cartulina ASIA SYMBOL C-14 235 g ancho 25.5;17/03/2026;CONSUMOS;-796;796;METROS;0.12102782;C14-25.5;IMPORTACION
Cartulina;100301861;Rollo Cartulina ASIA SYMBOL C-14 235 g ancho 25.5;17/03/2026;CONSUMOS;-1258;1258;METROS;0.19127261;C14-25.5;IMPORTACION
Cartulina;100301861;Rollo Cartulina ASIA SYMBOL C-14 235 g ancho 25.5;17/03/2026;CONSUMOS;-5750;5750;METROS;0.87425875;C14-25.5;IMPORTACION
Cartulina;100301861;Rollo Cartulina ASIA SYMBOL C-14 235 g ancho 25.5;18/03/2026;CONSUMOS;-752;752;METROS;0.11433784;C14-25.5;IMPORTACION
Cartulina;100301861;Rollo Cartulina ASIA SYMBOL C-14 235 g ancho 25.5;24/03/2026;CONSUMOS;-809;809;METROS;0.123004405;C14-25.5;IMPORTACION
Cartulina;100301861;Rollo Cartulina ASIA SYMBOL C-14 235 g ancho 25.5;26/03/2026;CONSUMOS;-547;547;METROS;0.083168615;C14-25.5;IMPORTACION
Cartulina;100301861;Rollo Cartulina ASIA SYMBOL C-14 235 g ancho 25.5;26/03/2026;CONSUMOS;-1440;1440;METROS;0.2189448;C14-25.5;IMPORTACION
Cartulina;100301861;Rollo Cartulina ASIA SYMBOL C-14 235 g ancho 25.5;26/03/2026;CONSUMOS;-1311;1311;METROS;0.199330995;C14-25.5;IMPORTACION
Cartulina;100301861;Rollo Cartulina ASIA SYMBOL C-14 235 g ancho 25.5;27/03/2026;CONSUMOS;-2293;2293;METROS;0.348639185;C14-25.5;IMPORTACION
Cartulina;100301861;Rollo Cartulina ASIA SYMBOL C-14 235 g ancho 25.5;27/03/2026;CONSUMOS;-737;737;METROS;0.112057165;C14-25.5;IMPORTACION
Cartulina;100301869;Rollo Cartulina DUPLEX MIRABELL --  C - 17 320 g ancho 22;24/03/2026;CONSUMOS;-23106;23106;METROS;4.12580736;COLGATE-150;IMPORTACION
Cartulina;100301869;Rollo Cartulina DUPLEX MIRABELL --  C - 17 320 g ancho 22;24/03/2026;CONSUMOS;-122;122;METROS;0.02178432;COLGATE-150;IMPORTACION
Cartulina;100301901;Rollo Cartulina SBS CANDESCE -- C-24 407 g ancho 27.5 (29-89);16/03/2026;CONSUMOS;-2938;2938;METROS;0.834644668;GILDAN;IMPORTACION
Cartulina;100301902;Rollo Cartulina SBS CANDESCE -- C-24 407 g ancho 39 (29-89);16/03/2026;CONSUMOS;-2247;2247;METROS;0.90538371;GILDAN;IMPORTACION
Cartulina;100301908;Rollo Cartulina Nine Dragons C - 13.6 215 g ancho 25 (29-89);3/03/2026;CONSUMOS;-6577;6577;METROS;0.897924925;C13.6-25;IMPORTACION
Cartulina;100301908;Rollo Cartulina Nine Dragons C - 13.6 215 g ancho 25 (29-89);17/03/2026;CONSUMOS;-6472;6472;METROS;0.8835898;C13.6-25;IMPORTACION
Cartulina;100301908;Rollo Cartulina Nine Dragons C - 13.6 215 g ancho 25 (29-89);17/03/2026;CONSUMOS;-2223;2223;METROS;0.303495075;C13.6-25;IMPORTACION
Cartulina;100301908;Rollo Cartulina Nine Dragons C - 13.6 215 g ancho 25 (29-89);17/03/2026;CONSUMOS;-5025;5025;METROS;0.686038125;C13.6-25;IMPORTACION
Cartulina;100301908;Rollo Cartulina Nine Dragons C - 13.6 215 g ancho 25 (29-89);17/03/2026;CONSUMOS;-2545;2545;METROS;0.347456125;C13.6-25;IMPORTACION
Cartulina;100301908;Rollo Cartulina Nine Dragons C - 13.6 215 g ancho 25 (29-89);18/03/2026;CONSUMOS;-761;761;METROS;0.103895525;C13.6-25;IMPORTACION
Cartulina;100301909;Rollo Cartulina Nine Dragons C - 13.6 215 g ancho 30 (29-89);24/03/2026;CONSUMOS;-3390;3390;METROS;0.5553837;C13.6-30;IMPORTACION
Cartulina;100301909;Rollo Cartulina Nine Dragons C - 13.6 215 g ancho 30 (29-89);24/03/2026;CONSUMOS;-24795;24795;METROS;4.06216485;C13.6-30;IMPORTACION
Cartulina;100301909;Rollo Cartulina Nine Dragons C - 13.6 215 g ancho 30 (29-89);24/03/2026;CONSUMOS;-12495;12495;METROS;2.04705585;C13.6-30;IMPORTACION
Cartulina;100301917;Rollo Cartulina Nine Dragons C - 16.3 255 g ancho 25 (29-89);9/03/2026;CONSUMOS;-2297;2297;METROS;0.371941725;C16.3-25;IMPORTACION
Cartulina;100301917;Rollo Cartulina Nine Dragons C - 16.3 255 g ancho 25 (29-89);9/03/2026;CONSUMOS;-2169;2169;METROS;0.351215325;C16.3-25;IMPORTACION
Cartulina;100301917;Rollo Cartulina Nine Dragons C - 16.3 255 g ancho 25 (29-89);9/03/2026;CONSUMOS;-1502;1502;METROS;0.24321135;C16.3-25;IMPORTACION
Cartulina;100301917;Rollo Cartulina Nine Dragons C - 16.3 255 g ancho 25 (29-89);9/03/2026;CONSUMOS;-738;738;METROS;0.11950065;C16.3-25;IMPORTACION
Cartulina;100301917;Rollo Cartulina Nine Dragons C - 16.3 255 g ancho 25 (29-89);16/03/2026;CONSUMOS;-428;428;METROS;0.0693039;C16.3-25;IMPORTACION
Cartulina;100301917;Rollo Cartulina Nine Dragons C - 16.3 255 g ancho 25 (29-89);16/03/2026;CONSUMOS;-1239;1239;METROS;0.200625075;C16.3-25;IMPORTACION
Cartulina;100301917;Rollo Cartulina Nine Dragons C - 16.3 255 g ancho 25 (29-89);16/03/2026;CONSUMOS;-1723;1723;METROS;0.278996775;C16.3-25;IMPORTACION
Cartulina;100301917;Rollo Cartulina Nine Dragons C - 16.3 255 g ancho 25 (29-89);18/03/2026;CONSUMOS;-256;256;METROS;0.0414528;C16.3-25;IMPORTACION
Cartulina;100301917;Rollo Cartulina Nine Dragons C - 16.3 255 g ancho 25 (29-89);23/03/2026;CONSUMOS;-1991;1991;METROS;0.322392675;C16.3-25;IMPORTACION
Cartulina;100301919;Rollo Cartulina Nine Dragons C - 16.3 255 g ancho 29 (29-89);19/03/2026;CONSUMOS;-5830;5830;METROS;1.0941744;C16.3-29;IMPORTACION
Cartulina;100301919;Rollo Cartulina Nine Dragons C - 16.3 255 g ancho 29 (29-89);27/03/2026;CONSUMOS;-20658;20658;METROS;3.87709344;C16.3-29;IMPORTACION
Cartulina;100301919;Rollo Cartulina Nine Dragons C - 16.3 255 g ancho 29 (29-89);27/03/2026;CONSUMOS;-5946;5946;METROS;1.11594528;C16.3-29;IMPORTACION
Cartulina;100301919;Rollo Cartulina Nine Dragons C - 16.3 255 g ancho 29 (29-89);27/03/2026;CONSUMOS;-44261;44261;METROS;8.30690448;C16.3-29;IMPORTACION
Cartulina;100301919;Rollo Cartulina Nine Dragons C - 16.3 255 g ancho 29 (29-89);27/03/2026;CONSUMOS;-220;220;METROS;0.0412896;C16.3-29;IMPORTACION
Cartulina;100301920;Rollo Cartulina Nine Dragons C - 16.3 255 g ancho 35.5 (29-89);18/03/2026;CONSUMOS;-4545;4545;METROS;1.044236475;C16.3-35.5;IMPORTACION
Cartulina;100301920;Rollo Cartulina Nine Dragons C - 16.3 255 g ancho 35.5 (29-89);18/03/2026;CONSUMOS;-4399;4399;METROS;1.010692245;C16.3-35.5;IMPORTACION
Cartulina;100301920;Rollo Cartulina Nine Dragons C - 16.3 255 g ancho 35.5 (29-89);19/03/2026;CONSUMOS;-3914;3914;METROS;0.89926107;C16.3-35.5;IMPORTACION
Cartulina;100301920;Rollo Cartulina Nine Dragons C - 16.3 255 g ancho 35.5 (29-89);19/03/2026;CONSUMOS;-7736;7736;METROS;1.77738468;C16.3-35.5;IMPORTACION
Cartulina;100301924;Rollo Cartulina Nine Dragons C - 18.3 290 g ancho 25;5/03/2026;CONSUMOS;-610;610;METROS;0.1123315;C18-25-COSC;IMPORTACION
Cartulina;100301924;Rollo Cartulina Nine Dragons C - 18.3 290 g ancho 25;10/03/2026;CONSUMOS;-31084;31084;METROS;5.7241186;C18-25-COSC;IMPORTACION
Cartulina;100301924;Rollo Cartulina Nine Dragons C - 18.3 290 g ancho 25;10/03/2026;CONSUMOS;-1717;1717;METROS;0.31618555;C18-25-COSC;IMPORTACION
Cartulina;100301924;Rollo Cartulina Nine Dragons C - 18.3 290 g ancho 25;10/03/2026;CONSUMOS;-5255;5255;METROS;0.96770825;C18-25-COSC;IMPORTACION
Cartulina;100301924;Rollo Cartulina Nine Dragons C - 18.3 290 g ancho 25;10/03/2026;CONSUMOS;-2206;2206;METROS;0.4062349;C18-25-COSC;IMPORTACION
Cartulina;100301924;Rollo Cartulina Nine Dragons C - 18.3 290 g ancho 25;18/03/2026;CONSUMOS;-1806;1806;METROS;0.3325749;C18-25-COSC;IMPORTACION
Cartulina;100301924;Rollo Cartulina Nine Dragons C - 18.3 290 g ancho 25;27/03/2026;CONSUMOS;-5220;5220;METROS;0.961263;C18-25-COSC;IMPORTACION
Cartulina;100301924;Rollo Cartulina Nine Dragons C - 18.3 290 g ancho 25;27/03/2026;CONSUMOS;-702;702;METROS;0.1292733;C18-25-COSC;IMPORTACION
Cartulina;100301926;Rollo Cartulina ASIA SYMBOL C-19 310 g ancho 25 (29-89);3/03/2026;CONSUMOS;-17245;17245;METROS;3.39467825;C19-25;IMPORTACION
Cartulina;100301926;Rollo Cartulina ASIA SYMBOL C-19 310 g ancho 25 (29-89);3/03/2026;CONSUMOS;-381;381;METROS;0.07499985;C19-25;IMPORTACION
Cartulina;100301926;Rollo Cartulina ASIA SYMBOL C-19 310 g ancho 25 (29-89);3/03/2026;CONSUMOS;-6787;6787;METROS;1.33602095;C19-25;IMPORTACION
Cartulina;100301926;Rollo Cartulina ASIA SYMBOL C-19 310 g ancho 25 (29-89);5/03/2026;CONSUMOS;-184;184;METROS;0.0362204;C19-25;IMPORTACION
Cartulina;100301926;Rollo Cartulina ASIA SYMBOL C-19 310 g ancho 25 (29-89);11/03/2026;CONSUMOS;-2514;2514;METROS;0.4948809;C19-25;IMPORTACION
Cartulina;100301926;Rollo Cartulina ASIA SYMBOL C-19 310 g ancho 25 (29-89);17/03/2026;CONSUMOS;-2267;2267;METROS;0.44625895;C19-25;IMPORTACION
Cartulina;100301926;Rollo Cartulina ASIA SYMBOL C-19 310 g ancho 25 (29-89);18/03/2026;CONSUMOS;-6029;6029;METROS;1.18680865;C19-25;IMPORTACION
Cartulina;100301926;Rollo Cartulina ASIA SYMBOL C-19 310 g ancho 25 (29-89);18/03/2026;CONSUMOS;-3407;3407;METROS;0.67066795;C19-25;IMPORTACION
Cartulina;100301926;Rollo Cartulina ASIA SYMBOL C-19 310 g ancho 25 (29-89);24/03/2026;CONSUMOS;-2084;2084;METROS;0.4102354;C19-25;IMPORTACION
Cartulina;100301926;Rollo Cartulina ASIA SYMBOL C-19 310 g ancho 25 (29-89);24/03/2026;CONSUMOS;-6812;6812;METROS;1.3409422;C19-25;IMPORTACION
Cartulina;100301926;Rollo Cartulina ASIA SYMBOL C-19 310 g ancho 25 (29-89);24/03/2026;CONSUMOS;-3486;3486;METROS;0.6862191;C19-25;IMPORTACION
Cartulina;100301926;Rollo Cartulina ASIA SYMBOL C-19 310 g ancho 25 (29-89);27/03/2026;CONSUMOS;-1320;1320;METROS;0.259842;C19-25;IMPORTACION
Cartulina;100301928;Rollo Cartulina Nine Dragons C - 19 305 g ancho 25 (29-89) REGIONAL;10/03/2026;CONSUMOS;-1007;1007;METROS;0.195030725;C19-25;IMPORTACION
Cartulina;100301932;Rollo Cartulina Policote 1PE0/15 C-13.5 225g ancho 36 REGIONAL;12/03/2026;CONSUMOS;-23027;23027;METROS;4.73550255;POLICOTE;IMPORTACION
Cartulina;100301932;Rollo Cartulina Policote 1PE0/15 C-13.5 225g ancho 36 REGIONAL;12/03/2026;CONSUMOS;-82;82;METROS;0.0168633;POLICOTE;IMPORTACION
Cartulina;100301935;Cartulina FBB Asia Symbol -- C-14 235 gramos  22 x 34;24/03/2026;CONSUMOS;-5600;5600;PLIEGOS;0.633725064;C14-22;IMPORTACION
Cartulina;100304510;Cartulina FBB DUPLEX MIRABELL -- C-17 320 gramos  22 x 38.5;24/03/2026;CONSUMOS;-80141;80141;PLIEGOS;14.01378916;COLGATE-150;IMPORTACION
Cartulina;100304527;Cartulina SPARK C-18 270 gr 25 X 38;24/03/2026;INGRESOS;2200;2200;PLIEGOS;0.364063788;Spark;LOCAL
Cartulina;100304527;Cartulina SPARK C-18 270 gr 25 X 38;26/03/2026;CONSUMOS;-2200;2200;PLIEGOS;0.364063788;Spark;LOCAL
Cartulina;100304541;Rollo Cartulina ASIA SYMBOL C-12 230 g ancho 25;10/03/2026;CONSUMOS;-7626;7626;METROS;1.1137773;C12-25;IMPORTACION
Cartulina;100304541;Rollo Cartulina ASIA SYMBOL C-12 230 g ancho 25;10/03/2026;CONSUMOS;-18132;18132;METROS;2.6481786;C12-25;IMPORTACION
Cartulina;100304541;Rollo Cartulina ASIA SYMBOL C-12 230 g ancho 25;10/03/2026;CONSUMOS;-503;503;METROS;0.07346315;C12-25;IMPORTACION
Cartulina;100304541;Rollo Cartulina ASIA SYMBOL C-12 230 g ancho 25;10/03/2026;CONSUMOS;-9288;9288;METROS;1.3565124;C12-25;IMPORTACION
Cartulina;100304541;Rollo Cartulina ASIA SYMBOL C-12 230 g ancho 25;11/03/2026;CONSUMOS;-1067;1067;METROS;0.15583535;C12-25;IMPORTACION
Cartulina;100304541;Rollo Cartulina ASIA SYMBOL C-12 230 g ancho 25;11/03/2026;CONSUMOS;-555;555;METROS;0.08105775;C12-25;IMPORTACION
Cartulina;100304541;Rollo Cartulina ASIA SYMBOL C-12 230 g ancho 25;17/03/2026;CONSUMOS;-13787;13787;METROS;2.01359135;C12-25;IMPORTACION
Cartulina;100304541;Rollo Cartulina ASIA SYMBOL C-12 230 g ancho 25;17/03/2026;CONSUMOS;-8134;8134;METROS;1.1879707;C12-25;IMPORTACION
Cartulina;100304541;Rollo Cartulina ASIA SYMBOL C-12 230 g ancho 25;19/03/2026;CONSUMOS;-2926;2926;METROS;0.4273423;C12-25;IMPORTACION
Cartulina;100304541;Rollo Cartulina ASIA SYMBOL C-12 230 g ancho 25;19/03/2026;CONSUMOS;-4938;4938;METROS;0.7211949;C12-25;IMPORTACION
Cartulina;100304541;Rollo Cartulina ASIA SYMBOL C-12 230 g ancho 25;19/03/2026;CONSUMOS;-25986;25986;METROS;3.7952553;C12-25;IMPORTACION
Cartulina;100304546;Rollo Cartulina DUPLEX MIRABELL --  C - 17 320 g ancho 21.5;3/03/2026;CONSUMOS;-1449;1449;METROS;0.253215648;COLGATE-125;IMPORTACION
Cartulina;100304547;Rollo Cartulina Spectra Natural -- C-18 267g ancho 27;4/03/2026;CONSUMOS;-83118;83118;METROS;15.21962061;BCONSUMOSBO;IMPORTACION
Cartulina;100304550;Rollo Cartulina LSH Super Bulk C-18 290g ancho 25;3/03/2026;CONSUMOS;-3312;3312;METROS;0.6099048;C18-25;IMPORTACION
Cartulina;100304550;Rollo Cartulina LSH Super Bulk C-18 290g ancho 25;5/03/2026;CONSUMOS;-2662;2662;METROS;0.4902073;C18-25;IMPORTACION
Cartulina;100304550;Rollo Cartulina LSH Super Bulk C-18 290g ancho 25;5/03/2026;CONSUMOS;-470;470;METROS;0.0865505;C18-25;IMPORTACION
Cartulina;100304550;Rollo Cartulina LSH Super Bulk C-18 290g ancho 25;12/03/2026;CONSUMOS;-726;726;METROS;0.1336929;C18-25;IMPORTACION
Cartulina;100304550;Rollo Cartulina LSH Super Bulk C-18 290g ancho 25;13/03/2026;CONSUMOS;-5479;5479;METROS;1.00895785;C18-25;IMPORTACION
Cartulina;100304550;Rollo Cartulina LSH Super Bulk C-18 290g ancho 25;16/03/2026;CONSUMOS;-2891;2891;METROS;0.53237765;C18-25;IMPORTACION
Cartulina;100304550;Rollo Cartulina LSH Super Bulk C-18 290g ancho 25;18/03/2026;CONSUMOS;-5583;5583;METROS;1.02810945;C18-25;IMPORTACION
Cartulina;100304550;Rollo Cartulina LSH Super Bulk C-18 290g ancho 25;18/03/2026;CONSUMOS;-435;435;METROS;0.08010525;C18-25;IMPORTACION
Cartulina;100304550;Rollo Cartulina LSH Super Bulk C-18 290g ancho 25;18/03/2026;CONSUMOS;-11952;11952;METROS;2.2009608;C18-25;IMPORTACION
Cartulina;100304559;Rollo Cartulina FBB MIXTO KING PAPER--  C - 13.6 225 g ancho 36;13/03/2026;CONSUMOS;-42693;42693;METROS;8.77981545;POLICOTE;IMPORTACION
Cartulina;100304559;Rollo Cartulina FBB MIXTO KING PAPER--  C - 13.6 225 g ancho 36;13/03/2026;CONSUMOS;-57167;57167;METROS;11.75639355;POLICOTE;IMPORTACION
Cartulina;100304559;Rollo Cartulina FBB MIXTO KING PAPER--  C - 13.6 225 g ancho 36;13/03/2026;CONSUMOS;-279;279;METROS;0.05737635;POLICOTE;IMPORTACION
Cartulina;100304563;Rollo Cartulina Nine Dragons C - 12 205 g ancho 25 (29-89);17/03/2026;CONSUMOS;-124019;124019;METROS;16.14417333;C12-25;IMPORTACION
Cartulina;100304563;Rollo Cartulina Nine Dragons C - 12 205 g ancho 25 (29-89);27/03/2026;CONSUMOS;-10259;10259;METROS;1.335465325;C12-25;IMPORTACION
Cartulina;100304565;Rollo Cartulina DEINGRESOSCA FSC --  C - 13.5 225 g ancho 23.125;5/03/2026;CONSUMOS;-66;66;METROS;0.00871695;OLMECA;IMPORTACION
Cartulina;100304565;Rollo Cartulina DEINGRESOSCA FSC --  C - 13.5 225 g ancho 23.125;5/03/2026;CONSUMOS;-10999;10999;METROS;1.452692925;OLMECA;IMPORTACION
Cartulina;100304565;Rollo Cartulina DEINGRESOSCA FSC --  C - 13.5 225 g ancho 23.125;5/03/2026;CONSUMOS;-8776;8776;METROS;1.1590902;OLMECA;IMPORTACION
Cartulina;100304565;Rollo Cartulina DEINGRESOSCA FSC --  C - 13.5 225 g ancho 23.125;12/03/2026;CONSUMOS;-8026;8026;METROS;1.06003395;OLMECA;IMPORTACION
Cartulina;100304565;Rollo Cartulina DEINGRESOSCA FSC --  C - 13.5 225 g ancho 23.125;12/03/2026;CONSUMOS;-7960;7960;METROS;1.051317;OLMECA;IMPORTACION
Cartulina;100304565;Rollo Cartulina DEINGRESOSCA FSC --  C - 13.5 225 g ancho 23.125;12/03/2026;CONSUMOS;-15254;15254;METROS;2.01467205;OLMECA;IMPORTACION
Cartulina;100304565;Rollo Cartulina DEINGRESOSCA FSC --  C - 13.5 225 g ancho 23.125;12/03/2026;CONSUMOS;-8522;8522;METROS;1.12554315;OLMECA;IMPORTACION
Cartulina;100304565;Rollo Cartulina DEINGRESOSCA FSC --  C - 13.5 225 g ancho 23.125;12/03/2026;CONSUMOS;-15651;15651;METROS;2.067105825;OLMECA;IMPORTACION
Cartulina;100304565;Rollo Cartulina DEINGRESOSCA FSC --  C - 13.5 225 g ancho 23.125;12/03/2026;CONSUMOS;-23123;23123;METROS;3.053970225;OLMECA;IMPORTACION
Cartulina;100304565;Rollo Cartulina DEINGRESOSCA FSC --  C - 13.5 225 g ancho 23.125;12/03/2026;CONSUMOS;-8431;8431;METROS;1.113524325;OLMECA;IMPORTACION
Cartulina;100304565;Rollo Cartulina DEINGRESOSCA FSC --  C - 13.5 225 g ancho 23.125;12/03/2026;CONSUMOS;-10344;10344;METROS;1.3661838;OLMECA;IMPORTACION
Cartulina;100304565;Rollo Cartulina DEINGRESOSCA FSC --  C - 13.5 225 g ancho 23.125;16/03/2026;CONSUMOS;-286;286;METROS;0.03777345;OLMECA;IMPORTACION
Cartulina;100304565;Rollo Cartulina DEINGRESOSCA FSC --  C - 13.5 225 g ancho 23.125;26/03/2026;CONSUMOS;-8343;8343;METROS;1.101901725;OLMECA;IMPORTACION
Cartulina;100304565;Rollo Cartulina DEINGRESOSCA FSC --  C - 13.5 225 g ancho 23.125;26/03/2026;CONSUMOS;-7969;7969;METROS;1.052505675;OLMECA;IMPORTACION
Cartulina;100304565;Rollo Cartulina DEINGRESOSCA FSC --  C - 13.5 225 g ancho 23.125;26/03/2026;CONSUMOS;-8141;8141;METROS;1.075222575;OLMECA;IMPORTACION
Cartulina;100304565;Rollo Cartulina DEINGRESOSCA FSC --  C - 13.5 225 g ancho 23.125;26/03/2026;CONSUMOS;-7926;7926;METROS;1.04682645;OLMECA;IMPORTACION
Cartulina;100304565;Rollo Cartulina DEINGRESOSCA FSC --  C - 13.5 225 g ancho 23.125;26/03/2026;CONSUMOS;-8152;8152;METROS;1.0766754;OLMECA;IMPORTACION
Cartulina;100304565;Rollo Cartulina DEINGRESOSCA FSC --  C - 13.5 225 g ancho 23.125;26/03/2026;CONSUMOS;-7970;7970;METROS;1.05263775;OLMECA;IMPORTACION
Cartulina;100304627;Rollo Cartulina ASIA SYMBOL C-20 325 g ancho 29;16/03/2026;CONSUMOS;-454;454;METROS;0.10868533;C20-29;IMPORTACION
Cartulina;100304627;Rollo Cartulina ASIA SYMBOL C-20 325 g ancho 29;16/03/2026;CONSUMOS;-939;939;METROS;0.224791905;C20-29;IMPORTACION
Cartulina;100304627;Rollo Cartulina ASIA SYMBOL C-20 325 g ancho 29;16/03/2026;CONSUMOS;-6866;6866;METROS;1.64368607;C20-29;IMPORTACION
Cartulina;100304640;Rollo Cartulina OBAFREE --  C-15 230 g ancho 25.5;9/03/2026;CONSUMOS;-500;500;METROS;0.0744855;FOSFORERA;IMPORTACION
Cartulina;100304640;Rollo Cartulina OBAFREE --  C-15 230 g ancho 25.5;9/03/2026;CONSUMOS;-18303;18303;METROS;2.726616213;FOSFORERA;IMPORTACION
Cartulina;100304640;Rollo Cartulina OBAFREE --  C-15 230 g ancho 25.5;9/03/2026;CONSUMOS;-26849;26849;METROS;3.999722379;FOSFORERA;IMPORTACION
Cartulina;100304640;Rollo Cartulina OBAFREE --  C-15 230 g ancho 25.5;9/03/2026;CONSUMOS;-26810;26810;METROS;3.99391251;FOSFORERA;IMPORTACION
Cartulina;100304640;Rollo Cartulina OBAFREE --  C-15 230 g ancho 25.5;9/03/2026;CONSUMOS;-44485;44485;METROS;6.626974935;FOSFORERA;IMPORTACION
Cartulina;100304640;Rollo Cartulina OBAFREE --  C-15 230 g ancho 25.5;9/03/2026;CONSUMOS;-54387;54387;METROS;8.102085777;FOSFORERA;IMPORTACION
Cartulina;100304640;Rollo Cartulina OBAFREE --  C-15 230 g ancho 25.5;16/03/2026;CONSUMOS;-26844;26844;METROS;3.998977524;FOSFORERA;IMPORTACION
Cartulina;100304640;Rollo Cartulina OBAFREE --  C-15 230 g ancho 25.5;16/03/2026;CONSUMOS;-42207;42207;METROS;6.287618997;FOSFORERA;IMPORTACION
Cartulina;100305967;Rollo Cartulina Nine Dragons C - 18.3 290 g ancho 29;26/03/2026;CONSUMOS;-921;921;METROS;0.196738494;C18-29-COSC;IMPORTACION
Cartulina;100305969;Cartulina FBB DRAGONS -- C-15.7 245 gramos 34.5 x 27;4/03/2026;CONSUMOS;-30410;30410;PLIEGOS;4.477471158;HONDURAS FOS;IMPORTACION
Cartulina;100305969;Cartulina FBB DRAGONS -- C-15.7 245 gramos 34.5 x 27;27/03/2026;INGRESOS;83700;83700;PLIEGOS;12.32372035;HONDURAS FOS;IMPORTACION
Cartulina;100305982;Cartulina FBB DUPLEX MIRABELL -- C-16 300 gramos  20 x 32.5;4/03/2026;CONSUMOS;-44930;44930;PLIEGOS;5.652472566;COLGATE-100;IMPORTACION
Cartulina;100305982;Cartulina FBB DUPLEX MIRABELL -- C-16 300 gramos  20 x 32.5;4/03/2026;CONSUMOS;-42470;42470;PLIEGOS;5.342989314;COLGATE-100;IMPORTACION
Cartulina;100305984;Cartulina FBB DUPLEX MIRABELL -- C-16 300 gramos  25 x 34;4/03/2026;CONSUMOS;-21640;21640;PLIEGOS;3.560121912;COLGATE-22;IMPORTACION
Cartulina;100305984;Cartulina FBB DUPLEX MIRABELL -- C-16 300 gramos  25 x 34;11/03/2026;CONSUMOS;-32275;32275;PLIEGOS;5.309747445;COLGATE-22;IMPORTACION
Cartulina;100305985;Cartulina FBB DUPLEX MIRABELL -- C-17 320 gramos  21.5 x 35;4/03/2026;CONSUMOS;-50201;50201;PLIEGOS;7.79895266;COLGATE-125;IMPORTACION
Cartulina;100305999;Rollo Cartulina Nine Dragons C - 19 305 g ancho 24;10/03/2026;CONSUMOS;-1772;1772;METROS;0.329464416;C19-24;IMPORTACION
Cartulina;100305999;Rollo Cartulina Nine Dragons C - 19 305 g ancho 24;12/03/2026;CONSUMOS;-616;616;METROS;0.114531648;C19-24;IMPORTACION
Cartulina;100305999;Rollo Cartulina Nine Dragons C - 19 305 g ancho 24;16/03/2026;CONSUMOS;-1469;1469;METROS;0.273128232;C19-24;IMPORTACION
Cartulina;100305999;Rollo Cartulina Nine Dragons C - 19 305 g ancho 24;18/03/2026;CONSUMOS;-3661;3661;METROS;0.680682408;C19-24;IMPORTACION
Cartulina;100305999;Rollo Cartulina Nine Dragons C - 19 305 g ancho 24;20/03/2026;CONSUMOS;-1283;1283;METROS;0.238545624;C19-24;IMPORTACION
Cartulina;100305999;Rollo Cartulina Nine Dragons C - 19 305 g ancho 24;23/03/2026;CONSUMOS;-6561;6561;METROS;1.219873608;C19-24;IMPORTACION
Cartulina;100305999;Rollo Cartulina Nine Dragons C - 19 305 g ancho 24;27/03/2026;CONSUMOS;-966;966;METROS;0.179606448;C19-24;IMPORTACION
Cartulina;100306002;Cartulina FBB DRAGONS YA ESTÁ -- C-16.3 255 gramos  39.5 x 25;16/03/2026;CONSUMOS;-179400;179400;PLIEGOS;29.14520784;YA ESTA;IMPORTACION
Cartulina;100306002;Cartulina FBB DRAGONS YA ESTÁ -- C-16.3 255 gramos  39.5 x 25;16/03/2026;CONSUMOS;-3545;3545;PLIEGOS;0.575918405;YA ESTA;IMPORTACION
Cartulina;100306002;Cartulina FBB DRAGONS YA ESTÁ -- C-16.3 255 gramos  39.5 x 25;24/03/2026;INGRESOS;143000;143000;PLIEGOS;23.23168741;YA ESTA;IMPORTACION
Cartulina;100306002;Cartulina FBB DRAGONS YA ESTÁ -- C-16.3 255 gramos  39.5 x 25;27/03/2026;INGRESOS;70200;70200;PLIEGOS;11.40464655;YA ESTA;IMPORTACION
Cartulina;100306003;Rollo Cartulina Nine Dragons C - 16.3 255 g ancho 28.5;26/03/2026;CONSUMOS;-7355;7355;METROS;1.357692548;C16.3-28.5;IMPORTACION
Cartulina;100306133;Rollo Cartulina FBB PROTO C1S -- C-24 396 g ancho 28.5;4/03/2026;INGRESOS;76701;76701;METROS;;GILDAN;IMPORTACION
Cartulina;100306133;Rollo Cartulina FBB PROTO C1S -- C-24 396 g ancho 28.5;4/03/2026;INGRESOS;11456;11456;METROS;;GILDAN;IMPORTACION
Cartulina;100306134;Rollo Cartulina FBB PROTO C1S -- C-24 396 g ancho 26.5;4/03/2026;INGRESOS;54268;54268;METROS;;GILDAN;IMPORTACION
Cartulina;100306134;Rollo Cartulina FBB PROTO C1S -- C-24 396 g ancho 26.5;4/03/2026;INGRESOS;77277;77277;METROS;;GILDAN;IMPORTACION
Cartulina;100306165;Cartulina NINGBO ALLY LOCAL C-22 345 gramos 25 x 36;17/03/2026;INGRESOS;17700;17700;PLIEGOS;3.545702586;C22-25;LOCAL
Cartulina;100306165;Cartulina NINGBO ALLY LOCAL C-22 345 gramos 25 x 36;18/03/2026;CONSUMOS;-17700;17700;PLIEGOS;3.545702586;C22-25;LOCAL
Papel;100600002;Papel Bond 55 gramos -- 22 x 34;16/03/2026;CONSUMOS;-300;300;PLIEGOS;0.007962565;Bond;LOCAL
Papel;100600003;Papel Bond 55 gramos -- 26 x 34;16/03/2026;CONSUMOS;-2400;2400;PLIEGOS;0.07518456;Bond;LOCAL
Papel;100600003;Papel Bond 55 gramos -- 26 x 34;26/03/2026;INGRESOS;6000;6000;PLIEGOS;0.1879614;Bond;LOCAL
Papel;100600003;Papel Bond 55 gramos -- 26 x 34;26/03/2026;CONSUMOS;-6000;6000;PLIEGOS;0.1879614;Bond;LOCAL
Papel;100600005;Papel Bond 75 gramos -- 22 x 34;23/03/2026;INGRESOS;6000;6000;PLIEGOS;0.217160856;Bond;LOCAL
Papel;100600005;Papel Bond 75 gramos -- 22 x 34;24/03/2026;CONSUMOS;-6000;6000;PLIEGOS;0.217160856;Bond;LOCAL
Papel;100600009;Papel Bond 75 gramos -- 26 x 38;4/03/2026;INGRESOS;5500;5500;PLIEGOS;0.26272125;Bond;LOCAL
Papel;100600009;Papel Bond 75 gramos -- 26 x 38;5/03/2026;CONSUMOS;-5500;5500;PLIEGOS;0.26272125;Bond;LOCAL
Papel;100600009;Papel Bond 75 gramos -- 26 x 38;10/03/2026;INGRESOS;3000;3000;PLIEGOS;0.1433025;Bond;LOCAL
Papel;100600009;Papel Bond 75 gramos -- 26 x 38;11/03/2026;CONSUMOS;-2800;2800;PLIEGOS;0.133749;Bond;LOCAL
Papel;100600009;Papel Bond 75 gramos -- 26 x 38;17/03/2026;INGRESOS;500;500;PLIEGOS;0.02388375;Bond;LOCAL
Papel;100600009;Papel Bond 75 gramos -- 26 x 38;18/03/2026;CONSUMOS;-700;700;PLIEGOS;0.03343725;Bond;LOCAL
Papel;100600011;Papel Bond 90 gramos -- 22 x 34;10/03/2026;INGRESOS;6500;6500;PLIEGOS;0.28170909;Bond;LOCAL
Papel;100600011;Papel Bond 90 gramos -- 22 x 34;11/03/2026;INGRESOS;1000;1000;PLIEGOS;0.04333986;Bond;LOCAL
Papel;100600011;Papel Bond 90 gramos -- 22 x 34;11/03/2026;CONSUMOS;-1100;1100;PLIEGOS;0.047673846;Bond;LOCAL
Papel;100600011;Papel Bond 90 gramos -- 22 x 34;11/03/2026;CONSUMOS;-1200;1200;PLIEGOS;0.052007832;Bond;LOCAL
Papel;100600011;Papel Bond 90 gramos -- 22 x 34;11/03/2026;CONSUMOS;-4900;4900;PLIEGOS;0.212365314;Bond;LOCAL
Papel;100600011;Papel Bond 90 gramos -- 22 x 34;16/03/2026;INGRESOS;6000;6000;PLIEGOS;0.26003916;Bond;LOCAL
Papel;100600011;Papel Bond 90 gramos -- 22 x 34;20/03/2026;CONSUMOS;-55;55;PLIEGOS;0.002383692;Bond;LOCAL
Papel;100600011;Papel Bond 90 gramos -- 22 x 34;25/03/2026;CONSUMOS;-6000;6000;PLIEGOS;0.26003916;Bond;LOCAL
Papel;100600013;Papel Bond 90 gramos -- 26 x 34;5/03/2026;INGRESOS;16000;16000;PLIEGOS;0.8201952;Bond;LOCAL
Papel;100600013;Papel Bond 90 gramos -- 26 x 34;16/03/2026;CONSUMOS;-5700;5700;PLIEGOS;0.29219454;Bond;LOCAL
Papel;100600016;Papel Bond 120 gramos -- 23 x 36;3/03/2026;INGRESOS;13000;13000;PLIEGOS;0.83269056;Bond;LOCAL
Papel;100600016;Papel Bond 120 gramos -- 23 x 36;4/03/2026;CONSUMOS;-12600;12600;PLIEGOS;0.807069312;Bond;LOCAL
Papel;100600017;Papel Bond 120 gramos -- 26 x 34;10/03/2026;INGRESOS;2500;2500;PLIEGOS;0.170874;Bond;LOCAL
Papel;100600017;Papel Bond 120 gramos -- 26 x 34;11/03/2026;CONSUMOS;-2300;2300;PLIEGOS;0.15720408;Bond;LOCAL
Papel;100600018;Papel Bond 60 gramos -- 21 x 30;4/03/2026;INGRESOS;141500;141500;PLIEGOS;3.44817954;Bond;LOCAL
Papel;100600018;Papel Bond 60 gramos -- 21 x 30;5/03/2026;CONSUMOS;-141700;141700;PLIEGOS;3.453053292;Bond;LOCAL
Papel;100600018;Papel Bond 60 gramos -- 21 x 30;13/03/2026;INGRESOS;40000;40000;PLIEGOS;0.9747504;Bond;LOCAL
Papel;100600018;Papel Bond 60 gramos -- 21 x 30;16/03/2026;CONSUMOS;-40400;40400;PLIEGOS;0.984497904;Bond;LOCAL
Papel;100600018;Papel Bond 60 gramos -- 21 x 30;26/03/2026;INGRESOS;128000;128000;PLIEGOS;3.11920128;Bond;LOCAL
Papel;100600018;Papel Bond 60 gramos -- 21 x 30;26/03/2026;CONSUMOS;-128000;128000;PLIEGOS;3.11920128;Bond;LOCAL
Papel;100600018;Papel Bond 60 gramos -- 21 x 30;27/03/2026;INGRESOS;64500;64500;PLIEGOS;1.57178502;Bond;LOCAL
Papel;100600020;Papel Couche Brillante B-60 -- 90 gramos  25 x 36;13/03/2026;INGRESOS;40000;40000;PLIEGOS;2.0903184;Couche;LOCAL
Papel;100600020;Papel Couche Brillante B-60 -- 90 gramos  25 x 36;16/03/2026;CONSUMOS;-40000;40000;PLIEGOS;2.0903184;Couche;LOCAL
Papel;100600020;Papel Couche Brillante B-60 -- 90 gramos  25 x 36;24/03/2026;INGRESOS;30500;30500;PLIEGOS;1.59386778;Couche;LOCAL
Papel;100600020;Papel Couche Brillante B-60 -- 90 gramos  25 x 36;25/03/2026;CONSUMOS;-30500;30500;PLIEGOS;1.59386778;Couche;LOCAL
Papel;100600021;Papel Couche Brillante - 1 Cara - B-60 -- 90 gramos  25 x 36;3/03/2026;INGRESOS;14250;14250;PLIEGOS;0.74467593;Couche;LOCAL
Papel;100600021;Papel Couche Brillante - 1 Cara - B-60 -- 90 gramos  25 x 36;3/03/2026;INGRESOS;500;500;PLIEGOS;0.02612898;Couche;LOCAL
Papel;100600021;Papel Couche Brillante - 1 Cara - B-60 -- 90 gramos  25 x 36;4/03/2026;CONSUMOS;-800;800;PLIEGOS;0.041806368;Couche;LOCAL
Papel;100600021;Papel Couche Brillante - 1 Cara - B-60 -- 90 gramos  25 x 36;4/03/2026;CONSUMOS;-700;700;PLIEGOS;0.036580572;Couche;LOCAL
Papel;100600021;Papel Couche Brillante - 1 Cara - B-60 -- 90 gramos  25 x 36;10/03/2026;CONSUMOS;-12845;12845;PLIEGOS;0.671253496;Couche;LOCAL
Papel;100600021;Papel Couche Brillante - 1 Cara - B-60 -- 90 gramos  25 x 36;11/03/2026;INGRESOS;500;500;PLIEGOS;0.02612898;Couche;LOCAL
Papel;100600021;Papel Couche Brillante - 1 Cara - B-60 -- 90 gramos  25 x 36;18/03/2026;CONSUMOS;-100;100;PLIEGOS;0.005225796;Couche;LOCAL
Papel;100600021;Papel Couche Brillante - 1 Cara - B-60 -- 90 gramos  25 x 36;23/03/2026;INGRESOS;1750;1750;PLIEGOS;0.09145143;Couche;LOCAL
Papel;100600021;Papel Couche Brillante - 1 Cara - B-60 -- 90 gramos  25 x 36;24/03/2026;CONSUMOS;-1800;1800;PLIEGOS;0.094064328;Couche;LOCAL
Papel;100600021;Papel Couche Brillante - 1 Cara - B-60 -- 90 gramos  25 x 36;25/03/2026;CONSUMOS;-300;300;PLIEGOS;0.015677388;Couche;LOCAL
Papel;100600022;Papel Couche Brillante B-60 -- 90 gramos  25 x 38;11/03/2026;CONSUMOS;-1500;1500;PLIEGOS;0.08274177;Couche;LOCAL
Papel;100600022;Papel Couche Brillante B-60 -- 90 gramos  25 x 38;18/03/2026;CONSUMOS;-1000;1000;PLIEGOS;0.05516118;Couche;LOCAL
Papel;100600023;Papel Couche Brillante - 1 Cara - B-60 -- 90 gramos  25 x 38;3/03/2026;INGRESOS;30000;30000;PLIEGOS;1.6548354;Couche;LOCAL
Papel;100600023;Papel Couche Brillante - 1 Cara - B-60 -- 90 gramos  25 x 38;4/03/2026;CONSUMOS;-14500;14500;PLIEGOS;0.79983711;Couche;LOCAL
Papel;100600023;Papel Couche Brillante - 1 Cara - B-60 -- 90 gramos  25 x 38;4/03/2026;INGRESOS;32500;32500;PLIEGOS;1.79273835;Couche;LOCAL
Papel;100600023;Papel Couche Brillante - 1 Cara - B-60 -- 90 gramos  25 x 38;5/03/2026;CONSUMOS;-13000;13000;PLIEGOS;0.71709534;Couche;LOCAL
Papel;100600023;Papel Couche Brillante - 1 Cara - B-60 -- 90 gramos  25 x 38;5/03/2026;CONSUMOS;-19400;19400;PLIEGOS;1.070126892;Couche;LOCAL
Papel;100600023;Papel Couche Brillante - 1 Cara - B-60 -- 90 gramos  25 x 38;10/03/2026;CONSUMOS;14500;14500;PLIEGOS;-0.79983711;Couche;LOCAL
Papel;100600023;Papel Couche Brillante - 1 Cara - B-60 -- 90 gramos  25 x 38;10/03/2026;CONSUMOS;-30100;30100;PLIEGOS;1.660351518;Couche;LOCAL
Papel;100600023;Papel Couche Brillante - 1 Cara - B-60 -- 90 gramos  25 x 38;16/03/2026;INGRESOS;3500;3500;PLIEGOS;0.19306413;Couche;LOCAL
Papel;100600023;Papel Couche Brillante - 1 Cara - B-60 -- 90 gramos  25 x 38;25/03/2026;CONSUMOS;-3700;3700;PLIEGOS;0.204096366;Couche;LOCAL
Papel;100600026;Papel Couche Brillante B-70 -- 105 gramos  25 x 36;13/03/2026;INGRESOS;13500;13500;PLIEGOS;0.82306287;Couche;LOCAL
Papel;100600026;Papel Couche Brillante B-70 -- 105 gramos  25 x 36;16/03/2026;CONSUMOS;-8000;8000;PLIEGOS;0.48774096;Couche;LOCAL
Papel;100600026;Papel Couche Brillante B-70 -- 105 gramos  25 x 36;16/03/2026;CONSUMOS;-5300;5300;PLIEGOS;0.323128386;Couche;LOCAL
Papel;100600029;Papel Couche Brillante B-80 -- 115 gramos  25 x 36;3/03/2026;INGRESOS;500;500;PLIEGOS;0.03338703;Couche;LOCAL
Papel;100600029;Papel Couche Brillante B-80 -- 115 gramos  25 x 36;4/03/2026;CONSUMOS;-400;400;PLIEGOS;0.026709624;Couche;LOCAL
Papel;100600029;Papel Couche Brillante B-80 -- 115 gramos  25 x 36;11/03/2026;CONSUMOS;400;400;PLIEGOS;-0.026709624;Couche;LOCAL
Papel;100600029;Papel Couche Brillante B-80 -- 115 gramos  25 x 36;11/03/2026;CONSUMOS;-400;400;PLIEGOS;0.026709624;Couche;LOCAL
Papel;100600029;Papel Couche Brillante B-80 -- 115 gramos  25 x 36;16/03/2026;INGRESOS;1500;1500;PLIEGOS;0.10016109;Couche;LOCAL
Papel;100600029;Papel Couche Brillante B-80 -- 115 gramos  25 x 36;18/03/2026;CONSUMOS;-1500;1500;PLIEGOS;0.10016109;Couche;LOCAL
Papel;100600030;Papel Couche Brillante B-80 -- 115 gramos  25 x 38;10/03/2026;INGRESOS;6000;6000;PLIEGOS;0.42290238;Couche;LOCAL
Papel;100600030;Papel Couche Brillante B-80 -- 115 gramos  25 x 38;10/03/2026;INGRESOS;28500;28500;PLIEGOS;2.008786305;Couche;LOCAL
Papel;100600030;Papel Couche Brillante B-80 -- 115 gramos  25 x 38;10/03/2026;CONSUMOS;-4200;4200;PLIEGOS;0.296031666;Couche;LOCAL
Papel;100600030;Papel Couche Brillante B-80 -- 115 gramos  25 x 38;10/03/2026;CONSUMOS;-23900;23900;PLIEGOS;1.684561147;Couche;LOCAL
Papel;100600030;Papel Couche Brillante B-80 -- 115 gramos  25 x 38;10/03/2026;CONSUMOS;-3700;3700;PLIEGOS;0.260789801;Couche;LOCAL
Papel;100600030;Papel Couche Brillante B-80 -- 115 gramos  25 x 38;10/03/2026;CONSUMOS;-2500;2500;PLIEGOS;0.176209325;Couche;LOCAL
Papel;100600030;Papel Couche Brillante B-80 -- 115 gramos  25 x 38;10/03/2026;CONSUMOS;-3300;3300;PLIEGOS;0.232596309;Couche;LOCAL
Papel;100600030;Papel Couche Brillante B-80 -- 115 gramos  25 x 38;12/03/2026;INGRESOS;5000;5000;PLIEGOS;0.35241865;Couche;LOCAL
Papel;100600030;Papel Couche Brillante B-80 -- 115 gramos  25 x 38;16/03/2026;CONSUMOS;-5000;5000;PLIEGOS;0.35241865;Couche;LOCAL
Papel;100600030;Papel Couche Brillante B-80 -- 115 gramos  25 x 38;16/03/2026;INGRESOS;3250;3250;PLIEGOS;0.229072123;Couche;LOCAL
Papel;100600030;Papel Couche Brillante B-80 -- 115 gramos  25 x 38;16/03/2026;CONSUMOS;-300;300;PLIEGOS;0.021145119;Couche;LOCAL
Papel;100600030;Papel Couche Brillante B-80 -- 115 gramos  25 x 38;18/03/2026;CONSUMOS;-3100;3100;PLIEGOS;0.218499563;Couche;LOCAL
Papel;100600030;Papel Couche Brillante B-80 -- 115 gramos  25 x 38;24/03/2026;INGRESOS;500;500;PLIEGOS;0.035241865;Couche;LOCAL
Papel;100600030;Papel Couche Brillante B-80 -- 115 gramos  25 x 38;25/03/2026;CONSUMOS;-600;600;PLIEGOS;0.042290238;Couche;LOCAL
Papel;100600030;Papel Couche Brillante B-80 -- 115 gramos  25 x 38;27/03/2026;INGRESOS;4500;4500;PLIEGOS;0.317176785;Couche;LOCAL
Papel;100600032;Papel Couche Brillante B-100 -- 140 gramos  25 x 36;3/03/2026;INGRESOS;1000;1000;PLIEGOS;0.08129016;Couche;LOCAL
Papel;100600032;Papel Couche Brillante B-100 -- 140 gramos  25 x 36;3/03/2026;INGRESOS;8750;8750;PLIEGOS;0.7112889;Couche;LOCAL
Papel;100600032;Papel Couche Brillante B-100 -- 140 gramos  25 x 36;4/03/2026;INGRESOS;1250;1250;PLIEGOS;0.1016127;Couche;LOCAL
Papel;100600032;Papel Couche Brillante B-100 -- 140 gramos  25 x 36;4/03/2026;CONSUMOS;-500;500;PLIEGOS;0.04064508;Couche;LOCAL
Papel;100600032;Papel Couche Brillante B-100 -- 140 gramos  25 x 36;4/03/2026;CONSUMOS;-1100;1100;PLIEGOS;0.089419176;Couche;LOCAL
Papel;100600032;Papel Couche Brillante B-100 -- 140 gramos  25 x 36;4/03/2026;CONSUMOS;-150;150;PLIEGOS;0.012193524;Couche;LOCAL
Papel;100600032;Papel Couche Brillante B-100 -- 140 gramos  25 x 36;4/03/2026;CONSUMOS;-8750;8750;PLIEGOS;0.7112889;Couche;LOCAL
Papel;100600032;Papel Couche Brillante B-100 -- 140 gramos  25 x 36;4/03/2026;CONSUMOS;-170;170;PLIEGOS;0.013819327;Couche;LOCAL
Papel;100600032;Papel Couche Brillante B-100 -- 140 gramos  25 x 36;10/03/2026;INGRESOS;2250;2250;PLIEGOS;0.18290286;Couche;LOCAL
Papel;100600032;Papel Couche Brillante B-100 -- 140 gramos  25 x 36;10/03/2026;CONSUMOS;1100;1100;PLIEGOS;-0.089419176;Couche;LOCAL
Papel;100600032;Papel Couche Brillante B-100 -- 140 gramos  25 x 36;10/03/2026;CONSUMOS;150;150;PLIEGOS;-0.012193524;Couche;LOCAL
Papel;100600032;Papel Couche Brillante B-100 -- 140 gramos  25 x 36;10/03/2026;CONSUMOS;-1100;1100;PLIEGOS;0.089419176;Couche;LOCAL
Papel;100600032;Papel Couche Brillante B-100 -- 140 gramos  25 x 36;10/03/2026;CONSUMOS;-150;150;PLIEGOS;0.012193524;Couche;LOCAL
Papel;100600032;Papel Couche Brillante B-100 -- 140 gramos  25 x 36;11/03/2026;CONSUMOS;500;500;PLIEGOS;-0.04064508;Couche;LOCAL
Papel;100600032;Papel Couche Brillante B-100 -- 140 gramos  25 x 36;11/03/2026;CONSUMOS;-500;500;PLIEGOS;0.04064508;Couche;LOCAL
Papel;100600032;Papel Couche Brillante B-100 -- 140 gramos  25 x 36;11/03/2026;CONSUMOS;-300;300;PLIEGOS;0.024387048;Couche;LOCAL
Papel;100600032;Papel Couche Brillante B-100 -- 140 gramos  25 x 36;11/03/2026;CONSUMOS;-2250;2250;PLIEGOS;0.18290286;Couche;LOCAL
Papel;100600032;Papel Couche Brillante B-100 -- 140 gramos  25 x 36;12/03/2026;CONSUMOS;-1030;1030;PLIEGOS;0.083728865;Couche;LOCAL
Papel;100600032;Papel Couche Brillante B-100 -- 140 gramos  25 x 36;13/03/2026;INGRESOS;1000;1000;PLIEGOS;0.08129016;Couche;LOCAL
Papel;100600032;Papel Couche Brillante B-100 -- 140 gramos  25 x 36;13/03/2026;INGRESOS;2000;2000;PLIEGOS;0.16258032;Couche;LOCAL
Papel;100600032;Papel Couche Brillante B-100 -- 140 gramos  25 x 36;16/03/2026;CONSUMOS;-900;900;PLIEGOS;0.073161144;Couche;LOCAL
Papel;100600032;Papel Couche Brillante B-100 -- 140 gramos  25 x 36;16/03/2026;CONSUMOS;-1800;1800;PLIEGOS;0.146322288;Couche;LOCAL
Papel;100600032;Papel Couche Brillante B-100 -- 140 gramos  25 x 36;18/03/2026;INGRESOS;750;750;PLIEGOS;0.06096762;Couche;LOCAL
Papel;100600032;Papel Couche Brillante B-100 -- 140 gramos  25 x 36;20/03/2026;CONSUMOS;-600;600;PLIEGOS;0.048774096;Couche;LOCAL
Papel;100600032;Papel Couche Brillante B-100 -- 140 gramos  25 x 36;26/03/2026;CONSUMOS;-67;67;PLIEGOS;0.005446441;Couche;LOCAL
Papel;100600033;Papel Couche Brillante B-100 -- 140 gramos  25 x 38;4/03/2026;INGRESOS;250;250;PLIEGOS;0.02145157;Couche;LOCAL
Papel;100600033;Papel Couche Brillante B-100 -- 140 gramos  25 x 38;7/03/2026;CONSUMOS;-330;330;PLIEGOS;0.028316072;Couche;LOCAL
Papel;100600033;Papel Couche Brillante B-100 -- 140 gramos  25 x 38;7/03/2026;CONSUMOS;-85;85;PLIEGOS;0.007293534;Couche;LOCAL
Papel;100600033;Papel Couche Brillante B-100 -- 140 gramos  25 x 38;10/03/2026;INGRESOS;750;750;PLIEGOS;0.06435471;Couche;LOCAL
Papel;100600033;Papel Couche Brillante B-100 -- 140 gramos  25 x 38;10/03/2026;INGRESOS;4250;4250;PLIEGOS;0.36467669;Couche;LOCAL
Papel;100600033;Papel Couche Brillante B-100 -- 140 gramos  25 x 38;10/03/2026;CONSUMOS;-4200;4200;PLIEGOS;0.360386376;Couche;LOCAL
Papel;100600033;Papel Couche Brillante B-100 -- 140 gramos  25 x 38;11/03/2026;CONSUMOS;-600;600;PLIEGOS;0.051483768;Couche;LOCAL
Papel;100600033;Papel Couche Brillante B-100 -- 140 gramos  25 x 38;11/03/2026;CONSUMOS;-50;50;PLIEGOS;0.004290314;Couche;LOCAL
Papel;100600033;Papel Couche Brillante B-100 -- 140 gramos  25 x 38;12/03/2026;CONSUMOS;-54;54;PLIEGOS;0.004633539;Couche;LOCAL
Papel;100600033;Papel Couche Brillante B-100 -- 140 gramos  25 x 38;24/03/2026;CONSUMOS;-50;50;PLIEGOS;0.004290314;Couche;LOCAL
Papel;100600033;Papel Couche Brillante B-100 -- 140 gramos  25 x 38;27/03/2026;INGRESOS;1250;1250;PLIEGOS;0.10725785;Couche;LOCAL
Papel;100600034;Papel Couche Brillante B-100 -- 140 gramos  30 x 40;4/03/2026;INGRESOS;7000;7000;PLIEGOS;0.75870816;Couche;LOCAL
Papel;100600034;Papel Couche Brillante B-100 -- 140 gramos  30 x 40;4/03/2026;CONSUMOS;-6600;6600;PLIEGOS;0.715353408;Couche;LOCAL
Papel;100600034;Papel Couche Brillante B-100 -- 140 gramos  30 x 40;4/03/2026;CONSUMOS;-400;400;PLIEGOS;0.043354752;Couche;LOCAL
Papel;100600034;Papel Couche Brillante B-100 -- 140 gramos  30 x 40;10/03/2026;CONSUMOS;6600;6600;PLIEGOS;-0.715353408;Couche;LOCAL
Papel;100600034;Papel Couche Brillante B-100 -- 140 gramos  30 x 40;10/03/2026;CONSUMOS;400;400;PLIEGOS;-0.043354752;Couche;LOCAL
Papel;100600034;Papel Couche Brillante B-100 -- 140 gramos  30 x 40;10/03/2026;CONSUMOS;-6600;6600;PLIEGOS;0.715353408;Couche;LOCAL
Papel;100600034;Papel Couche Brillante B-100 -- 140 gramos  30 x 40;10/03/2026;CONSUMOS;-400;400;PLIEGOS;0.043354752;Couche;LOCAL
Papel;100600034;Papel Couche Brillante B-100 -- 140 gramos  30 x 40;16/03/2026;INGRESOS;2750;2750;PLIEGOS;0.29806392;Couche;LOCAL
Papel;100600034;Papel Couche Brillante B-100 -- 140 gramos  30 x 40;18/03/2026;CONSUMOS;-2750;2750;PLIEGOS;0.29806392;Couche;LOCAL
Papel;100600043;Papel Bond 75 gramos -- 26 x 38;11/03/2026;CONSUMOS;-400;400;PLIEGOS;0.019122542;Bond;LOCAL
Papel;100600090;Papel Couche Mate B-80 -- 115 gramos  26 x 38;17/03/2026;INGRESOS;12000;12000;PLIEGOS;0.87963695;Couche;LOCAL
Papel;100600090;Papel Couche Mate B-80 -- 115 gramos  26 x 38;18/03/2026;CONSUMOS;-4300;4300;PLIEGOS;0.315203241;Couche;LOCAL
Papel;100600090;Papel Couche Mate B-80 -- 115 gramos  26 x 38;18/03/2026;CONSUMOS;-8300;8300;PLIEGOS;0.608415557;Couche;LOCAL
Cartulina;100600093;Cartulina Husky C-8 -- 200 gramos 25 x 38;4/03/2026;INGRESOS;400;400;PLIEGOS;0.049022;C8-25H;LOCAL
Cartulina;100600093;Cartulina Husky C-8 -- 200 gramos 25 x 38;5/03/2026;CONSUMOS;-300;300;PLIEGOS;0.0367665;C8-25H;LOCAL
Cartulina;100600093;Cartulina Husky C-8 -- 200 gramos 25 x 38;11/03/2026;CONSUMOS;-96;96;PLIEGOS;0.01176528;C8-25H;LOCAL
Cartulina;100600093;Cartulina Husky C-8 -- 200 gramos 25 x 38;20/03/2026;CONSUMOS;-67;67;PLIEGOS;0.008211185;C8-25H;LOCAL
Cartulina;100600094;Rollo Cartulina CMPC RC --  C - 18 265 g ancho 25;16/03/2026;CONSUMOS;-3296;3296;METROS;0.5546344;CMPC RC;IMPORTACION
Cartulina;100600094;Rollo Cartulina CMPC RC --  C - 18 265 g ancho 25;19/03/2026;CONSUMOS;-1869;1869;METROS;0.314505975;CMPC RC;IMPORTACION
Cartulina;100600094;Rollo Cartulina CMPC RC --  C - 18 265 g ancho 25;19/03/2026;CONSUMOS;-7827;7827;METROS;1.317088425;CMPC RC;IMPORTACION
Cartulina;100600094;Rollo Cartulina CMPC RC --  C - 18 265 g ancho 25;19/03/2026;CONSUMOS;-1869;1869;METROS;0.314505975;CMPC RC;IMPORTACION
Papel;100600101;Papel Bond 60 gramos -- 22 x 34;16/03/2026;CONSUMOS;-1700;1700;PLIEGOS;0.049118508;Bond;LOCAL
Papel;100600106;Papel Bond 60 gramos -- 26 x 34;5/03/2026;CONSUMOS;-100;100;PLIEGOS;0.00341748;Bond;LOCAL
Papel;100600106;Papel Bond 60 gramos -- 26 x 34;5/03/2026;CONSUMOS;-200;200;PLIEGOS;0.00683496;Bond;LOCAL
Papel;100600106;Papel Bond 60 gramos -- 26 x 34;18/03/2026;INGRESOS;104500;104500;PLIEGOS;3.5712666;Bond;LOCAL
Papel;100600106;Papel Bond 60 gramos -- 26 x 34;20/03/2026;CONSUMOS;-104500;104500;PLIEGOS;3.5712666;Bond;LOCAL
Papel;100600107;Papel Bond 70 gramos -- 26 x 34;16/03/2026;INGRESOS;120000;120000;PLIEGOS;4.784472;Bond;LOCAL
Papel;100600107;Papel Bond 70 gramos -- 26 x 34;18/03/2026;CONSUMOS;-120000;120000;PLIEGOS;4.784472;Bond;LOCAL
Papel;100600167;Papel Couche Mate B-80 -- 115 gramos  25 x 36;17/03/2026;INGRESOS;3000;3000;PLIEGOS;0.20032218;Couche;LOCAL
Papel;100600167;Papel Couche Mate B-80 -- 115 gramos  25 x 36;18/03/2026;CONSUMOS;-3000;3000;PLIEGOS;0.20032218;Couche;LOCAL
Cartulina;100700009;Cartulina Kraft -- C-15 225 gramos 38 x 23;23/03/2026;INGRESOS;9200;9200;hoja(s);1.167210569;Kraft;IMPORTACION
Cartulina;100700009;Cartulina Kraft -- C-15 225 gramos 38 x 23;23/03/2026;INGRESOS;68700;68700;hoja(s);8.716018052;Kraft;IMPORTACION
Cartulina;100700009;Cartulina Kraft -- C-15 225 gramos 38 x 23;25/03/2026;CONSUMOS;-68700;68700;hoja(s);8.716018052;Kraft;IMPORTACION
Cartulina;100700009;Cartulina Kraft -- C-15 225 gramos 38 x 23;26/03/2026;CONSUMOS;-9200;9200;hoja(s);1.167210569;Kraft;IMPORTACION
Papel;100700020;"""""Papel Kraft Natural B-81 -- 24 x 36""""""""""";13/03/2026;INGRESOS;500;500;hoja(s);0.022575439;KRAFT;IMPORTACION
Cartulina;100300001;Cartulina Husky -- C-8 200 gramos 25 x 36;8/04/2026;INGRESOS;27200;27200;hoja(s);3.15870336;C8-25H;LOCAL
Cartulina;100300001;Cartulina Husky -- C-8 200 gramos 25 x 36;9/04/2026;CONSUMOS;27200;27200;hoja(s);3.15870336;C8-25H;LOCAL
Cartulina;100300001;Cartulina Husky -- C-8 200 gramos 25 x 36;23/04/2026;INGRESOS;1000;1000;hoja(s);0.1161288;C8-25H;LOCAL
Cartulina;100300001;Cartulina Husky -- C-8 200 gramos 25 x 36;24/04/2026;CONSUMOS;1000;1000;hoja(s);0.1161288;C8-25H;LOCAL
Cartulina;100300002;Cartulina Husky -- C-8 190 gramos 25 x 38;15/04/2026;CONSUMOS;100;100;hoja(s);0.011645138;C8-25H;LOCAL
Cartulina;100300005;Cartulina Husky -- C-10 230 gramos 25 x 38;14/04/2026;INGRESOS;500;500;hoja(s);0.070469125;C10-25H;LOCAL
Cartulina;100300005;Cartulina Husky -- C-10 230 gramos 25 x 38;15/04/2026;INGRESOS;8000;8000;hoja(s);1.127506;C10-25H;LOCAL
Cartulina;100300005;Cartulina Husky -- C-10 230 gramos 25 x 38;15/04/2026;CONSUMOS;320;320;hoja(s);0.04510024;C10-25H;LOCAL
Cartulina;100300005;Cartulina Husky -- C-10 230 gramos 25 x 38;15/04/2026;CONSUMOS;110;110;hoja(s);0.015503208;C10-25H;LOCAL
Cartulina;100300005;Cartulina Husky -- C-10 230 gramos 25 x 38;15/04/2026;CONSUMOS;8000;8000;hoja(s);1.127506;C10-25H;LOCAL
Cartulina;100300005;Cartulina Husky -- C-10 230 gramos 25 x 38;17/04/2026;INGRESOS;700;700;hoja(s);0.098656775;C10-25H;LOCAL
Cartulina;100300005;Cartulina Husky -- C-10 230 gramos 25 x 38;18/04/2026;CONSUMOS;700;700;hoja(s);0.098656775;C10-25H;LOCAL
Cartulina;100300005;Cartulina Husky -- C-10 230 gramos 25 x 38;21/04/2026;CONSUMOS;25;25;hoja(s);0.003523456;C10-25H;LOCAL
Cartulina;100300005;Cartulina Husky -- C-10 230 gramos 25 x 38;23/04/2026;INGRESOS;23000;23000;hoja(s);3.24157975;C10-25H;LOCAL
Cartulina;100300005;Cartulina Husky -- C-10 230 gramos 25 x 38;24/04/2026;CONSUMOS;23000;23000;hoja(s);3.24157975;C10-25H;LOCAL
Cartulina;100300005;Cartulina Husky -- C-10 230 gramos 25 x 38;28/04/2026;CONSUMOS;52;52;hoja(s);0.007328789;C10-25H;LOCAL
Cartulina;100300009;Cartulina Husky -- C-12 270 gramos 25 x 38;7/04/2026;INGRESOS;1200;1200;hoja(s);0.1985391;C12-25H;LOCAL
Cartulina;100300009;Cartulina Husky -- C-12 270 gramos 25 x 38;7/04/2026;CONSUMOS;1200;1200;hoja(s);0.1985391;C12-25H;LOCAL
Cartulina;100300009;Cartulina Husky -- C-12 270 gramos 25 x 38;8/04/2026;INGRESOS;100;100;hoja(s);0.016544925;C12-25H;LOCAL
Cartulina;100300009;Cartulina Husky -- C-12 270 gramos 25 x 38;9/04/2026;CONSUMOS;100;100;hoja(s);0.016544925;C12-25H;LOCAL
Cartulina;100300009;Cartulina Husky -- C-12 270 gramos 25 x 38;14/04/2026;INGRESOS;500;500;hoja(s);0.082724625;C12-25H;LOCAL
Cartulina;100300009;Cartulina Husky -- C-12 270 gramos 25 x 38;15/04/2026;INGRESOS;300;300;hoja(s);0.049634775;C12-25H;LOCAL
Cartulina;100300009;Cartulina Husky -- C-12 270 gramos 25 x 38;15/04/2026;CONSUMOS;200;200;hoja(s);0.03308985;C12-25H;LOCAL
Cartulina;100300009;Cartulina Husky -- C-12 270 gramos 25 x 38;15/04/2026;CONSUMOS;50;50;hoja(s);0.008272463;C12-25H;LOCAL
Cartulina;100300009;Cartulina Husky -- C-12 270 gramos 25 x 38;23/04/2026;CONSUMOS;620;620;hoja(s);0.102578535;C12-25H;LOCAL
Cartulina;100300009;Cartulina Husky -- C-12 270 gramos 25 x 38;23/04/2026;INGRESOS;100;100;hoja(s);0.016544925;C12-25H;LOCAL
Cartulina;100300011;Cartulina Husky -- C-14 300 gramos 25 x 38;24/04/2026;INGRESOS;100;100;hoja(s);0.01838706;C14-25H;LOCAL
Cartulina;100300011;Cartulina Husky -- C-14 300 gramos 25 x 38;27/04/2026;CONSUMOS;60;60;hoja(s);0.011032236;C14-25H;LOCAL
Cartulina;100300011;Cartulina Husky -- C-14 300 gramos 25 x 38;28/04/2026;INGRESOS;900;900;hoja(s);0.16548354;C14-25H;LOCAL
Cartulina;100300011;Cartulina Husky -- C-14 300 gramos 25 x 38;28/04/2026;CONSUMOS;900;900;hoja(s);0.16548354;C14-25H;LOCAL
Cartulina;100300012;Cartulina Husky -- C-14 300 gramos 30 x 40;21/04/2026;CONSUMOS;65;65;hoja(s);0.015096744;C14-30H;LOCAL
Cartulina;100300012;Cartulina Husky -- C-14 300 gramos 30 x 40;21/04/2026;CONSUMOS;63;63;hoja(s);0.014632229;C14-30H;LOCAL
Cartulina;100300013;Cartulina Husky -- C-16 350 gramos 25 x 38;7/04/2026;CONSUMOS;120;120;hoja(s);0.02573655;C16-25H;LOCAL
Cartulina;100300013;Cartulina Husky -- C-16 350 gramos 25 x 38;17/04/2026;INGRESOS;12100;12100;hoja(s);2.595102125;C16-25H;LOCAL
Cartulina;100300013;Cartulina Husky -- C-16 350 gramos 25 x 38;18/04/2026;CONSUMOS;400;400;hoja(s);0.0857885;C16-25H;LOCAL
Cartulina;100300013;Cartulina Husky -- C-16 350 gramos 25 x 38;18/04/2026;CONSUMOS;5800;5800;hoja(s);1.24393325;C16-25H;LOCAL
Cartulina;100300013;Cartulina Husky -- C-16 350 gramos 25 x 38;23/04/2026;CONSUMOS;600;600;hoja(s);0.12868275;C16-25H;LOCAL
Cartulina;100300013;Cartulina Husky -- C-16 350 gramos 25 x 38;28/04/2026;CONSUMOS;48;48;hoja(s);0.01029462;C16-25H;LOCAL
Cartulina;100300013;Cartulina Husky -- C-16 350 gramos 25 x 38;29/04/2026;CONSUMOS;100;100;hoja(s);0.021447125;C16-25H;LOCAL
Cartulina;100300298;Cartulina FBB Zenith LOCAL -- C-14 235 gramos 25 x 38;9/04/2026;CONSUMOS;750;750;hoja(s);0.108001594;C14-25;LOCAL
Cartulina;100300298;Cartulina FBB Zenith LOCAL -- C-14 235 gramos 25 x 38;13/04/2026;CONSUMOS;1435;1435;hoja(s);0.206643049;C14-25;LOCAL
Cartulina;100300704;Cartulina FBB Zenith LOCAL -- C-16 270 gramos 25 x 36;7/04/2026;CONSUMOS;600;600;hoja(s);0.09402318;C16-25;LOCAL
Cartulina;100300709;Cartulina FBB Zenith LOCAL -- C-16 270 gramos 25 x 38;7/04/2026;INGRESOS;2000;2000;hoja(s);0.33096708;C16-25;LOCAL
Cartulina;100300709;Cartulina FBB Zenith LOCAL -- C-16 270 gramos 25 x 38;9/04/2026;CONSUMOS;2000;2000;hoja(s);0.33096708;C16-25;LOCAL
Cartulina;100300709;Cartulina FBB Zenith LOCAL -- C-16 270 gramos 25 x 38;17/04/2026;INGRESOS;600;600;hoja(s);0.099290124;C16-25;LOCAL
Cartulina;100300709;Cartulina FBB Zenith LOCAL -- C-16 270 gramos 25 x 38;18/04/2026;CONSUMOS;600;600;hoja(s);0.099290124;C16-25;LOCAL
Cartulina;100300709;Cartulina FBB Zenith LOCAL -- C-16 270 gramos 25 x 38;24/04/2026;INGRESOS;700;700;hoja(s);0.115838478;C16-25;LOCAL
Cartulina;100300709;Cartulina FBB Zenith LOCAL -- C-16 270 gramos 25 x 38;27/04/2026;CONSUMOS;700;700;hoja(s);0.115838478;C16-25;LOCAL
Cartulina;100300996;Cartulina FBB Zenith LOCAL -- C-18 295 gramos 25 x 36;7/04/2026;INGRESOS;1600;1600;hoja(s);0.274063968;C18-25;LOCAL
Cartulina;100300996;Cartulina FBB Zenith LOCAL -- C-18 295 gramos 25 x 36;14/04/2026;INGRESOS;31000;31000;hoja(s);5.30998938;C18-25;LOCAL
Cartulina;100300996;Cartulina FBB Zenith LOCAL -- C-18 295 gramos 25 x 36;15/04/2026;INGRESOS;30600;30600;hoja(s);5.241473388;C18-25;LOCAL
Cartulina;100300996;Cartulina FBB Zenith LOCAL -- C-18 295 gramos 25 x 36;15/04/2026;CONSUMOS;17600;17600;hoja(s);3.014703648;C18-25;LOCAL
Cartulina;100300996;Cartulina FBB Zenith LOCAL -- C-18 295 gramos 25 x 36;15/04/2026;CONSUMOS;13400;13400;hoja(s);2.295285732;C18-25;LOCAL
Cartulina;100300996;Cartulina FBB Zenith LOCAL -- C-18 295 gramos 25 x 36;15/04/2026;CONSUMOS;5675;5675;hoja(s);0.972070637;C18-25;LOCAL
Cartulina;100300996;Cartulina FBB Zenith LOCAL -- C-18 295 gramos 25 x 36;15/04/2026;CONSUMOS;21500;21500;hoja(s);3.68273457;C18-25;LOCAL
Cartulina;100300996;Cartulina FBB Zenith LOCAL -- C-18 295 gramos 25 x 36;15/04/2026;CONSUMOS;2400;2400;hoja(s);0.411095952;C18-25;LOCAL
Cartulina;100300996;Cartulina FBB Zenith LOCAL -- C-18 295 gramos 25 x 36;21/04/2026;INGRESOS;2300;2300;hoja(s);0.393966954;C18-25;LOCAL
Cartulina;100300996;Cartulina FBB Zenith LOCAL -- C-18 295 gramos 25 x 36;21/04/2026;CONSUMOS;1115;1115;hoja(s);0.190988328;C18-25;LOCAL
Cartulina;100300996;Cartulina FBB Zenith LOCAL -- C-18 295 gramos 25 x 36;21/04/2026;CONSUMOS;3200;3200;hoja(s);0.548127936;C18-25;LOCAL
Cartulina;100301001;Cartulina FBB Zenith LOCAL -- C-18 295 gramos 25 x 38;7/04/2026;INGRESOS;6800;6800;hoja(s);1.229481412;C18-25;LOCAL
Cartulina;100301001;Cartulina FBB Zenith LOCAL -- C-18 295 gramos 25 x 38;7/04/2026;INGRESOS;18600;18600;hoja(s);3.362993274;C18-25;LOCAL
Cartulina;100301001;Cartulina FBB Zenith LOCAL -- C-18 295 gramos 25 x 38;7/04/2026;CONSUMOS;3200;3200;hoja(s);0.578579488;C18-25;LOCAL
Cartulina;100301001;Cartulina FBB Zenith LOCAL -- C-18 295 gramos 25 x 38;7/04/2026;CONSUMOS;3600;3600;hoja(s);0.650901924;C18-25;LOCAL
Cartulina;100301001;Cartulina FBB Zenith LOCAL -- C-18 295 gramos 25 x 38;9/04/2026;CONSUMOS;18600;18600;hoja(s);3.362993274;C18-25;LOCAL
Cartulina;100301001;Cartulina FBB Zenith LOCAL -- C-18 295 gramos 25 x 38;15/04/2026;INGRESOS;22900;22900;hoja(s);4.140459461;C18-25;LOCAL
Cartulina;100301001;Cartulina FBB Zenith LOCAL -- C-18 295 gramos 25 x 38;15/04/2026;CONSUMOS;1900;1900;hoja(s);0.343531571;C18-25;LOCAL
Cartulina;100301001;Cartulina FBB Zenith LOCAL -- C-18 295 gramos 25 x 38;15/04/2026;CONSUMOS;21000;21000;hoja(s);3.79692789;C18-25;LOCAL
Cartulina;100301001;Cartulina FBB Zenith LOCAL -- C-18 295 gramos 25 x 38;21/04/2026;INGRESOS;600;600;hoja(s);0.108483654;C18-25;LOCAL
Cartulina;100301001;Cartulina FBB Zenith LOCAL -- C-18 295 gramos 25 x 38;21/04/2026;CONSUMOS;600;600;hoja(s);0.108483654;C18-25;LOCAL
Cartulina;100301001;Cartulina FBB Zenith LOCAL -- C-18 295 gramos 25 x 38;28/04/2026;INGRESOS;4900;4900;hoja(s);0.885949841;C18-25;LOCAL
Cartulina;100301001;Cartulina FBB Zenith LOCAL -- C-18 295 gramos 25 x 38;28/04/2026;CONSUMOS;4900;4900;hoja(s);0.885949841;C18-25;LOCAL
Cartulina;100301046;Cartulina FBB Zenith LOCAL -- C-18 295 gramos 30 x 40;7/04/2026;INGRESOS;4200;4200;hoja(s);0.959223888;C18-30;LOCAL
Cartulina;100301046;Cartulina FBB Zenith LOCAL -- C-18 295 gramos 30 x 40;9/04/2026;CONSUMOS;4200;4200;hoja(s);0.959223888;C18-30;LOCAL
Cartulina;100301046;Cartulina FBB Zenith LOCAL -- C-18 295 gramos 30 x 40;15/04/2026;INGRESOS;10800;10800;hoja(s);2.466575712;C18-30;LOCAL
Cartulina;100301046;Cartulina FBB Zenith LOCAL -- C-18 295 gramos 30 x 40;15/04/2026;CONSUMOS;10800;10800;hoja(s);2.466575712;C18-30;LOCAL
Cartulina;100301046;Cartulina FBB Zenith LOCAL -- C-18 295 gramos 30 x 40;17/04/2026;INGRESOS;5000;5000;hoja(s);1.1419332;C18-30;LOCAL
Cartulina;100301046;Cartulina FBB Zenith LOCAL -- C-18 295 gramos 30 x 40;18/04/2026;CONSUMOS;5000;5000;hoja(s);1.1419332;C18-30;LOCAL
Cartulina;100301046;Cartulina FBB Zenith LOCAL -- C-18 295 gramos 30 x 40;24/04/2026;INGRESOS;4200;4200;hoja(s);0.959223888;C18-30;LOCAL
Cartulina;100301046;Cartulina FBB Zenith LOCAL -- C-18 295 gramos 30 x 40;27/04/2026;CONSUMOS;4200;4200;hoja(s);0.959223888;C18-30;LOCAL
Cartulina;100301046;Cartulina FBB Zenith LOCAL -- C-18 295 gramos 30 x 40;28/04/2026;INGRESOS;3900;3900;hoja(s);0.890707896;C18-30;LOCAL
Cartulina;100301046;Cartulina FBB Zenith LOCAL -- C-18 295 gramos 30 x 40;28/04/2026;CONSUMOS;3900;3900;hoja(s);0.890707896;C18-30;LOCAL
Cartulina;100301261;Cartulina FBB Zenith LOCAL -- C-20 325 gramos 25 x 38;20/04/2026;INGRESOS;11300;11300;hoja(s);2.250882595;C20-25;LOCAL
Cartulina;100301261;Cartulina FBB Zenith LOCAL -- C-20 325 gramos 25 x 38;21/04/2026;CONSUMOS;11300;11300;hoja(s);2.250882595;C20-25;LOCAL
Cartulina;100301356;Rollo Cartulina ASIA SYMBOL C-16 270 g ancho 25;7/04/2026;CONSUMOS;1936;1936;METROS;0.3319272;C16-25;IMPORTACION
Cartulina;100301356;Rollo Cartulina ASIA SYMBOL C-16 270 g ancho 25;7/04/2026;CONSUMOS;2621;2621;METROS;0.44937045;C16-25;IMPORTACION
Cartulina;100301356;Rollo Cartulina ASIA SYMBOL C-16 270 g ancho 25;7/04/2026;CONSUMOS;1678;1678;METROS;0.2876931;C16-25;IMPORTACION
Cartulina;100301356;Rollo Cartulina ASIA SYMBOL C-16 270 g ancho 25;7/04/2026;CONSUMOS;244;244;METROS;0.0418338;C16-25;IMPORTACION
Cartulina;100301356;Rollo Cartulina ASIA SYMBOL C-16 270 g ancho 25;7/04/2026;CONSUMOS;7544;7544;METROS;1.2934188;C16-25;IMPORTACION
Cartulina;100301356;Rollo Cartulina ASIA SYMBOL C-16 270 g ancho 25;7/04/2026;CONSUMOS;2034;2034;METROS;0.3487293;C16-25;IMPORTACION
Cartulina;100301356;Rollo Cartulina ASIA SYMBOL C-16 270 g ancho 25;7/04/2026;CONSUMOS;946;946;METROS;0.1621917;C16-25;IMPORTACION
Cartulina;100301356;Rollo Cartulina ASIA SYMBOL C-16 270 g ancho 25;9/04/2026;CONSUMOS;5387;5387;METROS;0.92360115;C16-25;IMPORTACION
Cartulina;100301356;Rollo Cartulina ASIA SYMBOL C-16 270 g ancho 25;9/04/2026;CONSUMOS;337;337;METROS;0.05777865;C16-25;IMPORTACION
Cartulina;100301356;Rollo Cartulina ASIA SYMBOL C-16 270 g ancho 25;9/04/2026;CONSUMOS;2143;2143;METROS;0.36741735;C16-25;IMPORTACION
Cartulina;100301356;Rollo Cartulina ASIA SYMBOL C-16 270 g ancho 25;9/04/2026;CONSUMOS;215;215;METROS;0.03686175;C16-25;IMPORTACION
Cartulina;100301356;Rollo Cartulina ASIA SYMBOL C-16 270 g ancho 25;13/04/2026;CONSUMOS;2143;2143;METROS;0.36741735;C16-25;IMPORTACION
Cartulina;100301356;Rollo Cartulina ASIA SYMBOL C-16 270 g ancho 25;16/04/2026;CONSUMOS;1646;1646;METROS;0.2822067;C16-25;IMPORTACION
Cartulina;100301356;Rollo Cartulina ASIA SYMBOL C-16 270 g ancho 25;16/04/2026;CONSUMOS;8848;8848;METROS;1.5169896;C16-25;IMPORTACION
Cartulina;100301356;Rollo Cartulina ASIA SYMBOL C-16 270 g ancho 25;16/04/2026;CONSUMOS;19533;19533;METROS;3.34893285;C16-25;IMPORTACION
Cartulina;100301356;Rollo Cartulina ASIA SYMBOL C-16 270 g ancho 25;16/04/2026;CONSUMOS;5642;5642;METROS;0.9673209;C16-25;IMPORTACION
Cartulina;100301356;Rollo Cartulina ASIA SYMBOL C-16 270 g ancho 25;16/04/2026;CONSUMOS;3135;3135;METROS;0.53749575;C16-25;IMPORTACION
Cartulina;100301356;Rollo Cartulina ASIA SYMBOL C-16 270 g ancho 25;16/04/2026;CONSUMOS;1914;1914;METROS;0.3281553;C16-25;IMPORTACION
Cartulina;100301356;Rollo Cartulina ASIA SYMBOL C-16 270 g ancho 25;16/04/2026;CONSUMOS;5676;5676;METROS;0.9731502;C16-25;IMPORTACION
Cartulina;100301356;Rollo Cartulina ASIA SYMBOL C-16 270 g ancho 25;16/04/2026;CONSUMOS;2116;2116;METROS;0.3627882;C16-25;IMPORTACION
Cartulina;100301356;Rollo Cartulina ASIA SYMBOL C-16 270 g ancho 25;16/04/2026;CONSUMOS;1483;1483;METROS;0.25426035;C16-25;IMPORTACION
Cartulina;100301356;Rollo Cartulina ASIA SYMBOL C-16 270 g ancho 25;16/04/2026;CONSUMOS;1906;1906;METROS;0.3267837;C16-25;IMPORTACION
Cartulina;100301356;Rollo Cartulina ASIA SYMBOL C-16 270 g ancho 25;16/04/2026;CONSUMOS;1554;1554;METROS;0.2664333;C16-25;IMPORTACION
Cartulina;100301356;Rollo Cartulina ASIA SYMBOL C-16 270 g ancho 25;20/04/2026;CONSUMOS;2785;2785;METROS;0.47748825;C16-25;IMPORTACION
Cartulina;100301356;Rollo Cartulina ASIA SYMBOL C-16 270 g ancho 25;20/04/2026;CONSUMOS;2282;2282;METROS;0.3912489;C16-25;IMPORTACION
Cartulina;100301356;Rollo Cartulina ASIA SYMBOL C-16 270 g ancho 25;20/04/2026;CONSUMOS;2022;2022;METROS;0.3466719;C16-25;IMPORTACION
Cartulina;100301356;Rollo Cartulina ASIA SYMBOL C-16 270 g ancho 25;20/04/2026;CONSUMOS;2782;2782;METROS;0.4769739;C16-25;IMPORTACION
Cartulina;100301356;Rollo Cartulina ASIA SYMBOL C-16 270 g ancho 25;20/04/2026;CONSUMOS;806;806;METROS;0.1381887;C16-25;IMPORTACION
Cartulina;100301356;Rollo Cartulina ASIA SYMBOL C-16 270 g ancho 25;20/04/2026;CONSUMOS;2129;2129;METROS;0.36501705;C16-25;IMPORTACION
Cartulina;100301356;Rollo Cartulina ASIA SYMBOL C-16 270 g ancho 25;20/04/2026;CONSUMOS;4491;4491;METROS;0.76998195;C16-25;IMPORTACION
Cartulina;100301356;Rollo Cartulina ASIA SYMBOL C-16 270 g ancho 25;21/04/2026;CONSUMOS;2850;2850;METROS;0.4886325;C16-25;IMPORTACION
Cartulina;100301356;Rollo Cartulina ASIA SYMBOL C-16 270 g ancho 25;21/04/2026;CONSUMOS;2397;2397;METROS;0.41096565;C16-25;IMPORTACION
Cartulina;100301356;Rollo Cartulina ASIA SYMBOL C-16 270 g ancho 25;21/04/2026;CONSUMOS;1405;1405;METROS;0.24088725;C16-25;IMPORTACION
Cartulina;100301356;Rollo Cartulina ASIA SYMBOL C-16 270 g ancho 25;21/04/2026;CONSUMOS;1630;1630;METROS;0.2794635;C16-25;IMPORTACION
Cartulina;100301356;Rollo Cartulina ASIA SYMBOL C-16 270 g ancho 25;23/04/2026;CONSUMOS;12089;12089;METROS;2.07265905;C16-25;IMPORTACION
Cartulina;100301356;Rollo Cartulina ASIA SYMBOL C-16 270 g ancho 25;23/04/2026;CONSUMOS;3689;3689;METROS;0.63247905;C16-25;IMPORTACION
Cartulina;100301356;Rollo Cartulina ASIA SYMBOL C-16 270 g ancho 25;23/04/2026;CONSUMOS;3126;3126;METROS;0.5359527;C16-25;IMPORTACION
Cartulina;100301356;Rollo Cartulina ASIA SYMBOL C-16 270 g ancho 25;27/04/2026;CONSUMOS;353;353;METROS;0.06052185;C16-25;IMPORTACION
Cartulina;100301356;Rollo Cartulina ASIA SYMBOL C-16 270 g ancho 25;27/04/2026;CONSUMOS;1721;1721;METROS;0.29506545;C16-25;IMPORTACION
Cartulina;100301356;Rollo Cartulina ASIA SYMBOL C-16 270 g ancho 25;28/04/2026;CONSUMOS;4516;4516;METROS;0.7742682;C16-25;IMPORTACION
Cartulina;100301834;Rollo Cartulina ASIA SYMBOL C-16 270 g ancho 29;13/04/2026;CONSUMOS;1469;1469;METROS;0.29191968;C16-29;IMPORTACION
Cartulina;100301848;Rollo Cartulina ASIA SYMBOL C-20 325 g ancho 25;9/04/2026;CONSUMOS;3370;3370;METROS;0.69548375;C20-25;IMPORTACION
Cartulina;100301848;Rollo Cartulina ASIA SYMBOL C-20 325 g ancho 25;15/04/2026;CONSUMOS;1299;1299;METROS;0.268081125;C20-25;IMPORTACION
Cartulina;100301855;Rollo Cartulina Nine Dragons C - 16 255 g ancho 28.5;9/04/2026;CONSUMOS;400;400;METROS;0.06477;C16-29;IMPORTACION
Cartulina;100301856;Rollo Cartulina OBAFREE --  C - 18 265 g ancho 23;28/04/2026;CONSUMOS;22258;22258;METROS;3.44464808;C18-23;IMPORTACION
Cartulina;100301861;Rollo Cartulina ASIA SYMBOL C-14 235 g ancho 25.5;9/04/2026;CONSUMOS;2116;2116;METROS;0.32172722;C14-25.5;IMPORTACION
Cartulina;100301861;Rollo Cartulina ASIA SYMBOL C-14 235 g ancho 25.5;9/04/2026;CONSUMOS;278;278;METROS;0.04226851;C14-25.5;IMPORTACION
Cartulina;100301861;Rollo Cartulina ASIA SYMBOL C-14 235 g ancho 25.5;13/04/2026;CONSUMOS;2714;2714;METROS;0.41265013;C14-25.5;IMPORTACION
Cartulina;100301861;Rollo Cartulina ASIA SYMBOL C-14 235 g ancho 25.5;13/04/2026;CONSUMOS;2698;2698;METROS;0.41021741;C14-25.5;IMPORTACION
Cartulina;100301861;Rollo Cartulina ASIA SYMBOL C-14 235 g ancho 25.5;13/04/2026;CONSUMOS;1091;1091;METROS;0.165881095;C14-25.5;IMPORTACION
Cartulina;100301861;Rollo Cartulina ASIA SYMBOL C-14 235 g ancho 25.5;13/04/2026;CONSUMOS;1438;1438;METROS;0.21864071;C14-25.5;IMPORTACION
Cartulina;100301861;Rollo Cartulina ASIA SYMBOL C-14 235 g ancho 25.5;13/04/2026;CONSUMOS;1146;1146;METROS;0.17424357;C14-25.5;IMPORTACION
Cartulina;100301861;Rollo Cartulina ASIA SYMBOL C-14 235 g ancho 25.5;15/04/2026;CONSUMOS;4319;4319;METROS;0.656682355;C14-25.5;IMPORTACION
Cartulina;100301861;Rollo Cartulina ASIA SYMBOL C-14 235 g ancho 25.5;15/04/2026;CONSUMOS;4078;4078;METROS;0.62003951;C14-25.5;IMPORTACION
Cartulina;100301861;Rollo Cartulina ASIA SYMBOL C-14 235 g ancho 25.5;15/04/2026;CONSUMOS;7029;7029;METROS;1.068724305;C14-25.5;IMPORTACION
Cartulina;100301861;Rollo Cartulina ASIA SYMBOL C-14 235 g ancho 25.5;16/04/2026;CONSUMOS;6904;6904;METROS;1.04971868;C14-25.5;IMPORTACION
Cartulina;100301863;Rollo Cartulina ASIA SYMBOL C-14 235 g ancho 29;15/04/2026;CONSUMOS;2402;2402;METROS;0.41544992;C14-29;IMPORTACION
Cartulina;100301863;Rollo Cartulina ASIA SYMBOL C-14 235 g ancho 29;16/04/2026;CONSUMOS;11040;11040;METROS;1.9094784;C14-29;IMPORTACION
Cartulina;100301863;Rollo Cartulina ASIA SYMBOL C-14 235 g ancho 29;16/04/2026;CONSUMOS;1350;1350;METROS;0.233496;C14-29;IMPORTACION
Cartulina;100301863;Rollo Cartulina ASIA SYMBOL C-14 235 g ancho 29;16/04/2026;CONSUMOS;2867;2867;METROS;0.49587632;C14-29;IMPORTACION
Cartulina;100301863;Rollo Cartulina ASIA SYMBOL C-14 235 g ancho 29;17/04/2026;CONSUMOS;1134;1134;METROS;0.19613664;C14-29;IMPORTACION
Cartulina;100301869;Rollo Cartulina DUPLEX MIRABELL --  C - 17 320 g ancho 22;10/04/2026;CONSUMOS;52208;52208;METROS;9.32226048;COLGATE-150;IMPORTACION
Cartulina;100301869;Rollo Cartulina DUPLEX MIRABELL --  C - 17 320 g ancho 22;10/04/2026;CONSUMOS;739;739;METROS;0.13195584;COLGATE-150;IMPORTACION
Cartulina;100301901;Rollo Cartulina SBS CANDESCE -- C-24 407 g ancho 27.5 (29-89);9/04/2026;CONSUMOS;991;991;METROS;0.281529226;GILDAN;IMPORTACION
Cartulina;100301901;Rollo Cartulina SBS CANDESCE -- C-24 407 g ancho 27.5 (29-89);9/04/2026;CONSUMOS;67;67;METROS;0.019033762;GILDAN;IMPORTACION
Cartulina;100301902;Rollo Cartulina SBS CANDESCE -- C-24 407 g ancho 39 (29-89);8/04/2026;CONSUMOS;1018;1018;METROS;0.41018274;GILDAN;IMPORTACION
Cartulina;100301902;Rollo Cartulina SBS CANDESCE -- C-24 407 g ancho 39 (29-89);10/04/2026;CONSUMOS;153;153;METROS;0.06164829;GILDAN;IMPORTACION
Cartulina;100301902;Rollo Cartulina SBS CANDESCE -- C-24 407 g ancho 39 (29-89);10/04/2026;CONSUMOS;1240;1240;METROS;0.4996332;GILDAN;IMPORTACION
Cartulina;100301902;Rollo Cartulina SBS CANDESCE -- C-24 407 g ancho 39 (29-89);10/04/2026;CONSUMOS;1551;1551;METROS;0.62494443;GILDAN;IMPORTACION
Cartulina;100301902;Rollo Cartulina SBS CANDESCE -- C-24 407 g ancho 39 (29-89);10/04/2026;CONSUMOS;1261;1261;METROS;0.50809473;GILDAN;IMPORTACION
Cartulina;100301902;Rollo Cartulina SBS CANDESCE -- C-24 407 g ancho 39 (29-89);17/04/2026;CONSUMOS;2886;2886;METROS;1.16285598;GILDAN;IMPORTACION
Cartulina;100301902;Rollo Cartulina SBS CANDESCE -- C-24 407 g ancho 39 (29-89);21/04/2026;CONSUMOS;1581;1581;METROS;0.63703233;GILDAN;IMPORTACION
Cartulina;100301908;Rollo Cartulina Nine Dragons C - 13.6 215 g ancho 25 (29-89);7/04/2026;CONSUMOS;1578;1578;METROS;0.21543645;C13.6-25;IMPORTACION
Cartulina;100301908;Rollo Cartulina Nine Dragons C - 13.6 215 g ancho 25 (29-89);7/04/2026;CONSUMOS;2620;2620;METROS;0.3576955;C13.6-25;IMPORTACION
Cartulina;100301908;Rollo Cartulina Nine Dragons C - 13.6 215 g ancho 25 (29-89);13/04/2026;CONSUMOS;1602;1602;METROS;0.21871305;C13.6-25;IMPORTACION
Cartulina;100301908;Rollo Cartulina Nine Dragons C - 13.6 215 g ancho 25 (29-89);20/04/2026;CONSUMOS;18249;18249;METROS;2.491444725;C13.6-25;IMPORTACION
Cartulina;100301908;Rollo Cartulina Nine Dragons C - 13.6 215 g ancho 25 (29-89);20/04/2026;CONSUMOS;6780;6780;METROS;0.9256395;C13.6-25;IMPORTACION
Cartulina;100301908;Rollo Cartulina Nine Dragons C - 13.6 215 g ancho 25 (29-89);27/04/2026;CONSUMOS;2132;2132;METROS;0.2910713;C13.6-25;IMPORTACION
Cartulina;100301908;Rollo Cartulina Nine Dragons C - 13.6 215 g ancho 25 (29-89);27/04/2026;CONSUMOS;317;317;METROS;0.043278425;C13.6-25;IMPORTACION
Cartulina;100301908;Rollo Cartulina Nine Dragons C - 13.6 215 g ancho 25 (29-89);27/04/2026;CONSUMOS;2020;2020;METROS;0.2757805;C13.6-25;IMPORTACION
Cartulina;100301908;Rollo Cartulina Nine Dragons C - 13.6 215 g ancho 25 (29-89);27/04/2026;CONSUMOS;317;317;METROS;0.043278425;C13.6-25;IMPORTACION
Cartulina;100301908;Rollo Cartulina Nine Dragons C - 13.6 215 g ancho 25 (29-89);27/04/2026;CONSUMOS;2369;2369;METROS;0.323427725;C13.6-25;IMPORTACION
Cartulina;100301908;Rollo Cartulina Nine Dragons C - 13.6 215 g ancho 25 (29-89);27/04/2026;CONSUMOS;317;317;METROS;0.043278425;C13.6-25;IMPORTACION
Cartulina;100301908;Rollo Cartulina Nine Dragons C - 13.6 215 g ancho 25 (29-89);27/04/2026;CONSUMOS;2598;2598;METROS;0.35469195;C13.6-25;IMPORTACION
Cartulina;100301908;Rollo Cartulina Nine Dragons C - 13.6 215 g ancho 25 (29-89);27/04/2026;CONSUMOS;317;317;METROS;0.043278425;C13.6-25;IMPORTACION
Cartulina;100301908;Rollo Cartulina Nine Dragons C - 13.6 215 g ancho 25 (29-89);27/04/2026;CONSUMOS;3167;3167;METROS;0.432374675;C13.6-25;IMPORTACION
Cartulina;100301908;Rollo Cartulina Nine Dragons C - 13.6 215 g ancho 25 (29-89);27/04/2026;CONSUMOS;317;317;METROS;0.043278425;C13.6-25;IMPORTACION
Cartulina;100301909;Rollo Cartulina Nine Dragons C - 13.6 215 g ancho 30 (29-89);8/04/2026;CONSUMOS;4274;4274;METROS;0.70020942;C13.6-30;IMPORTACION
Cartulina;100301917;Rollo Cartulina Nine Dragons C - 16.3 255 g ancho 25 (29-89);8/04/2026;CONSUMOS;439;439;METROS;0.071085075;C16.3-25;IMPORTACION
Cartulina;100301917;Rollo Cartulina Nine Dragons C - 16.3 255 g ancho 25 (29-89);8/04/2026;CONSUMOS;420;420;METROS;0.0680085;C16.3-25;IMPORTACION
Cartulina;100301917;Rollo Cartulina Nine Dragons C - 16.3 255 g ancho 25 (29-89);8/04/2026;CONSUMOS;740;740;METROS;0.1198245;C16.3-25;IMPORTACION
Cartulina;100301917;Rollo Cartulina Nine Dragons C - 16.3 255 g ancho 25 (29-89);16/04/2026;CONSUMOS;1641;1641;METROS;0.265718925;C16.3-25;IMPORTACION
Cartulina;100301917;Rollo Cartulina Nine Dragons C - 16.3 255 g ancho 25 (29-89);17/04/2026;CONSUMOS;4843;4843;METROS;0.784202775;C16.3-25;IMPORTACION
Cartulina;100301917;Rollo Cartulina Nine Dragons C - 16.3 255 g ancho 25 (29-89);20/04/2026;CONSUMOS;15422;15422;METROS;2.49720735;C16.3-25;IMPORTACION
Cartulina;100301917;Rollo Cartulina Nine Dragons C - 16.3 255 g ancho 25 (29-89);20/04/2026;CONSUMOS;2780;2780;METROS;0.4501515;C16.3-25;IMPORTACION
Cartulina;100301917;Rollo Cartulina Nine Dragons C - 16.3 255 g ancho 25 (29-89);28/04/2026;CONSUMOS;2995;2995;METROS;0.484965375;C16.3-25;IMPORTACION
Cartulina;100301917;Rollo Cartulina Nine Dragons C - 16.3 255 g ancho 25 (29-89);28/04/2026;CONSUMOS;245;245;METROS;0.039671625;C16.3-25;IMPORTACION
Cartulina;100301917;Rollo Cartulina Nine Dragons C - 16.3 255 g ancho 25 (29-89);28/04/2026;CONSUMOS;3188;3188;METROS;0.5162169;C16.3-25;IMPORTACION
Cartulina;100301917;Rollo Cartulina Nine Dragons C - 16.3 255 g ancho 25 (29-89);29/04/2026;CONSUMOS;892;892;METROS;0.1444371;C16.3-25;IMPORTACION
Cartulina;100301918;Rollo Cartulina Nine Dragons C - 16.3 255 g ancho 27 (29-89);28/04/2026;CONSUMOS;66054;66054;METROS;11.53798245;C16.3-27;IMPORTACION
Cartulina;100301918;Rollo Cartulina Nine Dragons C - 16.3 255 g ancho 27 (29-89);28/04/2026;CONSUMOS;160243;160243;METROS;27.99044603;C16.3-27;IMPORTACION
Cartulina;100301920;Rollo Cartulina Nine Dragons C - 16.3 255 g ancho 35.5 (29-89);20/04/2026;CONSUMOS;4683;4683;METROS;1.075942665;C16.3-35.5;IMPORTACION
Cartulina;100301924;Rollo Cartulina Nine Dragons C - 18.3 290 g ancho 25;14/04/2026;CONSUMOS;64825;64825;METROS;11.93752375;C18-25-COSC;IMPORTACION
Cartulina;100301933;Rollo Cartulina Policote 1PE0/15 C-13.5 225g ancho 36.5 REGIONAL;27/04/2026;CONSUMOS;18164;18164;METROS;3.7885563;POLICOTE;IMPORTACION
Cartulina;100301934;Cartulina FBB NINE DRAGONS -- C-16.3 255 gramos 27 x 34.5 (29-89);13/04/2026;CONSUMOS;62100;62100;hoja(s);7.63906383;C16.3-27;IMPORTACION
Cartulina;100304525;Cartulina SPARK C-18 270 gr 30 X 40;23/04/2026;INGRESOS;16600;16600;Pliego(s);3.469928544;Spark;LOCAL
Cartulina;100304525;Cartulina SPARK C-18 270 gr 30 X 40;24/04/2026;CONSUMOS;16600;16600;Pliego(s);3.469928544;Spark;LOCAL
Cartulina;100304525;Cartulina SPARK C-18 270 gr 30 X 40;28/04/2026;INGRESOS;8000;8000;Pliego(s);1.67225472;Spark;LOCAL
Cartulina;100304525;Cartulina SPARK C-18 270 gr 30 X 40;28/04/2026;CONSUMOS;8000;8000;Pliego(s);1.67225472;Spark;LOCAL
Cartulina;100304526;Cartulina SPARK C-18 270 gr 25 X 36;15/04/2026;INGRESOS;1400;1400;Pliego(s);0.219483432;Spark;LOCAL
Cartulina;100304526;Cartulina SPARK C-18 270 gr 25 X 36;15/04/2026;CONSUMOS;1400;1400;Pliego(s);0.219483432;Spark;LOCAL
Cartulina;100304526;Cartulina SPARK C-18 270 gr 25 X 36;23/04/2026;INGRESOS;7000;7000;Pliego(s);1.09741716;Spark;LOCAL
Cartulina;100304526;Cartulina SPARK C-18 270 gr 25 X 36;24/04/2026;CONSUMOS;7000;7000;Pliego(s);1.09741716;Spark;LOCAL
Cartulina;100304541;Rollo Cartulina ASIA SYMBOL C-12 230 g ancho 25;6/04/2026;CONSUMOS;5363;5363;METROS;0.78326615;C12-25;IMPORTACION
Cartulina;100304541;Rollo Cartulina ASIA SYMBOL C-12 230 g ancho 25;16/04/2026;CONSUMOS;317;317;METROS;0.04629785;C12-25;IMPORTACION
Cartulina;100304543;Rollo Cartulina DUPLEX MIRABELL --  C - 16 300 g ancho 28;10/04/2026;CONSUMOS;74434;74434;METROS;15.88123824;COLGATE-75;IMPORTACION
Cartulina;100304543;Rollo Cartulina DUPLEX MIRABELL --  C - 16 300 g ancho 28;15/04/2026;CONSUMOS;445;445;METROS;0.0949452;COLGATE-75;IMPORTACION
Cartulina;100304543;Rollo Cartulina DUPLEX MIRABELL --  C - 16 300 g ancho 28;27/04/2026;CONSUMOS;72496;72496;METROS;15.46774656;COLGATE-75;IMPORTACION
Cartulina;100304543;Rollo Cartulina DUPLEX MIRABELL --  C - 16 300 g ancho 28;29/04/2026;CONSUMOS;11046;11046;METROS;2.35677456;COLGATE-75;IMPORTACION
Cartulina;100304548;Rollo Cartulina LSH Super Bulk C-14 245g ancho 25;7/04/2026;CONSUMOS;2432;2432;METROS;0.3783584;C14-25;IMPORTACION
Cartulina;100304560;Rollo Cartulina FBB MIXTO KING PAPER--  C - 13.6 225 g ancho 36.5;27/04/2026;CONSUMOS;33331;33331;METROS;6.952013325;POLICOTE;IMPORTACION
Cartulina;100304563;Rollo Cartulina Nine Dragons C - 12 205 g ancho 25 (29-89);17/04/2026;CONSUMOS;1164;1164;METROS;0.1515237;C12-25;IMPORTACION
Cartulina;100304563;Rollo Cartulina Nine Dragons C - 12 205 g ancho 25 (29-89);17/04/2026;CONSUMOS;49100;49100;METROS;6.3915925;C12-25;IMPORTACION
Cartulina;100304565;Rollo Cartulina DEINGRESOSCA FSC --  C - 13.5 225 g ancho 23.125;27/04/2026;CONSUMOS;8141;8141;Metro(s);1.075222575;OLMECA;IMPORTACION
Cartulina;100304565;Rollo Cartulina DEINGRESOSCA FSC --  C - 13.5 225 g ancho 23.125;27/04/2026;CONSUMOS;8090;8090;Metro(s);1.06848675;OLMECA;IMPORTACION
Cartulina;100304565;Rollo Cartulina DEINGRESOSCA FSC --  C - 13.5 225 g ancho 23.125;27/04/2026;CONSUMOS;8011;8011;Metro(s);1.058052825;OLMECA;IMPORTACION
Cartulina;100304565;Rollo Cartulina DEINGRESOSCA FSC --  C - 13.5 225 g ancho 23.125;27/04/2026;CONSUMOS;7909;7909;Metro(s);1.044581175;OLMECA;IMPORTACION
Cartulina;100304565;Rollo Cartulina DEINGRESOSCA FSC --  C - 13.5 225 g ancho 23.125;27/04/2026;CONSUMOS;8050;8050;Metro(s);1.06320375;OLMECA;IMPORTACION
Cartulina;100304565;Rollo Cartulina DEINGRESOSCA FSC --  C - 13.5 225 g ancho 23.125;27/04/2026;CONSUMOS;8019;8019;Metro(s);1.059109425;OLMECA;IMPORTACION
Cartulina;100304565;Rollo Cartulina DEINGRESOSCA FSC --  C - 13.5 225 g ancho 23.125;28/04/2026;CONSUMOS;6426;6426;Metro(s);0.84871395;OLMECA;IMPORTACION
Cartulina;100304565;Rollo Cartulina DEINGRESOSCA FSC --  C - 13.5 225 g ancho 23.125;28/04/2026;CONSUMOS;482;482;Metro(s);0.06366015;OLMECA;IMPORTACION
Cartulina;100304619;Rollo Cartulina BRIGHT   --  C-16 245 g ancho 23;13/04/2026;CONSUMOS;9657;9657;METROS;1.382196753;BAY-C16-23;IMPORTACION
Cartulina;100304625;Rollo Cartulina ASIA SYMBOL C-14 235 g ancho 28.5;8/04/2026;CONSUMOS;4372;4372;METROS;0.743749338;C14-29;IMPORTACION
Cartulina;100304625;Rollo Cartulina ASIA SYMBOL C-14 235 g ancho 28.5;20/04/2026;CONSUMOS;6330;6330;METROS;1.076837445;C14-29;IMPORTACION
Cartulina;100304625;Rollo Cartulina ASIA SYMBOL C-14 235 g ancho 28.5;27/04/2026;CONSUMOS;1241;1241;METROS;0.211114577;C14-29;IMPORTACION
Cartulina;100304625;Rollo Cartulina ASIA SYMBOL C-14 235 g ancho 28.5;27/04/2026;CONSUMOS;1375;1375;METROS;0.233910188;C14-29;IMPORTACION
Cartulina;100304625;Rollo Cartulina ASIA SYMBOL C-14 235 g ancho 28.5;28/04/2026;CONSUMOS;795;795;METROS;0.135242618;C14-29;IMPORTACION
Cartulina;100304625;Rollo Cartulina ASIA SYMBOL C-14 235 g ancho 28.5;29/04/2026;CONSUMOS;2379;2379;METROS;0.404707154;C14-29;IMPORTACION
Cartulina;100304627;Rollo Cartulina ASIA SYMBOL C-20 325 g ancho 29;6/04/2026;CONSUMOS;1904;1904;METROS;0.45580808;C20-29;IMPORTACION
Cartulina;100304627;Rollo Cartulina ASIA SYMBOL C-20 325 g ancho 29;8/04/2026;CONSUMOS;320;320;METROS;0.0766064;C20-29;IMPORTACION
Cartulina;100304627;Rollo Cartulina ASIA SYMBOL C-20 325 g ancho 29;15/04/2026;CONSUMOS;3246;3246;METROS;0.77707617;C20-29;IMPORTACION
Cartulina;100304627;Rollo Cartulina ASIA SYMBOL C-20 325 g ancho 29;15/04/2026;CONSUMOS;3073;3073;METROS;0.735660835;C20-29;IMPORTACION
Cartulina;100304627;Rollo Cartulina ASIA SYMBOL C-20 325 g ancho 29;15/04/2026;CONSUMOS;3422;3422;METROS;0.81920969;C20-29;IMPORTACION
Cartulina;100304627;Rollo Cartulina ASIA SYMBOL C-20 325 g ancho 29;16/04/2026;CONSUMOS;5401;5401;METROS;1.292972395;C20-29;IMPORTACION
Cartulina;100304627;Rollo Cartulina ASIA SYMBOL C-20 325 g ancho 29;29/04/2026;CONSUMOS;4355;4355;METROS;1.042565225;C20-29;IMPORTACION
Cartulina;100304627;Rollo Cartulina ASIA SYMBOL C-20 325 g ancho 29;29/04/2026;CONSUMOS;3013;3013;METROS;0.721297135;C20-29;IMPORTACION
Cartulina;100304640;Rollo Cartulina OBAFREE --  C-15 230 g ancho 25.5;27/04/2026;INGRESOS;367025;367025;METROS;54.67608128;FOSFORERA;IMPORTACION
Cartulina;100304640;Rollo Cartulina OBAFREE --  C-15 230 g ancho 25.5;29/04/2026;CONSUMOS;26402;26402;METROS;3.933132342;FOSFORERA;IMPORTACION
Cartulina;100304640;Rollo Cartulina OBAFREE --  C-15 230 g ancho 25.5;29/04/2026;CONSUMOS;44769;44769;METROS;6.669282699;FOSFORERA;IMPORTACION
Cartulina;100305967;Rollo Cartulina Nine Dragons C - 18.3 290 g ancho 29;14/04/2026;CONSUMOS;16189;16189;METROS;3.458197046;C18-29-COSC;IMPORTACION
Cartulina;100305967;Rollo Cartulina Nine Dragons C - 18.3 290 g ancho 29;14/04/2026;CONSUMOS;104910;104910;METROS;22.41024474;C18-29-COSC;IMPORTACION
Cartulina;100305967;Rollo Cartulina Nine Dragons C - 18.3 290 g ancho 29;14/04/2026;CONSUMOS;147;147;METROS;0.031401258;C18-29-COSC;IMPORTACION
Cartulina;100305983;Cartulina FBB DUPLEX MIRABELL -- C-16 300 gramos  25.5 x 36.5;9/04/2026;CONSUMOS;15305;15305;PLIEGO;2.757116179;COLGATE-50;IMPORTACION
Cartulina;100305983;Cartulina FBB DUPLEX MIRABELL -- C-16 300 gramos  25.5 x 36.5;9/04/2026;CONSUMOS;49365;49365;PLIEGO;8.892848101;COLGATE-50;IMPORTACION
Cartulina;100305983;Cartulina FBB DUPLEX MIRABELL -- C-16 300 gramos  25.5 x 36.5;27/04/2026;CONSUMOS;366;366;PLIEGO;0.065932997;COLGATE-50;IMPORTACION
Cartulina;100305984;Cartulina FBB DUPLEX MIRABELL -- C-16 300 gramos  25 x 34;13/04/2026;CONSUMOS;13130;13130;PLIEGO;2.160092454;COLGATE-22;IMPORTACION
Cartulina;100305990;Cartulina FBB DUPLEX MIRABELL -- C-17 320 gramos  22 x 39;27/04/2026;CONSUMOS;300;300;PLIEGO;0.053140539;COLGATE-150;IMPORTACION
Cartulina;100305999;Rollo Cartulina Nine Dragons C - 19 305 g ancho 24;17/04/2026;CONSUMOS;973;973;METROS;0.180907944;C19-24;IMPORTACION
Cartulina;100305999;Rollo Cartulina Nine Dragons C - 19 305 g ancho 24;20/04/2026;CONSUMOS;26;26;METROS;0.004834128;C19-24;IMPORTACION
Cartulina;100305999;Rollo Cartulina Nine Dragons C - 19 305 g ancho 24;29/04/2026;CONSUMOS;2303;2303;METROS;0.428192184;C19-24;IMPORTACION
Cartulina;100306003;Rollo Cartulina Nine Dragons C - 16.3 255 g ancho 28.5;9/04/2026;CONSUMOS;9100;9100;METROS;1.67980995;C16.3-28.5;IMPORTACION
Cartulina;100306141;Cartulina SPARK C-20 295 gr 25 X 36;8/04/2026;INGRESOS;6700;6700;Pliego(s);1.147642866;Spark;LOCAL
Cartulina;100306141;Cartulina SPARK C-20 295 gr 25 X 36;9/04/2026;CONSUMOS;6700;6700;Pliego(s);1.147642866;Spark;LOCAL
Cartulina;100306179;Cartulina Husky -- C-18 400 gramos 30 X 40;21/04/2026;INGRESOS;2000;2000;Pliegos;0.6193536;C18-30H;LOCAL
Cartulina;100306179;Cartulina Husky -- C-18 400 gramos 30 X 40;21/04/2026;CONSUMOS;2000;2000;Pliegos;0.6193536;C18-30H;LOCAL
Papel;100600002;Papel Bond 55 gramos -- 22 x 34;23/04/2026;INGRESOS;128000;128000;PLIEGOS;3.397360947;Bond;LOCAL
Papel;100600002;Papel Bond 55 gramos -- 22 x 34;24/04/2026;CONSUMOS;128000;128000;PLIEGOS;3.397360947;Bond;LOCAL
Papel;100600003;Papel Bond 55 gramos -- 26 x 34;17/04/2026;INGRESOS;1000;1000;PLIEGOS;0.031367679;Bond;LOCAL
Papel;100600003;Papel Bond 55 gramos -- 26 x 34;21/04/2026;INGRESOS;15000;15000;PLIEGOS;0.470515188;Bond;LOCAL
Papel;100600003;Papel Bond 55 gramos -- 26 x 34;21/04/2026;CONSUMOS;1400;1400;PLIEGOS;0.043914751;Bond;LOCAL
Papel;100600003;Papel Bond 55 gramos -- 26 x 34;21/04/2026;CONSUMOS;8500;8500;PLIEGOS;0.266625273;Bond;LOCAL
Papel;100600003;Papel Bond 55 gramos -- 26 x 34;21/04/2026;CONSUMOS;3600;3600;PLIEGOS;0.112923645;Bond;LOCAL
Papel;100600003;Papel Bond 55 gramos -- 26 x 34;21/04/2026;CONSUMOS;1000;1000;PLIEGOS;0.031367679;Bond;LOCAL
Papel;100600009;Papel Bond 75 gramos -- 26 x 38;17/04/2026;INGRESOS;4000;4000;PLIEGOS;0.191225424;Bond;LOCAL
Papel;100600009;Papel Bond 75 gramos -- 26 x 38;18/04/2026;CONSUMOS;3700;3700;PLIEGOS;0.176883517;Bond;LOCAL
Papel;100600009;Papel Bond 75 gramos -- 26 x 38;21/04/2026;INGRESOS;1500;1500;PLIEGOS;0.071709534;Bond;LOCAL
Papel;100600009;Papel Bond 75 gramos -- 26 x 38;21/04/2026;CONSUMOS;1300;1300;PLIEGOS;0.062148263;Bond;LOCAL
Papel;100600011;Papel Bond 90 gramos -- 22 x 34;14/04/2026;INGRESOS;5500;5500;PLIEGOS;0.23836923;Bond;LOCAL
Papel;100600011;Papel Bond 90 gramos -- 22 x 34;14/04/2026;INGRESOS;1500;1500;PLIEGOS;0.06500979;Bond;LOCAL
Papel;100600011;Papel Bond 90 gramos -- 22 x 34;15/04/2026;CONSUMOS;6800;6800;PLIEGOS;0.294711048;Bond;LOCAL
Papel;100600011;Papel Bond 90 gramos -- 22 x 34;23/04/2026;CONSUMOS;445;445;PLIEGOS;0.019286238;Bond;LOCAL
Papel;100600012;Papel Bond 90 gramos -- 24 x 36;23/04/2026;CONSUMOS;300;300;PLIEGOS;0.015028902;Bond;LOCAL
Papel;100600013;Papel Bond 90 gramos -- 26 x 34;7/04/2026;CONSUMOS;2641;2641;PLIEGOS;0.13538347;Bond;LOCAL
Papel;100600013;Papel Bond 90 gramos -- 26 x 34;15/04/2026;CONSUMOS;1550;1550;PLIEGOS;0.07945641;Bond;LOCAL
Papel;100600015;Papel Bond 120 gramos -- 22 x 34;23/04/2026;INGRESOS;2750;2750;PLIEGOS;0.159251294;Bond;LOCAL
Papel;100600015;Papel Bond 120 gramos -- 22 x 34;24/04/2026;CONSUMOS;2600;2600;PLIEGOS;0.15056486;Bond;LOCAL
Papel;100600018;Papel Bond 60 gramos -- 21 x 30;14/04/2026;INGRESOS;12000;12000;PLIEGOS;0.292644576;Bond;LOCAL
Papel;100600018;Papel Bond 60 gramos -- 21 x 30;15/04/2026;CONSUMOS;12000;12000;PLIEGOS;0.292644576;Bond;LOCAL
Papel;100600020;Papel Couche Brillante B-60 -- 90 gramos  25 x 36;23/04/2026;INGRESOS;40000;40000;PLIEGOS;2.0903184;Couche;LOCAL
Papel;100600020;Papel Couche Brillante B-60 -- 90 gramos  25 x 36;24/04/2026;CONSUMOS;40000;40000;PLIEGOS;2.0903184;Couche;LOCAL
Papel;100600021;Papel Couche Brillante - 1 Cara - B-60 -- 90 gramos  25 x 36;8/04/2026;INGRESOS;1000;1000;PLIEGOS;0.05225796;Couche;LOCAL
Papel;100600021;Papel Couche Brillante - 1 Cara - B-60 -- 90 gramos  25 x 36;9/04/2026;CONSUMOS;1000;1000;PLIEGOS;0.05225796;Couche;LOCAL
Papel;100600021;Papel Couche Brillante - 1 Cara - B-60 -- 90 gramos  25 x 36;24/04/2026;INGRESOS;14000;14000;PLIEGOS;0.73161144;Couche;LOCAL
Papel;100600021;Papel Couche Brillante - 1 Cara - B-60 -- 90 gramos  25 x 36;27/04/2026;CONSUMOS;14000;14000;PLIEGOS;0.73161144;Couche;LOCAL
Papel;100600021;Papel Couche Brillante - 1 Cara - B-60 -- 90 gramos  25 x 36;28/04/2026;INGRESOS;500;500;PLIEGOS;0.02612898;Couche;LOCAL
Papel;100600021;Papel Couche Brillante - 1 Cara - B-60 -- 90 gramos  25 x 36;28/04/2026;CONSUMOS;1000;1000;PLIEGOS;0.05225796;Couche;LOCAL
Papel;100600023;Papel Couche Brillante - 1 Cara - B-60 -- 90 gramos  25 x 38;7/04/2026;INGRESOS;2250;2250;PLIEGOS;0.124112655;Couche;LOCAL
Papel;100600023;Papel Couche Brillante - 1 Cara - B-60 -- 90 gramos  25 x 38;13/04/2026;CONSUMOS;2100;2100;PLIEGOS;0.115838478;Couche;LOCAL
Papel;100600023;Papel Couche Brillante - 1 Cara - B-60 -- 90 gramos  25 x 38;24/04/2026;INGRESOS;30000;30000;PLIEGOS;1.6548354;Couche;LOCAL
Papel;100600023;Papel Couche Brillante - 1 Cara - B-60 -- 90 gramos  25 x 38;27/04/2026;CONSUMOS;30000;30000;PLIEGOS;1.6548354;Couche;LOCAL
Papel;100600026;Papel Couche Brillante B-70 -- 105 gramos  25 x 36;23/04/2026;INGRESOS;11000;11000;PLIEGOS;0.67064382;Couche;LOCAL
Papel;100600026;Papel Couche Brillante B-70 -- 105 gramos  25 x 36;24/04/2026;CONSUMOS;5500;5500;PLIEGOS;0.33532191;Couche;LOCAL
Papel;100600026;Papel Couche Brillante B-70 -- 105 gramos  25 x 36;24/04/2026;CONSUMOS;5500;5500;PLIEGOS;0.33532191;Couche;LOCAL
Papel;100600029;Papel Couche Brillante B-80 -- 115 gramos  25 x 36;23/04/2026;INGRESOS;1750;1750;PLIEGOS;0.116854605;Couche;LOCAL
Papel;100600029;Papel Couche Brillante B-80 -- 115 gramos  25 x 36;24/04/2026;CONSUMOS;1750;1750;PLIEGOS;0.116854605;Couche;LOCAL
Papel;100600030;Papel Couche Brillante B-80 -- 115 gramos  25 x 38;16/04/2026;INGRESOS;5500;5500;PLIEGOS;0.387660515;Couche;LOCAL
Papel;100600030;Papel Couche Brillante B-80 -- 115 gramos  25 x 38;17/04/2026;CONSUMOS;3600;3600;PLIEGOS;0.253741428;Couche;LOCAL
Papel;100600030;Papel Couche Brillante B-80 -- 115 gramos  25 x 38;17/04/2026;CONSUMOS;700;700;PLIEGOS;0.049338611;Couche;LOCAL
Papel;100600030;Papel Couche Brillante B-80 -- 115 gramos  25 x 38;17/04/2026;CONSUMOS;5500;5500;PLIEGOS;0.387660515;Couche;LOCAL
Papel;100600030;Papel Couche Brillante B-80 -- 115 gramos  25 x 38;17/04/2026;INGRESOS;10000;10000;PLIEGOS;0.7048373;Couche;LOCAL
Papel;100600030;Papel Couche Brillante B-80 -- 115 gramos  25 x 38;18/04/2026;CONSUMOS;5500;5500;PLIEGOS;0.387660515;Couche;LOCAL
Papel;100600030;Papel Couche Brillante B-80 -- 115 gramos  25 x 38;18/04/2026;CONSUMOS;3000;3000;PLIEGOS;0.21145119;Couche;LOCAL
Papel;100600030;Papel Couche Brillante B-80 -- 115 gramos  25 x 38;21/04/2026;CONSUMOS;1400;1400;PLIEGOS;0.098677222;Couche;LOCAL
Papel;100600032;Papel Couche Brillante B-100 -- 140 gramos  25 x 36;23/04/2026;INGRESOS;2000;2000;PLIEGOS;0.16258032;Couche;LOCAL
Papel;100600032;Papel Couche Brillante B-100 -- 140 gramos  25 x 36;24/04/2026;CONSUMOS;1800;1800;PLIEGOS;0.146322288;Couche;LOCAL
Papel;100600033;Papel Couche Brillante B-100 -- 140 gramos  25 x 38;7/04/2026;CONSUMOS;270;270;PLIEGOS;0.023167696;Couche;LOCAL
Papel;100600033;Papel Couche Brillante B-100 -- 140 gramos  25 x 38;7/04/2026;INGRESOS;7750;7750;PLIEGOS;0.66499867;Couche;LOCAL
Papel;100600033;Papel Couche Brillante B-100 -- 140 gramos  25 x 38;7/04/2026;INGRESOS;750;750;PLIEGOS;0.06435471;Couche;LOCAL
Papel;100600033;Papel Couche Brillante B-100 -- 140 gramos  25 x 38;7/04/2026;CONSUMOS;600;600;PLIEGOS;0.051483768;Couche;LOCAL
Papel;100600033;Papel Couche Brillante B-100 -- 140 gramos  25 x 38;7/04/2026;CONSUMOS;7800;7800;PLIEGOS;0.669288984;Couche;LOCAL
Papel;100600033;Papel Couche Brillante B-100 -- 140 gramos  25 x 38;13/04/2026;CONSUMOS;50;50;PLIEGOS;0.004290314;Couche;LOCAL
Papel;100600033;Papel Couche Brillante B-100 -- 140 gramos  25 x 38;13/04/2026;CONSUMOS;50;50;PLIEGOS;0.004290314;Couche;LOCAL
Papel;100600033;Papel Couche Brillante B-100 -- 140 gramos  25 x 38;14/04/2026;INGRESOS;750;750;PLIEGOS;0.06435471;Couche;LOCAL
Papel;100600033;Papel Couche Brillante B-100 -- 140 gramos  25 x 38;15/04/2026;INGRESOS;750;750;PLIEGOS;0.06435471;Couche;LOCAL
Papel;100600033;Papel Couche Brillante B-100 -- 140 gramos  25 x 38;15/04/2026;CONSUMOS;115;115;PLIEGOS;0.009867722;Couche;LOCAL
Papel;100600033;Papel Couche Brillante B-100 -- 140 gramos  25 x 38;15/04/2026;CONSUMOS;230;230;PLIEGOS;0.019735444;Couche;LOCAL
Papel;100600033;Papel Couche Brillante B-100 -- 140 gramos  25 x 38;15/04/2026;CONSUMOS;300;300;PLIEGOS;0.025741884;Couche;LOCAL
Papel;100600033;Papel Couche Brillante B-100 -- 140 gramos  25 x 38;17/04/2026;CONSUMOS;162;162;PLIEGOS;0.013900617;Couche;LOCAL
Papel;100600033;Papel Couche Brillante B-100 -- 140 gramos  25 x 38;17/04/2026;INGRESOS;250;250;PLIEGOS;0.02145157;Couche;LOCAL
Papel;100600045;Papel Couche Brillante B-80 -- 115 gramos  30 x 40;17/04/2026;INGRESOS;5000;5000;PLIEGOS;0.4451604;Couche;LOCAL
Papel;100600045;Papel Couche Brillante B-80 -- 115 gramos  30 x 40;18/04/2026;CONSUMOS;5000;5000;PLIEGOS;0.4451604;Couche;LOCAL
Cartulina;100600068;Cartulina FBB Zenith --  C-22 330 gramos  25 x 38;7/04/2026;CONSUMOS;5800;5800;PLIEGO;1.173094428;C22-25;LOCAL
Cartulina;100600093;Cartulina Husky C-8 -- 200 gramos 25 x 38;15/04/2026;INGRESOS;100;100;PLIEGO;0.01225804;C8-25H;LOCAL
Cartulina;100600094;Rollo Cartulina CMPC RC --  C - 18 265 g ancho 25;13/04/2026;CONSUMOS;400;400;METROS;0.06731;CMPC RC;IMPORTACION
Papel;100600096;Papel Bond 80 gramos -- 26 x 38;27/04/2026;CONSUMOS;100;100;PLIEGOS;0.0050952;Bond;LOCAL
Papel;100600106;Papel Bond 60 gramos -- 26 x 34;17/04/2026;CONSUMOS;800;800;PLIEGOS;0.02733984;Bond;LOCAL
Papel;100600107;Papel Bond 70 gramos -- 26 x 34;7/04/2026;CONSUMOS;2600;2600;PLIEGOS;0.10366356;Bond;LOCAL
Papel;100600107;Papel Bond 70 gramos -- 26 x 34;14/04/2026;INGRESOS;3000;3000;PLIEGOS;0.1196118;Bond;LOCAL
Papel;100600107;Papel Bond 70 gramos -- 26 x 34;27/04/2026;CONSUMOS;1500;1500;PLIEGOS;0.0598059;Bond;LOCAL
Cartulina;100600116;Rollo Cartulina BRIGHT --  C - 16 245 g ancho 29;29/04/2026;CONSUMOS;7018;7018;METROS;1.26548576;BAY-C16-29;IMPORTACION
Cartulina;100600116;Rollo Cartulina BRIGHT --  C - 16 245 g ancho 29;29/04/2026;CONSUMOS;120;120;METROS;0.0216384;BAY-C16-29;IMPORTACION
Cartulina;100600130;Rollo Cartulina POPLAR --  C - 16 255 g ancho 22;17/04/2026;CONSUMOS;936;936;METROS;0.13318344;C16-22;IMPORTACION
Papel;100600155;Papel Bond 75 gramos -- 23 x 36;15/04/2026;INGRESOS;5500;5500;PLIEGOS;0.220354398;Bond;LOCAL
Papel;100600155;Papel Bond 75 gramos -- 23 x 36;15/04/2026;CONSUMOS;5500;5500;PLIEGOS;0.220354398;Bond;LOCAL
Papel;100600163;PAPEL COUCHE MATTE B-100 140 Gramos 25 x 38;17/04/2026;INGRESOS;250;250;Pliego(s);0.02145157;couche;LOCAL
Papel;100600163;PAPEL COUCHE MATTE B-100 140 Gramos 25 x 38;23/04/2026;INGRESOS;500;500;Pliego(s);0.04290314;couche;LOCAL
Papel;100600163;PAPEL COUCHE MATTE B-100 140 Gramos 25 x 38;23/04/2026;INGRESOS;13500;13500;Pliego(s);1.15838478;couche;LOCAL
Papel;100600163;PAPEL COUCHE MATTE B-100 140 Gramos 25 x 38;24/04/2026;CONSUMOS;13705;13705;Pliego(s);1.175975067;couche;LOCAL
Papel;100600163;PAPEL COUCHE MATTE B-100 140 Gramos 25 x 38;24/04/2026;CONSUMOS;500;500;Pliego(s);0.04290314;couche;LOCAL
Papel;100600163;PAPEL COUCHE MATTE B-100 140 Gramos 25 x 38;28/04/2026;CONSUMOS;45;45;Pliego(s);0.003861283;couche;LOCAL
Papel;100700022;Papel Kraft Natural B-115 -- 115 gramos 24 x 36;8/04/2026;INGRESOS;31500;31500;hoja(s);2.019247574;Varios;IMPORTACION
Papel;100700022;Papel Kraft Natural B-115 -- 115 gramos 24 x 36;13/04/2026;CONSUMOS;31500;31500;hoja(s);2.019247574;Varios;IMPORTACION
Cartulina;100300001;Cartulina Husky -- C-8 200 gramos 25 x 36;13/05/2026;INGRESOS;1000;1000;hoja(s);0.116078;C8-25H;LOCAL
Cartulina;100306180;Cartulina NINGBO ALLY LOCAL C-18 290 gramos 25 x 36;5/05/2026;CONSUMOS;92000;92000;;15.4848052;C18-25;LOCAL
Cartulina;100300002;Cartulina Husky -- C-8 190 gramos 25 x 38;8/05/2026;INGRESOS;700;700;hoja(s);0.081499075;C8-25H;LOCAL
Cartulina;100300004;Cartulina Husky -- C-10 230 gramos 25 x 36;5/05/2026;INGRESOS;34700;34700;hoja(s);4.63209259;C10-25H;LOCAL
Cartulina;100306002;Cartulina FBB DRAGONS YA ESTÁ -- C-16.3 255 gramos  39.5 x 25;28/05/2026;CONSUMOS;77195;77195;PLIEGOS;12.53729978;YA ESTA;IMPORTACION
Cartulina;100300004;Cartulina Husky -- C-10 230 gramos 25 x 36;13/05/2026;INGRESOS;34700;34700;hoja(s);4.63209259;C10-25H;LOCAL
Cartulina;100301908;Rollo Cartulina Nine Dragons C - 13.6 215 g ancho 25 (29-89);25/05/2026;CONSUMOS;82493;82493;METROS;11.26235683;C13.6-25;IMPORTACION
Cartulina;100300005;Cartulina Husky -- C-10 230 gramos 25 x 38;13/05/2026;INGRESOS;800;800;hoja(s);0.1127506;C10-25H;LOCAL
Cartulina;100300009;Cartulina Husky -- C-12 270 gramos 25 x 38;5/05/2026;INGRESOS;1200;1200;hoja(s);0.1985391;C12-25H;LOCAL
Cartulina;100304543;Rollo Cartulina DUPLEX MIRABELL --  C - 16 300 g ancho 28;20/05/2026;CONSUMOS;50353;50353;METROS;10.7402949;COLGATE-75;IMPORTACION
Cartulina;100304563;Rollo Cartulina Nine Dragons C - 12 205 g ancho 25 (29-89);28/05/2026;CONSUMOS;73575;73575;METROS;9.577625625;C12-25;IMPORTACION
Cartulina;100301908;Rollo Cartulina Nine Dragons C - 13.6 215 g ancho 25 (29-89);6/05/2026;CONSUMOS;68587;68587;METROS;9.363840175;C13.6-25;IMPORTACION
Cartulina;100305974;Rollo Cartulina ASIA SYMBOL C-12 215 g ancho 25.75;27/05/2026;CONSUMOS;66588;66588;METROS;9.36293868;C12-25.75;IMPORTACION
Cartulina;100305974;Rollo Cartulina ASIA SYMBOL C-12 215 g ancho 25.75;27/05/2026;CONSUMOS;65783;65783;METROS;9.24974763;C12-25.75;IMPORTACION
Cartulina;100304640;Rollo Cartulina OBAFREE --  C-15 230 g ancho 25.5;12/05/2026;CONSUMOS;53122;53122;METROS;7.90508482;FOSFORERA;IMPORTACION
Cartulina;100300009;Cartulina Husky -- C-12 270 gramos 25 x 38;18/05/2026;INGRESOS;500;500;hoja(s);0.082724625;C12-25H;LOCAL
Cartulina;100700009;Cartulina Kraft -- C-15 225 gramos 38 x 23;13/05/2026;CONSUMOS;54000;54000;;6.851018556;Kraft;IMPORTACION
Cartulina;100300009;Cartulina Husky -- C-12 270 gramos 25 x 38;19/05/2026;INGRESOS;1000;1000;hoja(s);0.16544925;C12-25H;LOCAL
Cartulina;100305984;Cartulina FBB DUPLEX MIRABELL -- C-16 300 gramos  25 x 34;18/05/2026;CONSUMOS;41588;41588;PLIEGO;6.837129582;COLGATE-22;IMPORTACION
Cartulina;100305988;Cartulina FBB DUPLEX MIRABELL -- C-16 300 gramos  25.5 x 37;18/05/2026;CONSUMOS;37200;37200;PLIEGO;6.78006828;COLGATE-50;IMPORTACION
Cartulina;100300011;Cartulina Husky -- C-14 300 gramos 25 x 38;5/05/2026;INGRESOS;100;100;hoja(s);0.01838325;C14-25H;LOCAL
Cartulina;100300011;Cartulina Husky -- C-14 300 gramos 25 x 38;5/05/2026;INGRESOS;100;100;hoja(s);0.01838325;C14-25H;LOCAL
Papel;100600013;Papel Bond 90 gramos -- 26 x 34;25/05/2026;CONSUMOS;120000;120000;;6.158592;Bond;LOCAL
Cartulina;100301908;Rollo Cartulina Nine Dragons C - 13.6 215 g ancho 25 (29-89);25/05/2026;CONSUMOS;44406;44406;METROS;6.06252915;C13.6-25;IMPORTACION
Cartulina;100300011;Cartulina Husky -- C-14 300 gramos 25 x 38;8/05/2026;INGRESOS;1000;1000;hoja(s);0.1838325;C14-25H;LOCAL
Cartulina;100300011;Cartulina Husky -- C-14 300 gramos 25 x 38;21/05/2026;INGRESOS;800;800;hoja(s);0.147066;C14-25H;LOCAL
Cartulina;100304530;Cartulina SPARK C-20 295 gr 30 X 40;21/05/2026;CONSUMOS;26200;26200;Pliego(s);5.983729968;Spark;LOCAL
Cartulina;100304526;Cartulina SPARK C-18 270 gr 25 X 36;8/05/2026;CONSUMOS;38030;38030;Pliego(s);5.959502559;Spark;LOCAL
Cartulina;100300012;Cartulina Husky -- C-14 300 gramos 30 x 40;25/05/2026;INGRESOS;8200;8200;hoja(s);1.90451232;C14-30H;LOCAL
Cartulina;100304530;Cartulina SPARK C-20 295 gr 30 X 40;25/05/2026;CONSUMOS;25800;25800;Pliego(s);5.892375312;Spark;LOCAL
Cartulina;100301909;Rollo Cartulina Nine Dragons C - 13.6 215 g ancho 30 (29-89);13/05/2026;CONSUMOS;32281;32281;METROS;5.28859623;C13.6-30;IMPORTACION
Cartulina;100304619;Rollo Cartulina BRIGHT   --  C-16 245 g ancho 23;4/05/2026;CONSUMOS;34573;34573;METROS;4.94670484;BAY-C16-23;IMPORTACION
Cartulina;100304640;Rollo Cartulina OBAFREE --  C-15 230 g ancho 25.5;12/05/2026;CONSUMOS;31734;31734;METROS;4.72233654;FOSFORERA;IMPORTACION
Cartulina;100300004;Cartulina Husky -- C-10 230 gramos 25 x 36;5/05/2026;CONSUMOS;34700;34700;hoja(s);4.63209259;C10-25H;LOCAL
Cartulina;100300004;Cartulina Husky -- C-10 230 gramos 25 x 36;13/05/2026;CONSUMOS;34700;34700;hoja(s);4.63209259;C10-25H;LOCAL
Cartulina;100301917;Rollo Cartulina Nine Dragons C - 16.3 255 g ancho 25 (29-89);20/05/2026;CONSUMOS;25750;25750;METROS;4.16956875;C16.3-25;IMPORTACION
Cartulina;100304619;Rollo Cartulina BRIGHT   --  C-16 245 g ancho 23;14/05/2026;CONSUMOS;26903;26903;METROS;3.84928124;BAY-C16-23;IMPORTACION
Cartulina;100301046;Cartulina FBB Zenith LOCAL -- C-18 295 gramos 30 x 40;5/05/2026;CONSUMOS;16600;16600;hoja(s);3.791218224;C18-30;LOCAL
Papel;100600027;Papel Couche Brillante B-70 -- 105 gramos  25 x 38;25/05/2026;CONSUMOS;56600;56600;;3.641721825;Couche;LOCAL
Cartulina;100600094;Rollo Cartulina CMPC RC --  C - 18 265 g ancho 25;11/05/2026;CONSUMOS;20614;20614;;3.46882085;CMPC RC;IMPORTACION
Cartulina;100300160;Cartulina FBB Zenith LOCAL -- C-12 215 gramos 25 x 38;20/05/2026;INGRESOS;500;500;hoja(s);0.065873313;C12-25;LOCAL
Cartulina;100304625;Rollo Cartulina ASIA SYMBOL C-14 235 g ancho 28.5;19/05/2026;CONSUMOS;20238;20238;METROS;3.43853739;C14-29;IMPORTACION
Cartulina;100300162;Cartulina FBB Zenith LOCAL -- C-12 215 gramos 30 x 40;20/05/2026;INGRESOS;100;100;hoja(s);0.016645128;C12-30;LOCAL
Cartulina;100301046;Cartulina FBB Zenith LOCAL -- C-18 295 gramos 30 x 40;28/05/2026;CONSUMOS;13200;13200;hoja(s);3.014703648;C18-30;LOCAL
Cartulina;100300704;Cartulina FBB Zenith LOCAL -- C-16 270 gramos 25 x 36;5/05/2026;INGRESOS;2900;2900;hoja(s);0.45444537;C16-25;LOCAL
Cartulina;100301917;Rollo Cartulina Nine Dragons C - 16.3 255 g ancho 25 (29-89);20/05/2026;CONSUMOS;17741;17741;METROS;2.872711425;C16.3-25;IMPORTACION
Cartulina;100300709;Cartulina FBB Zenith LOCAL -- C-16 270 gramos 25 x 38;12/05/2026;INGRESOS;2400;2400;hoja(s);0.3970782;C16-25;LOCAL
Cartulina;100300709;Cartulina FBB Zenith LOCAL -- C-16 270 gramos 25 x 38;13/05/2026;INGRESOS;800;800;hoja(s);0.1323594;C16-25;LOCAL
Cartulina;100301046;Cartulina FBB Zenith LOCAL -- C-18 295 gramos 30 x 40;18/05/2026;CONSUMOS;12400;12400;hoja(s);2.831994336;C18-30;LOCAL
Cartulina;100304541;Rollo Cartulina ASIA SYMBOL C-12 230 g ancho 25;22/05/2026;CONSUMOS;17957;17957;METROS;2.62261985;C12-25;IMPORTACION
Cartulina;100300754;Cartulina FBB Zenith LOCAL -- C-16 270 gramos 30 x 40;5/05/2026;INGRESOS;1200;1200;hoja(s);0.250838208;C16-30;LOCAL
Cartulina;100300754;Cartulina FBB Zenith LOCAL -- C-16 270 gramos 30 x 40;5/05/2026;INGRESOS;7600;7600;hoja(s);1.588641984;C16-30;LOCAL
Cartulina;100301917;Rollo Cartulina Nine Dragons C - 16.3 255 g ancho 25 (29-89);22/05/2026;CONSUMOS;16175;16175;METROS;2.619136875;C16.3-25;IMPORTACION
Cartulina;100304526;Cartulina SPARK C-18 270 gr 25 X 36;8/05/2026;CONSUMOS;16370;16370;Pliego(s);2.565265761;Spark;LOCAL
Cartulina;100300754;Cartulina FBB Zenith LOCAL -- C-16 270 gramos 30 x 40;14/05/2026;INGRESOS;3600;3600;hoja(s);0.752514624;C16-30;LOCAL
Cartulina;100700009;Cartulina Kraft -- C-15 225 gramos 38 x 23;26/05/2026;CONSUMOS;19000;19000;;2.410543566;Kraft;IMPORTACION
Cartulina;100300754;Cartulina FBB Zenith LOCAL -- C-16 270 gramos 30 x 40;15/05/2026;INGRESOS;1300;1300;hoja(s);0.271741392;C16-30;LOCAL
Cartulina;100301917;Rollo Cartulina Nine Dragons C - 16.3 255 g ancho 25 (29-89);27/05/2026;CONSUMOS;14666;14666;METROS;2.37479205;C16.3-25;IMPORTACION
Cartulina;100300754;Cartulina FBB Zenith LOCAL -- C-16 270 gramos 30 x 40;18/05/2026;INGRESOS;4000;4000;hoja(s);0.83612736;C16-30;LOCAL
Cartulina;100304640;Rollo Cartulina OBAFREE --  C-15 230 g ancho 25.5;26/05/2026;CONSUMOS;15877;15877;METROS;2.36265637;FOSFORERA;IMPORTACION
Cartulina;100305983;Cartulina FBB DUPLEX MIRABELL -- C-16 300 gramos  25.5 x 36.5;18/05/2026;CONSUMOS;12875;12875;PLIEGO;2.316607763;COLGATE-50;IMPORTACION
Cartulina;100301902;Rollo Cartulina SBS CANDESCE -- C-24 407 g ancho 39 (29-89);5/05/2026;CONSUMOS;5364;5364;METROS;2.16131652;GILDAN;IMPORTACION
Cartulina;100300754;Cartulina FBB Zenith LOCAL -- C-16 270 gramos 30 x 40;19/05/2026;INGRESOS;5200;5200;hoja(s);1.086965568;C16-30;LOCAL
Cartulina;100300754;Cartulina FBB Zenith LOCAL -- C-16 270 gramos 30 x 40;19/05/2026;INGRESOS;2600;2600;hoja(s);0.543482784;C16-30;LOCAL
Cartulina;100300754;Cartulina FBB Zenith LOCAL -- C-16 270 gramos 30 x 40;20/05/2026;INGRESOS;2000;2000;hoja(s);0.41806368;C16-30;LOCAL
Cartulina;100300754;Cartulina FBB Zenith LOCAL -- C-16 270 gramos 30 x 40;20/05/2026;INGRESOS;1600;1600;hoja(s);0.334450944;C16-30;LOCAL
Cartulina;100301917;Rollo Cartulina Nine Dragons C - 16.3 255 g ancho 25 (29-89);8/05/2026;CONSUMOS;13164;13164;METROS;2.1315807;C16.3-25;IMPORTACION
Cartulina;100600116;Rollo Cartulina BRIGHT --  C - 16 245 g ancho 29;27/05/2026;CONSUMOS;11599;11599;;2.09153168;BAY-C16-29;IMPORTACION
Cartulina;100301909;Rollo Cartulina Nine Dragons C - 13.6 215 g ancho 30 (29-89);25/05/2026;CONSUMOS;12728;12728;METROS;2.08522824;C13.6-30;IMPORTACION
Papel;100600020;Papel Couche Brillante B-60 -- 90 gramos  25 x 36;14/05/2026;CONSUMOS;39300;39300;;2.05283943;Couche;LOCAL
Cartulina;100300754;Cartulina FBB Zenith LOCAL -- C-16 270 gramos 30 x 40;21/05/2026;INGRESOS;6900;6900;hoja(s);1.442319696;C16-30;LOCAL
Cartulina;100304563;Rollo Cartulina Nine Dragons C - 12 205 g ancho 25 (29-89);8/05/2026;CONSUMOS;15464;15464;METROS;2.0130262;C12-25;IMPORTACION
Cartulina;100305999;Rollo Cartulina Nine Dragons C - 19 305 g ancho 24;15/05/2026;CONSUMOS;10328;10328;METROS;1.91837436;C19-24;IMPORTACION
Cartulina;100300298;Cartulina FBB Zenith LOCAL -- C-14 235 gramos 25 x 38;25/05/2026;CONSUMOS;13200;13200;hoja(s);1.90082805;C14-25;LOCAL
Cartulina;100301001;Cartulina FBB Zenith LOCAL -- C-18 295 gramos 25 x 38;27/05/2026;INGRESOS;2500;2500;hoja(s);0.451921563;C18-25;LOCAL
Cartulina;100304565;Rollo Cartulina DEINGRESOSCA FSC --  C - 13.5 225 g ancho 23.125;14/05/2026;CONSUMOS;14245;14245;Metro(s);1.881408375;OLMECA;IMPORTACION
Cartulina;100301046;Cartulina FBB Zenith LOCAL -- C-18 295 gramos 30 x 40;5/05/2026;INGRESOS;16600;16600;hoja(s);3.791218224;C18-30;LOCAL
Cartulina;100301046;Cartulina FBB Zenith LOCAL -- C-18 295 gramos 30 x 40;5/05/2026;INGRESOS;2700;2700;hoja(s);0.616643928;C18-30;LOCAL
Cartulina;100301825;Rollo Cartulina ASIA SYMBOL C-16 270 g ancho 28.5;6/05/2026;CONSUMOS;9550;9550;METROS;1.8642555;C16-29;IMPORTACION
Cartulina;100301908;Rollo Cartulina Nine Dragons C - 13.6 215 g ancho 25 (29-89);25/05/2026;CONSUMOS;12610;12610;METROS;1.72158025;C13.6-25;IMPORTACION
Cartulina;100301046;Cartulina FBB Zenith LOCAL -- C-18 295 gramos 30 x 40;6/05/2026;INGRESOS;5900;5900;hoja(s);1.347481176;C18-30;LOCAL
Cartulina;100301046;Cartulina FBB Zenith LOCAL -- C-18 295 gramos 30 x 40;6/05/2026;INGRESOS;4500;4500;hoja(s);1.02773988;C18-30;LOCAL
Cartulina;100301046;Cartulina FBB Zenith LOCAL -- C-18 295 gramos 30 x 40;8/05/2026;INGRESOS;4900;4900;hoja(s);1.119094536;C18-30;LOCAL
Cartulina;100301908;Rollo Cartulina Nine Dragons C - 13.6 215 g ancho 25 (29-89);25/05/2026;CONSUMOS;12598;12598;METROS;1.71994195;C13.6-25;IMPORTACION
Cartulina;100305967;Rollo Cartulina Nine Dragons C - 18.3 290 g ancho 29;27/05/2026;CONSUMOS;7904;7904;METROS;1.68932192;C18-29-COSC;IMPORTACION
Papel;100600023;Papel Couche Brillante - 1 Cara - B-60 -- 90 gramos  25 x 38;19/05/2026;CONSUMOS;30100;30100;;1.660007475;Couche;LOCAL
Cartulina;100301046;Cartulina FBB Zenith LOCAL -- C-18 295 gramos 30 x 40;12/05/2026;INGRESOS;14900;14900;hoja(s);3.402960936;C18-30;LOCAL
Cartulina;100301046;Cartulina FBB Zenith LOCAL -- C-18 295 gramos 30 x 40;13/05/2026;INGRESOS;4200;4200;hoja(s);0.959223888;C18-30;LOCAL
Cartulina;100304565;Rollo Cartulina DEINGRESOSCA FSC --  C - 13.5 225 g ancho 23.125;14/05/2026;CONSUMOS;12105;12105;Metro(s);1.598767875;OLMECA;IMPORTACION
Cartulina;100300754;Cartulina FBB Zenith LOCAL -- C-16 270 gramos 30 x 40;5/05/2026;CONSUMOS;7600;7600;hoja(s);1.588641984;C16-30;LOCAL
Cartulina;100301046;Cartulina FBB Zenith LOCAL -- C-18 295 gramos 30 x 40;13/05/2026;CONSUMOS;6740;6740;hoja(s);1.539325954;C18-30;LOCAL
Cartulina;100304639;Rollo Cartulina BRIGHT --  C - 16 245 g ancho 25;8/05/2026;CONSUMOS;9652;9652;METROS;1.5016099;BAY-C16-25;IMPORTACION
Cartulina;100304527;Cartulina SPARK C-18 270 gr 25 X 38;25/05/2026;CONSUMOS;8900;8900;Pliego(s);1.472498325;Spark;LOCAL
Cartulina;100301046;Cartulina FBB Zenith LOCAL -- C-18 295 gramos 30 x 40;14/05/2026;INGRESOS;7200;7200;hoja(s);1.644383808;C18-30;LOCAL
Cartulina;100301046;Cartulina FBB Zenith LOCAL -- C-18 295 gramos 30 x 40;14/05/2026;INGRESOS;12400;12400;hoja(s);2.831994336;C18-30;LOCAL
Cartulina;100301856;Rollo Cartulina OBAFREE --  C - 18 265 g ancho 23;22/05/2026;CONSUMOS;9476;9476;METROS;1.46650576;C18-23;IMPORTACION
Cartulina;100305967;Rollo Cartulina Nine Dragons C - 18.3 290 g ancho 29;27/05/2026;CONSUMOS;6847;6847;METROS;1.46340931;C18-29-COSC;IMPORTACION
Cartulina;100301046;Cartulina FBB Zenith LOCAL -- C-18 295 gramos 30 x 40;15/05/2026;INGRESOS;7300;7300;hoja(s);1.667222472;C18-30;LOCAL
Cartulina;100305999;Rollo Cartulina Nine Dragons C - 19 305 g ancho 24;22/05/2026;CONSUMOS;7755;7755;METROS;1.440452475;C19-24;IMPORTACION
Cartulina;100301046;Cartulina FBB Zenith LOCAL -- C-18 295 gramos 30 x 40;8/05/2026;CONSUMOS;6300;6300;hoja(s);1.438835832;C18-30;LOCAL
Cartulina;100304563;Rollo Cartulina Nine Dragons C - 12 205 g ancho 25 (29-89);8/05/2026;CONSUMOS;10545;10545;METROS;1.372695375;C12-25;IMPORTACION
Cartulina;100301046;Cartulina FBB Zenith LOCAL -- C-18 295 gramos 30 x 40;8/05/2026;CONSUMOS;5900;5900;hoja(s);1.347481176;C18-30;LOCAL
Cartulina;100306185;Cartulina SPARK C-20 295 gr 25 X 38;26/05/2026;CONSUMOS;7225;7225;;1.306053316;Spark;LOCAL
Cartulina;100301909;Rollo Cartulina Nine Dragons C - 13.6 215 g ancho 30 (29-89);25/05/2026;CONSUMOS;7883;7883;METROS;1.29147189;C13.6-30;IMPORTACION
Cartulina;100600094;Rollo Cartulina CMPC RC --  C - 18 265 g ancho 25;11/05/2026;CONSUMOS;7486;7486;;1.25970665;CMPC RC;IMPORTACION
Cartulina;100301046;Cartulina FBB Zenith LOCAL -- C-18 295 gramos 30 x 40;18/05/2026;INGRESOS;8100;8100;hoja(s);1.849931784;C18-30;LOCAL
Cartulina;100300012;Cartulina Husky -- C-14 300 gramos 30 x 40;26/05/2026;CONSUMOS;5400;5400;hoja(s);1.25419104;C14-30H;LOCAL
Cartulina;100301908;Rollo Cartulina Nine Dragons C - 13.6 215 g ancho 25 (29-89);25/05/2026;CONSUMOS;9036;9036;METROS;1.2336399;C13.6-25;IMPORTACION
Cartulina;100301046;Cartulina FBB Zenith LOCAL -- C-18 295 gramos 30 x 40;19/05/2026;INGRESOS;5500;5500;hoja(s);1.25612652;C18-30;LOCAL
Cartulina;100301046;Cartulina FBB Zenith LOCAL -- C-18 295 gramos 30 x 40;20/05/2026;INGRESOS;700;700;hoja(s);0.159870648;C18-30;LOCAL
Cartulina;100301046;Cartulina FBB Zenith LOCAL -- C-18 295 gramos 30 x 40;14/05/2026;CONSUMOS;5200;5200;hoja(s);1.187610528;C18-30;LOCAL
Cartulina;100301046;Cartulina FBB Zenith LOCAL -- C-18 295 gramos 30 x 40;14/05/2026;CONSUMOS;5200;5200;hoja(s);1.187610528;C18-30;LOCAL
Cartulina;100700009;Cartulina Kraft -- C-15 225 gramos 38 x 23;13/05/2026;CONSUMOS;9200;9200;;1.167210569;Kraft;IMPORTACION
Cartulina;100301046;Cartulina FBB Zenith LOCAL -- C-18 295 gramos 30 x 40;21/05/2026;INGRESOS;300;300;hoja(s);0.068515992;C18-30;LOCAL
Cartulina;100301046;Cartulina FBB Zenith LOCAL -- C-18 295 gramos 30 x 40;21/05/2026;INGRESOS;4200;4200;hoja(s);0.959223888;C18-30;LOCAL
Cartulina;100700009;Cartulina Kraft -- C-15 225 gramos 38 x 23;13/05/2026;CONSUMOS;9200;9200;;1.167210569;Kraft;IMPORTACION
Cartulina;100305999;Rollo Cartulina Nine Dragons C - 19 305 g ancho 24;21/05/2026;CONSUMOS;6179;6179;METROS;1.147718355;C19-24;IMPORTACION
Cartulina;100301046;Cartulina FBB Zenith LOCAL -- C-18 295 gramos 30 x 40;25/05/2026;INGRESOS;13200;13200;hoja(s);3.014703648;C18-30;LOCAL
Cartulina;100301046;Cartulina FBB Zenith LOCAL -- C-18 295 gramos 30 x 40;27/05/2026;INGRESOS;2500;2500;hoja(s);0.5709666;C18-30;LOCAL
Papel;100600021;Papel Couche Brillante - 1 Cara - B-60 -- 90 gramos  25 x 36;19/05/2026;CONSUMOS;21500;21500;;1.12305465;Couche;LOCAL
Cartulina;100301046;Cartulina FBB Zenith LOCAL -- C-18 295 gramos 30 x 40;19/05/2026;CONSUMOS;4800;4800;hoja(s);1.096255872;C18-30;LOCAL
Cartulina;100301908;Rollo Cartulina Nine Dragons C - 13.6 215 g ancho 25 (29-89);25/05/2026;CONSUMOS;8011;8011;METROS;1.093701775;C13.6-25;IMPORTACION
Cartulina;100300754;Cartulina FBB Zenith LOCAL -- C-16 270 gramos 30 x 40;21/05/2026;CONSUMOS;5200;5200;hoja(s);1.086965568;C16-30;LOCAL
Cartulina;100304625;Rollo Cartulina ASIA SYMBOL C-14 235 g ancho 28.5;13/05/2026;CONSUMOS;6301;6301;METROS;1.070571405;C14-29;IMPORTACION
Papel;100600023;Papel Couche Brillante - 1 Cara - B-60 -- 90 gramos  25 x 38;19/05/2026;CONSUMOS;18800;18800;;1.0368153;Couche;LOCAL
Cartulina;100301046;Cartulina FBB Zenith LOCAL -- C-18 295 gramos 30 x 40;21/05/2026;CONSUMOS;4500;4500;hoja(s);1.02773988;C18-30;LOCAL
Cartulina;100301917;Rollo Cartulina Nine Dragons C - 16.3 255 g ancho 25 (29-89);22/05/2026;CONSUMOS;6283;6283;METROS;1.017374775;C16.3-25;IMPORTACION
Cartulina;100300754;Cartulina FBB Zenith LOCAL -- C-16 270 gramos 30 x 40;25/05/2026;CONSUMOS;4800;4800;hoja(s);1.003352832;C16-30;LOCAL
Cartulina;100301902;Rollo Cartulina SBS CANDESCE -- C-24 407 g ancho 39 (29-89);8/05/2026;CONSUMOS;2401;2401;METROS;0.96743493;GILDAN;IMPORTACION
Cartulina;100301046;Cartulina FBB Zenith LOCAL -- C-18 295 gramos 30 x 40;13/05/2026;CONSUMOS;4200;4200;hoja(s);0.959223888;C18-30;LOCAL
Cartulina;100301046;Cartulina FBB Zenith LOCAL -- C-18 295 gramos 30 x 40;25/05/2026;CONSUMOS;4200;4200;hoja(s);0.959223888;C18-30;LOCAL
Cartulina;100301917;Rollo Cartulina Nine Dragons C - 16.3 255 g ancho 25 (29-89);14/05/2026;CONSUMOS;5759;5759;METROS;0.932526075;C16.3-25;IMPORTACION
Cartulina;100301825;Rollo Cartulina ASIA SYMBOL C-16 270 g ancho 28.5;28/05/2026;CONSUMOS;4586;4586;METROS;0.89523306;C16-29;IMPORTACION
Cartulina;100301902;Rollo Cartulina SBS CANDESCE -- C-24 407 g ancho 39 (29-89);8/05/2026;CONSUMOS;2209;2209;METROS;0.89007237;GILDAN;IMPORTACION
Cartulina;100304563;Rollo Cartulina Nine Dragons C - 12 205 g ancho 25 (29-89);25/05/2026;CONSUMOS;6727;6727;METROS;0.875687225;C12-25;IMPORTACION
Cartulina;100600094;Rollo Cartulina CMPC RC --  C - 18 265 g ancho 25;5/05/2026;CONSUMOS;5153;5153;;0.867121075;CMPC RC;IMPORTACION
Cartulina;100301908;Rollo Cartulina Nine Dragons C - 13.6 215 g ancho 25 (29-89);6/05/2026;CONSUMOS;6345;6345;METROS;0.866251125;C13.6-25;IMPORTACION
Cartulina;100301917;Rollo Cartulina Nine Dragons C - 16.3 255 g ancho 25 (29-89);20/05/2026;CONSUMOS;5347;5347;METROS;0.865812975;C16.3-25;IMPORTACION
Cartulina;100301046;Cartulina FBB Zenith LOCAL -- C-18 295 gramos 30 x 40;13/05/2026;CONSUMOS;3760;3760;hoja(s);0.858733766;C18-30;LOCAL
Cartulina;100305999;Rollo Cartulina Nine Dragons C - 19 305 g ancho 24;22/05/2026;CONSUMOS;4618;4618;METROS;0.85777041;C19-24;IMPORTACION
Cartulina;100301917;Rollo Cartulina Nine Dragons C - 16.3 255 g ancho 25 (29-89);15/05/2026;CONSUMOS;5263;5263;METROS;0.852211275;C16.3-25;IMPORTACION
Cartulina;100301046;Cartulina FBB Zenith LOCAL -- C-18 295 gramos 30 x 40;18/05/2026;CONSUMOS;3650;3650;hoja(s);0.833611236;C18-30;LOCAL
Cartulina;100304541;Rollo Cartulina ASIA SYMBOL C-12 230 g ancho 25;13/05/2026;CONSUMOS;5654;5654;METROS;0.8257667;C12-25;IMPORTACION
Cartulina;100301046;Cartulina FBB Zenith LOCAL -- C-18 295 gramos 30 x 40;18/05/2026;CONSUMOS;3600;3600;hoja(s);0.822191904;C18-30;LOCAL
Papel;100600013;Papel Bond 90 gramos -- 26 x 34;13/05/2026;CONSUMOS;16020;16020;;0.822172032;Bond;LOCAL
Cartulina;100301834;Rollo Cartulina ASIA SYMBOL C-16 270 g ancho 29;12/05/2026;CONSUMOS;3883;3883;METROS;0.77162976;C16-29;IMPORTACION
Cartulina;100300754;Cartulina FBB Zenith LOCAL -- C-16 270 gramos 30 x 40;14/05/2026;CONSUMOS;3600;3600;hoja(s);0.752514624;C16-30;LOCAL
Cartulina;100306180;Cartulina NINGBO ALLY LOCAL C-18 290 gramos 25 x 36;13/05/2026;CONSUMOS;4400;4400;;0.74057764;C18-25;LOCAL
Cartulina;100301866;Cartulina FBB Poplar -- C-16 255 gramos 27 x 34.5 (29-89);28/05/2026;CONSUMOS;4800;4800;hoja(s);0.73447344;C16-27;IMPORTACION
Cartulina;100304541;Rollo Cartulina ASIA SYMBOL C-12 230 g ancho 25;22/05/2026;CONSUMOS;4922;4922;METROS;0.7188581;C12-25;IMPORTACION
Cartulina;100301908;Rollo Cartulina Nine Dragons C - 13.6 215 g ancho 25 (29-89);15/05/2026;CONSUMOS;5156;5156;METROS;0.7039229;C13.6-25;IMPORTACION
Cartulina;100301046;Cartulina FBB Zenith LOCAL -- C-18 295 gramos 30 x 40;8/05/2026;CONSUMOS;3000;3000;hoja(s);0.68515992;C18-30;LOCAL
Cartulina;100304639;Rollo Cartulina BRIGHT --  C - 16 245 g ancho 25;8/05/2026;CONSUMOS;4220;4220;METROS;0.6565265;BAY-C16-25;IMPORTACION
Cartulina;100300012;Cartulina Husky -- C-14 300 gramos 30 x 40;26/05/2026;CONSUMOS;2800;2800;hoja(s);0.65032128;C14-30H;LOCAL
Cartulina;100300754;Cartulina FBB Zenith LOCAL -- C-16 270 gramos 30 x 40;21/05/2026;CONSUMOS;3100;3100;hoja(s);0.647998704;C16-30;LOCAL
Cartulina;100301825;Rollo Cartulina ASIA SYMBOL C-16 270 g ancho 28.5;14/05/2026;CONSUMOS;3311;3311;METROS;0.64634031;C16-29;IMPORTACION
Cartulina;100301902;Rollo Cartulina SBS CANDESCE -- C-24 407 g ancho 39 (29-89);8/05/2026;CONSUMOS;1532;1532;METROS;0.61728876;GILDAN;IMPORTACION
Cartulina;100301046;Cartulina FBB Zenith LOCAL -- C-18 295 gramos 30 x 40;5/05/2026;CONSUMOS;2700;2700;hoja(s);0.616643928;C18-30;LOCAL
Cartulina;100301917;Rollo Cartulina Nine Dragons C - 16.3 255 g ancho 25 (29-89);8/05/2026;CONSUMOS;3712;3712;METROS;0.6010656;C16.3-25;IMPORTACION
Cartulina;100301046;Cartulina FBB Zenith LOCAL -- C-18 295 gramos 30 x 40;18/05/2026;CONSUMOS;2535;2535;hoja(s);0.578960132;C18-30;LOCAL
Cartulina;100304563;Rollo Cartulina Nine Dragons C - 12 205 g ancho 25 (29-89);8/05/2026;CONSUMOS;4392;4392;METROS;0.5717286;C12-25;IMPORTACION
Cartulina;100301046;Cartulina FBB Zenith LOCAL -- C-18 295 gramos 30 x 40;13/05/2026;CONSUMOS;2500;2500;hoja(s);0.5709666;C18-30;LOCAL
Cartulina;100300754;Cartulina FBB Zenith LOCAL -- C-16 270 gramos 30 x 40;19/05/2026;CONSUMOS;2700;2700;hoja(s);0.564385968;C16-30;LOCAL
Cartulina;100301825;Rollo Cartulina ASIA SYMBOL C-16 270 g ancho 28.5;28/05/2026;CONSUMOS;2809;2809;METROS;0.54834489;C16-29;IMPORTACION
Cartulina;100304530;Cartulina SPARK C-20 295 gr 30 X 40;13/05/2026;CONSUMOS;2400;2400;Pliego(s);0.548127936;Spark;LOCAL
Cartulina;100600094;Rollo Cartulina CMPC RC --  C - 18 265 g ancho 25;11/05/2026;CONSUMOS;3165;3165;;0.532590375;CMPC RC;IMPORTACION
Cartulina;100301917;Rollo Cartulina Nine Dragons C - 16.3 255 g ancho 25 (29-89);22/05/2026;CONSUMOS;3135;3135;METROS;0.507634875;C16.3-25;IMPORTACION
Cartulina;100304563;Rollo Cartulina Nine Dragons C - 12 205 g ancho 25 (29-89);13/05/2026;CONSUMOS;3830;3830;METROS;0.49857025;C12-25;IMPORTACION
Cartulina;100301834;Rollo Cartulina ASIA SYMBOL C-16 270 g ancho 29;25/05/2026;CONSUMOS;2498;2498;METROS;0.49640256;C16-29;IMPORTACION
Cartulina;100300754;Cartulina FBB Zenith LOCAL -- C-16 270 gramos 30 x 40;28/05/2026;CONSUMOS;2300;2300;hoja(s);0.480773232;C16-30;LOCAL
Cartulina;100301908;Rollo Cartulina Nine Dragons C - 13.6 215 g ancho 25 (29-89);28/05/2026;CONSUMOS;3449;3449;METROS;0.470874725;C13.6-25;IMPORTACION
Cartulina;100300704;Cartulina FBB Zenith LOCAL -- C-16 270 gramos 25 x 36;5/05/2026;CONSUMOS;2900;2900;hoja(s);0.45444537;C16-25;LOCAL
Cartulina;100301917;Rollo Cartulina Nine Dragons C - 16.3 255 g ancho 25 (29-89);14/05/2026;CONSUMOS;2797;2797;METROS;0.452904225;C16.3-25;IMPORTACION
Cartulina;100301001;Cartulina FBB Zenith LOCAL -- C-18 295 gramos 25 x 38;28/05/2026;CONSUMOS;2500;2500;hoja(s);0.451921563;C18-25;LOCAL
Cartulina;100301046;Cartulina FBB Zenith LOCAL -- C-18 295 gramos 30 x 40;18/05/2026;CONSUMOS;1962;1962;hoja(s);0.448094588;C18-30;LOCAL
Papel;100600011;Papel Bond 90 gramos -- 22 x 34;21/05/2026;CONSUMOS;10300;10300;;0.447718752;Bond;LOCAL
Cartulina;100306003;Rollo Cartulina Nine Dragons C - 16.3 255 g ancho 28.5;14/05/2026;CONSUMOS;2713;2713;METROS;0.439302525;C16.3-28.5;IMPORTACION
Cartulina;100301046;Cartulina FBB Zenith LOCAL -- C-18 295 gramos 30 x 40;13/05/2026;CONSUMOS;1900;1900;hoja(s);0.433934616;C18-30;LOCAL
Cartulina;100301917;Rollo Cartulina Nine Dragons C - 16.3 255 g ancho 25 (29-89);11/05/2026;CONSUMOS;2677;2677;METROS;0.433473225;C16.3-25;IMPORTACION
Cartulina;100304625;Rollo Cartulina ASIA SYMBOL C-14 235 g ancho 28.5;25/05/2026;CONSUMOS;2476;2476;METROS;0.42068478;C14-29;IMPORTACION
Cartulina;100304527;Cartulina SPARK C-18 270 gr 25 X 38;11/05/2026;CONSUMOS;2500;2500;Pliego(s);0.413623125;Spark;LOCAL
Cartulina;100301046;Cartulina FBB Zenith LOCAL -- C-18 295 gramos 30 x 40;19/05/2026;CONSUMOS;1800;1800;hoja(s);0.411095952;C18-30;LOCAL
Cartulina;100300709;Cartulina FBB Zenith LOCAL -- C-16 270 gramos 25 x 38;13/05/2026;CONSUMOS;2400;2400;hoja(s);0.3970782;C16-25;LOCAL
Cartulina;100301825;Rollo Cartulina ASIA SYMBOL C-16 270 g ancho 28.5;28/05/2026;CONSUMOS;1957;1957;METROS;0.38202597;C16-29;IMPORTACION
Cartulina;100301908;Rollo Cartulina Nine Dragons C - 13.6 215 g ancho 25 (29-89);6/05/2026;CONSUMOS;2744;2744;METROS;0.3746246;C13.6-25;IMPORTACION
Cartulina;100301046;Cartulina FBB Zenith LOCAL -- C-18 295 gramos 30 x 40;18/05/2026;CONSUMOS;1638;1638;hoja(s);0.374097316;C18-30;LOCAL
Cartulina;100301825;Rollo Cartulina ASIA SYMBOL C-16 270 g ancho 28.5;25/05/2026;CONSUMOS;1916;1916;METROS;0.37402236;C16-29;IMPORTACION
Cartulina;100305999;Rollo Cartulina Nine Dragons C - 19 305 g ancho 24;4/05/2026;CONSUMOS;1982;1982;METROS;0.36814659;C19-24;IMPORTACION
Cartulina;100304625;Rollo Cartulina ASIA SYMBOL C-14 235 g ancho 28.5;6/05/2026;CONSUMOS;2131;2131;METROS;0.362067555;C14-29;IMPORTACION
Papel;100600030;Papel Couche Brillante B-80 -- 115 gramos  25 x 38;7/05/2026;CONSUMOS;5100;5100;;0.359392538;Couche;LOCAL
Cartulina;100306003;Rollo Cartulina Nine Dragons C - 16.3 255 g ancho 28.5;25/05/2026;CONSUMOS;2207;2207;METROS;0.357368475;C16.3-28.5;IMPORTACION
Cartulina;100301834;Rollo Cartulina ASIA SYMBOL C-16 270 g ancho 29;25/05/2026;CONSUMOS;1785;1785;METROS;0.3547152;C16-29;IMPORTACION
Cartulina;100300754;Cartulina FBB Zenith LOCAL -- C-16 270 gramos 30 x 40;21/05/2026;CONSUMOS;1600;1600;hoja(s);0.334450944;C16-30;LOCAL
Cartulina;100304625;Rollo Cartulina ASIA SYMBOL C-14 235 g ancho 28.5;6/05/2026;CONSUMOS;1931;1931;METROS;0.328086555;C14-29;IMPORTACION
Cartulina;100301917;Rollo Cartulina Nine Dragons C - 16.3 255 g ancho 25 (29-89);28/05/2026;CONSUMOS;2003;2003;METROS;0.324335775;C16.3-25;IMPORTACION
Papel;100600009;Papel Bond 75 gramos -- 26 x 38;11/05/2026;CONSUMOS;6700;6700;;0.32004225;Bond;LOCAL
Papel;100600026;Papel Couche Brillante B-70 -- 105 gramos  25 x 36;14/05/2026;CONSUMOS;5250;5250;;0.319939988;Couche;LOCAL
Cartulina;100301917;Rollo Cartulina Nine Dragons C - 16.3 255 g ancho 25 (29-89);20/05/2026;CONSUMOS;1955;1955;METROS;0.316563375;C16.3-25;IMPORTACION
Papel;100600009;Papel Bond 75 gramos -- 26 x 38;14/05/2026;CONSUMOS;6500;6500;;0.31048875;Bond;LOCAL
Cartulina;100301926;Rollo Cartulina ASIA SYMBOL C-19 310 g ancho 25 (29-89);21/05/2026;CONSUMOS;1575;1575;METROS;0.31003875;C19-25;IMPORTACION
Cartulina;100301908;Rollo Cartulina Nine Dragons C - 13.6 215 g ancho 25 (29-89);6/05/2026;CONSUMOS;2257;2257;METROS;0.308136925;C13.6-25;IMPORTACION
Cartulina;100600145;Rollo Cartulina OBAFREE --  C - 14 220 g ancho 25.5;11/05/2026;CONSUMOS;2175;2175;;0.3038475;C14-25;IMPORTACION
Cartulina;100305974;Rollo Cartulina ASIA SYMBOL C-12 215 g ancho 25.75;20/05/2026;CONSUMOS;2144;2144;METROS;0.30146784;C12-25.75;IMPORTACION
Cartulina;100301866;Cartulina FBB Poplar -- C-16 255 gramos 27 x 34.5 (29-89);11/05/2026;CONSUMOS;1965;1965;hoja(s);0.300675065;C16-27;IMPORTACION
Cartulina;100301834;Rollo Cartulina ASIA SYMBOL C-16 270 g ancho 29;25/05/2026;CONSUMOS;1439;1439;METROS;0.28595808;C16-29;IMPORTACION
Cartulina;100306185;Cartulina SPARK C-20 295 gr 25 X 38;26/05/2026;CONSUMOS;1575;1575;;0.284710584;Spark;LOCAL
Cartulina;100301908;Rollo Cartulina Nine Dragons C - 13.6 215 g ancho 25 (29-89);15/05/2026;CONSUMOS;2042;2042;METROS;0.27878405;C13.6-25;IMPORTACION
Cartulina;100301908;Rollo Cartulina Nine Dragons C - 13.6 215 g ancho 25 (29-89);25/05/2026;CONSUMOS;2023;2023;METROS;0.276190075;C13.6-25;IMPORTACION
Cartulina;100304525;Cartulina SPARK C-18 270 gr 30 X 40;5/05/2026;INGRESOS;100;100;Pliego(s);0.020903184;Spark;LOCAL
Cartulina;100304525;Cartulina SPARK C-18 270 gr 30 X 40;25/05/2026;INGRESOS;4400;4400;Pliego(s);0.919740096;Spark;LOCAL
Cartulina;100304526;Cartulina SPARK C-18 270 gr 25 X 36;6/05/2026;INGRESOS;54400;54400;Pliego(s);8.52476832;Spark;LOCAL
Cartulina;100301046;Cartulina FBB Zenith LOCAL -- C-18 295 gramos 30 x 40;21/05/2026;CONSUMOS;1200;1200;hoja(s);0.274063968;C18-30;LOCAL
Cartulina;100300754;Cartulina FBB Zenith LOCAL -- C-16 270 gramos 30 x 40;18/05/2026;CONSUMOS;1300;1300;hoja(s);0.271741392;C16-30;LOCAL
Cartulina;100304527;Cartulina SPARK C-18 270 gr 25 X 38;8/05/2026;INGRESOS;1800;1800;Pliego(s);0.29780865;Spark;LOCAL
Cartulina;100304527;Cartulina SPARK C-18 270 gr 25 X 38;8/05/2026;INGRESOS;2500;2500;Pliego(s);0.413623125;Spark;LOCAL
Cartulina;100300754;Cartulina FBB Zenith LOCAL -- C-16 270 gramos 30 x 40;19/05/2026;CONSUMOS;1300;1300;hoja(s);0.271741392;C16-30;LOCAL
Cartulina;100300754;Cartulina FBB Zenith LOCAL -- C-16 270 gramos 30 x 40;19/05/2026;CONSUMOS;1300;1300;hoja(s);0.271741392;C16-30;LOCAL
Cartulina;100304527;Cartulina SPARK C-18 270 gr 25 X 38;19/05/2026;INGRESOS;700;700;Pliego(s);0.115814475;Spark;LOCAL
Cartulina;100304527;Cartulina SPARK C-18 270 gr 25 X 38;21/05/2026;INGRESOS;8900;8900;Pliego(s);1.472498325;Spark;LOCAL
Papel;100600030;Papel Couche Brillante B-80 -- 115 gramos  25 x 38;13/05/2026;CONSUMOS;3600;3600;;0.25368885;Couche;LOCAL
Cartulina;100304530;Cartulina SPARK C-20 295 gr 30 X 40;5/05/2026;INGRESOS;200;200;Pliego(s);0.045677328;Spark;LOCAL
Cartulina;100305999;Rollo Cartulina Nine Dragons C - 19 305 g ancho 24;8/05/2026;CONSUMOS;1365;1365;METROS;0.253541925;C19-24;IMPORTACION
Cartulina;100304530;Cartulina SPARK C-20 295 gr 30 X 40;8/05/2026;INGRESOS;600;600;Pliego(s);0.137031984;Spark;LOCAL
Cartulina;100300754;Cartulina FBB Zenith LOCAL -- C-16 270 gramos 30 x 40;5/05/2026;CONSUMOS;1200;1200;hoja(s);0.250838208;C16-30;LOCAL
Cartulina;100304530;Cartulina SPARK C-20 295 gr 30 X 40;12/05/2026;INGRESOS;2400;2400;Pliego(s);0.548127936;Spark;LOCAL
Cartulina;100304527;Cartulina SPARK C-18 270 gr 25 X 38;13/05/2026;CONSUMOS;1500;1500;Pliego(s);0.248173875;Spark;LOCAL
Cartulina;100304530;Cartulina SPARK C-20 295 gr 30 X 40;20/05/2026;INGRESOS;26200;26200;Pliego(s);5.983729968;Spark;LOCAL
Cartulina;100301825;Rollo Cartulina ASIA SYMBOL C-16 270 g ancho 28.5;20/05/2026;CONSUMOS;1267;1267;METROS;0.24733107;C16-29;IMPORTACION
Cartulina;100304530;Cartulina SPARK C-20 295 gr 30 X 40;21/05/2026;INGRESOS;25800;25800;Pliego(s);5.892375312;Spark;LOCAL
Cartulina;100301908;Rollo Cartulina Nine Dragons C - 13.6 215 g ancho 25 (29-89);6/05/2026;CONSUMOS;1810;1810;METROS;0.24711025;C13.6-25;IMPORTACION
Papel;100600038;Papel Couche Mate B-80 -- 115 gramos  25 x 38;26/05/2026;CONSUMOS;3500;3500;;0.246693055;Couche;LOCAL
Cartulina;100305999;Rollo Cartulina Nine Dragons C - 19 305 g ancho 24;4/05/2026;CONSUMOS;1315;1315;METROS;0.244254675;C19-24;IMPORTACION
Cartulina;100301862;Rollo Cartulina ASIA SYMBOL C-12 230 g ancho 30.5;27/05/2026;CONSUMOS;1357;1357;METROS;0.24157314;C12-31;IMPORTACION
Cartulina;100301834;Rollo Cartulina ASIA SYMBOL C-16 270 g ancho 29;13/05/2026;CONSUMOS;1170;1170;METROS;0.2325024;C16-29;IMPORTACION
Cartulina;100301046;Cartulina FBB Zenith LOCAL -- C-18 295 gramos 30 x 40;21/05/2026;CONSUMOS;1000;1000;hoja(s);0.22838664;C18-30;LOCAL
Cartulina;100301825;Rollo Cartulina ASIA SYMBOL C-16 270 g ancho 28.5;25/05/2026;CONSUMOS;1137;1137;METROS;0.22195377;C16-29;IMPORTACION
Cartulina;100301908;Rollo Cartulina Nine Dragons C - 13.6 215 g ancho 25 (29-89);28/05/2026;CONSUMOS;1621;1621;METROS;0.221307025;C13.6-25;IMPORTACION
Cartulina;100304547;Rollo Cartulina Spectra Natural -- C-18 267g ancho 27;21/05/2026;INGRESOS;104372;104372;METROS;19.1114108;BIMBO;IMPORTACION
Cartulina;100304547;Rollo Cartulina Spectra Natural -- C-18 267g ancho 27;25/05/2026;INGRESOS;105904;105904;METROS;19.39193317;BIMBO;IMPORTACION
Cartulina;100304547;Rollo Cartulina Spectra Natural -- C-18 267g ancho 27;26/05/2026;INGRESOS;0;0;METROS;0;BIMBO;IMPORTACION
Cartulina;100304547;Rollo Cartulina Spectra Natural -- C-18 267g ancho 27;26/05/2026;INGRESOS;0;0;METROS;0;BIMBO;IMPORTACION
Cartulina;100301917;Rollo Cartulina Nine Dragons C - 16.3 255 g ancho 25 (29-89);27/05/2026;CONSUMOS;1351;1351;METROS;0.218760675;C16.3-25;IMPORTACION
Cartulina;100301825;Rollo Cartulina ASIA SYMBOL C-16 270 g ancho 28.5;25/05/2026;CONSUMOS;1115;1115;METROS;0.21765915;C16-29;IMPORTACION
Cartulina;100301917;Rollo Cartulina Nine Dragons C - 16.3 255 g ancho 25 (29-89);27/05/2026;CONSUMOS;1341;1341;METROS;0.217141425;C16.3-25;IMPORTACION
Cartulina;100301825;Rollo Cartulina ASIA SYMBOL C-16 270 g ancho 28.5;25/05/2026;CONSUMOS;1052;1052;METROS;0.20536092;C16-29;IMPORTACION
Cartulina;100300013;Cartulina Husky -- C-16 350 gramos 25 x 38;8/05/2026;CONSUMOS;900;900;hoja(s);0.193024125;C16-25H;LOCAL
Papel;100600030;Papel Couche Brillante B-80 -- 115 gramos  25 x 38;8/05/2026;CONSUMOS;2700;2700;;0.190266638;Couche;LOCAL
Papel;100600033;Papel Couche Brillante B-100 -- 140 gramos  25 x 38;25/05/2026;CONSUMOS;2100;2100;;0.18015585;Couche;LOCAL
Cartulina;100301825;Rollo Cartulina ASIA SYMBOL C-16 270 g ancho 28.5;28/05/2026;CONSUMOS;918;918;METROS;0.17920278;C16-29;IMPORTACION
Cartulina;100301825;Rollo Cartulina ASIA SYMBOL C-16 270 g ancho 28.5;25/05/2026;CONSUMOS;869;869;METROS;0.16963749;C16-29;IMPORTACION
Cartulina;100304565;Rollo Cartulina DEINGRESOSCA FSC --  C - 13.5 225 g ancho 23.125;21/05/2026;INGRESOS;286124;286124;Metro(s);37.7898273;OLMECA;IMPORTACION
Cartulina;100304565;Rollo Cartulina DEINGRESOSCA FSC --  C - 13.5 225 g ancho 23.125;26/05/2026;INGRESOS;0;0;Metro(s);0;OLMECA;IMPORTACION
Cartulina;100300754;Cartulina FBB Zenith LOCAL -- C-16 270 gramos 30 x 40;21/05/2026;CONSUMOS;800;800;hoja(s);0.167225472;C16-30;LOCAL
Cartulina;100304565;Rollo Cartulina DEINGRESOSCA FSC --  C - 13.5 225 g ancho 23.125;12/05/2026;CONSUMOS;1249;1249;Metro(s);0.164961675;OLMECA;IMPORTACION
Cartulina;100301046;Cartulina FBB Zenith LOCAL -- C-18 295 gramos 30 x 40;18/05/2026;CONSUMOS;715;715;hoja(s);0.163296448;C18-30;LOCAL
Papel;100600030;Papel Couche Brillante B-80 -- 115 gramos  25 x 38;7/05/2026;CONSUMOS;2250;2250;;0.158555531;Couche;LOCAL
Cartulina;100301908;Rollo Cartulina Nine Dragons C - 13.6 215 g ancho 25 (29-89);11/05/2026;CONSUMOS;1158;1158;METROS;0.15809595;C13.6-25;IMPORTACION
Papel;100600006;Papel Bond 75 gramos -- 26 x 34;8/05/2026;CONSUMOS;3600;3600;;0.1539648;Bond;LOCAL
Papel;100600013;Papel Bond 90 gramos -- 26 x 34;19/05/2026;CONSUMOS;3000;3000;;0.1539648;Bond;LOCAL
Papel;100600090;Papel Couche Mate B-80 -- 115 gramos  26 x 38;5/05/2026;CONSUMOS;2100;2100;;0.15381135;Couche;LOCAL
Cartulina;100300011;Cartulina Husky -- C-14 300 gramos 25 x 38;25/05/2026;CONSUMOS;800;800;hoja(s);0.147066;C14-25H;LOCAL
Cartulina;100600094;Rollo Cartulina CMPC RC --  C - 18 265 g ancho 25;12/05/2026;CONSUMOS;863;863;;0.145221325;CMPC RC;IMPORTACION
Papel;100600033;Papel Couche Brillante B-100 -- 140 gramos  25 x 38;26/05/2026;CONSUMOS;1628;1628;;0.139663678;Couche;LOCAL
Cartulina;100305999;Rollo Cartulina Nine Dragons C - 19 305 g ancho 24;4/05/2026;CONSUMOS;746;746;METROS;0.13856577;C19-24;IMPORTACION
Cartulina;100301825;Rollo Cartulina ASIA SYMBOL C-16 270 g ancho 28.5;28/05/2026;CONSUMOS;702;702;METROS;0.13703742;C16-29;IMPORTACION
Cartulina;100304639;Rollo Cartulina BRIGHT --  C - 16 245 g ancho 25;25/05/2026;INGRESOS;47936;47936;METROS;7.4576432;BAY-C16-25;IMPORTACION
Cartulina;100304530;Cartulina SPARK C-20 295 gr 30 X 40;8/05/2026;CONSUMOS;600;600;Pliego(s);0.137031984;Spark;LOCAL
Cartulina;100300709;Cartulina FBB Zenith LOCAL -- C-16 270 gramos 25 x 38;13/05/2026;CONSUMOS;800;800;hoja(s);0.1323594;C16-25;LOCAL
Cartulina;100301908;Rollo Cartulina Nine Dragons C - 13.6 215 g ancho 25 (29-89);25/05/2026;CONSUMOS;942;942;METROS;0.12860655;C13.6-25;IMPORTACION
Cartulina;100304541;Rollo Cartulina ASIA SYMBOL C-12 230 g ancho 25;13/05/2026;CONSUMOS;880;880;METROS;0.128524;C12-25;IMPORTACION
Cartulina;100304640;Rollo Cartulina OBAFREE --  C-15 230 g ancho 25.5;26/05/2026;INGRESOS;130105;130105;METROS;19.36092505;FOSFORERA;IMPORTACION
Cartulina;100301917;Rollo Cartulina Nine Dragons C - 16.3 255 g ancho 25 (29-89);20/05/2026;CONSUMOS;763;763;METROS;0.123548775;C16.3-25;IMPORTACION
Papel;100600030;Papel Couche Brillante B-80 -- 115 gramos  25 x 38;14/05/2026;CONSUMOS;1750;1750;;0.123320969;Couche;LOCAL
Papel;100600027;Papel Couche Brillante B-70 -- 105 gramos  25 x 38;25/05/2026;CONSUMOS;1900;1900;;0.122248613;Couche;LOCAL
Cartulina;100301917;Rollo Cartulina Nine Dragons C - 16.3 255 g ancho 25 (29-89);20/05/2026;CONSUMOS;735;735;METROS;0.119014875;C16.3-25;IMPORTACION
Cartulina;100304541;Rollo Cartulina ASIA SYMBOL C-12 230 g ancho 25;13/05/2026;CONSUMOS;806;806;METROS;0.1177163;C12-25;IMPORTACION
Papel;100600021;Papel Couche Brillante - 1 Cara - B-60 -- 90 gramos  25 x 36;13/05/2026;CONSUMOS;2250;2250;;0.117528975;Couche;LOCAL
Cartulina;100300001;Cartulina Husky -- C-8 200 gramos 25 x 36;14/05/2026;CONSUMOS;1000;1000;hoja(s);0.116078;C8-25H;LOCAL
Cartulina;100301805;Rollo Cartulina CMPC GC1 --  C - 18 270 g ancho 25;27/05/2026;CONSUMOS;677;677;METROS;0.11607165;CMPC GC1;IMPORTACION
Cartulina;100300009;Cartulina Husky -- C-12 270 gramos 25 x 38;5/05/2026;CONSUMOS;700;700;hoja(s);0.115814475;C12-25H;LOCAL
Cartulina;100300009;Cartulina Husky -- C-12 270 gramos 25 x 38;21/05/2026;CONSUMOS;700;700;hoja(s);0.115814475;C12-25H;LOCAL
Cartulina;100301046;Cartulina FBB Zenith LOCAL -- C-18 295 gramos 30 x 40;28/05/2026;CONSUMOS;500;500;hoja(s);0.11419332;C18-30;LOCAL
Cartulina;100301825;Rollo Cartulina ASIA SYMBOL C-16 270 g ancho 28.5;13/05/2026;CONSUMOS;582;582;METROS;0.11361222;C16-29;IMPORTACION
Cartulina;100300005;Cartulina Husky -- C-10 230 gramos 25 x 38;14/05/2026;CONSUMOS;800;800;hoja(s);0.1127506;C10-25H;LOCAL
Cartulina;100301908;Rollo Cartulina Nine Dragons C - 13.6 215 g ancho 25 (29-89);15/05/2026;CONSUMOS;825;825;METROS;0.112633125;C13.6-25;IMPORTACION
Cartulina;100301917;Rollo Cartulina Nine Dragons C - 16.3 255 g ancho 25 (29-89);25/05/2026;CONSUMOS;673;673;METROS;0.108975525;C16.3-25;IMPORTACION
Cartulina;100305997;Cartulina SPARK -- C-16 250 gramos 25 X 36;21/05/2026;CONSUMOS;750;750;hoja(s);0.108823125;Spark;LOCAL
Papel;100600021;Papel Couche Brillante - 1 Cara - B-60 -- 90 gramos  25 x 36;26/05/2026;CONSUMOS;2000;2000;;0.1044702;Couche;LOCAL
Cartulina;100300996;Cartulina FBB Zenith LOCAL -- C-18 295 gramos 25 x 36;28/05/2026;CONSUMOS;610;610;hoja(s);0.104441181;C18-25;LOCAL
Cartulina;100306003;Rollo Cartulina Nine Dragons C - 16.3 255 g ancho 28.5;14/05/2026;CONSUMOS;633;633;METROS;0.102498525;C16.3-28.5;IMPORTACION
Cartulina;100301917;Rollo Cartulina Nine Dragons C - 16.3 255 g ancho 25 (29-89);28/05/2026;CONSUMOS;600;600;METROS;0.097155;C16.3-25;IMPORTACION
Cartulina;100301917;Rollo Cartulina Nine Dragons C - 16.3 255 g ancho 25 (29-89);20/05/2026;CONSUMOS;594;594;METROS;0.09618345;C16.3-25;IMPORTACION
Cartulina;100301917;Rollo Cartulina Nine Dragons C - 16.3 255 g ancho 25 (29-89);20/05/2026;CONSUMOS;581;581;METROS;0.094078425;C16.3-25;IMPORTACION
Cartulina;100306165;Cartulina NINGBO ALLY LOCAL C-22 345 gramos 25 x 36;19/05/2026;INGRESOS;100;100;;0.020023455;C22-25;LOCAL
Cartulina;100306180;Cartulina NINGBO ALLY LOCAL C-18 290 gramos 25 x 36;5/05/2026;INGRESOS;92000;92000;;15.4848052;C18-25;LOCAL
Papel;100600021;Papel Couche Brillante - 1 Cara - B-60 -- 90 gramos  25 x 36;21/05/2026;CONSUMOS;1750;1750;;0.091411425;Couche;LOCAL
Cartulina;100306180;Cartulina NINGBO ALLY LOCAL C-18 290 gramos 25 x 36;12/05/2026;INGRESOS;4400;4400;;0.74057764;C18-25;LOCAL
Cartulina;100301825;Rollo Cartulina ASIA SYMBOL C-16 270 g ancho 28.5;13/05/2026;CONSUMOS;445;445;METROS;0.08686845;C16-29;IMPORTACION
Cartulina;100306185;Cartulina SPARK C-20 295 gr 25 X 38;8/05/2026;INGRESOS;8800;8800;;1.5907639;Spark;LOCAL
Cartulina;100304640;Rollo Cartulina OBAFREE --  C-15 230 g ancho 25.5;26/05/2026;CONSUMOS;573;573;METROS;0.08526813;FOSFORERA;IMPORTACION
Cartulina;100300009;Cartulina Husky -- C-12 270 gramos 25 x 38;19/05/2026;CONSUMOS;500;500;hoja(s);0.082724625;C12-25H;LOCAL
Papel;100600006;Papel Bond 75 gramos -- 26 x 34;8/05/2026;INGRESOS;4000;4000;;0.171072;Bond;LOCAL
Papel;100600023;Papel Couche Brillante - 1 Cara - B-60 -- 90 gramos  25 x 38;5/05/2026;CONSUMOS;1500;1500;;0.082724625;Couche;LOCAL
Cartulina;100300002;Cartulina Husky -- C-8 190 gramos 25 x 38;11/05/2026;CONSUMOS;700;700;hoja(s);0.081499075;C8-25H;LOCAL
Papel;100600021;Papel Couche Brillante - 1 Cara - B-60 -- 90 gramos  25 x 36;26/05/2026;CONSUMOS;1500;1500;;0.07835265;Couche;LOCAL
Cartulina;100304541;Rollo Cartulina ASIA SYMBOL C-12 230 g ancho 25;13/05/2026;CONSUMOS;536;536;METROS;0.0782828;C12-25;IMPORTACION
Papel;100600009;Papel Bond 75 gramos -- 26 x 38;8/05/2026;INGRESOS;5000;5000;;0.2388375;Bond;LOCAL
Papel;100600023;Papel Couche Brillante - 1 Cara - B-60 -- 90 gramos  25 x 38;19/05/2026;CONSUMOS;1400;1400;;0.07720965;Couche;LOCAL
Papel;100600013;Papel Bond 90 gramos -- 26 x 34;5/05/2026;CONSUMOS;1500;1500;;0.0769824;Bond;LOCAL
Cartulina;100301825;Rollo Cartulina ASIA SYMBOL C-16 270 g ancho 28.5;13/05/2026;CONSUMOS;392;392;METROS;0.07652232;C16-29;IMPORTACION
Papel;100600009;Papel Bond 75 gramos -- 26 x 38;8/05/2026;INGRESOS;7000;7000;;0.3343725;Bond;LOCAL
Papel;100600009;Papel Bond 75 gramos -- 26 x 38;8/05/2026;CONSUMOS;1600;1600;;0.076428;Bond;LOCAL
Papel;100600009;Papel Bond 75 gramos -- 26 x 38;13/05/2026;INGRESOS;5500;5500;;0.26272125;Bond;LOCAL
Papel;100600009;Papel Bond 75 gramos -- 26 x 38;8/05/2026;CONSUMOS;1600;1600;;0.076428;Bond;LOCAL
Papel;100600009;Papel Bond 75 gramos -- 26 x 38;26/05/2026;INGRESOS;1000;1000;;0.0477675;Bond;LOCAL
Papel;100600009;Papel Bond 75 gramos -- 26 x 38;8/05/2026;CONSUMOS;1600;1600;;0.076428;Bond;LOCAL
Papel;100600011;Papel Bond 90 gramos -- 22 x 34;19/05/2026;INGRESOS;10500;10500;;0.45641232;Bond;LOCAL
Cartulina;100301825;Rollo Cartulina ASIA SYMBOL C-16 270 g ancho 28.5;4/05/2026;CONSUMOS;378;378;METROS;0.07378938;C16-29;IMPORTACION
Cartulina;100301825;Rollo Cartulina ASIA SYMBOL C-16 270 g ancho 28.5;13/05/2026;CONSUMOS;375;375;METROS;0.07320375;C16-29;IMPORTACION
Cartulina;100305999;Rollo Cartulina Nine Dragons C - 19 305 g ancho 24;4/05/2026;CONSUMOS;369;369;METROS;0.068539905;C19-24;IMPORTACION
Papel;100600013;Papel Bond 90 gramos -- 26 x 34;5/05/2026;INGRESOS;1500;1500;;0.0769824;Bond;LOCAL
Cartulina;100301046;Cartulina FBB Zenith LOCAL -- C-18 295 gramos 30 x 40;25/05/2026;CONSUMOS;300;300;hoja(s);0.068515992;C18-30;LOCAL
Cartulina;100304530;Cartulina SPARK C-20 295 gr 30 X 40;5/05/2026;CONSUMOS;300;300;Pliego(s);0.068515992;Spark;LOCAL
Papel;100600013;Papel Bond 90 gramos -- 26 x 34;13/05/2026;INGRESOS;9000;9000;;0.4618944;Bond;LOCAL
Cartulina;100300009;Cartulina Husky -- C-12 270 gramos 25 x 38;21/05/2026;CONSUMOS;400;400;hoja(s);0.0661797;C12-25H;LOCAL
Cartulina;100300160;Cartulina FBB Zenith LOCAL -- C-12 215 gramos 25 x 38;21/05/2026;CONSUMOS;500;500;hoja(s);0.065873313;C12-25;LOCAL
Papel;100600013;Papel Bond 90 gramos -- 26 x 34;18/05/2026;INGRESOS;3000;3000;;0.1539648;Bond;LOCAL
Cartulina;100301825;Rollo Cartulina ASIA SYMBOL C-16 270 g ancho 28.5;4/05/2026;CONSUMOS;334;334;METROS;0.06520014;C16-29;IMPORTACION
Papel;100600013;Papel Bond 90 gramos -- 26 x 34;21/05/2026;INGRESOS;120000;120000;;6.158592;Bond;LOCAL
Papel;100600030;Papel Couche Brillante B-80 -- 115 gramos  25 x 38;5/05/2026;CONSUMOS;900;900;;0.063422213;Couche;LOCAL
Papel;100600020;Papel Couche Brillante B-60 -- 90 gramos  25 x 36;13/05/2026;INGRESOS;39500;39500;;2.06328645;Couche;LOCAL
Cartulina;100301825;Rollo Cartulina ASIA SYMBOL C-16 270 g ancho 28.5;28/05/2026;CONSUMOS;323;323;METROS;0.06305283;C16-29;IMPORTACION
Papel;100600021;Papel Couche Brillante - 1 Cara - B-60 -- 90 gramos  25 x 36;6/05/2026;INGRESOS;2000;2000;;0.1044702;Couche;LOCAL
Papel;100600021;Papel Couche Brillante - 1 Cara - B-60 -- 90 gramos  25 x 36;13/05/2026;INGRESOS;2500;2500;;0.13058775;Couche;LOCAL
Cartulina;100304619;Rollo Cartulina BRIGHT   --  C-16 245 g ancho 23;4/05/2026;CONSUMOS;421;421;METROS;0.06023668;BAY-C16-23;IMPORTACION
Papel;100600021;Papel Couche Brillante - 1 Cara - B-60 -- 90 gramos  25 x 36;18/05/2026;INGRESOS;21500;21500;;1.12305465;Couche;LOCAL
Papel;100600030;Papel Couche Brillante B-80 -- 115 gramos  25 x 38;21/05/2026;CONSUMOS;700;700;;0.049328388;Couche;LOCAL
Papel;100600032;Papel Couche Brillante B-100 -- 140 gramos  25 x 36;8/05/2026;CONSUMOS;583;583;;0.047371432;Couche;LOCAL
Papel;100600021;Papel Couche Brillante - 1 Cara - B-60 -- 90 gramos  25 x 36;25/05/2026;INGRESOS;3500;3500;;0.18282285;Couche;LOCAL
Papel;100600033;Papel Couche Brillante B-100 -- 140 gramos  25 x 38;13/05/2026;CONSUMOS;514;514;;0.044095289;Couche;LOCAL
Cartulina;100301908;Rollo Cartulina Nine Dragons C - 13.6 215 g ancho 25 (29-89);6/05/2026;CONSUMOS;311;311;METROS;0.042459275;C13.6-25;IMPORTACION
Papel;100600023;Papel Couche Brillante - 1 Cara - B-60 -- 90 gramos  25 x 38;5/05/2026;INGRESOS;1500;1500;;0.082724625;Couche;LOCAL
Cartulina;100301917;Rollo Cartulina Nine Dragons C - 16.3 255 g ancho 25 (29-89);28/05/2026;CONSUMOS;262;262;METROS;0.04242435;C16.3-25;IMPORTACION
Papel;100600023;Papel Couche Brillante - 1 Cara - B-60 -- 90 gramos  25 x 38;18/05/2026;INGRESOS;50500;50500;;2.785062375;Couche;LOCAL
Cartulina;100304619;Rollo Cartulina BRIGHT   --  C-16 245 g ancho 23;4/05/2026;CONSUMOS;280;280;METROS;0.0400624;BAY-C16-23;IMPORTACION
Papel;100600155;Papel Bond 75 gramos -- 23 x 36;21/05/2026;CONSUMOS;1000;1000;;0.0400332;Bond;LOCAL
Cartulina;100304625;Rollo Cartulina ASIA SYMBOL C-14 235 g ancho 28.5;6/05/2026;CONSUMOS;218;218;METROS;0.03703929;C14-29;IMPORTACION
Papel;100600026;Papel Couche Brillante B-70 -- 105 gramos  25 x 36;13/05/2026;INGRESOS;5250;5250;;0.319939988;Couche;LOCAL
Papel;100600030;Papel Couche Brillante B-80 -- 115 gramos  25 x 38;8/05/2026;CONSUMOS;500;500;;0.035234563;Couche;LOCAL
Papel;100600027;Papel Couche Brillante B-70 -- 105 gramos  25 x 38;21/05/2026;INGRESOS;58500;58500;;3.763970438;Couche;LOCAL
Papel;100600030;Papel Couche Brillante B-80 -- 115 gramos  25 x 38;21/05/2026;CONSUMOS;500;500;;0.035234563;Couche;LOCAL
Papel;100600030;Papel Couche Brillante B-80 -- 115 gramos  25 x 38;21/05/2026;CONSUMOS;500;500;;0.035234563;Couche;LOCAL
Papel;100600030;Papel Couche Brillante B-80 -- 115 gramos  25 x 38;5/05/2026;INGRESOS;2000;2000;;0.14093825;Couche;LOCAL
Cartulina;100300009;Cartulina Husky -- C-12 270 gramos 25 x 38;5/05/2026;CONSUMOS;200;200;hoja(s);0.03308985;C12-25H;LOCAL
Papel;100600030;Papel Couche Brillante B-80 -- 115 gramos  25 x 38;6/05/2026;INGRESOS;10000;10000;;0.70469125;Couche;LOCAL
Papel;100600030;Papel Couche Brillante B-80 -- 115 gramos  25 x 38;6/05/2026;INGRESOS;5500;5500;;0.387580188;Couche;LOCAL
Papel;100600009;Papel Bond 75 gramos -- 26 x 38;28/05/2026;CONSUMOS;600;600;;0.0286605;Bond;LOCAL
Papel;100600030;Papel Couche Brillante B-80 -- 115 gramos  25 x 38;7/05/2026;CONSUMOS;400;400;;0.02818765;Couche;LOCAL
Cartulina;100301871;Cartulina SPARK C-12 200 gr 25 X 38;26/05/2026;CONSUMOS;200;200;hoja(s);0.024511;Papesp;LOCAL
Cartulina;100300013;Cartulina Husky -- C-16 350 gramos 25 x 38;5/05/2026;CONSUMOS;100;100;hoja(s);0.021447125;C16-25H;LOCAL
Cartulina;100300013;Cartulina Husky -- C-16 350 gramos 25 x 38;7/05/2026;CONSUMOS;100;100;hoja(s);0.021447125;C16-25H;LOCAL
Cartulina;100300013;Cartulina Husky -- C-16 350 gramos 25 x 38;25/05/2026;CONSUMOS;100;100;hoja(s);0.021447125;C16-25H;LOCAL
Cartulina;100300013;Cartulina Husky -- C-16 350 gramos 25 x 38;26/05/2026;CONSUMOS;100;100;hoja(s);0.021447125;C16-25H;LOCAL
Cartulina;100300013;Cartulina Husky -- C-16 350 gramos 25 x 38;26/05/2026;CONSUMOS;100;100;hoja(s);0.021447125;C16-25H;LOCAL
Papel;100600030;Papel Couche Brillante B-80 -- 115 gramos  25 x 38;19/05/2026;INGRESOS;10250;10250;;0.722308531;Couche;LOCAL
Cartulina;100300013;Cartulina Husky -- C-16 350 gramos 25 x 38;26/05/2026;CONSUMOS;100;100;hoja(s);0.021447125;C16-25H;LOCAL
Cartulina;100300013;Cartulina Husky -- C-16 350 gramos 25 x 38;26/05/2026;CONSUMOS;100;100;hoja(s);0.021447125;C16-25H;LOCAL
Papel;100600013;Papel Bond 90 gramos -- 26 x 34;13/05/2026;CONSUMOS;415;415;;0.021298464;Bond;LOCAL
Cartulina;100300011;Cartulina Husky -- C-14 300 gramos 25 x 38;5/05/2026;CONSUMOS;115;115;hoja(s);0.021140738;C14-25H;LOCAL
Papel;100600033;Papel Couche Brillante B-100 -- 140 gramos  25 x 38;13/05/2026;INGRESOS;1750;1750;;0.150129875;Couche;LOCAL
Cartulina;100300011;Cartulina Husky -- C-14 300 gramos 25 x 38;28/05/2026;CONSUMOS;100;100;hoja(s);0.01838325;C14-25H;LOCAL
Cartulina;100300158;Cartulina FBB Zenith LOCAL -- C-12 215 gramos 25 x 36;21/05/2026;CONSUMOS;132;132;hoja(s);0.016471468;C12-25;LOCAL
Papel;100600033;Papel Couche Brillante B-100 -- 140 gramos  25 x 38;21/05/2026;INGRESOS;5000;5000;;0.4289425;Couche;LOCAL
Papel;100600013;Papel Bond 90 gramos -- 26 x 34;8/05/2026;CONSUMOS;315;315;;0.016166304;Bond;LOCAL
Cartulina;100300009;Cartulina Husky -- C-12 270 gramos 25 x 38;13/05/2026;CONSUMOS;89;89;hoja(s);0.014724983;C12-25H;LOCAL
Papel;100600163;PAPEL COUCHE MATTE B-100 140 Gramos 25 x 38;5/05/2026;CONSUMOS;150;150;;0.012868275;Couche;LOCAL
Papel;100600038;Papel Couche Mate B-80 -- 115 gramos  25 x 38;19/05/2026;INGRESOS;3500;3500;;0.246693055;Couche;LOCAL
Cartulina;100301871;Cartulina SPARK C-12 200 gr 25 X 38;26/05/2026;CONSUMOS;100;100;hoja(s);0.0122555;Papesp;LOCAL
Papel;100600090;Papel Couche Mate B-80 -- 115 gramos  26 x 38;5/05/2026;INGRESOS;2250;2250;;0.164797875;Couche;LOCAL
Cartulina;100301917;Rollo Cartulina Nine Dragons C - 16.3 255 g ancho 25 (29-89);22/05/2026;CONSUMOS;73;73;METROS;0.011820525;C16.3-25;IMPORTACION
Papel;100600033;Papel Couche Brillante B-100 -- 140 gramos  25 x 38;21/05/2026;CONSUMOS;126;126;;0.010809351;Couche;LOCAL
Papel;100600033;Papel Couche Brillante B-100 -- 140 gramos  25 x 38;26/05/2026;CONSUMOS;125;125;;0.010723563;Couche;LOCAL
Cartulina;100300009;Cartulina Husky -- C-12 270 gramos 25 x 38;8/05/2026;CONSUMOS;64;64;hoja(s);0.010588752;C12-25H;LOCAL
Cartulina;100300011;Cartulina Husky -- C-14 300 gramos 25 x 38;5/05/2026;CONSUMOS;50;50;hoja(s);0.009191625;C14-25H;LOCAL
Papel;100600030;Papel Couche Brillante B-80 -- 115 gramos  25 x 38;13/05/2026;CONSUMOS;125;125;;0.008808641;Couche;LOCAL
Cartulina;100600116;Rollo Cartulina BRIGHT --  C - 16 245 g ancho 29;25/05/2026;INGRESOS;62546;62546;;11.27829472;BAY-C16-29;IMPORTACION
Papel;100600163;PAPEL COUCHE MATTE B-100 140 Gramos 25 x 38;5/05/2026;CONSUMOS;100;100;;0.00857885;Couche;LOCAL
Cartulina;100300009;Cartulina Husky -- C-12 270 gramos 25 x 38;11/05/2026;CONSUMOS;50;50;hoja(s);0.008272463;C12-25H;LOCAL
Papel;100600155;Papel Bond 75 gramos -- 23 x 36;20/05/2026;INGRESOS;1000;1000;;0.0400332;Bond;LOCAL
Papel;100600011;Papel Bond 90 gramos -- 22 x 34;21/05/2026;CONSUMOS;153;153;;0.00665058;Bond;LOCAL
Papel;100600163;PAPEL COUCHE MATTE B-100 140 Gramos 25 x 38;5/05/2026;INGRESOS;250;250;;0.021447125;Couche;LOCAL
Papel;100600008;Papel Bond 75 gramos -- 26 x 36;27/05/2026;CONSUMOS;134;134;;0.006062562;Bond;LOCAL
Papel;100600008;Papel Bond 75 gramos -- 26 x 36;27/05/2026;CONSUMOS;133;133;;0.006017319;Bond;LOCAL
Cartulina;100700009;Cartulina Kraft -- C-15 225 gramos 38 x 23;11/05/2026;INGRESOS;91400;91400;;11.59598326;Kraft;IMPORTACION
Papel;100600008;Papel Bond 75 gramos -- 26 x 36;27/05/2026;CONSUMOS;133;133;;0.006017319;Bond;LOCAL
Cartulina;100300009;Cartulina Husky -- C-12 270 gramos 25 x 38;13/05/2026;CONSUMOS;36;36;hoja(s);0.005956173;C12-25H;LOCAL
Cartulina;100304625;Rollo Cartulina ASIA SYMBOL C-14 235 g ancho 28.5;13/05/2026;CONSUMOS;32;32;METROS;0.00543696;C14-29;IMPORTACION
Papel;100600011;Papel Bond 90 gramos -- 22 x 34;21/05/2026;CONSUMOS;47;47;;0.002042988;Bond;LOCAL
CARTULINA;100300002;Cartulina Husky -- C-8 190 gramos 25 x 38;16/06/2026;CONSUMOS;5;5;hoja(s);0.000582;C8-25H;
CARTULINA;100300002;Cartulina Husky -- C-8 190 gramos 25 x 38;25/06/2026;CONSUMOS;105;105;hoja(s);0.012224;C8-25H;
CARTULINA;100300004;Cartulina Husky -- C-10 230 gramos 25 x 36;3/06/2026;INGRESOS;130900;130900;hoja(s);17.473801;C10-25H;
CARTULINA;100300004;Cartulina Husky -- C-10 230 gramos 25 x 36;9/06/2026;CONSUMOS;2100;2100;hoja(s);0.280328;C10-25H;
CARTULINA;100300004;Cartulina Husky -- C-10 230 gramos 25 x 36;16/06/2026;INGRESOS;2100;2100;hoja(s);0.280328;C10-25H;
CARTULINA;100300004;Cartulina Husky -- C-10 230 gramos 25 x 36;16/06/2026;CONSUMOS;21600;21600;hoja(s);2.883377;C10-25H;
CARTULINA;100300004;Cartulina Husky -- C-10 230 gramos 25 x 36;16/06/2026;CONSUMOS;25200;25200;hoja(s);3.36394;C10-25H;
CARTULINA;100300004;Cartulina Husky -- C-10 230 gramos 25 x 36;16/06/2026;CONSUMOS;36000;36000;hoja(s);4.805629;C10-25H;
CARTULINA;100300004;Cartulina Husky -- C-10 230 gramos 25 x 36;24/06/2026;CONSUMOS;25200;25200;hoja(s);3.36394;C10-25H;
CARTULINA;100300004;Cartulina Husky -- C-10 230 gramos 25 x 36;24/06/2026;CONSUMOS;22900;22900;hoja(s);3.056914;C10-25H;
CARTULINA;100300005;Cartulina Husky -- C-10 230 gramos 25 x 38;16/06/2026;INGRESOS;12100;12100;hoja(s);1.705352;C10-25H;
CARTULINA;100300005;Cartulina Husky -- C-10 230 gramos 25 x 38;24/06/2026;CONSUMOS;12100;12100;hoja(s);1.705352;C10-25H;
CARTULINA;100300006;Cartulina Husky -- C-10 230 gramos 30 x 40;5/06/2026;INGRESOS;3100;3100;hoja(s);0.551998;C10-30H;
CARTULINA;100300006;Cartulina Husky -- C-10 230 gramos 30 x 40;9/06/2026;INGRESOS;5600;5600;hoja(s);0.997159;C10-30H;
CARTULINA;100300006;Cartulina Husky -- C-10 230 gramos 30 x 40;9/06/2026;CONSUMOS;1700;1700;hoja(s);0.302709;C10-30H;
CARTULINA;100300006;Cartulina Husky -- C-10 230 gramos 30 x 40;9/06/2026;CONSUMOS;3900;3900;hoja(s);0.69445;C10-30H;
CARTULINA;100300006;Cartulina Husky -- C-10 230 gramos 30 x 40;9/06/2026;CONSUMOS;3000;3000;hoja(s);0.534192;C10-30H;
CARTULINA;100300008;Cartulina Husky -- C-12 270 gramos 25 x 36;1/06/2026;INGRESOS;1300;1300;hoja(s);0.203716;C12-25H;
CARTULINA;100300008;Cartulina Husky -- C-12 270 gramos 25 x 36;1/06/2026;INGRESOS;1300;1300;hoja(s);0.203716;C12-25H;
CARTULINA;100300008;Cartulina Husky -- C-12 270 gramos 25 x 36;2/06/2026;CONSUMOS;1300;1300;hoja(s);0.203716;C12-25H;
CARTULINA;100300008;Cartulina Husky -- C-12 270 gramos 25 x 36;5/06/2026;INGRESOS;5700;5700;hoja(s);0.89322;C12-25H;
CARTULINA;100300008;Cartulina Husky -- C-12 270 gramos 25 x 36;9/06/2026;CONSUMOS;3500;3500;hoja(s);0.548468;C12-25H;
CARTULINA;100300008;Cartulina Husky -- C-12 270 gramos 25 x 36;9/06/2026;CONSUMOS;2200;2200;hoja(s);0.344751;C12-25H;
CARTULINA;100300008;Cartulina Husky -- C-12 270 gramos 25 x 36;9/06/2026;CONSUMOS;1300;1300;hoja(s);0.203716;C12-25H;
CARTULINA;100300009;Cartulina Husky -- C-12 270 gramos 25 x 38;4/06/2026;CONSUMOS;35;35;hoja(s);0.00579;C12-25H;
CARTULINA;100300009;Cartulina Husky -- C-12 270 gramos 25 x 38;10/06/2026;INGRESOS;1000;1000;hoja(s);0.165449;C12-25H;
CARTULINA;100300009;Cartulina Husky -- C-12 270 gramos 25 x 38;16/06/2026;CONSUMOS;300;300;hoja(s);0.049634;C12-25H;
CARTULINA;100300009;Cartulina Husky -- C-12 270 gramos 25 x 38;16/06/2026;CONSUMOS;700;700;hoja(s);0.115814;C12-25H;
CARTULINA;100300010;Cartulina Husky -- C-12 270 gramos 30 x 40;5/06/2026;INGRESOS;38500;38500;hoja(s);8.047725;C12-30H;
CARTULINA;100300010;Cartulina Husky -- C-12 270 gramos 30 x 40;16/06/2026;CONSUMOS;38500;38500;hoja(s);8.047725;C12-30H;
CARTULINA;100300011;Cartulina Husky -- C-14 300 gramos 25 x 38;4/06/2026;CONSUMOS;55;55;hoja(s);0.01011;C14-25H;
CARTULINA;100300011;Cartulina Husky -- C-14 300 gramos 25 x 38;4/06/2026;CONSUMOS;78;78;hoja(s);0.014338;C14-25H;
CARTULINA;100300011;Cartulina Husky -- C-14 300 gramos 25 x 38;4/06/2026;CONSUMOS;38;38;hoja(s);0.006985;C14-25H;
CARTULINA;100300011;Cartulina Husky -- C-14 300 gramos 25 x 38;16/06/2026;INGRESOS;13100;13100;hoja(s);2.408205;C14-25H;
CARTULINA;100300011;Cartulina Husky -- C-14 300 gramos 25 x 38;16/06/2026;CONSUMOS;54;54;hoja(s);0.009926;C14-25H;
CARTULINA;100300011;Cartulina Husky -- C-14 300 gramos 25 x 38;16/06/2026;CONSUMOS;300;300;hoja(s);0.055149;C14-25H;
CARTULINA;100300012;Cartulina Husky -- C-14 300 gramos 30 x 40;1/06/2026;INGRESOS;8200;8200;hoja(s);1.904512;C14-30H;
CARTULINA;100300012;Cartulina Husky -- C-14 300 gramos 30 x 40;2/06/2026;CONSUMOS;6900;6900;hoja(s);1.602577;C14-30H;
CARTULINA;100300012;Cartulina Husky -- C-14 300 gramos 30 x 40;2/06/2026;CONSUMOS;1300;1300;hoja(s);0.301934;C14-30H;
CARTULINA;100300013;Cartulina Husky -- C-16 350 gramos 25 x 38;2/06/2026;CONSUMOS;350;350;hoja(s);0.075064;C16-25H;
CARTULINA;100300013;Cartulina Husky -- C-16 350 gramos 25 x 38;9/06/2026;CONSUMOS;100;100;hoja(s);0.021447;C16-25H;
CARTULINA;100300013;Cartulina Husky -- C-16 350 gramos 25 x 38;9/06/2026;CONSUMOS;800;800;hoja(s);0.171577;C16-25H;
CARTULINA;100300013;Cartulina Husky -- C-16 350 gramos 25 x 38;24/06/2026;CONSUMOS;54;54;hoja(s);0.011581;C16-25H;
CARTULINA;100300013;Cartulina Husky -- C-16 350 gramos 25 x 38;24/06/2026;CONSUMOS;750;750;hoja(s);0.160853;C16-25H;
CARTULINA;100300013;Cartulina Husky -- C-16 350 gramos 25 x 38;24/06/2026;CONSUMOS;1000;1000;hoja(s);0.214471;C16-25H;
CARTULINA;100300014;Cartulina Husky -- C-18 400 gramos 25 x 38;9/06/2026;INGRESOS;500;500;hoja(s);0.122555;C18-25H;
CARTULINA;100300014;Cartulina Husky -- C-18 400 gramos 25 x 38;9/06/2026;CONSUMOS;500;500;hoja(s);0.122555;C18-25H;
CARTULINA;100300157;Cartulina Texcote -- C-12 210 gramos 35.25 x 29;16/06/2026;CONSUMOS;1050;1050;hoja(s);0.145247;C12-35.3;
CARTULINA;100300157;Cartulina Texcote -- C-12 210 gramos 35.25 x 29;16/06/2026;CONSUMOS;1050;1050;hoja(s);0.145247;C12-35.3;
CARTULINA;100300157;Cartulina Texcote -- C-12 210 gramos 35.25 x 29;16/06/2026;CONSUMOS;150;150;hoja(s);0.020749;C12-35.3;
CARTULINA;100300160;Cartulina FBB Zenith LOCAL -- C-12 215 gramos 25 x 38;10/06/2026;INGRESOS;700;700;hoja(s);0.092222;C12-25;
CARTULINA;100300160;Cartulina FBB Zenith LOCAL -- C-12 215 gramos 25 x 38;16/06/2026;CONSUMOS;700;700;hoja(s);0.092222;C12-25;
CARTULINA;100300162;Cartulina FBB Zenith LOCAL -- C-12 215 gramos 30 x 40;16/06/2026;CONSUMOS;100;100;hoja(s);0.016645;C12-30;
CARTULINA;100300298;Cartulina FBB Zenith LOCAL -- C-14 235 gramos 25 x 38;2/06/2026;CONSUMOS;9100;9100;hoja(s);1.310419;C14-25;
CARTULINA;100300298;Cartulina FBB Zenith LOCAL -- C-14 235 gramos 25 x 38;24/06/2026;CONSUMOS;1445;1445;hoja(s);0.208083;C14-25;
CARTULINA;100300298;Cartulina FBB Zenith LOCAL -- C-14 235 gramos 25 x 38;25/06/2026;CONSUMOS;100;100;hoja(s);0.0144;C14-25;
CARTULINA;100300754;Cartulina FBB Zenith LOCAL -- C-16 270 gramos 30 x 40;5/06/2026;INGRESOS;6100;6100;hoja(s);1.275094;C16-30;
CARTULINA;100300754;Cartulina FBB Zenith LOCAL -- C-16 270 gramos 30 x 40;9/06/2026;CONSUMOS;925;925;hoja(s);0.193354;C16-30;
CARTULINA;100300754;Cartulina FBB Zenith LOCAL -- C-16 270 gramos 30 x 40;9/06/2026;CONSUMOS;6100;6100;hoja(s);1.275094;C16-30;
CARTULINA;100300754;Cartulina FBB Zenith LOCAL -- C-16 270 gramos 30 x 40;16/06/2026;INGRESOS;6300;6300;hoja(s);1.3169;C16-30;
CARTULINA;100300754;Cartulina FBB Zenith LOCAL -- C-16 270 gramos 30 x 40;25/06/2026;CONSUMOS;7175;7175;hoja(s);1.499803;C16-30;
CARTULINA;100300996;Cartulina FBB Zenith LOCAL -- C-18 295 gramos 25 x 36;10/06/2026;INGRESOS;2500;2500;hoja(s);0.428037;C18-25;
CARTULINA;100300996;Cartulina FBB Zenith LOCAL -- C-18 295 gramos 25 x 36;16/06/2026;INGRESOS;15100;15100;hoja(s);2.585347;C18-25;
CARTULINA;100300996;Cartulina FBB Zenith LOCAL -- C-18 295 gramos 25 x 36;24/06/2026;CONSUMOS;2500;2500;hoja(s);0.428037;C18-25;
CARTULINA;100300996;Cartulina FBB Zenith LOCAL -- C-18 295 gramos 25 x 36;24/06/2026;CONSUMOS;15100;15100;hoja(s);2.585347;C18-25;
CARTULINA;100301001;Cartulina FBB Zenith LOCAL -- C-18 295 gramos 25 x 38;2/06/2026;INGRESOS;11000;11000;hoja(s);1.988454;C18-25;
CARTULINA;100301001;Cartulina FBB Zenith LOCAL -- C-18 295 gramos 25 x 38;9/06/2026;CONSUMOS;11000;11000;hoja(s);1.988454;C18-25;
CARTULINA;100301001;Cartulina FBB Zenith LOCAL -- C-18 295 gramos 25 x 38;10/06/2026;INGRESOS;26500;26500;hoja(s);4.790368;C18-25;
CARTULINA;100301001;Cartulina FBB Zenith LOCAL -- C-18 295 gramos 25 x 38;16/06/2026;CONSUMOS;21500;21500;hoja(s);3.886525;C18-25;
CARTULINA;100301001;Cartulina FBB Zenith LOCAL -- C-18 295 gramos 25 x 38;24/06/2026;INGRESOS;39300;39300;hoja(s);7.104206;C18-25;
CARTULINA;100301001;Cartulina FBB Zenith LOCAL -- C-18 295 gramos 25 x 38;24/06/2026;CONSUMOS;26500;26500;hoja(s);4.790368;C18-25;
CARTULINA;100301046;Cartulina FBB Zenith LOCAL -- C-18 295 gramos 30 x 40;1/06/2026;INGRESOS;700;700;hoja(s);0.15987;C18-30;
CARTULINA;100301046;Cartulina FBB Zenith LOCAL -- C-18 295 gramos 30 x 40;2/06/2026;INGRESOS;11900;11900;hoja(s);2.717801;C18-30;
CARTULINA;100301046;Cartulina FBB Zenith LOCAL -- C-18 295 gramos 30 x 40;2/06/2026;INGRESOS;1000;1000;hoja(s);0.228386;C18-30;
CARTULINA;100301046;Cartulina FBB Zenith LOCAL -- C-18 295 gramos 30 x 40;2/06/2026;INGRESOS;50700;50700;hoja(s);11.579202;C18-30;
CARTULINA;100301046;Cartulina FBB Zenith LOCAL -- C-18 295 gramos 30 x 40;2/06/2026;CONSUMOS;6300;6300;hoja(s);1.438835;C18-30;
CARTULINA;100301046;Cartulina FBB Zenith LOCAL -- C-18 295 gramos 30 x 40;2/06/2026;CONSUMOS;10200;10200;hoja(s);2.329543;C18-30;
CARTULINA;100301046;Cartulina FBB Zenith LOCAL -- C-18 295 gramos 30 x 40;2/06/2026;CONSUMOS;2425;2425;hoja(s);0.553837;C18-30;
CARTULINA;100301046;Cartulina FBB Zenith LOCAL -- C-18 295 gramos 30 x 40;2/06/2026;CONSUMOS;13360;13360;hoja(s);3.051245;C18-30;
CARTULINA;100301046;Cartulina FBB Zenith LOCAL -- C-18 295 gramos 30 x 40;2/06/2026;CONSUMOS;32505;32505;hoja(s);7.423707;C18-30;
CARTULINA;100301046;Cartulina FBB Zenith LOCAL -- C-18 295 gramos 30 x 40;2/06/2026;CONSUMOS;700;700;hoja(s);0.15987;C18-30;
CARTULINA;100301046;Cartulina FBB Zenith LOCAL -- C-18 295 gramos 30 x 40;3/06/2026;INGRESOS;39200;39200;hoja(s);8.952756;C18-30;
CARTULINA;100301046;Cartulina FBB Zenith LOCAL -- C-18 295 gramos 30 x 40;3/06/2026;INGRESOS;12600;12600;hoja(s);2.877671;C18-30;
CARTULINA;100301046;Cartulina FBB Zenith LOCAL -- C-18 295 gramos 30 x 40;4/06/2026;CONSUMOS;38825;38825;hoja(s);8.867111;C18-30;
CARTULINA;100301046;Cartulina FBB Zenith LOCAL -- C-18 295 gramos 30 x 40;4/06/2026;CONSUMOS;5075;5075;hoja(s);1.159062;C18-30;
CARTULINA;100301046;Cartulina FBB Zenith LOCAL -- C-18 295 gramos 30 x 40;5/06/2026;INGRESOS;16500;16500;hoja(s);3.768379;C18-30;
CARTULINA;100301046;Cartulina FBB Zenith LOCAL -- C-18 295 gramos 30 x 40;9/06/2026;INGRESOS;5300;5300;hoja(s);1.210449;C18-30;
CARTULINA;100301046;Cartulina FBB Zenith LOCAL -- C-18 295 gramos 30 x 40;9/06/2026;CONSUMOS;300;300;hoja(s);0.068515;C18-30;
CARTULINA;100301046;Cartulina FBB Zenith LOCAL -- C-18 295 gramos 30 x 40;9/06/2026;CONSUMOS;760;760;hoja(s);0.173573;C18-30;
CARTULINA;100301046;Cartulina FBB Zenith LOCAL -- C-18 295 gramos 30 x 40;9/06/2026;CONSUMOS;565;565;hoja(s);0.129038;C18-30;
CARTULINA;100301046;Cartulina FBB Zenith LOCAL -- C-18 295 gramos 30 x 40;9/06/2026;CONSUMOS;2700;2700;hoja(s);0.616643;C18-30;
CARTULINA;100301046;Cartulina FBB Zenith LOCAL -- C-18 295 gramos 30 x 40;16/06/2026;CONSUMOS;6750;6750;hoja(s);1.541609;C18-30;
CARTULINA;100301046;Cartulina FBB Zenith LOCAL -- C-18 295 gramos 30 x 40;16/06/2026;CONSUMOS;3100;3100;hoja(s);0.707998;C18-30;
CARTULINA;100301046;Cartulina FBB Zenith LOCAL -- C-18 295 gramos 30 x 40;16/06/2026;INGRESOS;8600;8600;hoja(s);1.964125;C18-30;
CARTULINA;100301046;Cartulina FBB Zenith LOCAL -- C-18 295 gramos 30 x 40;16/06/2026;INGRESOS;7000;7000;hoja(s);1.598706;C18-30;
CARTULINA;100301046;Cartulina FBB Zenith LOCAL -- C-18 295 gramos 30 x 40;24/06/2026;CONSUMOS;16420;16420;hoja(s);3.750108;C18-30;
CARTULINA;100301046;Cartulina FBB Zenith LOCAL -- C-18 295 gramos 30 x 40;24/06/2026;CONSUMOS;2030;2030;hoja(s);0.463624;C18-30;
CARTULINA;100301046;Cartulina FBB Zenith LOCAL -- C-18 295 gramos 30 x 40;25/06/2026;INGRESOS;15400;15400;hoja(s);3.517154;C18-30;
CARTULINA;100301046;Cartulina FBB Zenith LOCAL -- C-18 295 gramos 30 x 40;25/06/2026;CONSUMOS;18000;18000;hoja(s);4.110959;C18-30;
CARTULINA;100301262;Cartulina FBB Zenith LOCAL -- C-20 325 gramos 30 x 40;2/06/2026;INGRESOS;4900;4900;hoja(s);1.2329;C20-30;
CARTULINA;100301262;Cartulina FBB Zenith LOCAL -- C-20 325 gramos 30 x 40;17/06/2026;INGRESOS;7700;7700;hoja(s);1.937415;C20-30;
CARTULINA;100301262;Cartulina FBB Zenith LOCAL -- C-20 325 gramos 30 x 40;24/06/2026;CONSUMOS;7700;7700;hoja(s);1.937415;C20-30;
CARTULINA;100301343;Cartulina FBB Zenith LOCAL -- C-22 360 gramos 25 x 38;2/06/2026;INGRESOS;2500;2500;hoja(s);0.551497;C22-25;
CARTULINA;100301343;Cartulina FBB Zenith LOCAL -- C-22 360 gramos 25 x 38;2/06/2026;CONSUMOS;100;100;hoja(s);0.022059;C22-25;
CARTULINA;100301343;Cartulina FBB Zenith LOCAL -- C-22 360 gramos 25 x 38;16/06/2026;CONSUMOS;2800;2800;hoja(s);0.617677;C22-25;
CARTULINA;100301343;Cartulina FBB Zenith LOCAL -- C-22 360 gramos 25 x 38;17/06/2026;INGRESOS;2800;2800;hoja(s);0.617677;C22-25;
CARTULINA;100301343;Cartulina FBB Zenith LOCAL -- C-22 360 gramos 25 x 38;24/06/2026;CONSUMOS;3000;3000;hoja(s);0.661797;C22-25;
CARTULINA;100301825;Rollo Cartulina ASIA SYMBOL C-16 270 g ancho 28.5;4/06/2026;CONSUMOS;1471;1471;METROS;0.287153;C16-29;
CARTULINA;100301825;Rollo Cartulina ASIA SYMBOL C-16 270 g ancho 28.5;4/06/2026;CONSUMOS;1455;1455;METROS;0.28403;C16-29;
CARTULINA;100301825;Rollo Cartulina ASIA SYMBOL C-16 270 g ancho 28.5;4/06/2026;CONSUMOS;330;330;METROS;0.064419;C16-29;
CARTULINA;100301825;Rollo Cartulina ASIA SYMBOL C-16 270 g ancho 28.5;4/06/2026;CONSUMOS;439;439;METROS;0.085697;C16-29;
CARTULINA;100301825;Rollo Cartulina ASIA SYMBOL C-16 270 g ancho 28.5;4/06/2026;CONSUMOS;3908;3908;METROS;0.76288;C16-29;
CARTULINA;100301825;Rollo Cartulina ASIA SYMBOL C-16 270 g ancho 28.5;4/06/2026;CONSUMOS;1053;1053;METROS;0.205556;C16-29;
CARTULINA;100301825;Rollo Cartulina ASIA SYMBOL C-16 270 g ancho 28.5;4/06/2026;CONSUMOS;1044;1044;METROS;0.203799;C16-29;
CARTULINA;100301825;Rollo Cartulina ASIA SYMBOL C-16 270 g ancho 28.5;4/06/2026;CONSUMOS;2480;2480;METROS;0.48412;C16-29;
CARTULINA;100301825;Rollo Cartulina ASIA SYMBOL C-16 270 g ancho 28.5;4/06/2026;CONSUMOS;2475;2475;METROS;0.483144;C16-29;
CARTULINA;100301825;Rollo Cartulina ASIA SYMBOL C-16 270 g ancho 28.5;4/06/2026;CONSUMOS;963;963;METROS;0.187987;C16-29;
CARTULINA;100301825;Rollo Cartulina ASIA SYMBOL C-16 270 g ancho 28.5;4/06/2026;CONSUMOS;798;798;METROS;0.155777;C16-29;
CARTULINA;100301825;Rollo Cartulina ASIA SYMBOL C-16 270 g ancho 28.5;4/06/2026;CONSUMOS;1829;1829;METROS;0.357039;C16-29;
CARTULINA;100301825;Rollo Cartulina ASIA SYMBOL C-16 270 g ancho 28.5;4/06/2026;CONSUMOS;1830;1830;METROS;0.357234;C16-29;
CARTULINA;100301825;Rollo Cartulina ASIA SYMBOL C-16 270 g ancho 28.5;4/06/2026;CONSUMOS;8473;8473;METROS;1.654014;C16-29;
CARTULINA;100301825;Rollo Cartulina ASIA SYMBOL C-16 270 g ancho 28.5;4/06/2026;CONSUMOS;2968;2968;METROS;0.579383;C16-29;
CARTULINA;100301825;Rollo Cartulina ASIA SYMBOL C-16 270 g ancho 28.5;4/06/2026;CONSUMOS;2200;2200;METROS;0.429462;C16-29;
CARTULINA;100301825;Rollo Cartulina ASIA SYMBOL C-16 270 g ancho 28.5;4/06/2026;CONSUMOS;3075;3075;METROS;0.60027;C16-29;
CARTULINA;100301825;Rollo Cartulina ASIA SYMBOL C-16 270 g ancho 28.5;4/06/2026;CONSUMOS;6177;6177;METROS;1.205812;C16-29;
CARTULINA;100301825;Rollo Cartulina ASIA SYMBOL C-16 270 g ancho 28.5;4/06/2026;CONSUMOS;2414;2414;METROS;0.471236;C16-29;
CARTULINA;100301825;Rollo Cartulina ASIA SYMBOL C-16 270 g ancho 28.5;9/06/2026;CONSUMOS;1541;1541;METROS;0.300818;C16-29;
CARTULINA;100301825;Rollo Cartulina ASIA SYMBOL C-16 270 g ancho 28.5;9/06/2026;CONSUMOS;1202;1202;METROS;0.234642;C16-29;
CARTULINA;100301825;Rollo Cartulina ASIA SYMBOL C-16 270 g ancho 28.5;9/06/2026;CONSUMOS;602;602;METROS;0.117516;C16-29;
CARTULINA;100301825;Rollo Cartulina ASIA SYMBOL C-16 270 g ancho 28.5;9/06/2026;CONSUMOS;690;690;METROS;0.134694;C16-29;
CARTULINA;100301825;Rollo Cartulina ASIA SYMBOL C-16 270 g ancho 28.5;10/06/2026;CONSUMOS;1976;1976;METROS;0.385734;C16-29;
CARTULINA;100301825;Rollo Cartulina ASIA SYMBOL C-16 270 g ancho 28.5;10/06/2026;CONSUMOS;2037;2037;METROS;0.397642;C16-29;
CARTULINA;100301825;Rollo Cartulina ASIA SYMBOL C-16 270 g ancho 28.5;10/06/2026;CONSUMOS;2512;2512;METROS;0.490367;C16-29;
CARTULINA;100301825;Rollo Cartulina ASIA SYMBOL C-16 270 g ancho 28.5;10/06/2026;CONSUMOS;2552;2552;METROS;0.498175;C16-29;
CARTULINA;100301825;Rollo Cartulina ASIA SYMBOL C-16 270 g ancho 28.5;10/06/2026;CONSUMOS;2563;2563;METROS;0.500323;C16-29;
CARTULINA;100301825;Rollo Cartulina ASIA SYMBOL C-16 270 g ancho 28.5;11/06/2026;CONSUMOS;2187;2187;METROS;0.426924;C16-29;
CARTULINA;100301825;Rollo Cartulina ASIA SYMBOL C-16 270 g ancho 28.5;11/06/2026;CONSUMOS;1545;1545;METROS;0.301599;C16-29;
CARTULINA;100301825;Rollo Cartulina ASIA SYMBOL C-16 270 g ancho 28.5;11/06/2026;CONSUMOS;893;893;METROS;0.174322;C16-29;
CARTULINA;100301825;Rollo Cartulina ASIA SYMBOL C-16 270 g ancho 28.5;11/06/2026;CONSUMOS;1952;1952;METROS;0.381049;C16-29;
CARTULINA;100301825;Rollo Cartulina ASIA SYMBOL C-16 270 g ancho 28.5;11/06/2026;CONSUMOS;1312;1312;METROS;0.256115;C16-29;
CARTULINA;100301825;Rollo Cartulina ASIA SYMBOL C-16 270 g ancho 28.5;11/06/2026;CONSUMOS;2963;2963;METROS;0.578407;C16-29;
CARTULINA;100301825;Rollo Cartulina ASIA SYMBOL C-16 270 g ancho 28.5;11/06/2026;CONSUMOS;6025;6025;METROS;1.17614;C16-29;
CARTULINA;100301825;Rollo Cartulina ASIA SYMBOL C-16 270 g ancho 28.5;11/06/2026;CONSUMOS;1559;1559;METROS;0.304332;C16-29;
CARTULINA;100301825;Rollo Cartulina ASIA SYMBOL C-16 270 g ancho 28.5;12/06/2026;CONSUMOS;1806;1806;METROS;0.352549;C16-29;
CARTULINA;100301825;Rollo Cartulina ASIA SYMBOL C-16 270 g ancho 28.5;16/06/2026;CONSUMOS;708;708;METROS;0.138208;C16-29;
CARTULINA;100301825;Rollo Cartulina ASIA SYMBOL C-16 270 g ancho 28.5;16/06/2026;CONSUMOS;1376;1376;METROS;0.268608;C16-29;
CARTULINA;100301825;Rollo Cartulina ASIA SYMBOL C-16 270 g ancho 28.5;16/06/2026;CONSUMOS;756;756;METROS;0.147578;C16-29;
CARTULINA;100301825;Rollo Cartulina ASIA SYMBOL C-16 270 g ancho 28.5;16/06/2026;CONSUMOS;1138;1138;METROS;0.222148;C16-29;
CARTULINA;100301825;Rollo Cartulina ASIA SYMBOL C-16 270 g ancho 28.5;18/06/2026;CONSUMOS;2830;2830;METROS;0.552444;C16-29;
CARTULINA;100301825;Rollo Cartulina ASIA SYMBOL C-16 270 g ancho 28.5;24/06/2026;CONSUMOS;710;710;METROS;0.138599;C16-29;
CARTULINA;100301825;Rollo Cartulina ASIA SYMBOL C-16 270 g ancho 28.5;24/06/2026;CONSUMOS;979;979;METROS;0.19111;C16-29;
CARTULINA;100301825;Rollo Cartulina ASIA SYMBOL C-16 270 g ancho 28.5;24/06/2026;CONSUMOS;1347;1347;METROS;0.262947;C16-29;
CARTULINA;100301825;Rollo Cartulina ASIA SYMBOL C-16 270 g ancho 28.5;24/06/2026;CONSUMOS;5869;5869;METROS;1.145687;C16-29;
CARTULINA;100301825;Rollo Cartulina ASIA SYMBOL C-16 270 g ancho 28.5;24/06/2026;CONSUMOS;2271;2271;METROS;0.443321;C16-29;
CARTULINA;100301825;Rollo Cartulina ASIA SYMBOL C-16 270 g ancho 28.5;24/06/2026;CONSUMOS;2269;2269;METROS;0.442931;C16-29;
CARTULINA;100301825;Rollo Cartulina ASIA SYMBOL C-16 270 g ancho 28.5;24/06/2026;CONSUMOS;10659;10659;METROS;2.080743;C16-29;
CARTULINA;100301825;Rollo Cartulina ASIA SYMBOL C-16 270 g ancho 28.5;24/06/2026;CONSUMOS;2780;2780;METROS;0.542683;C16-29;
CARTULINA;100301825;Rollo Cartulina ASIA SYMBOL C-16 270 g ancho 28.5;24/06/2026;CONSUMOS;503;503;METROS;0.09819;C16-29;
CARTULINA;100301825;Rollo Cartulina ASIA SYMBOL C-16 270 g ancho 28.5;24/06/2026;CONSUMOS;3410;3410;METROS;0.665666;C16-29;
CARTULINA;100301825;Rollo Cartulina ASIA SYMBOL C-16 270 g ancho 28.5;26/06/2026;CONSUMOS;1032;1032;METROS;0.201456;C16-29;
CARTULINA;100301825;Rollo Cartulina ASIA SYMBOL C-16 270 g ancho 28.5;26/06/2026;CONSUMOS;4807;4807;METROS;0.938374;C16-29;
CARTULINA;100301825;Rollo Cartulina ASIA SYMBOL C-16 270 g ancho 28.5;26/06/2026;CONSUMOS;2242;2242;METROS;0.43766;C16-29;
CARTULINA;100301825;Rollo Cartulina ASIA SYMBOL C-16 270 g ancho 28.5;26/06/2026;CONSUMOS;5430;5430;METROS;1.05999;C16-29;
CARTULINA;100301825;Rollo Cartulina ASIA SYMBOL C-16 270 g ancho 28.5;26/06/2026;CONSUMOS;1837;1837;METROS;0.3586;C16-29;
CARTULINA;100301825;Rollo Cartulina ASIA SYMBOL C-16 270 g ancho 28.5;26/06/2026;CONSUMOS;1163;1163;METROS;0.227029;C16-29;
CARTULINA;100301825;Rollo Cartulina ASIA SYMBOL C-16 270 g ancho 28.5;26/06/2026;CONSUMOS;133;133;METROS;0.025962;C16-29;
CARTULINA;100301825;Rollo Cartulina ASIA SYMBOL C-16 270 g ancho 28.5;26/06/2026;CONSUMOS;1746;1746;METROS;0.340836;C16-29;
CARTULINA;100301825;Rollo Cartulina ASIA SYMBOL C-16 270 g ancho 28.5;26/06/2026;CONSUMOS;674;674;METROS;0.131571;C16-29;
CARTULINA;100301825;Rollo Cartulina ASIA SYMBOL C-16 270 g ancho 28.5;26/06/2026;CONSUMOS;582;582;METROS;0.113612;C16-29;
CARTULINA;100301825;Rollo Cartulina ASIA SYMBOL C-16 270 g ancho 28.5;26/06/2026;CONSUMOS;1739;1739;METROS;0.33947;C16-29;
CARTULINA;100301825;Rollo Cartulina ASIA SYMBOL C-16 270 g ancho 28.5;26/06/2026;CONSUMOS;232;232;METROS;0.045288;C16-29;
CARTULINA;100301834;Rollo Cartulina ASIA SYMBOL C-16 270 g ancho 29;4/06/2026;CONSUMOS;654;654;METROS;0.129962;C16-29;
CARTULINA;100301834;Rollo Cartulina ASIA SYMBOL C-16 270 g ancho 29;4/06/2026;CONSUMOS;873;873;METROS;0.173482;C16-29;
CARTULINA;100301834;Rollo Cartulina ASIA SYMBOL C-16 270 g ancho 29;4/06/2026;CONSUMOS;2315;2315;METROS;0.460036;C16-29;
CARTULINA;100301834;Rollo Cartulina ASIA SYMBOL C-16 270 g ancho 29;4/06/2026;CONSUMOS;2473;2473;METROS;0.491434;C16-29;
CARTULINA;100301834;Rollo Cartulina ASIA SYMBOL C-16 270 g ancho 29;24/06/2026;CONSUMOS;278;278;METROS;0.055244;C16-29;
CARTULINA;100301851;Rollo Cartulina ALASKA BRIGHT --  C - 16 270 g ancho 28.5;3/06/2026;CONSUMOS;10284;10284;METROS;2.010316;C16-29;
CARTULINA;100301856;Rollo Cartulina OBAFREE --  C - 18 265 g ancho 23;18/06/2026;CONSUMOS;23574;23574;METROS;3.648312;C18-23;
CARTULINA;100301856;Rollo Cartulina OBAFREE --  C - 18 265 g ancho 23;18/06/2026;CONSUMOS;10442;10442;METROS;1.616003;C18-23;
CARTULINA;100301863;Rollo Cartulina ASIA SYMBOL C-14 235 g ancho 29;24/06/2026;CONSUMOS;1702;1702;METROS;0.294377;C14-29;
CARTULINA;100301863;Rollo Cartulina ASIA SYMBOL C-14 235 g ancho 29;24/06/2026;CONSUMOS;58;58;METROS;0.010031;C14-29;
CARTULINA;100301866;Cartulina FBB Poplar -- C-16 255 gramos 27 x 34.5 (29-89);2/06/2026;CONSUMOS;1660;1660;hoja(s);0.254005;C16-27;
CARTULINA;100301869;Rollo Cartulina DUPLEX MIRABELL --  C - 17 320 g ancho 22;18/06/2026;CONSUMOS;26968;26968;METROS;4.815406;COLGATE-150;
CARTULINA;100301908;Rollo Cartulina Nine Dragons C - 13.6 215 g ancho 25 (29-89);1/06/2026;CONSUMOS;2501;2501;METROS;0.341449;C13.6-25;
CARTULINA;100301908;Rollo Cartulina Nine Dragons C - 13.6 215 g ancho 25 (29-89);1/06/2026;CONSUMOS;516;516;METROS;0.070446;C13.6-25;
CARTULINA;100301908;Rollo Cartulina Nine Dragons C - 13.6 215 g ancho 25 (29-89);1/06/2026;CONSUMOS;389;389;METROS;0.053108;C13.6-25;
CARTULINA;100301908;Rollo Cartulina Nine Dragons C - 13.6 215 g ancho 25 (29-89);3/06/2026;CONSUMOS;196;196;METROS;0.026758;C13.6-25;
CARTULINA;100301908;Rollo Cartulina Nine Dragons C - 13.6 215 g ancho 25 (29-89);5/06/2026;CONSUMOS;73984;73984;METROS;10.100665;C13.6-25;
CARTULINA;100301908;Rollo Cartulina Nine Dragons C - 13.6 215 g ancho 25 (29-89);5/06/2026;CONSUMOS;1378;1378;METROS;0.188131;C13.6-25;
CARTULINA;100301908;Rollo Cartulina Nine Dragons C - 13.6 215 g ancho 25 (29-89);5/06/2026;CONSUMOS;8936;8936;METROS;1.219987;C13.6-25;
CARTULINA;100301908;Rollo Cartulina Nine Dragons C - 13.6 215 g ancho 25 (29-89);9/06/2026;CONSUMOS;390;390;METROS;0.053244;C13.6-25;
CARTULINA;100301908;Rollo Cartulina Nine Dragons C - 13.6 215 g ancho 25 (29-89);9/06/2026;CONSUMOS;432;432;METROS;0.058978;C13.6-25;
CARTULINA;100301908;Rollo Cartulina Nine Dragons C - 13.6 215 g ancho 25 (29-89);10/06/2026;CONSUMOS;2293;2293;METROS;0.313051;C13.6-25;
CARTULINA;100301908;Rollo Cartulina Nine Dragons C - 13.6 215 g ancho 25 (29-89);10/06/2026;CONSUMOS;6479;6479;METROS;0.884545;C13.6-25;
CARTULINA;100301908;Rollo Cartulina Nine Dragons C - 13.6 215 g ancho 25 (29-89);10/06/2026;CONSUMOS;1398;1398;METROS;0.190861;C13.6-25;
CARTULINA;100301908;Rollo Cartulina Nine Dragons C - 13.6 215 g ancho 25 (29-89);12/06/2026;CONSUMOS;1144;1144;METROS;0.156184;C13.6-25;
CARTULINA;100301908;Rollo Cartulina Nine Dragons C - 13.6 215 g ancho 25 (29-89);12/06/2026;CONSUMOS;25966;25966;METROS;3.545008;C13.6-25;
CARTULINA;100301908;Rollo Cartulina Nine Dragons C - 13.6 215 g ancho 25 (29-89);15/06/2026;CONSUMOS;2769;2769;METROS;0.378037;C13.6-25;
CARTULINA;100301908;Rollo Cartulina Nine Dragons C - 13.6 215 g ancho 25 (29-89);15/06/2026;CONSUMOS;4011;4011;METROS;0.547601;C13.6-25;
CARTULINA;100301908;Rollo Cartulina Nine Dragons C - 13.6 215 g ancho 25 (29-89);26/06/2026;CONSUMOS;7967;7967;METROS;1.087694;C13.6-25;
CARTULINA;100301909;Rollo Cartulina Nine Dragons C - 13.6 215 g ancho 30 (29-89);16/06/2026;CONSUMOS;24969;24969;METROS;4.090671;C13.6-30;
CARTULINA;100301909;Rollo Cartulina Nine Dragons C - 13.6 215 g ancho 30 (29-89);19/06/2026;CONSUMOS;1670;1670;METROS;0.273596;C13.6-30;
CARTULINA;100301909;Rollo Cartulina Nine Dragons C - 13.6 215 g ancho 30 (29-89);19/06/2026;CONSUMOS;18400;18400;METROS;3.014472;C13.6-30;
CARTULINA;100301917;Rollo Cartulina Nine Dragons C - 16.3 255 g ancho 25 (29-89);3/06/2026;CONSUMOS;1721;1721;METROS;0.278672;C16.3-25;
CARTULINA;100301917;Rollo Cartulina Nine Dragons C - 16.3 255 g ancho 25 (29-89);4/06/2026;CONSUMOS;1413;1413;METROS;0.2288;C16.3-25;
CARTULINA;100301917;Rollo Cartulina Nine Dragons C - 16.3 255 g ancho 25 (29-89);4/06/2026;CONSUMOS;1654;1654;METROS;0.267823;C16.3-25;
CARTULINA;100301917;Rollo Cartulina Nine Dragons C - 16.3 255 g ancho 25 (29-89);9/06/2026;CONSUMOS;1257;1257;METROS;0.203539;C16.3-25;
CARTULINA;100301917;Rollo Cartulina Nine Dragons C - 16.3 255 g ancho 25 (29-89);10/06/2026;CONSUMOS;522;522;METROS;0.084524;C16.3-25;
CARTULINA;100301917;Rollo Cartulina Nine Dragons C - 16.3 255 g ancho 25 (29-89);10/06/2026;CONSUMOS;445;445;METROS;0.072056;C16.3-25;
CARTULINA;100301917;Rollo Cartulina Nine Dragons C - 16.3 255 g ancho 25 (29-89);19/06/2026;CONSUMOS;16474;16474;METROS;2.667552;C16.3-25;
CARTULINA;100301917;Rollo Cartulina Nine Dragons C - 16.3 255 g ancho 25 (29-89);19/06/2026;CONSUMOS;3804;3804;METROS;0.615962;C16.3-25;
CARTULINA;100301917;Rollo Cartulina Nine Dragons C - 16.3 255 g ancho 25 (29-89);24/06/2026;CONSUMOS;3753;3753;METROS;0.607704;C16.3-25;
CARTULINA;100301917;Rollo Cartulina Nine Dragons C - 16.3 255 g ancho 25 (29-89);24/06/2026;CONSUMOS;965;965;METROS;0.156257;C16.3-25;
CARTULINA;100301917;Rollo Cartulina Nine Dragons C - 16.3 255 g ancho 25 (29-89);24/06/2026;CONSUMOS;3788;3788;METROS;0.613371;C16.3-25;
CARTULINA;100301917;Rollo Cartulina Nine Dragons C - 16.3 255 g ancho 25 (29-89);24/06/2026;CONSUMOS;915;915;METROS;0.148161;C16.3-25;
CARTULINA;100301917;Rollo Cartulina Nine Dragons C - 16.3 255 g ancho 25 (29-89);24/06/2026;CONSUMOS;1755;1755;METROS;0.284178;C16.3-25;
CARTULINA;100301917;Rollo Cartulina Nine Dragons C - 16.3 255 g ancho 25 (29-89);26/06/2026;CONSUMOS;1086;1086;METROS;0.17585;C16.3-25;
CARTULINA;100301918;Rollo Cartulina Nine Dragons C - 16.3 255 g ancho 27 (29-89);19/06/2026;CONSUMOS;7136;7136;METROS;1.24648;C16.3-27;
CARTULINA;100301921;Rollo Cartulina DUPLEX MIRABELL --  C - 17 320 g ancho 23.5;18/06/2026;CONSUMOS;8978;8978;METROS;1.723776;COLGATE-150;
CARTULINA;100301926;Rollo Cartulina ASIA SYMBOL C-19 310 g ancho 25 (29-89);3/06/2026;CONSUMOS;1986;1986;METROS;0.390944;C19-25;
CARTULINA;100301926;Rollo Cartulina ASIA SYMBOL C-19 310 g ancho 25 (29-89);4/06/2026;CONSUMOS;1573;1573;METROS;0.309645;C19-25;
CARTULINA;100301931;Rollo Cartulina Policote 1PE0/15 C-13.5 225g ancho 23.5 REGIONAL;19/06/2026;INGRESOS;56294;56294;METROS;7.549025;POLICOTE;
CARTULINA;100301931;Rollo Cartulina Policote 1PE0/15 C-13.5 225g ancho 23.5 REGIONAL;25/06/2026;CONSUMOS;48470;48470;METROS;6.499827;POLICOTE;
CARTULINA;100301933;Rollo Cartulina Policote 1PE0/15 C-13.5 225g ancho 36.5 REGIONAL;19/06/2026;INGRESOS;47607;47607;METROS;9.92963;POLICOTE;
CARTULINA;100301933;Rollo Cartulina Policote 1PE0/15 C-13.5 225g ancho 36.5 REGIONAL;25/06/2026;CONSUMOS;45319;45319;METROS;9.45241;POLICOTE;
CARTULINA;100304524;Cartulina SPARK C-14 220 gr 30 X 40;3/06/2026;INGRESOS;3000;3000;Pliego(s);0.510966;Spark;
CARTULINA;100304524;Cartulina SPARK C-14 220 gr 30 X 40;4/06/2026;CONSUMOS;3000;3000;Pliego(s);0.510966;Spark;
CARTULINA;100304525;Cartulina SPARK C-18 270 gr 30 X 40;2/06/2026;CONSUMOS;1700;1700;Pliego(s);0.355354;Spark;
CARTULINA;100304525;Cartulina SPARK C-18 270 gr 30 X 40;2/06/2026;CONSUMOS;500;500;Pliego(s);0.104515;Spark;
CARTULINA;100304527;Cartulina SPARK C-18 270 gr 25 X 38;1/06/2026;INGRESOS;1300;1300;Pliego(s);0.215084;Spark;
CARTULINA;100304527;Cartulina SPARK C-18 270 gr 25 X 38;2/06/2026;INGRESOS;4500;4500;Pliego(s);0.744521;Spark;
CARTULINA;100304527;Cartulina SPARK C-18 270 gr 25 X 38;2/06/2026;INGRESOS;2300;2300;Pliego(s);0.380533;Spark;
CARTULINA;100304527;Cartulina SPARK C-18 270 gr 25 X 38;2/06/2026;CONSUMOS;4500;4500;Pliego(s);0.744521;Spark;
CARTULINA;100304527;Cartulina SPARK C-18 270 gr 25 X 38;2/06/2026;CONSUMOS;300;300;Pliego(s);0.049634;Spark;
CARTULINA;100304527;Cartulina SPARK C-18 270 gr 25 X 38;2/06/2026;CONSUMOS;1300;1300;Pliego(s);0.215084;Spark;
CARTULINA;100304527;Cartulina SPARK C-18 270 gr 25 X 38;9/06/2026;INGRESOS;9300;9300;Pliego(s);1.538678;Spark;
CARTULINA;100304527;Cartulina SPARK C-18 270 gr 25 X 38;9/06/2026;CONSUMOS;650;650;Pliego(s);0.107542;Spark;
CARTULINA;100304527;Cartulina SPARK C-18 270 gr 25 X 38;16/06/2026;CONSUMOS;7300;7300;Pliego(s);1.207779;Spark;
CARTULINA;100304527;Cartulina SPARK C-18 270 gr 25 X 38;16/06/2026;CONSUMOS;1325;1325;Pliego(s);0.21922;Spark;
CARTULINA;100304527;Cartulina SPARK C-18 270 gr 25 X 38;25/06/2026;CONSUMOS;700;700;Pliego(s);0.115814;Spark;
CARTULINA;100304530;Cartulina SPARK C-20 295 gr 30 X 40;2/06/2026;INGRESOS;5300;5300;Pliego(s);1.210449;Spark;
CARTULINA;100304530;Cartulina SPARK C-20 295 gr 30 X 40;2/06/2026;INGRESOS;18100;18100;Pliego(s);4.133798;Spark;
CARTULINA;100304530;Cartulina SPARK C-20 295 gr 30 X 40;2/06/2026;CONSUMOS;18050;18050;Pliego(s);4.122378;Spark;
CARTULINA;100304530;Cartulina SPARK C-20 295 gr 30 X 40;2/06/2026;CONSUMOS;4750;4750;Pliego(s);1.084836;Spark;
CARTULINA;100304541;Rollo Cartulina ASIA SYMBOL C-12 230 g ancho 25;4/06/2026;CONSUMOS;616;616;METROS;0.089966;C12-25;
CARTULINA;100304541;Rollo Cartulina ASIA SYMBOL C-12 230 g ancho 25;16/06/2026;CONSUMOS;1149;1149;METROS;0.167811;C12-25;
PAPEL;100304543;Rollo Cartulina DUPLEX MIRABELL --  C - 16 300 g ancho 28;8/06/2026;CONSUMOS;23949;23949;METROS;5.108321;COLGATE-75;
PAPEL;100304543;Rollo Cartulina DUPLEX MIRABELL --  C - 16 300 g ancho 28;11/06/2026;CONSUMOS;49841;49841;METROS;10.631085;COLGATE-75;
CARTULINA;100304546;Rollo Cartulina DUPLEX MIRABELL --  C - 17 320 g ancho 21.5;8/06/2026;CONSUMOS;48221;48221;METROS;8.426716;COLGATE-125;
CARTULINA 29-89;100304547;Rollo Cartulina Spectra Natural -- C-18 267g ancho 27;17/06/2026;CONSUMOS;20266;20266;METROS;3.710878;BIMBO;
CARTULINA 29-89;100304547;Rollo Cartulina Spectra Natural -- C-18 267g ancho 27;17/06/2026;CONSUMOS;59564;59564;METROS;10.90668;BIMBO;
CARTULINA;100304563;Rollo Cartulina Nine Dragons C - 12 205 g ancho 25 (29-89);5/06/2026;CONSUMOS;3385;3385;METROS;0.440642;C12-25;
CARTULINA;100304563;Rollo Cartulina Nine Dragons C - 12 205 g ancho 25 (29-89);12/06/2026;CONSUMOS;6556;6556;METROS;0.853427;C12-25;
CARTULINA;100304563;Rollo Cartulina Nine Dragons C - 12 205 g ancho 25 (29-89);12/06/2026;CONSUMOS;4480;4480;METROS;0.583184;C12-25;
CARTULINA;100304565;Rollo Cartulina DEDICA FSC --  C - 13.5 225 g ancho 23.125;4/06/2026;CONSUMOS;8128;8128;Metro(s);1.073505;OLMECA;
CARTULINA;100304565;Rollo Cartulina DEDICA FSC --  C - 13.5 225 g ancho 23.125;4/06/2026;CONSUMOS;16407;16407;Metro(s);2.166954;OLMECA;
CARTULINA;100304565;Rollo Cartulina DEDICA FSC --  C - 13.5 225 g ancho 23.125;4/06/2026;CONSUMOS;8038;8038;Metro(s);1.061618;OLMECA;
CARTULINA;100304565;Rollo Cartulina DEDICA FSC --  C - 13.5 225 g ancho 23.125;4/06/2026;CONSUMOS;8000;8000;Metro(s);1.0566;OLMECA;
CARTULINA;100304565;Rollo Cartulina DEDICA FSC --  C - 13.5 225 g ancho 23.125;4/06/2026;CONSUMOS;8306;8306;Metro(s);1.097014;OLMECA;
CARTULINA;100304565;Rollo Cartulina DEDICA FSC --  C - 13.5 225 g ancho 23.125;11/06/2026;CONSUMOS;8088;8088;Metro(s);1.068222;OLMECA;
CARTULINA;100304565;Rollo Cartulina DEDICA FSC --  C - 13.5 225 g ancho 23.125;11/06/2026;CONSUMOS;24243;24243;Metro(s);3.201894;OLMECA;
CARTULINA;100304565;Rollo Cartulina DEDICA FSC --  C - 13.5 225 g ancho 23.125;11/06/2026;CONSUMOS;8221;8221;Metro(s);1.085788;OLMECA;
CARTULINA;100304565;Rollo Cartulina DEDICA FSC --  C - 13.5 225 g ancho 23.125;11/06/2026;CONSUMOS;31187;31187;Metro(s);4.119023;OLMECA;
CARTULINA;100304565;Rollo Cartulina DEDICA FSC --  C - 13.5 225 g ancho 23.125;11/06/2026;CONSUMOS;475;475;Metro(s);0.062735;OLMECA;
CARTULINA;100304565;Rollo Cartulina DEDICA FSC --  C - 13.5 225 g ancho 23.125;11/06/2026;CONSUMOS;475;475;Metro(s);0.062735;OLMECA;
CARTULINA;100304565;Rollo Cartulina DEDICA FSC --  C - 13.5 225 g ancho 23.125;11/06/2026;CONSUMOS;514;514;Metro(s);0.067886;OLMECA;
CARTULINA;100304565;Rollo Cartulina DEDICA FSC --  C - 13.5 225 g ancho 23.125;11/06/2026;CONSUMOS;514;514;Metro(s);0.067886;OLMECA;
CARTULINA;100304565;Rollo Cartulina DEDICA FSC --  C - 13.5 225 g ancho 23.125;11/06/2026;CONSUMOS;16312;16312;Metro(s);2.154407;OLMECA;
CARTULINA;100304565;Rollo Cartulina DEDICA FSC --  C - 13.5 225 g ancho 23.125;11/06/2026;CONSUMOS;16721;16721;Metro(s);2.208426;OLMECA;
CARTULINA;100304565;Rollo Cartulina DEDICA FSC --  C - 13.5 225 g ancho 23.125;26/06/2026;CONSUMOS;8700;8700;Metro(s);1.149052;OLMECA;
CARTULINA;100304565;Rollo Cartulina DEDICA FSC --  C - 13.5 225 g ancho 23.125;26/06/2026;CONSUMOS;15965;15965;Metro(s);2.108577;OLMECA;
CARTULINA;100304565;Rollo Cartulina DEDICA FSC --  C - 13.5 225 g ancho 23.125;26/06/2026;CONSUMOS;13225;13225;Metro(s);1.746691;OLMECA;
CARTULINA;100304619;Rollo Cartulina BRIGHT   --  C-16 245 g ancho 23;8/06/2026;CONSUMOS;68753;68753;METROS;9.837179;BAY-C16-23;
CARTULINA;100304619;Rollo Cartulina BRIGHT   --  C-16 245 g ancho 23;8/06/2026;CONSUMOS;136;136;METROS;0.019458;BAY-C16-23;
CARTULINA;100304625;Rollo Cartulina ASIA SYMBOL C-14 235 g ancho 28.5;5/06/2026;CONSUMOS;2095;2095;METROS;0.35595;C14-29;
CARTULINA;100304625;Rollo Cartulina ASIA SYMBOL C-14 235 g ancho 28.5;5/06/2026;CONSUMOS;1967;1967;METROS;0.334203;C14-29;
CARTULINA;100304625;Rollo Cartulina ASIA SYMBOL C-14 235 g ancho 28.5;11/06/2026;CONSUMOS;482;482;METROS;0.081894;C14-29;
CARTULINA;100304625;Rollo Cartulina ASIA SYMBOL C-14 235 g ancho 28.5;11/06/2026;CONSUMOS;2494;2494;METROS;0.423743;C14-29;
CARTULINA;100304625;Rollo Cartulina ASIA SYMBOL C-14 235 g ancho 28.5;12/06/2026;CONSUMOS;1461;1461;METROS;0.248231;C14-29;
CARTULINA;100304625;Rollo Cartulina ASIA SYMBOL C-14 235 g ancho 28.5;15/06/2026;CONSUMOS;1685;1685;METROS;0.286289;C14-29;
CARTULINA;100304625;Rollo Cartulina ASIA SYMBOL C-14 235 g ancho 28.5;15/06/2026;CONSUMOS;628;628;METROS;0.1067;C14-29;
CARTULINA;100304625;Rollo Cartulina ASIA SYMBOL C-14 235 g ancho 28.5;24/06/2026;CONSUMOS;5548;5548;METROS;0.942632;C14-29;
CARTULINA;100304625;Rollo Cartulina ASIA SYMBOL C-14 235 g ancho 28.5;24/06/2026;CONSUMOS;2743;2743;METROS;0.466049;C14-29;
CARTULINA;100304625;Rollo Cartulina ASIA SYMBOL C-14 235 g ancho 28.5;26/06/2026;CONSUMOS;6154;6154;METROS;1.045595;C14-29;
CARTULINA;100304640;Rollo Cartulina OBAFREE --  C-15 230 g ancho 25.5;2/06/2026;CONSUMOS;3033;3033;METROS;0.45134;FOSFORERA;
CARTULINA;100304640;Rollo Cartulina OBAFREE --  C-15 230 g ancho 25.5;2/06/2026;CONSUMOS;35682;35682;METROS;5.309838;FOSFORERA;
CARTULINA;100304640;Rollo Cartulina OBAFREE --  C-15 230 g ancho 25.5;2/06/2026;CONSUMOS;27099;27099;METROS;4.032602;FOSFORERA;
CARTULINA;100304640;Rollo Cartulina OBAFREE --  C-15 230 g ancho 25.5;2/06/2026;CONSUMOS;9195;9195;METROS;1.368307;FOSFORERA;
CARTULINA;100304640;Rollo Cartulina OBAFREE --  C-15 230 g ancho 25.5;2/06/2026;CONSUMOS;44576;44576;METROS;6.633354;FOSFORERA;
CARTULINA;100304640;Rollo Cartulina OBAFREE --  C-15 230 g ancho 25.5;2/06/2026;CONSUMOS;195;195;METROS;0.029017;FOSFORERA;
CARTULINA;100304640;Rollo Cartulina OBAFREE --  C-15 230 g ancho 25.5;15/06/2026;CONSUMOS;26918;26918;METROS;4.005667;FOSFORERA;
CARTULINA;100304640;Rollo Cartulina OBAFREE --  C-15 230 g ancho 25.5;19/06/2026;CONSUMOS;45171;45171;METROS;6.721896;FOSFORERA;
CARTULINA;100304640;Rollo Cartulina OBAFREE --  C-15 230 g ancho 25.5;26/06/2026;INGRESOS;243838;243838;METROS;36.285532;FOSFORERA;
CARTULINA;100305183;Cartulina FBB ASIA SYMBOL -- C-20 325 gramos  25 x 38;4/06/2026;INGRESOS;14500;14500;PLIEGOS;2.887702;C20-25;
CARTULINA 29-89;100305967;Rollo Cartulina Nine Dragons C - 18.3 290 g ancho 29;18/06/2026;CONSUMOS;467;467;METROS;0.099811;C18-29-COSC;
CARTULINA 29-89;100305982;Cartulina FBB DUPLEX MIRABELL -- C-16 300 gramos  20 x 32.5;26/06/2026;INGRESOS;220448;220448;PLIEGO;27.716927;COLGATE-100;
CARTULINA 29-89;100305983;Cartulina FBB DUPLEX MIRABELL -- C-16 300 gramos  25.5 x 36.5;26/06/2026;INGRESOS;54034;54034;PLIEGO;9.722375;COLGATE-50;
CARTULINA;100305996;Cartulina SPARK -- C-16 250 gramos 25 X 38;1/06/2026;INGRESOS;9500;9500;hoja(s);1.45534;Spark;
CARTULINA;100305996;Cartulina SPARK -- C-16 250 gramos 25 X 38;2/06/2026;INGRESOS;11000;11000;hoja(s);1.685131;Spark;
CARTULINA;100305996;Cartulina SPARK -- C-16 250 gramos 25 X 38;2/06/2026;INGRESOS;700;700;hoja(s);0.107235;Spark;
CARTULINA;100305996;Cartulina SPARK -- C-16 250 gramos 25 X 38;2/06/2026;CONSUMOS;600;600;hoja(s);0.091916;Spark;
CARTULINA;100305996;Cartulina SPARK -- C-16 250 gramos 25 X 38;2/06/2026;CONSUMOS;11000;11000;hoja(s);1.685131;Spark;
CARTULINA;100305996;Cartulina SPARK -- C-16 250 gramos 25 X 38;2/06/2026;CONSUMOS;9500;9500;hoja(s);1.45534;Spark;
CARTULINA;100305996;Cartulina SPARK -- C-16 250 gramos 25 X 38;24/06/2026;INGRESOS;400;400;hoja(s);0.061277;Spark;
CARTULINA;100305996;Cartulina SPARK -- C-16 250 gramos 25 X 38;25/06/2026;CONSUMOS;100;100;hoja(s);0.015319;Spark;
CARTULINA;100305999;Rollo Cartulina Nine Dragons C - 19 305 g ancho 24;3/06/2026;CONSUMOS;1695;1695;METROS;0.314837;C19-24;
CARTULINA;100305999;Rollo Cartulina Nine Dragons C - 19 305 g ancho 24;9/06/2026;CONSUMOS;480;480;METROS;0.089157;C19-24;
CARTULINA;100305999;Rollo Cartulina Nine Dragons C - 19 305 g ancho 24;12/06/2026;CONSUMOS;2535;2535;METROS;0.470863;C19-24;
CARTULINA;100305999;Rollo Cartulina Nine Dragons C - 19 305 g ancho 24;12/06/2026;CONSUMOS;2362;2362;METROS;0.438729;C19-24;
CARTULINA 29-89;100306002;Cartulina FBB DRAGONS YA ESTÁ -- C-16.3 255 gramos  39.5 x 25;24/06/2026;CONSUMOS;77200;77200;PLIEGOS;12.538111;YA ESTA;
CARTULINA 29-89;100306003;Rollo Cartulina Nine Dragons C - 16.3 255 g ancho 28.5;3/06/2026;CONSUMOS;3418;3418;METROS;0.553459;C16.3-28.5;
CARTULINA 29-89;100306134;Rollo Cartulina FBB PROTO C1S -- C-24 396 g ancho 26.5;25/06/2026;CONSUMOS;53884;53884;METROS;14.360517;GILDAN;
CARTULINA 29-89;100306142;Cartulina FBB DUPLEX MIRABELL -- C-16 300 gramos  28 x 33.75;26/06/2026;INGRESOS;42239;42239;PLIEGO;7.721208;COLGATE-75;
CARTULINA;100306180;Cartulina NINGBO ALLY LOCAL C-18 290 gramos 25 x 36;16/06/2026;INGRESOS;43300;43300;PLIEGOS;7.287957;C18-25;
CARTULINA;100306180;Cartulina NINGBO ALLY LOCAL C-18 290 gramos 25 x 36;24/06/2026;CONSUMOS;43300;43300;PLIEGOS;7.287957;C18-25;
CARTULINA;100306185;Cartulina SPARK C-20 295 gr 25 X 38;2/06/2026;INGRESOS;6300;6300;PLIEGOS;1.138842;Spark;
CARTULINA;100306185;Cartulina SPARK C-20 295 gr 25 X 38;2/06/2026;CONSUMOS;6300;6300;PLIEGOS;1.138842;Spark;
CARTULINA;100306185;Cartulina SPARK C-20 295 gr 25 X 38;5/06/2026;INGRESOS;4100;4100;PLIEGOS;0.741151;Spark;
CARTULINA;100306185;Cartulina SPARK C-20 295 gr 25 X 38;9/06/2026;INGRESOS;1000;1000;PLIEGOS;0.180768;Spark;
CARTULINA;100306185;Cartulina SPARK C-20 295 gr 25 X 38;9/06/2026;INGRESOS;6400;6400;PLIEGOS;1.156919;Spark;
CARTULINA;100306185;Cartulina SPARK C-20 295 gr 25 X 38;9/06/2026;INGRESOS;5800;5800;PLIEGOS;1.048458;Spark;
CARTULINA;100306185;Cartulina SPARK C-20 295 gr 25 X 38;9/06/2026;CONSUMOS;1000;1000;PLIEGOS;0.180768;Spark;
CARTULINA;100306185;Cartulina SPARK C-20 295 gr 25 X 38;16/06/2026;CONSUMOS;6400;6400;PLIEGOS;1.156919;Spark;
CARTULINA;100306185;Cartulina SPARK C-20 295 gr 25 X 38;16/06/2026;CONSUMOS;5800;5800;PLIEGOS;1.048458;Spark;
CARTULINA;100306185;Cartulina SPARK C-20 295 gr 25 X 38;16/06/2026;INGRESOS;5600;5600;PLIEGOS;1.012304;Spark;
CARTULINA;100306185;Cartulina SPARK C-20 295 gr 25 X 38;24/06/2026;CONSUMOS;5600;5600;PLIEGOS;1.012304;Spark;
PAPEL;100600003;Papel Bond 55 gramos -- 26 x 34;1/06/2026;INGRESOS;39000;39000;PLIEGOS;1.223164;Bond;
PAPEL;100600003;Papel Bond 55 gramos -- 26 x 34;2/06/2026;INGRESOS;5000;5000;PLIEGOS;0.156816;Bond;
PAPEL;100600003;Papel Bond 55 gramos -- 26 x 34;2/06/2026;CONSUMOS;2800;2800;PLIEGOS;0.087816;Bond;
PAPEL;100600003;Papel Bond 55 gramos -- 26 x 34;2/06/2026;CONSUMOS;2000;2000;PLIEGOS;0.062726;Bond;
PAPEL;100600003;Papel Bond 55 gramos -- 26 x 34;3/06/2026;INGRESOS;3000;3000;PLIEGOS;0.094089;Bond;
PAPEL;100600003;Papel Bond 55 gramos -- 26 x 34;4/06/2026;CONSUMOS;3000;3000;PLIEGOS;0.094089;Bond;
PAPEL;100600003;Papel Bond 55 gramos -- 26 x 34;9/06/2026;CONSUMOS;1000;1000;PLIEGOS;0.031363;Bond;
PAPEL;100600003;Papel Bond 55 gramos -- 26 x 34;10/06/2026;INGRESOS;28500;28500;PLIEGOS;0.893851;Bond;
PAPEL;100600003;Papel Bond 55 gramos -- 26 x 34;16/06/2026;CONSUMOS;39000;39000;PLIEGOS;1.223164;Bond;
PAPEL;100600003;Papel Bond 55 gramos -- 26 x 34;16/06/2026;CONSUMOS;26700;26700;PLIEGOS;0.837397;Bond;
PAPEL;100600003;Papel Bond 55 gramos -- 26 x 34;16/06/2026;CONSUMOS;2500;2500;PLIEGOS;0.078408;Bond;
PAPEL;100600003;Papel Bond 55 gramos -- 26 x 34;17/06/2026;INGRESOS;9500;9500;PLIEGOS;0.29795;Bond;
PAPEL;100600003;Papel Bond 55 gramos -- 26 x 34;24/06/2026;INGRESOS;4000;4000;PLIEGOS;0.125452;Bond;
PAPEL;100600003;Papel Bond 55 gramos -- 26 x 34;24/06/2026;CONSUMOS;9300;9300;PLIEGOS;0.291677;Bond;
PAPEL;100600004;Papel Bond 70 gramos -- 22 x 34;10/06/2026;INGRESOS;2000;2000;PLIEGOS;0.067616;Bond;
PAPEL;100600004;Papel Bond 70 gramos -- 22 x 34;10/06/2026;INGRESOS;500;500;PLIEGOS;0.016904;Bond;
PAPEL;100600004;Papel Bond 70 gramos -- 22 x 34;16/06/2026;CONSUMOS;2100;2100;PLIEGOS;0.070997;Bond;
PAPEL;100600005;Papel Bond 75 gramos -- 22 x 34;24/06/2026;INGRESOS;6000;6000;PLIEGOS;0.217339;Bond;
PAPEL;100600006;Papel Bond 75 gramos -- 26 x 34;10/06/2026;INGRESOS;54000;54000;PLIEGOS;2.309472;Bond;
PAPEL;100600006;Papel Bond 75 gramos -- 26 x 34;16/06/2026;INGRESOS;112500;112500;PLIEGOS;4.8114;Bond;
PAPEL;100600009;Papel Bond 75 gramos -- 26 x 38;2/06/2026;INGRESOS;2500;2500;PLIEGOS;0.119418;Bond;
PAPEL;100600009;Papel Bond 75 gramos -- 26 x 38;2/06/2026;CONSUMOS;2500;2500;PLIEGOS;0.119418;Bond;
PAPEL;100600009;Papel Bond 75 gramos -- 26 x 38;10/06/2026;INGRESOS;12500;12500;PLIEGOS;0.597093;Bond;
PAPEL;100600009;Papel Bond 75 gramos -- 26 x 38;16/06/2026;CONSUMOS;11300;11300;PLIEGOS;0.539772;Bond;
PAPEL;100600009;Papel Bond 75 gramos -- 26 x 38;16/06/2026;CONSUMOS;500;500;PLIEGOS;0.023883;Bond;
PAPEL;100600009;Papel Bond 75 gramos -- 26 x 38;16/06/2026;CONSUMOS;700;700;PLIEGOS;0.033437;Bond;
PAPEL;100600009;Papel Bond 75 gramos -- 26 x 38;16/06/2026;CONSUMOS;100;100;PLIEGOS;0.004776;Bond;
PAPEL;100600009;Papel Bond 75 gramos -- 26 x 38;19/06/2026;INGRESOS;30500;30500;PLIEGOS;1.456908;Bond;
PAPEL;100600009;Papel Bond 75 gramos -- 26 x 38;24/06/2026;INGRESOS;60000;60000;PLIEGOS;2.86605;Bond;
PAPEL;100600009;Papel Bond 75 gramos -- 26 x 38;24/06/2026;CONSUMOS;59900;59900;PLIEGOS;2.861273;Bond;
PAPEL;100600009;Papel Bond 75 gramos -- 26 x 38;25/06/2026;CONSUMOS;29940;29940;PLIEGOS;1.430158;Bond;
PAPEL;100600013;Papel Bond 90 gramos -- 26 x 34;2/06/2026;INGRESOS;5500;5500;PLIEGOS;0.282268;Bond;
PAPEL;100600013;Papel Bond 90 gramos -- 26 x 34;2/06/2026;CONSUMOS;5500;5500;PLIEGOS;0.282268;Bond;
PAPEL;100600013;Papel Bond 90 gramos -- 26 x 34;24/06/2026;INGRESOS;500;500;PLIEGOS;0.02566;Bond;
PAPEL;100600015;Papel Bond 120 gramos -- 22 x 34;2/06/2026;INGRESOS;1500;1500;PLIEGOS;0.086935;Bond;
PAPEL;100600015;Papel Bond 120 gramos -- 22 x 34;2/06/2026;CONSUMOS;1100;1100;PLIEGOS;0.063752;Bond;
PAPEL;100600015;Papel Bond 120 gramos -- 22 x 34;2/06/2026;CONSUMOS;60;60;PLIEGOS;0.003477;Bond;
PAPEL;100600016;Papel Bond 120 gramos -- 23 x 36;12/06/2026;INGRESOS;16000;16000;PLIEGOS;1.024849;Bond;
PAPEL;100600016;Papel Bond 120 gramos -- 23 x 36;16/06/2026;CONSUMOS;11000;11000;PLIEGOS;0.704584;Bond;
PAPEL;100600016;Papel Bond 120 gramos -- 23 x 36;16/06/2026;CONSUMOS;5000;5000;PLIEGOS;0.320265;Bond;
PAPEL;100600021;Papel Couche Brillante - 1 Cara - B-60 -- 90 gramos  25 x 36;1/06/2026;INGRESOS;1000;1000;PLIEGOS;0.052235;Couche;
PAPEL;100600021;Papel Couche Brillante - 1 Cara - B-60 -- 90 gramos  25 x 36;2/06/2026;CONSUMOS;600;600;PLIEGOS;0.031341;Couche;
PAPEL;100600021;Papel Couche Brillante - 1 Cara - B-60 -- 90 gramos  25 x 36;9/06/2026;CONSUMOS;700;700;PLIEGOS;0.036564;Couche;
PAPEL;100600021;Papel Couche Brillante - 1 Cara - B-60 -- 90 gramos  25 x 36;24/06/2026;CONSUMOS;300;300;PLIEGOS;0.01567;Couche;
PAPEL;100600021;Papel Couche Brillante - 1 Cara - B-60 -- 90 gramos  25 x 36;24/06/2026;INGRESOS;1000;1000;PLIEGOS;0.052235;Couche;
PAPEL;100600022;Papel Couche Brillante B-60 -- 90 gramos  25 x 38;25/06/2026;CONSUMOS;1;1;PLIEGOS;0.000055;Couche;
PAPEL;100600023;Papel Couche Brillante - 1 Cara - B-60 -- 90 gramos  25 x 38;9/06/2026;INGRESOS;2000;2000;PLIEGOS;0.110299;Couche;
PAPEL;100600023;Papel Couche Brillante - 1 Cara - B-60 -- 90 gramos  25 x 38;16/06/2026;CONSUMOS;1700;1700;PLIEGOS;0.093754;Couche;
PAPEL;100600023;Papel Couche Brillante - 1 Cara - B-60 -- 90 gramos  25 x 38;24/06/2026;CONSUMOS;650;650;PLIEGOS;0.035847;Couche;
PAPEL;100600023;Papel Couche Brillante - 1 Cara - B-60 -- 90 gramos  25 x 38;24/06/2026;INGRESOS;2000;2000;PLIEGOS;0.110299;Couche;
PAPEL;100600023;Papel Couche Brillante - 1 Cara - B-60 -- 90 gramos  25 x 38;25/06/2026;CONSUMOS;1100;1100;PLIEGOS;0.060664;Couche;
PAPEL;100600023;Papel Couche Brillante - 1 Cara - B-60 -- 90 gramos  25 x 38;25/06/2026;INGRESOS;2000;2000;PLIEGOS;0.110299;Couche;
PAPEL;100600023;Papel Couche Brillante - 1 Cara - B-60 -- 90 gramos  25 x 38;25/06/2026;CONSUMOS;1800;1800;PLIEGOS;0.099269;Couche;
PAPEL;100600024;Papel Couche Brillante B-60 -- 90 gramos  30 x 40;25/06/2026;CONSUMOS;1;1;PLIEGOS;0.000069;Couche;
PAPEL;100600026;Papel Couche Brillante B-70 -- 105 gramos  25 x 36;16/06/2026;INGRESOS;6750;6750;PLIEGOS;0.411351;Couche;
PAPEL;100600027;Papel Couche Brillante B-70 -- 105 gramos  25 x 38;2/06/2026;INGRESOS;2750;2750;PLIEGOS;0.176938;Couche;
PAPEL;100600027;Papel Couche Brillante B-70 -- 105 gramos  25 x 38;2/06/2026;CONSUMOS;2750;2750;PLIEGOS;0.176938;Couche;
PAPEL;100600029;Papel Couche Brillante B-80 -- 115 gramos  25 x 36;10/06/2026;INGRESOS;5750;5750;PLIEGOS;0.383782;Couche;
PAPEL;100600029;Papel Couche Brillante B-80 -- 115 gramos  25 x 36;16/06/2026;CONSUMOS;5500;5500;PLIEGOS;0.367096;Couche;
PAPEL;100600030;Papel Couche Brillante B-80 -- 115 gramos  25 x 38;2/06/2026;CONSUMOS;2500;2500;PLIEGOS;0.176172;Couche;
PAPEL;100600030;Papel Couche Brillante B-80 -- 115 gramos  25 x 38;2/06/2026;CONSUMOS;1250;1250;PLIEGOS;0.088086;Couche;
PAPEL;100600030;Papel Couche Brillante B-80 -- 115 gramos  25 x 38;16/06/2026;INGRESOS;4750;4750;PLIEGOS;0.334728;Couche;
PAPEL;100600030;Papel Couche Brillante B-80 -- 115 gramos  25 x 38;24/06/2026;CONSUMOS;1750;1750;PLIEGOS;0.12332;Couche;
PAPEL;100600030;Papel Couche Brillante B-80 -- 115 gramos  25 x 38;24/06/2026;CONSUMOS;500;500;PLIEGOS;0.035234;Couche;
PAPEL;100600030;Papel Couche Brillante B-80 -- 115 gramos  25 x 38;24/06/2026;CONSUMOS;2500;2500;PLIEGOS;0.176172;Couche;
PAPEL;100600030;Papel Couche Brillante B-80 -- 115 gramos  25 x 38;25/06/2026;INGRESOS;5000;5000;PLIEGOS;0.352345;Couche;
PAPEL;100600030;Papel Couche Brillante B-80 -- 115 gramos  25 x 38;25/06/2026;CONSUMOS;4600;4600;PLIEGOS;0.324157;Couche;
PAPEL;100600032;Papel Couche Brillante B-100 -- 140 gramos  25 x 36;10/06/2026;INGRESOS;3000;3000;PLIEGOS;0.243763;Couche;
PAPEL;100600032;Papel Couche Brillante B-100 -- 140 gramos  25 x 36;10/06/2026;INGRESOS;3500;3500;PLIEGOS;0.284391;Couche;
PAPEL;100600032;Papel Couche Brillante B-100 -- 140 gramos  25 x 36;16/06/2026;CONSUMOS;3000;3000;PLIEGOS;0.243763;Couche;
PAPEL;100600032;Papel Couche Brillante B-100 -- 140 gramos  25 x 36;16/06/2026;CONSUMOS;400;400;PLIEGOS;0.032501;Couche;
PAPEL;100600032;Papel Couche Brillante B-100 -- 140 gramos  25 x 36;16/06/2026;CONSUMOS;500;500;PLIEGOS;0.040627;Couche;
PAPEL;100600032;Papel Couche Brillante B-100 -- 140 gramos  25 x 36;16/06/2026;CONSUMOS;700;700;PLIEGOS;0.056878;Couche;
PAPEL;100600032;Papel Couche Brillante B-100 -- 140 gramos  25 x 36;16/06/2026;CONSUMOS;200;200;PLIEGOS;0.01625;Couche;
PAPEL;100600032;Papel Couche Brillante B-100 -- 140 gramos  25 x 36;16/06/2026;CONSUMOS;1700;1700;PLIEGOS;0.138132;Couche;
PAPEL;100600033;Papel Couche Brillante B-100 -- 140 gramos  25 x 38;1/06/2026;INGRESOS;1250;1250;PLIEGOS;0.107235;Couche;
PAPEL;100600033;Papel Couche Brillante B-100 -- 140 gramos  25 x 38;2/06/2026;CONSUMOS;1200;1200;PLIEGOS;0.102946;Couche;
PAPEL;100600033;Papel Couche Brillante B-100 -- 140 gramos  25 x 38;9/06/2026;CONSUMOS;140;140;PLIEGOS;0.01201;Couche;
PAPEL;100600033;Papel Couche Brillante B-100 -- 140 gramos  25 x 38;16/06/2026;CONSUMOS;700;700;PLIEGOS;0.060051;Couche;
PAPEL;100600033;Papel Couche Brillante B-100 -- 140 gramos  25 x 38;24/06/2026;CONSUMOS;1250;1250;PLIEGOS;0.107235;Couche;
PAPEL;100600033;Papel Couche Brillante B-100 -- 140 gramos  25 x 38;24/06/2026;INGRESOS;1250;1250;PLIEGOS;0.107235;Couche;
PAPEL;100600033;Papel Couche Brillante B-100 -- 140 gramos  25 x 38;25/06/2026;CONSUMOS;50;50;PLIEGOS;0.004289;Couche;
PAPEL;100600034;Papel Couche Brillante B-100 -- 140 gramos  30 x 40;2/06/2026;INGRESOS;2000;2000;PLIEGOS;0.216773;Couche;
PAPEL;100600034;Papel Couche Brillante B-100 -- 140 gramos  30 x 40;2/06/2026;CONSUMOS;2000;2000;PLIEGOS;0.216773;Couche;
PAPEL;100600034;Papel Couche Brillante B-100 -- 140 gramos  30 x 40;16/06/2026;INGRESOS;7500;7500;PLIEGOS;0.812901;Couche;
PAPEL;100600034;Papel Couche Brillante B-100 -- 140 gramos  30 x 40;24/06/2026;CONSUMOS;3750;3750;PLIEGOS;0.40645;Couche;
PAPEL;100600034;Papel Couche Brillante B-100 -- 140 gramos  30 x 40;24/06/2026;CONSUMOS;3750;3750;PLIEGOS;0.40645;Couche;
PAPEL;100600045;Papel Couche Brillante B-80 -- 115 gramos  30 x 40;1/06/2026;INGRESOS;2500;2500;PLIEGOS;0.22258;Couche;
PAPEL;100600045;Papel Couche Brillante B-80 -- 115 gramos  30 x 40;2/06/2026;CONSUMOS;2100;2100;PLIEGOS;0.186967;Couche;
PAPEL;100600068;Cartulina FBB Zenith --  C-22 330 gramos  25 x 38;24/06/2026;CONSUMOS;1500;1500;PLIEGO;0.303386;C22-25;
PAPEL;100600093;Cartulina Husky C-8 -- 200 gramos 25 x 38;16/06/2026;CONSUMOS;100;100;PLIEGO;0.012255;C8-25H;
PAPEL;100600094;Rollo Cartulina CMPC RC --  C - 18 265 g ancho 25;3/06/2026;CONSUMOS;3157;3157;METROS;0.531244;CMPC RC;
PAPEL;100600094;Rollo Cartulina CMPC RC --  C - 18 265 g ancho 25;3/06/2026;CONSUMOS;3001;3001;METROS;0.504993;CMPC RC;
PAPEL;100600094;Rollo Cartulina CMPC RC --  C - 18 265 g ancho 25;3/06/2026;CONSUMOS;3015;3015;METROS;0.507349;CMPC RC;
PAPEL;100600094;Rollo Cartulina CMPC RC --  C - 18 265 g ancho 25;3/06/2026;CONSUMOS;3079;3079;METROS;0.518118;CMPC RC;
PAPEL;100600094;Rollo Cartulina CMPC RC --  C - 18 265 g ancho 25;10/06/2026;CONSUMOS;4996;4996;METROS;0.840701;CMPC RC;
PAPEL;100600094;Rollo Cartulina CMPC RC --  C - 18 265 g ancho 25;10/06/2026;CONSUMOS;275;275;METROS;0.046275;CMPC RC;
PAPEL;100600101;Papel Bond 60 gramos -- 22 x 34;10/06/2026;INGRESOS;120000;120000;PLIEGOS;3.477427;Bond;
PAPEL;100600101;Papel Bond 60 gramos -- 22 x 34;16/06/2026;CONSUMOS;120000;120000;PLIEGOS;3.477427;Bond;
PAPEL;100600101;Papel Bond 60 gramos -- 22 x 34;24/06/2026;INGRESOS;77000;77000;PLIEGOS;2.231349;Bond;
PAPEL;100600104;Rollo Cartulina CMPC RC --  C - 17 255 g ancho 23;10/06/2026;CONSUMOS;3971;3971;METROS;0.591361;CMPC RC;
PAPEL;100600106;Papel Bond 60 gramos -- 26 x 34;10/06/2026;INGRESOS;8000;8000;PLIEGOS;0.273715;Bond;
PAPEL;100600106;Papel Bond 60 gramos -- 26 x 34;16/06/2026;CONSUMOS;8000;8000;PLIEGOS;0.273715;Bond;
PAPEL;100600155;Papel Bond 75 gramos -- 23 x 36;2/06/2026;INGRESOS;2000;2000;PLIEGOS;0.080066;Bond;
PAPEL;100600155;Papel Bond 75 gramos -- 23 x 36;2/06/2026;CONSUMOS;1700;1700;PLIEGOS;0.068056;Bond;
PAPEL;100600167;Papel Couche Mate B-80 -- 115 gramos  25 x 36;5/06/2026;INGRESOS;3500;3500;PLIEGOS;0.233606;Couche;
PAPEL;100600167;Papel Couche Mate B-80 -- 115 gramos  25 x 36;9/06/2026;CONSUMOS;3500;3500;PLIEGOS;0.233606;Couche;
PAPESP;100700002;Adhesivo con ciza -- 17*24;24/06/2026;CONSUMOS;200;200;hoja(s);0;Papesp;
PAPESP;100700003;Adhesivo sin ciza -- normal 17*24;2/06/2026;INGRESOS;1200;1200;hoja(s);0;Papesp;
PAPESP;100700003;Adhesivo sin ciza -- normal 17*24;2/06/2026;CONSUMOS;1200;1200;hoja(s);0;Papesp;
PAPESP;100700003;Adhesivo sin ciza -- normal 17*24;3/06/2026;INGRESOS;16000;16000;hoja(s);0;Papesp;
PAPESP;100700003;Adhesivo sin ciza -- normal 17*24;3/06/2026;INGRESOS;5900;5900;hoja(s);0;Papesp;
PAPESP;100700003;Adhesivo sin ciza -- normal 17*24;4/06/2026;CONSUMOS;1600;1600;hoja(s);0;Papesp;
PAPESP;100700003;Adhesivo sin ciza -- normal 17*24;4/06/2026;CONSUMOS;2450;2450;hoja(s);0;Papesp;
PAPESP;100700003;Adhesivo sin ciza -- normal 17*24;4/06/2026;CONSUMOS;4150;4150;hoja(s);0;Papesp;
PAPESP;100700003;Adhesivo sin ciza -- normal 17*24;4/06/2026;CONSUMOS;4650;4650;hoja(s);0;Papesp;
PAPESP;100700003;Adhesivo sin ciza -- normal 17*24;4/06/2026;CONSUMOS;1750;1750;hoja(s);0;Papesp;
PAPESP;100700003;Adhesivo sin ciza -- normal 17*24;4/06/2026;CONSUMOS;1400;1400;hoja(s);0;Papesp;
PAPESP;100700003;Adhesivo sin ciza -- normal 17*24;9/06/2026;CONSUMOS;5900;5900;hoja(s);0;Papesp;
PAPESP;100700003;Adhesivo sin ciza -- normal 17*24;12/06/2026;INGRESOS;11500;11500;hoja(s);0;Papesp;
PAPESP;100700003;Adhesivo sin ciza -- normal 17*24;24/06/2026;CONSUMOS;1000;1000;hoja(s);0;Papesp;
PAPESP;100700003;Adhesivo sin ciza -- normal 17*24;24/06/2026;CONSUMOS;1500;1500;hoja(s);0;Papesp;
PAPESP;100700003;Adhesivo sin ciza -- normal 17*24;24/06/2026;CONSUMOS;1600;1600;hoja(s);0;Papesp;
PAPESP;100700003;Adhesivo sin ciza -- normal 17*24;24/06/2026;CONSUMOS;1600;1600;hoja(s);0;Papesp;
PAPESP;100700003;Adhesivo sin ciza -- normal 17*24;24/06/2026;CONSUMOS;4150;4150;hoja(s);0;Papesp;
PAPESP;100700003;Adhesivo sin ciza -- normal 17*24;24/06/2026;CONSUMOS;850;850;hoja(s);0;Papesp;
PAPESP;100700003;Adhesivo sin ciza -- normal 17*24;24/06/2026;CONSUMOS;750;750;hoja(s);0;Papesp;
PAPESP;100700029;"PAPEL SHERPA PREMIUN 21""";12/06/2026;CONSUMOS;2;2;unidad(es);0;Papesp;
PAPESP;100700029;"PAPEL SHERPA PREMIUN 21""";16/06/2026;INGRESOS;4;4;unidad(es);0;Papesp;
PAPESP;100700030;Cartulina Kraft - C-18 259 gramos 23 x 38;16/06/2026;INGRESOS;73000;73000;PLIEGOS;10.655228;Kraft;
PAPESP;100700030;Cartulina Kraft - C-18 259 gramos 23 x 38;25/06/2026;CONSUMOS;73000;73000;PLIEGOS;10.655228;Kraft;
PAPESP;100700046;"PAPEL 6MIL  SYNTHETIC 180GR  --- 26""X40""";9/06/2026;INGRESOS;5000;5000;hoja(s);0;PAPESP;
PAPESP;100700046;"PAPEL 6MIL  SYNTHETIC 180GR  --- 26""X40""";25/06/2026;CONSUMOS;4110;4110;hoja(s);0;PAPESP;
PAPESP;120700005;6mil Synthetic Paper -- INDIGO 12*18;9/06/2026;INGRESOS;6000;6000;hoja(s);0;PAPESP;
PAPESP;120700005;6mil Synthetic Paper -- INDIGO 12*18;9/06/2026;INGRESOS;12000;12000;hoja(s);0;PAPESP;
PAPESP;120700005;6mil Synthetic Paper -- INDIGO 12*18;9/06/2026;CONSUMOS;225;225;hoja(s);0;PAPESP;
PAPESP;120700005;6mil Synthetic Paper -- INDIGO 12*18;9/06/2026;CONSUMOS;5775;5775;hoja(s);0;PAPESP;
PAPESP;120700005;6mil Synthetic Paper -- INDIGO 12*18;9/06/2026;CONSUMOS;10100;10100;hoja(s);0;PAPESP;
CARTULINA;100300001;Cartulina Husky -- C-8 200 gramos 25 x 36;15/07/2026;CONSUMOS;1000;1000;hoja(s);0.116078;C8-25H;
CARTULINA;100300002;Cartulina Husky -- C-8 190 gramos 25 x 38;6/07/2026;CONSUMOS;100;100;hoja(s);0.011642;C8-25H;
CARTULINA;100300002;Cartulina Husky -- C-8 190 gramos 25 x 38;10/07/2026;CONSUMOS;600;600;hoja(s);0.069856;C8-25H;
CARTULINA;100300002;Cartulina Husky -- C-8 190 gramos 25 x 38;17/07/2026;CONSUMOS;100;100;hoja(s);0.011642;C8-25H;
CARTULINA;100300004;Cartulina Husky -- C-10 230 gramos 25 x 36;28/07/2026;CONSUMOS;11700;11700;hoja(s);1.561829;C10-25H;
CARTULINA;100300005;Cartulina Husky -- C-10 230 gramos 25 x 38;30/07/2026;CONSUMOS;700;700;hoja(s);0.098656;C10-25H;
CARTULINA;100300009;Cartulina Husky -- C-12 270 gramos 25 x 38;10/07/2026;CONSUMOS;1300;1300;hoja(s);0.215084;C12-25H;
CARTULINA;100300009;Cartulina Husky -- C-12 270 gramos 25 x 38;15/07/2026;CONSUMOS;300;300;hoja(s);0.049634;C12-25H;
CARTULINA;100300009;Cartulina Husky -- C-12 270 gramos 25 x 38;15/07/2026;CONSUMOS;600;600;hoja(s);0.099269;C12-25H;
CARTULINA;100300009;Cartulina Husky -- C-12 270 gramos 25 x 38;25/07/2026;CONSUMOS;100;100;hoja(s);0.016544;C12-25H;
CARTULINA;100300010;Cartulina Husky -- C-12 270 gramos 30 x 40;6/07/2026;CONSUMOS;900;900;hoja(s);0.188128;C12-30H;
CARTULINA;100300010;Cartulina Husky -- C-12 270 gramos 30 x 40;6/07/2026;CONSUMOS;300;300;hoja(s);0.062709;C12-30H;
CARTULINA;100300010;Cartulina Husky -- C-12 270 gramos 30 x 40;6/07/2026;CONSUMOS;2000;2000;hoja(s);0.418063;C12-30H;
CARTULINA;100300010;Cartulina Husky -- C-12 270 gramos 30 x 40;6/07/2026;CONSUMOS;1200;1200;hoja(s);0.250838;C12-30H;
CARTULINA;100300010;Cartulina Husky -- C-12 270 gramos 30 x 40;17/07/2026;CONSUMOS;2000;2000;hoja(s);0.418063;C12-30H;
CARTULINA;100300010;Cartulina Husky -- C-12 270 gramos 30 x 40;28/07/2026;CONSUMOS;7600;7600;hoja(s);1.588641;C12-30H;
CARTULINA;100300011;Cartulina Husky -- C-14 300 gramos 25 x 38;23/07/2026;CONSUMOS;1500;1500;hoja(s);0.275748;C14-25H;
CARTULINA;100300011;Cartulina Husky -- C-14 300 gramos 25 x 38;23/07/2026;CONSUMOS;1500;1500;hoja(s);0.275748;C14-25H;
CARTULINA;100300011;Cartulina Husky -- C-14 300 gramos 25 x 38;24/07/2026;CONSUMOS;1500;1500;hoja(s);0.275748;C14-25H;
CARTULINA;100300011;Cartulina Husky -- C-14 300 gramos 25 x 38;24/07/2026;CONSUMOS;1500;1500;hoja(s);0.275748;C14-25H;
CARTULINA;100300011;Cartulina Husky -- C-14 300 gramos 25 x 38;24/07/2026;CONSUMOS;1500;1500;hoja(s);0.275748;C14-25H;
CARTULINA;100300011;Cartulina Husky -- C-14 300 gramos 25 x 38;25/07/2026;CONSUMOS;1000;1000;hoja(s);0.183832;C14-25H;
CARTULINA;100300011;Cartulina Husky -- C-14 300 gramos 25 x 38;27/07/2026;CONSUMOS;1000;1000;hoja(s);0.183832;C14-25H;
CARTULINA;100300011;Cartulina Husky -- C-14 300 gramos 25 x 38;27/07/2026;CONSUMOS;1000;1000;hoja(s);0.183832;C14-25H;
CARTULINA;100300011;Cartulina Husky -- C-14 300 gramos 25 x 38;29/07/2026;CONSUMOS;13400;13400;hoja(s);2.463355;C14-25H;
CARTULINA;100300012;Cartulina Husky -- C-14 300 gramos 30 x 40;23/07/2026;CONSUMOS;800;800;hoja(s);0.185806;C14-30H;
CARTULINA;100300012;Cartulina Husky -- C-14 300 gramos 30 x 40;23/07/2026;CONSUMOS;800;800;hoja(s);0.185806;C14-30H;
CARTULINA;100300012;Cartulina Husky -- C-14 300 gramos 30 x 40;24/07/2026;CONSUMOS;800;800;hoja(s);0.185806;C14-30H;
CARTULINA;100300012;Cartulina Husky -- C-14 300 gramos 30 x 40;24/07/2026;CONSUMOS;800;800;hoja(s);0.185806;C14-30H;
CARTULINA;100300012;Cartulina Husky -- C-14 300 gramos 30 x 40;24/07/2026;CONSUMOS;800;800;hoja(s);0.185806;C14-30H;
CARTULINA;100300013;Cartulina Husky -- C-16 350 gramos 25 x 38;10/07/2026;CONSUMOS;800;800;hoja(s);0.171577;C16-25H;
CARTULINA;100300159;Cartulina FBB Zenith -- C-12 215 gramos 25 x 38;17/07/2026;CONSUMOS;200;200;hoja(s);0.026349;C12-25;
CARTULINA;100300159;Cartulina FBB Zenith -- C-12 215 gramos 25 x 38;30/07/2026;CONSUMOS;145;145;hoja(s);0.019103;C12-25;
CARTULINA;100300298;Cartulina FBB Zenith LOCAL -- C-14 235 gramos 25 x 38;23/07/2026;CONSUMOS;2715;2715;hoja(s);0.390965;C14-25;
CARTULINA;100300298;Cartulina FBB Zenith LOCAL -- C-14 235 gramos 25 x 38;25/07/2026;CONSUMOS;1445;1445;hoja(s);0.208083;C14-25;
CARTULINA;100300704;Cartulina FBB Zenith LOCAL -- C-16 270 gramos 25 x 36;15/07/2026;CONSUMOS;1700;1700;hoja(s);0.266399;C16-25;
CARTULINA;100300704;Cartulina FBB Zenith LOCAL -- C-16 270 gramos 25 x 36;15/07/2026;CONSUMOS;600;600;hoja(s);0.094023;C16-25;
CARTULINA;100300704;Cartulina FBB Zenith LOCAL -- C-16 270 gramos 25 x 36;17/07/2026;CONSUMOS;600;600;hoja(s);0.094023;C16-25;
CARTULINA;100300704;Cartulina FBB Zenith LOCAL -- C-16 270 gramos 25 x 36;23/07/2026;CONSUMOS;2785;2785;hoja(s);0.436424;C16-25;
CARTULINA;100300704;Cartulina FBB Zenith LOCAL -- C-16 270 gramos 25 x 36;23/07/2026;CONSUMOS;2785;2785;hoja(s);0.436424;C16-25;
CARTULINA;100300704;Cartulina FBB Zenith LOCAL -- C-16 270 gramos 25 x 36;23/07/2026;CONSUMOS;1435;1435;hoja(s);0.224872;C16-25;
CARTULINA;100300704;Cartulina FBB Zenith LOCAL -- C-16 270 gramos 25 x 36;23/07/2026;CONSUMOS;1435;1435;hoja(s);0.224872;C16-25;
CARTULINA;100300704;Cartulina FBB Zenith LOCAL -- C-16 270 gramos 25 x 36;24/07/2026;CONSUMOS;2785;2785;hoja(s);0.436424;C16-25;
CARTULINA;100300704;Cartulina FBB Zenith LOCAL -- C-16 270 gramos 25 x 36;24/07/2026;CONSUMOS;2785;2785;hoja(s);0.436424;C16-25;
CARTULINA;100300704;Cartulina FBB Zenith LOCAL -- C-16 270 gramos 25 x 36;24/07/2026;CONSUMOS;1435;1435;hoja(s);0.224872;C16-25;
CARTULINA;100300704;Cartulina FBB Zenith LOCAL -- C-16 270 gramos 25 x 36;24/07/2026;CONSUMOS;1435;1435;hoja(s);0.224872;C16-25;
CARTULINA;100300704;Cartulina FBB Zenith LOCAL -- C-16 270 gramos 25 x 36;24/07/2026;CONSUMOS;2785;2785;hoja(s);0.436424;C16-25;
CARTULINA;100300704;Cartulina FBB Zenith LOCAL -- C-16 270 gramos 25 x 36;24/07/2026;CONSUMOS;1435;1435;hoja(s);0.224872;C16-25;
CARTULINA;100300709;Cartulina FBB Zenith LOCAL -- C-16 270 gramos 25 x 38;15/07/2026;CONSUMOS;900;900;hoja(s);0.148904;C16-25;
CARTULINA;100300709;Cartulina FBB Zenith LOCAL -- C-16 270 gramos 25 x 38;15/07/2026;CONSUMOS;2500;2500;hoja(s);0.413623;C16-25;
CARTULINA;100300709;Cartulina FBB Zenith LOCAL -- C-16 270 gramos 25 x 38;15/07/2026;CONSUMOS;2800;2800;hoja(s);0.463257;C16-25;
CARTULINA;100300709;Cartulina FBB Zenith LOCAL -- C-16 270 gramos 25 x 38;15/07/2026;CONSUMOS;2500;2500;hoja(s);0.413623;C16-25;
CARTULINA;100300709;Cartulina FBB Zenith LOCAL -- C-16 270 gramos 25 x 38;15/07/2026;CONSUMOS;2100;2100;hoja(s);0.347443;C16-25;
CARTULINA;100300709;Cartulina FBB Zenith LOCAL -- C-16 270 gramos 25 x 38;17/07/2026;CONSUMOS;2500;2500;hoja(s);0.413623;C16-25;
CARTULINA;100300709;Cartulina FBB Zenith LOCAL -- C-16 270 gramos 25 x 38;23/07/2026;CONSUMOS;200;200;hoja(s);0.033089;C16-25;
CARTULINA;100300709;Cartulina FBB Zenith LOCAL -- C-16 270 gramos 25 x 38;23/07/2026;CONSUMOS;200;200;hoja(s);0.033089;C16-25;
CARTULINA;100300709;Cartulina FBB Zenith LOCAL -- C-16 270 gramos 25 x 38;24/07/2026;CONSUMOS;200;200;hoja(s);0.033089;C16-25;
CARTULINA;100300709;Cartulina FBB Zenith LOCAL -- C-16 270 gramos 25 x 38;24/07/2026;CONSUMOS;200;200;hoja(s);0.033089;C16-25;
CARTULINA;100300709;Cartulina FBB Zenith LOCAL -- C-16 270 gramos 25 x 38;24/07/2026;CONSUMOS;200;200;hoja(s);0.033089;C16-25;
CARTULINA;100300709;Cartulina FBB Zenith LOCAL -- C-16 270 gramos 25 x 38;25/07/2026;CONSUMOS;1440;1440;hoja(s);0.238246;C16-25;
CARTULINA;100300709;Cartulina FBB Zenith LOCAL -- C-16 270 gramos 25 x 38;25/07/2026;CONSUMOS;1660;1660;hoja(s);0.274645;C16-25;
CARTULINA;100300709;Cartulina FBB Zenith LOCAL -- C-16 270 gramos 25 x 38;25/07/2026;CONSUMOS;2100;2100;hoja(s);0.347443;C16-25;
CARTULINA;100300709;Cartulina FBB Zenith LOCAL -- C-16 270 gramos 25 x 38;27/07/2026;CONSUMOS;1700;1700;hoja(s);0.281263;C16-25;
CARTULINA;100300709;Cartulina FBB Zenith LOCAL -- C-16 270 gramos 25 x 38;27/07/2026;CONSUMOS;1700;1700;hoja(s);0.281263;C16-25;
CARTULINA;100300709;Cartulina FBB Zenith LOCAL -- C-16 270 gramos 25 x 38;28/07/2026;CONSUMOS;1700;1700;hoja(s);0.281263;C16-25;
CARTULINA;100300754;Cartulina FBB Zenith LOCAL -- C-16 270 gramos 30 x 40;6/07/2026;CONSUMOS;9800;9800;hoja(s);2.048512;C16-30;
CARTULINA;100300754;Cartulina FBB Zenith LOCAL -- C-16 270 gramos 30 x 40;17/07/2026;CONSUMOS;9500;9500;hoja(s);1.985802;C16-30;
CARTULINA;100300996;Cartulina FBB Zenith LOCAL -- C-18 295 gramos 25 x 36;6/07/2026;CONSUMOS;31200;31200;hoja(s);5.341909;C18-25;
CARTULINA;100300996;Cartulina FBB Zenith LOCAL -- C-18 295 gramos 25 x 36;6/07/2026;CONSUMOS;2100;2100;hoja(s);0.359551;C18-25;
CARTULINA;100300996;Cartulina FBB Zenith LOCAL -- C-18 295 gramos 25 x 36;6/07/2026;CONSUMOS;900;900;hoja(s);0.154093;C18-25;
CARTULINA;100300996;Cartulina FBB Zenith LOCAL -- C-18 295 gramos 25 x 36;6/07/2026;CONSUMOS;39500;39500;hoja(s);6.762994;C18-25;
CARTULINA;100300996;Cartulina FBB Zenith LOCAL -- C-18 295 gramos 25 x 36;23/07/2026;CONSUMOS;2135;2135;hoja(s);0.365544;C18-25;
CARTULINA;100300996;Cartulina FBB Zenith LOCAL -- C-18 295 gramos 25 x 36;23/07/2026;CONSUMOS;2135;2135;hoja(s);0.365544;C18-25;
CARTULINA;100300996;Cartulina FBB Zenith LOCAL -- C-18 295 gramos 25 x 36;23/07/2026;CONSUMOS;2400;2400;hoja(s);0.410916;C18-25;
CARTULINA;100300996;Cartulina FBB Zenith LOCAL -- C-18 295 gramos 25 x 36;23/07/2026;CONSUMOS;2400;2400;hoja(s);0.410916;C18-25;
CARTULINA;100300996;Cartulina FBB Zenith LOCAL -- C-18 295 gramos 25 x 36;24/07/2026;CONSUMOS;2135;2135;hoja(s);0.365544;C18-25;
CARTULINA;100300996;Cartulina FBB Zenith LOCAL -- C-18 295 gramos 25 x 36;24/07/2026;CONSUMOS;2135;2135;hoja(s);0.365544;C18-25;
CARTULINA;100300996;Cartulina FBB Zenith LOCAL -- C-18 295 gramos 25 x 36;24/07/2026;CONSUMOS;2400;2400;hoja(s);0.410916;C18-25;
CARTULINA;100300996;Cartulina FBB Zenith LOCAL -- C-18 295 gramos 25 x 36;24/07/2026;CONSUMOS;2400;2400;hoja(s);0.410916;C18-25;
CARTULINA;100300996;Cartulina FBB Zenith LOCAL -- C-18 295 gramos 25 x 36;24/07/2026;CONSUMOS;2135;2135;hoja(s);0.365544;C18-25;
CARTULINA;100300996;Cartulina FBB Zenith LOCAL -- C-18 295 gramos 25 x 36;24/07/2026;CONSUMOS;2400;2400;hoja(s);0.410916;C18-25;
CARTULINA;100301001;Cartulina FBB Zenith LOCAL -- C-18 295 gramos 25 x 38;6/07/2026;CONSUMOS;17800;17800;hoja(s);3.217681;C18-25;
CARTULINA;100301001;Cartulina FBB Zenith LOCAL -- C-18 295 gramos 25 x 38;8/07/2026;CONSUMOS;1325;1325;hoja(s);0.239518;C18-25;
CARTULINA;100301001;Cartulina FBB Zenith LOCAL -- C-18 295 gramos 25 x 38;8/07/2026;CONSUMOS;1645;1645;hoja(s);0.297364;C18-25;
CARTULINA;100301001;Cartulina FBB Zenith LOCAL -- C-18 295 gramos 25 x 38;8/07/2026;CONSUMOS;1585;1585;hoja(s);0.286518;C18-25;
CARTULINA;100301001;Cartulina FBB Zenith LOCAL -- C-18 295 gramos 25 x 38;10/07/2026;CONSUMOS;21150;21150;hoja(s);3.823256;C18-25;
CARTULINA;100301001;Cartulina FBB Zenith LOCAL -- C-18 295 gramos 25 x 38;10/07/2026;CONSUMOS;2025;2025;hoja(s);0.366056;C18-25;
CARTULINA;100301001;Cartulina FBB Zenith LOCAL -- C-18 295 gramos 25 x 38;10/07/2026;CONSUMOS;5700;5700;hoja(s);1.030381;C18-25;
CARTULINA;100301001;Cartulina FBB Zenith LOCAL -- C-18 295 gramos 25 x 38;10/07/2026;CONSUMOS;3550;3550;hoja(s);0.641728;C18-25;
CARTULINA;100301001;Cartulina FBB Zenith LOCAL -- C-18 295 gramos 25 x 38;10/07/2026;CONSUMOS;3335;3335;hoja(s);0.602863;C18-25;
CARTULINA;100301001;Cartulina FBB Zenith LOCAL -- C-18 295 gramos 25 x 38;10/07/2026;CONSUMOS;1210;1210;hoja(s);0.21873;C18-25;
CARTULINA;100301001;Cartulina FBB Zenith LOCAL -- C-18 295 gramos 25 x 38;10/07/2026;CONSUMOS;1120;1120;hoja(s);0.20246;C18-25;
CARTULINA;100301001;Cartulina FBB Zenith LOCAL -- C-18 295 gramos 25 x 38;10/07/2026;CONSUMOS;1185;1185;hoja(s);0.21421;C18-25;
CARTULINA;100301001;Cartulina FBB Zenith LOCAL -- C-18 295 gramos 25 x 38;10/07/2026;CONSUMOS;865;865;hoja(s);0.156364;C18-25;
CARTULINA;100301001;Cartulina FBB Zenith LOCAL -- C-18 295 gramos 25 x 38;10/07/2026;CONSUMOS;4600;4600;hoja(s);0.831535;C18-25;
CARTULINA;100301001;Cartulina FBB Zenith LOCAL -- C-18 295 gramos 25 x 38;10/07/2026;CONSUMOS;900;900;hoja(s);0.162691;C18-25;
CARTULINA;100301001;Cartulina FBB Zenith LOCAL -- C-18 295 gramos 25 x 38;15/07/2026;CONSUMOS;20800;20800;hoja(s);3.759987;C18-25;
CARTULINA;100301046;Cartulina FBB Zenith LOCAL -- C-18 295 gramos 30 x 40;6/07/2026;CONSUMOS;3800;3800;hoja(s);0.867869;C18-30;
CARTULINA;100301046;Cartulina FBB Zenith LOCAL -- C-18 295 gramos 30 x 40;6/07/2026;CONSUMOS;4400;4400;hoja(s);1.004901;C18-30;
CARTULINA;100301046;Cartulina FBB Zenith LOCAL -- C-18 295 gramos 30 x 40;6/07/2026;CONSUMOS;4200;4200;hoja(s);0.959223;C18-30;
CARTULINA;100301046;Cartulina FBB Zenith LOCAL -- C-18 295 gramos 30 x 40;6/07/2026;CONSUMOS;3725;3725;hoja(s);0.85074;C18-30;
CARTULINA;100301046;Cartulina FBB Zenith LOCAL -- C-18 295 gramos 30 x 40;10/07/2026;CONSUMOS;6750;6750;hoja(s);1.541609;C18-30;
CARTULINA;100301046;Cartulina FBB Zenith LOCAL -- C-18 295 gramos 30 x 40;10/07/2026;CONSUMOS;15300;15300;hoja(s);3.494315;C18-30;
CARTULINA;100301046;Cartulina FBB Zenith LOCAL -- C-18 295 gramos 30 x 40;15/07/2026;CONSUMOS;3900;3900;hoja(s);0.890707;C18-30;
CARTULINA;100301259;Cartulina FBB Zenith LOCAL -- C-20 325 gramos 25 x 36;17/07/2026;CONSUMOS;5000;5000;hoja(s);0.943133;C20-25;
CARTULINA;100301259;Cartulina FBB Zenith LOCAL -- C-20 325 gramos 25 x 36;17/07/2026;CONSUMOS;2600;2600;hoja(s);0.490429;C20-25;
CARTULINA;100301352;Rollo Cartulina CMPC RC C -14 225 g ancho 25;6/07/2026;CONSUMOS;413;413;METROS;0.059007;CMPC RC;
CARTULINA;100301356;Rollo Cartulina ASIA SYMBOL C-16 270 g ancho 25;2/07/2026;CONSUMOS;584;584;METROS;0.100126;C16-25;
CARTULINA;100301356;Rollo Cartulina ASIA SYMBOL C-16 270 g ancho 25;2/07/2026;CONSUMOS;584;584;METROS;0.100126;C16-25;
CARTULINA;100301356;Rollo Cartulina ASIA SYMBOL C-16 270 g ancho 25;2/07/2026;CONSUMOS;584;584;METROS;0.100126;C16-25;
CARTULINA;100301356;Rollo Cartulina ASIA SYMBOL C-16 270 g ancho 25;2/07/2026;CONSUMOS;582;582;METROS;0.099783;C16-25;
CARTULINA;100301356;Rollo Cartulina ASIA SYMBOL C-16 270 g ancho 25;2/07/2026;CONSUMOS;582;582;METROS;0.099783;C16-25;
CARTULINA;100301825;Rollo Cartulina ASIA SYMBOL C-16 270 g ancho 28.5;2/07/2026;CONSUMOS;890;890;METROS;0.173736;C16-29;
CARTULINA;100301825;Rollo Cartulina ASIA SYMBOL C-16 270 g ancho 28.5;2/07/2026;CONSUMOS;874;874;METROS;0.170613;C16-29;
CARTULINA;100301825;Rollo Cartulina ASIA SYMBOL C-16 270 g ancho 28.5;2/07/2026;CONSUMOS;781;781;METROS;0.152459;C16-29;
CARTULINA;100301825;Rollo Cartulina ASIA SYMBOL C-16 270 g ancho 28.5;2/07/2026;CONSUMOS;922;922;METROS;0.179983;C16-29;
CARTULINA;100301825;Rollo Cartulina ASIA SYMBOL C-16 270 g ancho 28.5;2/07/2026;CONSUMOS;1111;1111;METROS;0.216878;C16-29;
CARTULINA;100301825;Rollo Cartulina ASIA SYMBOL C-16 270 g ancho 28.5;2/07/2026;CONSUMOS;2405;2405;METROS;0.46948;C16-29;
CARTULINA;100301825;Rollo Cartulina ASIA SYMBOL C-16 270 g ancho 28.5;2/07/2026;CONSUMOS;2449;2449;METROS;0.478069;C16-29;
CARTULINA;100301825;Rollo Cartulina ASIA SYMBOL C-16 270 g ancho 28.5;2/07/2026;CONSUMOS;766;766;METROS;0.14953;C16-29;
CARTULINA;100301856;Rollo Cartulina OBAFREE --  C - 18 265 g ancho 23;8/07/2026;CONSUMOS;13678;13678;METROS;2.116807;C18-23;
CARTULINA;100301856;Rollo Cartulina OBAFREE --  C - 18 265 g ancho 23;24/07/2026;CONSUMOS;13487;13487;METROS;2.087248;C18-23;
CARTULINA;100301863;Rollo Cartulina ASIA SYMBOL C-14 235 g ancho 29;30/07/2026;CONSUMOS;1366;1366;METROS;0.236263;C14-29;
CARTULINA;100301869;Rollo Cartulina DUPLEX MIRABELL --  C - 17 320 g ancho 22;2/07/2026;CONSUMOS;49455;49455;METROS;8.830684;COLGATE-150;
CARTULINA;100301869;Rollo Cartulina DUPLEX MIRABELL --  C - 17 320 g ancho 22;13/07/2026;CONSUMOS;27847;27847;METROS;4.97236;COLGATE-150;
CARTULINA;100301869;Rollo Cartulina DUPLEX MIRABELL --  C - 17 320 g ancho 22;22/07/2026;CONSUMOS;46326;46326;METROS;8.27197;COLGATE-150;
CARTULINA;100301869;Rollo Cartulina DUPLEX MIRABELL --  C - 17 320 g ancho 22;22/07/2026;CONSUMOS;873;873;METROS;0.155882;COLGATE-150;
CARTULINA;100301869;Rollo Cartulina DUPLEX MIRABELL --  C - 17 320 g ancho 22;30/07/2026;CONSUMOS;40443;40443;METROS;7.221502;COLGATE-150;
CARTULINA;100301869;Rollo Cartulina DUPLEX MIRABELL --  C - 17 320 g ancho 22;30/07/2026;CONSUMOS;1996;1996;METROS;0.356405;COLGATE-150;
CARTULINA;100301902;Rollo Cartulina SBS CANDESCE -- C-24 407 g ancho 39 (29-89);2/07/2026;CONSUMOS;1620;1620;METROS;0.652746;GILDAN;
CARTULINA;100301902;Rollo Cartulina SBS CANDESCE -- C-24 407 g ancho 39 (29-89);21/07/2026;CONSUMOS;4241;4241;METROS;1.708826;GILDAN;
CARTULINA;100301902;Rollo Cartulina SBS CANDESCE -- C-24 407 g ancho 39 (29-89);21/07/2026;CONSUMOS;1579;1579;METROS;0.636226;GILDAN;
CARTULINA;100301902;Rollo Cartulina SBS CANDESCE -- C-24 407 g ancho 39 (29-89);21/07/2026;CONSUMOS;1569;1569;METROS;0.632197;GILDAN;
CARTULINA;100301908;Rollo Cartulina Nine Dragons C - 13.6 215 g ancho 25 (29-89);2/07/2026;CONSUMOS;2772;2772;METROS;0.378447;C13.6-25;
CARTULINA;100301908;Rollo Cartulina Nine Dragons C - 13.6 215 g ancho 25 (29-89);6/07/2026;CONSUMOS;3901;3901;METROS;0.532584;C13.6-25;
CARTULINA;100301908;Rollo Cartulina Nine Dragons C - 13.6 215 g ancho 25 (29-89);6/07/2026;CONSUMOS;203;203;METROS;0.027714;C13.6-25;
CARTULINA;100301908;Rollo Cartulina Nine Dragons C - 13.6 215 g ancho 25 (29-89);9/07/2026;CONSUMOS;1787;1787;METROS;0.24397;C13.6-25;
CARTULINA;100301908;Rollo Cartulina Nine Dragons C - 13.6 215 g ancho 25 (29-89);9/07/2026;CONSUMOS;310;310;METROS;0.042322;C13.6-25;
CARTULINA;100301908;Rollo Cartulina Nine Dragons C - 13.6 215 g ancho 25 (29-89);13/07/2026;CONSUMOS;36441;36441;METROS;4.975107;C13.6-25;
CARTULINA;100301908;Rollo Cartulina Nine Dragons C - 13.6 215 g ancho 25 (29-89);13/07/2026;CONSUMOS;14023;14023;METROS;1.91449;C13.6-25;
CARTULINA;100301908;Rollo Cartulina Nine Dragons C - 13.6 215 g ancho 25 (29-89);13/07/2026;CONSUMOS;336;336;METROS;0.045872;C13.6-25;
CARTULINA;100301908;Rollo Cartulina Nine Dragons C - 13.6 215 g ancho 25 (29-89);14/07/2026;CONSUMOS;1897;1897;METROS;0.258987;C13.6-25;
CARTULINA;100301908;Rollo Cartulina Nine Dragons C - 13.6 215 g ancho 25 (29-89);16/07/2026;CONSUMOS;36000;36000;METROS;4.9149;C13.6-25;
CARTULINA;100301908;Rollo Cartulina Nine Dragons C - 13.6 215 g ancho 25 (29-89);21/07/2026;CONSUMOS;20868;20868;METROS;2.849003;C13.6-25;
CARTULINA;100301908;Rollo Cartulina Nine Dragons C - 13.6 215 g ancho 25 (29-89);21/07/2026;CONSUMOS;613;613;METROS;0.083689;C13.6-25;
CARTULINA;100301908;Rollo Cartulina Nine Dragons C - 13.6 215 g ancho 25 (29-89);22/07/2026;CONSUMOS;2056;2056;METROS;0.280695;C13.6-25;
CARTULINA;100301908;Rollo Cartulina Nine Dragons C - 13.6 215 g ancho 25 (29-89);22/07/2026;CONSUMOS;1952;1952;METROS;0.266496;C13.6-25;
CARTULINA;100301908;Rollo Cartulina Nine Dragons C - 13.6 215 g ancho 25 (29-89);22/07/2026;CONSUMOS;1387;1387;METROS;0.18936;C13.6-25;
CARTULINA;100301908;Rollo Cartulina Nine Dragons C - 13.6 215 g ancho 25 (29-89);22/07/2026;CONSUMOS;896;896;METROS;0.122326;C13.6-25;
CARTULINA;100301908;Rollo Cartulina Nine Dragons C - 13.6 215 g ancho 25 (29-89);22/07/2026;CONSUMOS;1996;1996;METROS;0.272503;C13.6-25;
CARTULINA;100301908;Rollo Cartulina Nine Dragons C - 13.6 215 g ancho 25 (29-89);24/07/2026;CONSUMOS;1995;1995;METROS;0.272367;C13.6-25;
CARTULINA;100301908;Rollo Cartulina Nine Dragons C - 13.6 215 g ancho 25 (29-89);24/07/2026;CONSUMOS;1029;1029;METROS;0.140484;C13.6-25;
CARTULINA;100301908;Rollo Cartulina Nine Dragons C - 13.6 215 g ancho 25 (29-89);24/07/2026;CONSUMOS;1006;1006;METROS;0.137344;C13.6-25;
CARTULINA;100301908;Rollo Cartulina Nine Dragons C - 13.6 215 g ancho 25 (29-89);24/07/2026;CONSUMOS;1275;1275;METROS;0.174069;C13.6-25;
CARTULINA;100301908;Rollo Cartulina Nine Dragons C - 13.6 215 g ancho 25 (29-89);24/07/2026;CONSUMOS;1280;1280;METROS;0.174752;C13.6-25;
CARTULINA;100301908;Rollo Cartulina Nine Dragons C - 13.6 215 g ancho 25 (29-89);24/07/2026;CONSUMOS;2300;2300;METROS;0.314007;C13.6-25;
CARTULINA;100301908;Rollo Cartulina Nine Dragons C - 13.6 215 g ancho 25 (29-89);24/07/2026;CONSUMOS;3497;3497;METROS;0.477427;C13.6-25;
CARTULINA;100301908;Rollo Cartulina Nine Dragons C - 13.6 215 g ancho 25 (29-89);24/07/2026;CONSUMOS;2052;2052;METROS;0.280149;C13.6-25;
CARTULINA;100301908;Rollo Cartulina Nine Dragons C - 13.6 215 g ancho 25 (29-89);24/07/2026;CONSUMOS;1650;1650;METROS;0.225266;C13.6-25;
CARTULINA;100301908;Rollo Cartulina Nine Dragons C - 13.6 215 g ancho 25 (29-89);24/07/2026;CONSUMOS;1655;1655;METROS;0.225948;C13.6-25;
CARTULINA;100301908;Rollo Cartulina Nine Dragons C - 13.6 215 g ancho 25 (29-89);24/07/2026;CONSUMOS;1718;1718;METROS;0.234549;C13.6-25;
CARTULINA;100301908;Rollo Cartulina Nine Dragons C - 13.6 215 g ancho 25 (29-89);24/07/2026;CONSUMOS;5174;5174;METROS;0.70638;C13.6-25;
CARTULINA;100301908;Rollo Cartulina Nine Dragons C - 13.6 215 g ancho 25 (29-89);24/07/2026;CONSUMOS;5098;5098;METROS;0.696004;C13.6-25;
CARTULINA;100301908;Rollo Cartulina Nine Dragons C - 13.6 215 g ancho 25 (29-89);24/07/2026;CONSUMOS;918;918;METROS;0.125329;C13.6-25;
CARTULINA;100301908;Rollo Cartulina Nine Dragons C - 13.6 215 g ancho 25 (29-89);24/07/2026;CONSUMOS;1244;1244;METROS;0.169837;C13.6-25;
CARTULINA;100301908;Rollo Cartulina Nine Dragons C - 13.6 215 g ancho 25 (29-89);24/07/2026;CONSUMOS;1819;1819;METROS;0.248338;C13.6-25;
CARTULINA;100301908;Rollo Cartulina Nine Dragons C - 13.6 215 g ancho 25 (29-89);24/07/2026;CONSUMOS;797;797;METROS;0.10881;C13.6-25;
CARTULINA;100301908;Rollo Cartulina Nine Dragons C - 13.6 215 g ancho 25 (29-89);24/07/2026;CONSUMOS;2844;2844;METROS;0.388277;C13.6-25;
CARTULINA;100301908;Rollo Cartulina Nine Dragons C - 13.6 215 g ancho 25 (29-89);27/07/2026;CONSUMOS;2536;2536;METROS;0.346227;C13.6-25;
CARTULINA;100301908;Rollo Cartulina Nine Dragons C - 13.6 215 g ancho 25 (29-89);27/07/2026;CONSUMOS;1420;1420;METROS;0.193865;C13.6-25;
CARTULINA;100301908;Rollo Cartulina Nine Dragons C - 13.6 215 g ancho 25 (29-89);29/07/2026;CONSUMOS;1849;1849;METROS;0.252434;C13.6-25;
CARTULINA;100301908;Rollo Cartulina Nine Dragons C - 13.6 215 g ancho 25 (29-89);29/07/2026;CONSUMOS;2333;2333;METROS;0.318512;C13.6-25;
CARTULINA;100301908;Rollo Cartulina Nine Dragons C - 13.6 215 g ancho 25 (29-89);30/07/2026;CONSUMOS;992;992;METROS;0.135432;C13.6-25;
CARTULINA;100301917;Rollo Cartulina Nine Dragons C - 16.3 255 g ancho 25 (29-89);8/07/2026;CONSUMOS;1046;1046;METROS;0.169373;C16.3-25;
CARTULINA;100301917;Rollo Cartulina Nine Dragons C - 16.3 255 g ancho 25 (29-89);8/07/2026;CONSUMOS;3668;3668;METROS;0.59394;C16.3-25;
CARTULINA;100301917;Rollo Cartulina Nine Dragons C - 16.3 255 g ancho 25 (29-89);8/07/2026;CONSUMOS;1441;1441;METROS;0.233333;C16.3-25;
CARTULINA;100301917;Rollo Cartulina Nine Dragons C - 16.3 255 g ancho 25 (29-89);8/07/2026;CONSUMOS;1418;1418;METROS;0.229609;C16.3-25;
CARTULINA;100301917;Rollo Cartulina Nine Dragons C - 16.3 255 g ancho 25 (29-89);8/07/2026;CONSUMOS;2345;2345;METROS;0.379714;C16.3-25;
CARTULINA;100301917;Rollo Cartulina Nine Dragons C - 16.3 255 g ancho 25 (29-89);8/07/2026;CONSUMOS;1149;1149;METROS;0.186051;C16.3-25;
CARTULINA;100301917;Rollo Cartulina Nine Dragons C - 16.3 255 g ancho 25 (29-89);8/07/2026;CONSUMOS;1235;1235;METROS;0.199977;C16.3-25;
CARTULINA;100301917;Rollo Cartulina Nine Dragons C - 16.3 255 g ancho 25 (29-89);8/07/2026;CONSUMOS;498;498;METROS;0.080638;C16.3-25;
CARTULINA;100301917;Rollo Cartulina Nine Dragons C - 16.3 255 g ancho 25 (29-89);8/07/2026;CONSUMOS;1803;1803;METROS;0.29195;C16.3-25;
CARTULINA;100301917;Rollo Cartulina Nine Dragons C - 16.3 255 g ancho 25 (29-89);8/07/2026;CONSUMOS;2124;2124;METROS;0.343928;C16.3-25;
CARTULINA;100301917;Rollo Cartulina Nine Dragons C - 16.3 255 g ancho 25 (29-89);8/07/2026;CONSUMOS;1234;1234;METROS;0.199815;C16.3-25;
CARTULINA;100301917;Rollo Cartulina Nine Dragons C - 16.3 255 g ancho 25 (29-89);8/07/2026;CONSUMOS;1590;1590;METROS;0.25746;C16.3-25;
CARTULINA;100301917;Rollo Cartulina Nine Dragons C - 16.3 255 g ancho 25 (29-89);8/07/2026;CONSUMOS;5039;5039;METROS;0.81594;C16.3-25;
CARTULINA;100301917;Rollo Cartulina Nine Dragons C - 16.3 255 g ancho 25 (29-89);8/07/2026;CONSUMOS;1197;1197;METROS;0.193824;C16.3-25;
CARTULINA;100301917;Rollo Cartulina Nine Dragons C - 16.3 255 g ancho 25 (29-89);8/07/2026;CONSUMOS;1917;1917;METROS;0.31041;C16.3-25;
CARTULINA;100301917;Rollo Cartulina Nine Dragons C - 16.3 255 g ancho 25 (29-89);8/07/2026;CONSUMOS;6546;6546;METROS;1.059961;C16.3-25;
CARTULINA;100301917;Rollo Cartulina Nine Dragons C - 16.3 255 g ancho 25 (29-89);8/07/2026;CONSUMOS;6562;6562;METROS;1.062551;C16.3-25;
CARTULINA;100301917;Rollo Cartulina Nine Dragons C - 16.3 255 g ancho 25 (29-89);8/07/2026;CONSUMOS;1541;1541;METROS;0.249526;C16.3-25;
CARTULINA;100301917;Rollo Cartulina Nine Dragons C - 16.3 255 g ancho 25 (29-89);8/07/2026;CONSUMOS;24842;24842;METROS;4.02254;C16.3-25;
CARTULINA;100301917;Rollo Cartulina Nine Dragons C - 16.3 255 g ancho 25 (29-89);8/07/2026;CONSUMOS;1143;1143;METROS;0.18508;C16.3-25;
CARTULINA;100301917;Rollo Cartulina Nine Dragons C - 16.3 255 g ancho 25 (29-89);8/07/2026;CONSUMOS;1130;1130;METROS;0.182975;C16.3-25;
CARTULINA;100301917;Rollo Cartulina Nine Dragons C - 16.3 255 g ancho 25 (29-89);8/07/2026;CONSUMOS;199;199;METROS;0.032223;C16.3-25;
CARTULINA;100301917;Rollo Cartulina Nine Dragons C - 16.3 255 g ancho 25 (29-89);8/07/2026;CONSUMOS;4198;4198;METROS;0.679761;C16.3-25;
CARTULINA;100301917;Rollo Cartulina Nine Dragons C - 16.3 255 g ancho 25 (29-89);8/07/2026;CONSUMOS;3158;3158;METROS;0.511359;C16.3-25;
CARTULINA;100301917;Rollo Cartulina Nine Dragons C - 16.3 255 g ancho 25 (29-89);8/07/2026;CONSUMOS;472;472;METROS;0.076428;C16.3-25;
CARTULINA;100301917;Rollo Cartulina Nine Dragons C - 16.3 255 g ancho 25 (29-89);8/07/2026;CONSUMOS;2773;2773;METROS;0.449018;C16.3-25;
CARTULINA;100301917;Rollo Cartulina Nine Dragons C - 16.3 255 g ancho 25 (29-89);8/07/2026;CONSUMOS;2354;2354;METROS;0.381171;C16.3-25;
CARTULINA;100301917;Rollo Cartulina Nine Dragons C - 16.3 255 g ancho 25 (29-89);8/07/2026;CONSUMOS;574;574;METROS;0.092944;C16.3-25;
CARTULINA;100301917;Rollo Cartulina Nine Dragons C - 16.3 255 g ancho 25 (29-89);8/07/2026;CONSUMOS;527;527;METROS;0.085334;C16.3-25;
CARTULINA;100301917;Rollo Cartulina Nine Dragons C - 16.3 255 g ancho 25 (29-89);8/07/2026;CONSUMOS;24042;24042;METROS;3.893;C16.3-25;
CARTULINA;100301917;Rollo Cartulina Nine Dragons C - 16.3 255 g ancho 25 (29-89);9/07/2026;CONSUMOS;1078;1078;METROS;0.174555;C16.3-25;
CARTULINA;100301917;Rollo Cartulina Nine Dragons C - 16.3 255 g ancho 25 (29-89);9/07/2026;CONSUMOS;886;886;METROS;0.143465;C16.3-25;
CARTULINA;100301917;Rollo Cartulina Nine Dragons C - 16.3 255 g ancho 25 (29-89);9/07/2026;CONSUMOS;1798;1798;METROS;0.291141;C16.3-25;
CARTULINA;100301917;Rollo Cartulina Nine Dragons C - 16.3 255 g ancho 25 (29-89);9/07/2026;CONSUMOS;691;691;METROS;0.11189;C16.3-25;
CARTULINA;100301917;Rollo Cartulina Nine Dragons C - 16.3 255 g ancho 25 (29-89);13/07/2026;CONSUMOS;806;806;METROS;0.130511;C16.3-25;
CARTULINA;100301917;Rollo Cartulina Nine Dragons C - 16.3 255 g ancho 25 (29-89);13/07/2026;CONSUMOS;26018;26018;METROS;4.212964;C16.3-25;
CARTULINA;100301917;Rollo Cartulina Nine Dragons C - 16.3 255 g ancho 25 (29-89);14/07/2026;CONSUMOS;798;798;METROS;0.129216;C16.3-25;
CARTULINA;100301917;Rollo Cartulina Nine Dragons C - 16.3 255 g ancho 25 (29-89);14/07/2026;CONSUMOS;3020;3020;METROS;0.489013;C16.3-25;
CARTULINA;100301917;Rollo Cartulina Nine Dragons C - 16.3 255 g ancho 25 (29-89);14/07/2026;CONSUMOS;5077;5077;METROS;0.822093;C16.3-25;
CARTULINA;100301917;Rollo Cartulina Nine Dragons C - 16.3 255 g ancho 25 (29-89);14/07/2026;CONSUMOS;1971;1971;METROS;0.319154;C16.3-25;
CARTULINA;100301917;Rollo Cartulina Nine Dragons C - 16.3 255 g ancho 25 (29-89);14/07/2026;CONSUMOS;2160;2160;METROS;0.349758;C16.3-25;
CARTULINA;100301917;Rollo Cartulina Nine Dragons C - 16.3 255 g ancho 25 (29-89);17/07/2026;CONSUMOS;1964;1964;METROS;0.31802;C16.3-25;
CARTULINA;100301917;Rollo Cartulina Nine Dragons C - 16.3 255 g ancho 25 (29-89);17/07/2026;CONSUMOS;1531;1531;METROS;0.247907;C16.3-25;
CARTULINA;100301917;Rollo Cartulina Nine Dragons C - 16.3 255 g ancho 25 (29-89);17/07/2026;CONSUMOS;12640;12640;METROS;2.046732;C16.3-25;
CARTULINA;100301917;Rollo Cartulina Nine Dragons C - 16.3 255 g ancho 25 (29-89);17/07/2026;CONSUMOS;1797;1797;METROS;0.290979;C16.3-25;
CARTULINA;100301917;Rollo Cartulina Nine Dragons C - 16.3 255 g ancho 25 (29-89);17/07/2026;CONSUMOS;1514;1514;METROS;0.245154;C16.3-25;
CARTULINA;100301917;Rollo Cartulina Nine Dragons C - 16.3 255 g ancho 25 (29-89);21/07/2026;CONSUMOS;1060;1060;METROS;0.17164;C16.3-25;
CARTULINA;100301917;Rollo Cartulina Nine Dragons C - 16.3 255 g ancho 25 (29-89);21/07/2026;CONSUMOS;641;641;METROS;0.103793;C16.3-25;
CARTULINA;100301917;Rollo Cartulina Nine Dragons C - 16.3 255 g ancho 25 (29-89);21/07/2026;CONSUMOS;1638;1638;METROS;0.265233;C16.3-25;
CARTULINA;100301917;Rollo Cartulina Nine Dragons C - 16.3 255 g ancho 25 (29-89);21/07/2026;CONSUMOS;1484;1484;METROS;0.240296;C16.3-25;
CARTULINA;100301917;Rollo Cartulina Nine Dragons C - 16.3 255 g ancho 25 (29-89);21/07/2026;CONSUMOS;1478;1478;METROS;0.239325;C16.3-25;
CARTULINA;100301917;Rollo Cartulina Nine Dragons C - 16.3 255 g ancho 25 (29-89);21/07/2026;CONSUMOS;859;859;METROS;0.139093;C16.3-25;
CARTULINA;100301917;Rollo Cartulina Nine Dragons C - 16.3 255 g ancho 25 (29-89);21/07/2026;CONSUMOS;143;143;METROS;0.023155;C16.3-25;
CARTULINA;100301917;Rollo Cartulina Nine Dragons C - 16.3 255 g ancho 25 (29-89);22/07/2026;CONSUMOS;10345;10345;METROS;1.675114;C16.3-25;
CARTULINA;100301917;Rollo Cartulina Nine Dragons C - 16.3 255 g ancho 25 (29-89);22/07/2026;CONSUMOS;1235;1235;METROS;0.199977;C16.3-25;
CARTULINA;100301917;Rollo Cartulina Nine Dragons C - 16.3 255 g ancho 25 (29-89);22/07/2026;CONSUMOS;838;838;METROS;0.135693;C16.3-25;
CARTULINA;100301917;Rollo Cartulina Nine Dragons C - 16.3 255 g ancho 25 (29-89);22/07/2026;CONSUMOS;1418;1418;METROS;0.229609;C16.3-25;
CARTULINA;100301917;Rollo Cartulina Nine Dragons C - 16.3 255 g ancho 25 (29-89);22/07/2026;CONSUMOS;1010;1010;METROS;0.163544;C16.3-25;
CARTULINA;100301917;Rollo Cartulina Nine Dragons C - 16.3 255 g ancho 25 (29-89);22/07/2026;CONSUMOS;1114;1114;METROS;0.180384;C16.3-25;
CARTULINA;100301917;Rollo Cartulina Nine Dragons C - 16.3 255 g ancho 25 (29-89);22/07/2026;CONSUMOS;2491;2491;METROS;0.403355;C16.3-25;
CARTULINA;100301917;Rollo Cartulina Nine Dragons C - 16.3 255 g ancho 25 (29-89);23/07/2026;CONSUMOS;1216;1216;METROS;0.1969;C16.3-25;
CARTULINA;100301917;Rollo Cartulina Nine Dragons C - 16.3 255 g ancho 25 (29-89);23/07/2026;CONSUMOS;4197;4197;METROS;0.679599;C16.3-25;
CARTULINA;100301917;Rollo Cartulina Nine Dragons C - 16.3 255 g ancho 25 (29-89);23/07/2026;CONSUMOS;2499;2499;METROS;0.40465;C16.3-25;
CARTULINA;100301917;Rollo Cartulina Nine Dragons C - 16.3 255 g ancho 25 (29-89);23/07/2026;CONSUMOS;2889;2889;METROS;0.467801;C16.3-25;
CARTULINA;100301917;Rollo Cartulina Nine Dragons C - 16.3 255 g ancho 25 (29-89);23/07/2026;CONSUMOS;2782;2782;METROS;0.450475;C16.3-25;
CARTULINA;100301917;Rollo Cartulina Nine Dragons C - 16.3 255 g ancho 25 (29-89);23/07/2026;CONSUMOS;4122;4122;METROS;0.667454;C16.3-25;
CARTULINA;100301917;Rollo Cartulina Nine Dragons C - 16.3 255 g ancho 25 (29-89);23/07/2026;CONSUMOS;3168;3168;METROS;0.512978;C16.3-25;
CARTULINA;100301917;Rollo Cartulina Nine Dragons C - 16.3 255 g ancho 25 (29-89);23/07/2026;CONSUMOS;1222;1222;METROS;0.197872;C16.3-25;
CARTULINA;100301917;Rollo Cartulina Nine Dragons C - 16.3 255 g ancho 25 (29-89);24/07/2026;CONSUMOS;2225;2225;METROS;0.360283;C16.3-25;
CARTULINA;100301917;Rollo Cartulina Nine Dragons C - 16.3 255 g ancho 25 (29-89);27/07/2026;CONSUMOS;6993;6993;METROS;1.132341;C16.3-25;
CARTULINA;100301917;Rollo Cartulina Nine Dragons C - 16.3 255 g ancho 25 (29-89);27/07/2026;CONSUMOS;1873;1873;METROS;0.303285;C16.3-25;
CARTULINA;100301917;Rollo Cartulina Nine Dragons C - 16.3 255 g ancho 25 (29-89);27/07/2026;CONSUMOS;2709;2709;METROS;0.438654;C16.3-25;
CARTULINA;100301917;Rollo Cartulina Nine Dragons C - 16.3 255 g ancho 25 (29-89);30/07/2026;CONSUMOS;2737;2737;METROS;0.443188;C16.3-25;
CARTULINA;100301917;Rollo Cartulina Nine Dragons C - 16.3 255 g ancho 25 (29-89);30/07/2026;CONSUMOS;1400;1400;METROS;0.226695;C16.3-25;
CARTULINA;100301917;Rollo Cartulina Nine Dragons C - 16.3 255 g ancho 25 (29-89);30/07/2026;CONSUMOS;63;63;METROS;0.010201;C16.3-25;
CARTULINA;100304525;Cartulina SPARK C-18 270 gr 30 X 40;17/07/2026;CONSUMOS;900;900;Pliego(s);0.188128;Spark;
CARTULINA;100304527;Cartulina SPARK C-18 270 gr 25 X 38;23/07/2026;CONSUMOS;1400;1400;Pliego(s);0.231628;Spark;
CARTULINA;100304527;Cartulina SPARK C-18 270 gr 25 X 38;23/07/2026;CONSUMOS;1400;1400;Pliego(s);0.231628;Spark;
CARTULINA;100304527;Cartulina SPARK C-18 270 gr 25 X 38;24/07/2026;CONSUMOS;1400;1400;Pliego(s);0.231628;Spark;
CARTULINA;100304527;Cartulina SPARK C-18 270 gr 25 X 38;24/07/2026;CONSUMOS;1400;1400;Pliego(s);0.231628;Spark;
CARTULINA;100304527;Cartulina SPARK C-18 270 gr 25 X 38;24/07/2026;CONSUMOS;1400;1400;Pliego(s);0.231628;Spark;
CARTULINA;100304527;Cartulina SPARK C-18 270 gr 25 X 38;25/07/2026;CONSUMOS;1900;1900;Pliego(s);0.314353;Spark;
CARTULINA;100304530;Cartulina SPARK C-20 295 gr 30 X 40;6/07/2026;CONSUMOS;15400;15400;Pliego(s);3.517154;Spark;
CARTULINA;100304530;Cartulina SPARK C-20 295 gr 30 X 40;8/07/2026;CONSUMOS;2400;2400;Pliego(s);0.548127;Spark;
CARTULINA;100304541;Rollo Cartulina ASIA SYMBOL C-12 230 g ancho 25;21/07/2026;CONSUMOS;16480;16480;METROS;2.406904;C12-25;
CARTULINA;100304541;Rollo Cartulina ASIA SYMBOL C-12 230 g ancho 25;27/07/2026;CONSUMOS;97685;97685;METROS;14.266894;C12-25;
CARTULINA;100304541;Rollo Cartulina ASIA SYMBOL C-12 230 g ancho 25;30/07/2026;CONSUMOS;20399;20399;METROS;2.979273;C12-25;
CARTULINA;100304541;Rollo Cartulina ASIA SYMBOL C-12 230 g ancho 25;30/07/2026;CONSUMOS;1336;1336;METROS;0.195122;C12-25;
CARTULINA 29-89;100304547;Rollo Cartulina Spectra Natural -- C-18 267g ancho 27;17/07/2026;CONSUMOS;9710;9710;METROS;1.777984;BIMBO;
CARTULINA;100304563;Rollo Cartulina Nine Dragons C - 12 205 g ancho 25 (29-89);2/07/2026;CONSUMOS;2500;2500;METROS;0.325437;C12-25;
CARTULINA;100304563;Rollo Cartulina Nine Dragons C - 12 205 g ancho 25 (29-89);2/07/2026;CONSUMOS;1363;1363;METROS;0.177428;C12-25;
CARTULINA;100304563;Rollo Cartulina Nine Dragons C - 12 205 g ancho 25 (29-89);14/07/2026;CONSUMOS;10766;10766;METROS;1.401464;C12-25;
CARTULINA;100304563;Rollo Cartulina Nine Dragons C - 12 205 g ancho 25 (29-89);29/07/2026;CONSUMOS;203;203;METROS;0.026425;C12-25;
CARTULINA;100304563;Rollo Cartulina Nine Dragons C - 12 205 g ancho 25 (29-89);29/07/2026;CONSUMOS;550;550;METROS;0.071596;C12-25;
CARTULINA;100304563;Rollo Cartulina Nine Dragons C - 12 205 g ancho 25 (29-89);29/07/2026;CONSUMOS;6382;6382;METROS;0.830776;C12-25;
CARTULINA;100304563;Rollo Cartulina Nine Dragons C - 12 205 g ancho 25 (29-89);30/07/2026;CONSUMOS;7923;7923;METROS;1.031376;C12-25;
CARTULINA;100304563;Rollo Cartulina Nine Dragons C - 12 205 g ancho 25 (29-89);30/07/2026;CONSUMOS;3663;3663;METROS;0.476831;C12-25;
CARTULINA;100304565;Rollo Cartulina DEDICA FSC --  C - 13.5 225 g ancho 23.125;13/07/2026;CONSUMOS;83;83;Metro(s);0.010962;OLMECA;
CARTULINA;100304565;Rollo Cartulina DEDICA FSC --  C - 13.5 225 g ancho 23.125;13/07/2026;CONSUMOS;83;83;Metro(s);0.010962;OLMECA;
CARTULINA;100304565;Rollo Cartulina DEDICA FSC --  C - 13.5 225 g ancho 23.125;13/07/2026;CONSUMOS;25159;25159;Metro(s);3.322874;OLMECA;
CARTULINA;100304565;Rollo Cartulina DEDICA FSC --  C - 13.5 225 g ancho 23.125;13/07/2026;CONSUMOS;480;480;Metro(s);0.063396;OLMECA;
CARTULINA;100304565;Rollo Cartulina DEDICA FSC --  C - 13.5 225 g ancho 23.125;16/07/2026;CONSUMOS;80;80;Metro(s);0.010566;OLMECA;
CARTULINA;100304565;Rollo Cartulina DEDICA FSC --  C - 13.5 225 g ancho 23.125;16/07/2026;CONSUMOS;80;80;Metro(s);0.010566;OLMECA;
CARTULINA;100304565;Rollo Cartulina DEDICA FSC --  C - 13.5 225 g ancho 23.125;16/07/2026;CONSUMOS;622;622;Metro(s);0.08215;OLMECA;
CARTULINA;100304565;Rollo Cartulina DEDICA FSC --  C - 13.5 225 g ancho 23.125;16/07/2026;CONSUMOS;749;749;Metro(s);0.098924;OLMECA;
CARTULINA;100304565;Rollo Cartulina DEDICA FSC --  C - 13.5 225 g ancho 23.125;29/07/2026;CONSUMOS;15990;15990;Metro(s);2.111879;OLMECA;
CARTULINA;100304565;Rollo Cartulina DEDICA FSC --  C - 13.5 225 g ancho 23.125;29/07/2026;CONSUMOS;15839;15839;Metro(s);2.091935;OLMECA;
CARTULINA;100304565;Rollo Cartulina DEDICA FSC --  C - 13.5 225 g ancho 23.125;29/07/2026;CONSUMOS;9995;9995;Metro(s);1.320089;OLMECA;
CARTULINA;100304565;Rollo Cartulina DEDICA FSC --  C - 13.5 225 g ancho 23.125;29/07/2026;CONSUMOS;11767;11767;Metro(s);1.554126;OLMECA;
CARTULINA;100304565;Rollo Cartulina DEDICA FSC --  C - 13.5 225 g ancho 23.125;29/07/2026;CONSUMOS;8219;8219;Metro(s);1.085524;OLMECA;
CARTULINA;100304565;Rollo Cartulina DEDICA FSC --  C - 13.5 225 g ancho 23.125;29/07/2026;CONSUMOS;16415;16415;Metro(s);2.168011;OLMECA;
CARTULINA;100304565;Rollo Cartulina DEDICA FSC --  C - 13.5 225 g ancho 23.125;29/07/2026;CONSUMOS;30487;30487;Metro(s);4.02657;OLMECA;
CARTULINA;100304565;Rollo Cartulina DEDICA FSC --  C - 13.5 225 g ancho 23.125;29/07/2026;CONSUMOS;15669;15669;Metro(s);2.069483;OLMECA;
CARTULINA;100304565;Rollo Cartulina DEDICA FSC --  C - 13.5 225 g ancho 23.125;29/07/2026;CONSUMOS;8166;8166;Metro(s);1.078524;OLMECA;
CARTULINA;100304565;Rollo Cartulina DEDICA FSC --  C - 13.5 225 g ancho 23.125;29/07/2026;CONSUMOS;8133;8133;Metro(s);1.074165;OLMECA;
CARTULINA;100304565;Rollo Cartulina DEDICA FSC --  C - 13.5 225 g ancho 23.125;29/07/2026;CONSUMOS;16102;16102;Metro(s);2.126671;OLMECA;
CARTULINA;100304565;Rollo Cartulina DEDICA FSC --  C - 13.5 225 g ancho 23.125;29/07/2026;CONSUMOS;8267;8267;Metro(s);1.091864;OLMECA;
CARTULINA;100304619;Rollo Cartulina BRIGHT   --  C-16 245 g ancho 23;21/07/2026;CONSUMOS;30047;30047;METROS;4.299124;BAY-C16-23;
CARTULINA;100304619;Rollo Cartulina BRIGHT   --  C-16 245 g ancho 23;21/07/2026;CONSUMOS;7958;7958;METROS;1.13863;BAY-C16-23;
CARTULINA;100304625;Rollo Cartulina ASIA SYMBOL C-14 235 g ancho 28.5;6/07/2026;CONSUMOS;4641;4641;METROS;0.788529;C14-29;
CARTULINA;100304625;Rollo Cartulina ASIA SYMBOL C-14 235 g ancho 28.5;6/07/2026;CONSUMOS;12653;12653;METROS;2.149807;C14-29;
CARTULINA;100304625;Rollo Cartulina ASIA SYMBOL C-14 235 g ancho 28.5;6/07/2026;CONSUMOS;19994;19994;METROS;3.39708;C14-29;
CARTULINA;100304625;Rollo Cartulina ASIA SYMBOL C-14 235 g ancho 28.5;6/07/2026;CONSUMOS;4545;4545;METROS;0.772218;C14-29;
CARTULINA;100304625;Rollo Cartulina ASIA SYMBOL C-14 235 g ancho 28.5;6/07/2026;CONSUMOS;1530;1530;METROS;0.259954;C14-29;
CARTULINA;100304625;Rollo Cartulina ASIA SYMBOL C-14 235 g ancho 28.5;6/07/2026;CONSUMOS;62;62;METROS;0.010534;C14-29;
CARTULINA;100304625;Rollo Cartulina ASIA SYMBOL C-14 235 g ancho 28.5;9/07/2026;CONSUMOS;735;735;METROS;0.12488;C14-29;
CARTULINA;100304625;Rollo Cartulina ASIA SYMBOL C-14 235 g ancho 28.5;16/07/2026;CONSUMOS;11922;11922;METROS;2.025607;C14-29;
CARTULINA;100304625;Rollo Cartulina ASIA SYMBOL C-14 235 g ancho 28.5;16/07/2026;CONSUMOS;69;69;METROS;0.011723;C14-29;
CARTULINA;100304639;Rollo Cartulina BRIGHT --  C - 16 245 g ancho 25;14/07/2026;CONSUMOS;533;533;METROS;0.082921;BAY-C16-25;
CARTULINA;100304639;Rollo Cartulina BRIGHT --  C - 16 245 g ancho 25;14/07/2026;CONSUMOS;178;178;METROS;0.027692;BAY-C16-25;
CARTULINA;100304639;Rollo Cartulina BRIGHT --  C - 16 245 g ancho 25;21/07/2026;CONSUMOS;2154;2154;METROS;0.335108;BAY-C16-25;
CARTULINA;100304639;Rollo Cartulina BRIGHT --  C - 16 245 g ancho 25;21/07/2026;CONSUMOS;13755;13755;METROS;2.139934;BAY-C16-25;
CARTULINA;100304639;Rollo Cartulina BRIGHT --  C - 16 245 g ancho 25;21/07/2026;CONSUMOS;499;499;METROS;0.077631;BAY-C16-25;
CARTULINA;100304640;Rollo Cartulina OBAFREE --  C-15 230 g ancho 25.5;21/07/2026;CONSUMOS;45423;45423;METROS;6.759396;FOSFORERA;
CARTULINA;100304640;Rollo Cartulina OBAFREE --  C-15 230 g ancho 25.5;21/07/2026;CONSUMOS;44905;44905;METROS;6.682313;FOSFORERA;
CARTULINA;100304640;Rollo Cartulina OBAFREE --  C-15 230 g ancho 25.5;21/07/2026;CONSUMOS;22578;22578;METROS;3.359832;FOSFORERA;
CARTULINA;100304640;Rollo Cartulina OBAFREE --  C-15 230 g ancho 25.5;21/07/2026;CONSUMOS;44885;44885;METROS;6.679336;FOSFORERA;
CARTULINA;100304640;Rollo Cartulina OBAFREE --  C-15 230 g ancho 25.5;21/07/2026;CONSUMOS;26904;26904;METROS;4.003584;FOSFORERA;
CARTULINA;100304640;Rollo Cartulina OBAFREE --  C-15 230 g ancho 25.5;21/07/2026;CONSUMOS;26997;26997;METROS;4.017423;FOSFORERA;
CARTULINA;100304640;Rollo Cartulina OBAFREE --  C-15 230 g ancho 25.5;21/07/2026;CONSUMOS;18147;18147;METROS;2.700455;FOSFORERA;
CARTULINA;100304640;Rollo Cartulina OBAFREE --  C-15 230 g ancho 25.5;23/07/2026;CONSUMOS;8692;8692;METROS;1.293456;FOSFORERA;
CARTULINA;100304640;Rollo Cartulina OBAFREE --  C-15 230 g ancho 25.5;23/07/2026;CONSUMOS;44504;44504;METROS;6.62264;FOSFORERA;
CARTULINA;100305183;Cartulina FBB ASIA SYMBOL -- C-20 325 gramos  25 x 38;15/07/2026;CONSUMOS;14500;14500;PLIEGOS;2.887702;C20-25;
CARTULINA;100305183;Cartulina FBB ASIA SYMBOL -- C-20 325 gramos  25 x 38;28/07/2026;CONSUMOS;1000;1000;PLIEGOS;0.199151;C20-25;
CARTULINA;100305183;Cartulina FBB ASIA SYMBOL -- C-20 325 gramos  25 x 38;28/07/2026;CONSUMOS;2515;2515;PLIEGOS;0.500866;C20-25;
CARTULINA;100305183;Cartulina FBB ASIA SYMBOL -- C-20 325 gramos  25 x 38;28/07/2026;CONSUMOS;2885;2885;PLIEGOS;0.574553;C20-25;
CARTULINA;100305183;Cartulina FBB ASIA SYMBOL -- C-20 325 gramos  25 x 38;29/07/2026;CONSUMOS;400;400;PLIEGOS;0.07966;C20-25;
CARTULINA;100305183;Cartulina FBB ASIA SYMBOL -- C-20 325 gramos  25 x 38;29/07/2026;CONSUMOS;9900;9900;PLIEGOS;1.971603;C20-25;
CARTULINA;100305183;Cartulina FBB ASIA SYMBOL -- C-20 325 gramos  25 x 38;29/07/2026;CONSUMOS;13100;13100;PLIEGOS;2.608889;C20-25;
CARTULINA;100305712;Cartulina FBB DRAGONS -- C-13 215 gramos  25 x 35;29/07/2026;CONSUMOS;2050;2050;PLIEGOS;0.248809;C13-25;
CARTULINA;100305796;Cartulina FBB DRAGONS -- C-13 215 gramos  25 x 27;29/07/2026;CONSUMOS;3210;3210;PLIEGOS;0.300197;C13-25;
CARTULINA 29-89;100305967;Rollo Cartulina Nine Dragons C - 18.3 290 g ancho 29;14/07/2026;CONSUMOS;502;502;METROS;0.107292;C18-29-COSC;
CARTULINA 29-89;100305969;Cartulina FBB DRAGONS -- C-15.7 245 gramos 34.5 x 27;29/07/2026;CONSUMOS;62840;62840;PLIEGOS;9.238403;HONDURAS FOS;
CARTULINA;100305971;Rollo Cartulina DUPLEX MIRABELL --  C - 16 300 g ancho 25;22/07/2026;CONSUMOS;8527;8527;METROS;1.624393;COLGATE-22;
CARTULINA;100305971;Rollo Cartulina DUPLEX MIRABELL --  C - 16 300 g ancho 25;24/07/2026;CONSUMOS;12821;12821;METROS;2.4424;COLGATE-22;
CARTULINA;100305971;Rollo Cartulina DUPLEX MIRABELL --  C - 16 300 g ancho 25;24/07/2026;CONSUMOS;516;516;METROS;0.098298;COLGATE-22;
CARTULINA 29-89;100305982;Cartulina FBB DUPLEX MIRABELL -- C-16 300 gramos  20 x 32.5;21/07/2026;CONSUMOS;140085;140085;PLIEGO;17.612887;COLGATE-100;
CARTULINA 29-89;100305982;Cartulina FBB DUPLEX MIRABELL -- C-16 300 gramos  20 x 32.5;21/07/2026;CONSUMOS;41589;41589;PLIEGO;5.228984;COLGATE-100;
CARTULINA 29-89;100305982;Cartulina FBB DUPLEX MIRABELL -- C-16 300 gramos  20 x 32.5;21/07/2026;CONSUMOS;41589;41589;PLIEGO;5.228984;COLGATE-100;
CARTULINA;100305996;Cartulina SPARK -- C-16 250 gramos 25 X 38;17/07/2026;CONSUMOS;1700;1700;hoja(s);0.260429;Spark;
CARTULINA;100305996;Cartulina SPARK -- C-16 250 gramos 25 X 38;17/07/2026;CONSUMOS;1700;1700;hoja(s);0.260429;Spark;
CARTULINA;100305996;Cartulina SPARK -- C-16 250 gramos 25 X 38;17/07/2026;CONSUMOS;1700;1700;hoja(s);0.260429;Spark;
CARTULINA;100305999;Rollo Cartulina Nine Dragons C - 19 305 g ancho 24;8/07/2026;CONSUMOS;1115;1115;METROS;0.207105;C19-24;
CARTULINA;100305999;Rollo Cartulina Nine Dragons C - 19 305 g ancho 24;14/07/2026;CONSUMOS;5680;5680;METROS;1.055031;C19-24;
CARTULINA;100305999;Rollo Cartulina Nine Dragons C - 19 305 g ancho 24;14/07/2026;CONSUMOS;444;444;METROS;0.08247;C19-24;
CARTULINA 29-89;100306003;Rollo Cartulina Nine Dragons C - 16.3 255 g ancho 28.5;2/07/2026;CONSUMOS;985;985;METROS;0.159496;C16.3-28.5;
CARTULINA 29-89;100306003;Rollo Cartulina Nine Dragons C - 16.3 255 g ancho 28.5;15/07/2026;CONSUMOS;1855;1855;METROS;0.30037;C16.3-28.5;
CARTULINA 29-89;100306003;Rollo Cartulina Nine Dragons C - 16.3 255 g ancho 28.5;22/07/2026;CONSUMOS;672;672;METROS;0.108813;C16.3-28.5;
CARTULINA 29-89;100306003;Rollo Cartulina Nine Dragons C - 16.3 255 g ancho 28.5;22/07/2026;CONSUMOS;1337;1337;METROS;0.216493;C16.3-28.5;
CARTULINA 29-89;100306003;Rollo Cartulina Nine Dragons C - 16.3 255 g ancho 28.5;22/07/2026;CONSUMOS;1898;1898;METROS;0.307333;C16.3-28.5;
CARTULINA 29-89;100306003;Rollo Cartulina Nine Dragons C - 16.3 255 g ancho 28.5;23/07/2026;CONSUMOS;4537;4537;METROS;0.734653;C16.3-28.5;
CARTULINA 29-89;100306132;Rollo Cartulina FBB PROTO C1S -- C-24 396 g ancho 29;2/07/2026;CONSUMOS;2849;2849;METROS;0.830358;GILDAN;
CARTULINA 29-89;100306132;Rollo Cartulina FBB PROTO C1S -- C-24 396 g ancho 29;21/07/2026;CONSUMOS;2664;2664;METROS;0.776438;GILDAN;
CARTULINA 29-89;100306132;Rollo Cartulina FBB PROTO C1S -- C-24 396 g ancho 29;27/07/2026;CONSUMOS;2853;2853;METROS;0.831523;GILDAN;
CARTULINA 29-89;100306132;Rollo Cartulina FBB PROTO C1S -- C-24 396 g ancho 29;27/07/2026;CONSUMOS;117;117;METROS;0.0341;GILDAN;
CARTULINA 29-89;100306132;Rollo Cartulina FBB PROTO C1S -- C-24 396 g ancho 29;30/07/2026;CONSUMOS;14296;14296;METROS;4.166654;GILDAN;
CARTULINA 29-89;100306134;Rollo Cartulina FBB PROTO C1S -- C-24 396 g ancho 26.5;2/07/2026;CONSUMOS;2848;2848;METROS;0.759014;GILDAN;
CARTULINA 29-89;100306134;Rollo Cartulina FBB PROTO C1S -- C-24 396 g ancho 26.5;2/07/2026;CONSUMOS;384;384;METROS;0.102339;GILDAN;
CARTULINA 29-89;100306134;Rollo Cartulina FBB PROTO C1S -- C-24 396 g ancho 26.5;21/07/2026;CONSUMOS;2783;2783;METROS;0.741691;GILDAN;
CARTULINA 29-89;100306134;Rollo Cartulina FBB PROTO C1S -- C-24 396 g ancho 26.5;21/07/2026;CONSUMOS;12146;12146;METROS;3.237006;GILDAN;
CARTULINA;100306136;Cartulina Husky -- C-16 350 gramos 30 X 40;6/07/2026;CONSUMOS;400;400;hoja(s);0.108386;C16-30H;
CARTULINA;100306136;Cartulina Husky -- C-16 350 gramos 30 X 40;6/07/2026;CONSUMOS;300;300;hoja(s);0.08129;C16-30H;
CARTULINA;100306180;Cartulina NINGBO ALLY LOCAL C-18 290 gramos 25 x 36;15/07/2026;CONSUMOS;3300;3300;PLIEGOS;0.555433;C18-25;
CARTULINA;100306180;Cartulina NINGBO ALLY LOCAL C-18 290 gramos 25 x 36;15/07/2026;CONSUMOS;1000;1000;PLIEGOS;0.168313;C18-25;
CARTULINA;100306185;Cartulina SPARK C-20 295 gr 25 X 38;10/07/2026;CONSUMOS;24100;24100;PLIEGOS;4.356523;Spark;
CARTULINA;100306185;Cartulina SPARK C-20 295 gr 25 X 38;15/07/2026;CONSUMOS;4200;4200;PLIEGOS;0.759228;Spark;
CARTULINA;100306185;Cartulina SPARK C-20 295 gr 25 X 38;15/07/2026;CONSUMOS;12700;12700;PLIEGOS;2.295761;Spark;
CARTULINA;100306185;Cartulina SPARK C-20 295 gr 25 X 38;15/07/2026;CONSUMOS;6200;6200;PLIEGOS;1.120765;Spark;
CARTULINA;100306185;Cartulina SPARK C-20 295 gr 25 X 38;15/07/2026;CONSUMOS;11300;11300;PLIEGOS;2.042685;Spark;
CARTULINA;100306185;Cartulina SPARK C-20 295 gr 25 X 38;15/07/2026;CONSUMOS;3800;3800;PLIEGOS;0.68692;Spark;
PAPEL;100600001;Papel Bond 55 gramos -- 21 x 30;10/07/2026;CONSUMOS;22000;22000;PLIEGOS;0.491436;Bond;
PAPEL;100600001;Papel Bond 55 gramos -- 21 x 30;27/07/2026;CONSUMOS;205000;205000;PLIEGOS;4.579296;Bond;
PAPEL;100600001;Papel Bond 55 gramos -- 21 x 30;27/07/2026;CONSUMOS;205000;205000;PLIEGOS;4.579296;Bond;
PAPEL;100600001;Papel Bond 55 gramos -- 21 x 30;28/07/2026;CONSUMOS;205000;205000;PLIEGOS;4.579296;Bond;
PAPEL;100600001;Papel Bond 55 gramos -- 21 x 30;29/07/2026;CONSUMOS;17000;17000;PLIEGOS;0.379746;Bond;
PAPEL;100600003;Papel Bond 55 gramos -- 26 x 34;6/07/2026;CONSUMOS;900;900;PLIEGOS;0.028226;Bond;
PAPEL;100600003;Papel Bond 55 gramos -- 26 x 34;6/07/2026;CONSUMOS;1600;1600;PLIEGOS;0.050181;Bond;
PAPEL;100600003;Papel Bond 55 gramos -- 26 x 34;6/07/2026;CONSUMOS;1600;1600;PLIEGOS;0.050181;Bond;
PAPEL;100600003;Papel Bond 55 gramos -- 26 x 34;8/07/2026;CONSUMOS;100;100;PLIEGOS;0.003136;Bond;
PAPEL;100600003;Papel Bond 55 gramos -- 26 x 34;25/07/2026;CONSUMOS;11500;11500;PLIEGOS;0.360676;Bond;
PAPEL;100600003;Papel Bond 55 gramos -- 26 x 34;27/07/2026;CONSUMOS;6000;6000;PLIEGOS;0.188179;Bond;
PAPEL;100600003;Papel Bond 55 gramos -- 26 x 34;27/07/2026;CONSUMOS;6000;6000;PLIEGOS;0.188179;Bond;
PAPEL;100600003;Papel Bond 55 gramos -- 26 x 34;28/07/2026;CONSUMOS;1700;1700;PLIEGOS;0.053317;Bond;
PAPEL;100600003;Papel Bond 55 gramos -- 26 x 34;30/07/2026;CONSUMOS;2500;2500;PLIEGOS;0.078408;Bond;
PAPEL;100600005;Papel Bond 75 gramos -- 22 x 34;27/07/2026;CONSUMOS;6000;6000;PLIEGOS;0.217339;Bond;
PAPEL;100600005;Papel Bond 75 gramos -- 22 x 34;27/07/2026;CONSUMOS;6000;6000;PLIEGOS;0.217339;Bond;
PAPEL;100600005;Papel Bond 75 gramos -- 22 x 34;28/07/2026;CONSUMOS;3000;3000;PLIEGOS;0.108669;Bond;
PAPEL;100600005;Papel Bond 75 gramos -- 22 x 34;28/07/2026;CONSUMOS;3000;3000;PLIEGOS;0.108669;Bond;
PAPEL;100600005;Papel Bond 75 gramos -- 22 x 34;29/07/2026;CONSUMOS;400;400;PLIEGOS;0.014489;Bond;
PAPEL;100600006;Papel Bond 75 gramos -- 26 x 34;6/07/2026;CONSUMOS;4500;4500;PLIEGOS;0.192456;Bond;
PAPEL;100600006;Papel Bond 75 gramos -- 26 x 34;15/07/2026;CONSUMOS;2500;2500;PLIEGOS;0.10692;Bond;
PAPEL;100600006;Papel Bond 75 gramos -- 26 x 34;17/07/2026;CONSUMOS;2000;2000;PLIEGOS;0.085536;Bond;
PAPEL;100600006;Papel Bond 75 gramos -- 26 x 34;23/07/2026;CONSUMOS;2600;2600;PLIEGOS;0.111196;Bond;
PAPEL;100600006;Papel Bond 75 gramos -- 26 x 34;29/07/2026;CONSUMOS;165600;165600;PLIEGOS;7.08238;Bond;
PAPEL;100600009;Papel Bond 75 gramos -- 26 x 38;15/07/2026;CONSUMOS;5100;5100;PLIEGOS;0.243614;Bond;
PAPEL;100600013;Papel Bond 90 gramos -- 26 x 34;10/07/2026;CONSUMOS;1100;1100;PLIEGOS;0.056453;Bond;
PAPEL;100600013;Papel Bond 90 gramos -- 26 x 34;10/07/2026;CONSUMOS;2500;2500;PLIEGOS;0.128304;Bond;
PAPEL;100600013;Papel Bond 90 gramos -- 26 x 34;17/07/2026;CONSUMOS;170;170;PLIEGOS;0.008724;Bond;
PAPEL;100600013;Papel Bond 90 gramos -- 26 x 34;25/07/2026;CONSUMOS;615;615;PLIEGOS;0.031562;Bond;
PAPEL;100600013;Papel Bond 90 gramos -- 26 x 34;25/07/2026;CONSUMOS;35;35;PLIEGOS;0.001796;Bond;
PAPEL;100600018;Papel Bond 60 gramos -- 21 x 30;29/07/2026;CONSUMOS;22000;22000;PLIEGOS;0.536112;Bond;
PAPEL;100600020;Papel Couche Brillante B-60 -- 90 gramos  25 x 36;15/07/2026;CONSUMOS;39500;39500;PLIEGOS;2.063286;Couche;
PAPEL;100600021;Papel Couche Brillante - 1 Cara - B-60 -- 90 gramos  25 x 36;15/07/2026;CONSUMOS;600;600;PLIEGOS;0.031341;Couche;
PAPEL;100600021;Papel Couche Brillante - 1 Cara - B-60 -- 90 gramos  25 x 36;25/07/2026;CONSUMOS;2000;2000;PLIEGOS;0.10447;Couche;
PAPEL;100600021;Papel Couche Brillante - 1 Cara - B-60 -- 90 gramos  25 x 36;25/07/2026;CONSUMOS;3000;3000;PLIEGOS;0.156705;Couche;
PAPEL;100600023;Papel Couche Brillante - 1 Cara - B-60 -- 90 gramos  25 x 38;6/07/2026;CONSUMOS;200;200;PLIEGOS;0.011029;Couche;
PAPEL;100600023;Papel Couche Brillante - 1 Cara - B-60 -- 90 gramos  25 x 38;17/07/2026;CONSUMOS;2500;2500;PLIEGOS;0.137874;Couche;
PAPEL;100600023;Papel Couche Brillante - 1 Cara - B-60 -- 90 gramos  25 x 38;17/07/2026;CONSUMOS;2500;2500;PLIEGOS;0.137874;Couche;
PAPEL;100600023;Papel Couche Brillante - 1 Cara - B-60 -- 90 gramos  25 x 38;17/07/2026;CONSUMOS;2300;2300;PLIEGOS;0.126844;Couche;
PAPEL;100600023;Papel Couche Brillante - 1 Cara - B-60 -- 90 gramos  25 x 38;23/07/2026;CONSUMOS;1400;1400;PLIEGOS;0.077209;Couche;
PAPEL;100600023;Papel Couche Brillante - 1 Cara - B-60 -- 90 gramos  25 x 38;23/07/2026;CONSUMOS;1800;1800;PLIEGOS;0.099269;Couche;
PAPEL;100600023;Papel Couche Brillante - 1 Cara - B-60 -- 90 gramos  25 x 38;23/07/2026;CONSUMOS;800;800;PLIEGOS;0.044119;Couche;
PAPEL;100600023;Papel Couche Brillante - 1 Cara - B-60 -- 90 gramos  25 x 38;23/07/2026;CONSUMOS;1800;1800;PLIEGOS;0.099269;Couche;
PAPEL;100600026;Papel Couche Brillante B-70 -- 105 gramos  25 x 36;17/07/2026;CONSUMOS;5250;5250;PLIEGOS;0.319939;Couche;
PAPEL;100600029;Papel Couche Brillante B-80 -- 115 gramos  25 x 36;15/07/2026;CONSUMOS;1750;1750;PLIEGOS;0.116803;Couche;
PAPEL;100600030;Papel Couche Brillante B-80 -- 115 gramos  25 x 38;6/07/2026;CONSUMOS;2000;2000;PLIEGOS;0.140938;Couche;
PAPEL;100600030;Papel Couche Brillante B-80 -- 115 gramos  25 x 38;10/07/2026;CONSUMOS;1200;1200;PLIEGOS;0.084562;Couche;
PAPEL;100600030;Papel Couche Brillante B-80 -- 115 gramos  25 x 38;10/07/2026;CONSUMOS;500;500;PLIEGOS;0.035234;Couche;
PAPEL;100600030;Papel Couche Brillante B-80 -- 115 gramos  25 x 38;10/07/2026;CONSUMOS;2300;2300;PLIEGOS;0.162078;Couche;
PAPEL;100600030;Papel Couche Brillante B-80 -- 115 gramos  25 x 38;25/07/2026;CONSUMOS;2500;2500;PLIEGOS;0.176172;Couche;
PAPEL;100600032;Papel Couche Brillante B-100 -- 140 gramos  25 x 36;15/07/2026;CONSUMOS;1750;1750;PLIEGOS;0.142195;Couche;
PAPEL;100600032;Papel Couche Brillante B-100 -- 140 gramos  25 x 36;23/07/2026;CONSUMOS;800;800;PLIEGOS;0.065003;Couche;
PAPEL;100600032;Papel Couche Brillante B-100 -- 140 gramos  25 x 36;23/07/2026;CONSUMOS;800;800;PLIEGOS;0.065003;Couche;
PAPEL;100600032;Papel Couche Brillante B-100 -- 140 gramos  25 x 36;23/07/2026;CONSUMOS;800;800;PLIEGOS;0.065003;Couche;
PAPEL;100600032;Papel Couche Brillante B-100 -- 140 gramos  25 x 36;23/07/2026;CONSUMOS;800;800;PLIEGOS;0.065003;Couche;
PAPEL;100600032;Papel Couche Brillante B-100 -- 140 gramos  25 x 36;23/07/2026;CONSUMOS;800;800;PLIEGOS;0.065003;Couche;
PAPEL;100600032;Papel Couche Brillante B-100 -- 140 gramos  25 x 36;23/07/2026;CONSUMOS;800;800;PLIEGOS;0.065003;Couche;
PAPEL;100600032;Papel Couche Brillante B-100 -- 140 gramos  25 x 36;23/07/2026;CONSUMOS;800;800;PLIEGOS;0.065003;Couche;
PAPEL;100600032;Papel Couche Brillante B-100 -- 140 gramos  25 x 36;23/07/2026;CONSUMOS;800;800;PLIEGOS;0.065003;Couche;
PAPEL;100600032;Papel Couche Brillante B-100 -- 140 gramos  25 x 36;23/07/2026;CONSUMOS;800;800;PLIEGOS;0.065003;Couche;
PAPEL;100600032;Papel Couche Brillante B-100 -- 140 gramos  25 x 36;23/07/2026;CONSUMOS;800;800;PLIEGOS;0.065003;Couche;
PAPEL;100600032;Papel Couche Brillante B-100 -- 140 gramos  25 x 36;23/07/2026;CONSUMOS;800;800;PLIEGOS;0.065003;Couche;
PAPEL;100600032;Papel Couche Brillante B-100 -- 140 gramos  25 x 36;23/07/2026;CONSUMOS;800;800;PLIEGOS;0.065003;Couche;
PAPEL;100600032;Papel Couche Brillante B-100 -- 140 gramos  25 x 36;23/07/2026;CONSUMOS;800;800;PLIEGOS;0.065003;Couche;
PAPEL;100600032;Papel Couche Brillante B-100 -- 140 gramos  25 x 36;23/07/2026;CONSUMOS;800;800;PLIEGOS;0.065003;Couche;
PAPEL;100600032;Papel Couche Brillante B-100 -- 140 gramos  25 x 36;23/07/2026;CONSUMOS;800;800;PLIEGOS;0.065003;Couche;
PAPEL;100600032;Papel Couche Brillante B-100 -- 140 gramos  25 x 36;23/07/2026;CONSUMOS;800;800;PLIEGOS;0.065003;Couche;
PAPEL;100600033;Papel Couche Brillante B-100 -- 140 gramos  25 x 38;10/07/2026;CONSUMOS;1250;1250;PLIEGOS;0.107235;Couche;
PAPEL;100600033;Papel Couche Brillante B-100 -- 140 gramos  25 x 38;10/07/2026;CONSUMOS;5900;5900;PLIEGOS;0.506152;Couche;
PAPEL;100600033;Papel Couche Brillante B-100 -- 140 gramos  25 x 38;17/07/2026;CONSUMOS;270;270;PLIEGOS;0.023162;Couche;
PAPEL;100600045;Papel Couche Brillante B-80 -- 115 gramos  30 x 40;10/07/2026;CONSUMOS;2800;2800;PLIEGOS;0.249289;Couche;
PAPEL;100600045;Papel Couche Brillante B-80 -- 115 gramos  30 x 40;23/07/2026;CONSUMOS;1000;1000;PLIEGOS;0.089032;Couche;
PAPEL;100600068;Cartulina FBB Zenith --  C-22 330 gramos  25 x 38;6/07/2026;CONSUMOS;2400;2400;PLIEGO;0.485418;C22-25;
PAPEL;100600094;Rollo Cartulina CMPC RC --  C - 18 265 g ancho 25;21/07/2026;CONSUMOS;2982;2982;METROS;0.501796;CMPC RC;
PAPEL;100600094;Rollo Cartulina CMPC RC --  C - 18 265 g ancho 25;21/07/2026;CONSUMOS;29025;29025;METROS;4.884181;CMPC RC;
PAPEL;100600094;Rollo Cartulina CMPC RC --  C - 18 265 g ancho 25;21/07/2026;CONSUMOS;32998;32998;METROS;5.552738;CMPC RC;
PAPEL;100600094;Rollo Cartulina CMPC RC --  C - 18 265 g ancho 25;23/07/2026;CONSUMOS;3763;3763;METROS;0.633218;CMPC RC;
PAPEL;100600101;Papel Bond 60 gramos -- 22 x 34;8/07/2026;CONSUMOS;77000;77000;PLIEGOS;2.231349;Bond;
PAPEL;100600116;Rollo Cartulina BRIGHT --  C - 16 245 g ancho 29;17/07/2026;CONSUMOS;19115;19115;METROS;3.446816;BAY-C16-29;
PAPESP;100700002;Adhesivo con ciza -- 17*24;6/07/2026;CONSUMOS;200;200;hoja(s);0;Papesp;
PAPESP;100700002;Adhesivo con ciza -- 17*24;23/07/2026;CONSUMOS;200;200;hoja(s);0;Papesp;
PAPESP;100700002;Adhesivo con ciza -- 17*24;23/07/2026;CONSUMOS;200;200;hoja(s);0;Papesp;
PAPESP;100700002;Adhesivo con ciza -- 17*24;23/07/2026;CONSUMOS;1000;1000;hoja(s);0;Papesp;
PAPESP;100700002;Adhesivo con ciza -- 17*24;23/07/2026;CONSUMOS;1000;1000;hoja(s);0;Papesp;
PAPESP;100700002;Adhesivo con ciza -- 17*24;24/07/2026;CONSUMOS;200;200;hoja(s);0;Papesp;
PAPESP;100700002;Adhesivo con ciza -- 17*24;24/07/2026;CONSUMOS;200;200;hoja(s);0;Papesp;
PAPESP;100700002;Adhesivo con ciza -- 17*24;24/07/2026;CONSUMOS;1000;1000;hoja(s);0;Papesp;
PAPESP;100700002;Adhesivo con ciza -- 17*24;24/07/2026;CONSUMOS;1000;1000;hoja(s);0;Papesp;
PAPESP;100700002;Adhesivo con ciza -- 17*24;24/07/2026;CONSUMOS;200;200;hoja(s);0;Papesp;
PAPESP;100700002;Adhesivo con ciza -- 17*24;24/07/2026;CONSUMOS;1000;1000;hoja(s);0;Papesp;
PAPESP;100700002;Adhesivo con ciza -- 17*24;28/07/2026;CONSUMOS;100;100;hoja(s);0;Papesp;
PAPESP;100700002;Adhesivo con ciza -- 17*24;28/07/2026;CONSUMOS;40;40;hoja(s);0;Papesp;
PAPESP;100700002;Adhesivo con ciza -- 17*24;28/07/2026;CONSUMOS;115;115;hoja(s);0;Papesp;
PAPESP;100700002;Adhesivo con ciza -- 17*24;28/07/2026;CONSUMOS;25;25;hoja(s);0;Papesp;
PAPESP;100700002;Adhesivo con ciza -- 17*24;28/07/2026;CONSUMOS;40;40;hoja(s);0;Papesp;
PAPESP;100700002;Adhesivo con ciza -- 17*24;28/07/2026;CONSUMOS;40;40;hoja(s);0;Papesp;
PAPESP;100700002;Adhesivo con ciza -- 17*24;28/07/2026;CONSUMOS;40;40;hoja(s);0;Papesp;
PAPESP;100700002;Adhesivo con ciza -- 17*24;29/07/2026;CONSUMOS;250;250;hoja(s);0;Papesp;
PAPESP;100700003;Adhesivo sin ciza -- normal 17*24;6/07/2026;CONSUMOS;650;650;hoja(s);0;Papesp;
PAPESP;100700003;Adhesivo sin ciza -- normal 17*24;10/07/2026;CONSUMOS;150;150;hoja(s);0;Papesp;
PAPESP;100700003;Adhesivo sin ciza -- normal 17*24;10/07/2026;CONSUMOS;80;80;hoja(s);0;Papesp;
PAPESP;100700003;Adhesivo sin ciza -- normal 17*24;10/07/2026;CONSUMOS;520;520;hoja(s);0;Papesp;
PAPESP;100700003;Adhesivo sin ciza -- normal 17*24;10/07/2026;CONSUMOS;2200;2200;hoja(s);0;Papesp;
PAPESP;100700003;Adhesivo sin ciza -- normal 17*24;10/07/2026;CONSUMOS;2550;2550;hoja(s);0;Papesp;
PAPESP;100700003;Adhesivo sin ciza -- normal 17*24;17/07/2026;CONSUMOS;1100;1100;hoja(s);0;Papesp;
PAPESP;100700003;Adhesivo sin ciza -- normal 17*24;23/07/2026;CONSUMOS;100;100;hoja(s);0;Papesp;
PAPESP;100700003;Adhesivo sin ciza -- normal 17*24;23/07/2026;CONSUMOS;100;100;hoja(s);0;Papesp;
PAPESP;100700003;Adhesivo sin ciza -- normal 17*24;23/07/2026;CONSUMOS;1300;1300;hoja(s);0;Papesp;
PAPESP;100700003;Adhesivo sin ciza -- normal 17*24;23/07/2026;CONSUMOS;1400;1400;hoja(s);0;Papesp;
PAPESP;100700003;Adhesivo sin ciza -- normal 17*24;24/07/2026;CONSUMOS;100;100;hoja(s);0;Papesp;
PAPESP;100700003;Adhesivo sin ciza -- normal 17*24;24/07/2026;CONSUMOS;100;100;hoja(s);0;Papesp;
PAPESP;100700003;Adhesivo sin ciza -- normal 17*24;24/07/2026;CONSUMOS;100;100;hoja(s);0;Papesp;
PAPESP;100700003;Adhesivo sin ciza -- normal 17*24;25/07/2026;CONSUMOS;300;300;hoja(s);0;Papesp;
PAPESP;100700003;Adhesivo sin ciza -- normal 17*24;25/07/2026;CONSUMOS;500;500;hoja(s);0;Papesp;
PAPESP;100700004;Adhesivo de seguridad -- 19.5*27.5;15/07/2026;CONSUMOS;1100;1100;hoja(s);0;Papesp;
PAPESP;100700009;Cartulina Kraft -- C-15 225 gramos 38 x 23;17/07/2026;CONSUMOS;127800;127800;hoja(s);16.205167;Kraft;
PAPESP;100700009;Cartulina Kraft -- C-15 225 gramos 38 x 23;23/07/2026;CONSUMOS;9200;9200;hoja(s);1.166569;Kraft;
PAPESP;100700009;Cartulina Kraft -- C-15 225 gramos 38 x 23;23/07/2026;CONSUMOS;9200;9200;hoja(s);1.166569;Kraft;
PAPESP;120700005;6mil Synthetic Paper -- INDIGO 12*18;6/07/2026;CONSUMOS;1900;1900;hoja(s);0;PAPESP;
CARTULINA;100300001;Cartulina Husky -- C-8 200 gramos 25 x 36;14/07/2026;INGRESOS;1000;1000;hoja(s);0.116078;C8-25H;
CARTULINA;100300002;Cartulina Husky -- C-8 190 gramos 25 x 38;3/07/2026;INGRESOS;700;700;hoja(s);0.081499;C8-25H;
CARTULINA;100300004;Cartulina Husky -- C-10 230 gramos 25 x 36;23/07/2026;INGRESOS;11700;11700;hoja(s);1.561829;C10-25H;
CARTULINA;100300005;Cartulina Husky -- C-10 230 gramos 25 x 38;14/07/2026;INGRESOS;700;700;hoja(s);0.098656;C10-25H;
CARTULINA;100300009;Cartulina Husky -- C-12 270 gramos 25 x 38;3/07/2026;INGRESOS;600;600;hoja(s);0.099269;C12-25H;
CARTULINA;100300009;Cartulina Husky -- C-12 270 gramos 25 x 38;6/07/2026;INGRESOS;1300;1300;hoja(s);0.215084;C12-25H;
CARTULINA;100300009;Cartulina Husky -- C-12 270 gramos 25 x 38;9/07/2026;INGRESOS;300;300;hoja(s);0.049634;C12-25H;
CARTULINA;100300009;Cartulina Husky -- C-12 270 gramos 25 x 38;24/07/2026;INGRESOS;100;100;hoja(s);0.016544;C12-25H;
CARTULINA;100300010;Cartulina Husky -- C-12 270 gramos 30 x 40;1/07/2026;INGRESOS;4400;4400;hoja(s);0.91974;C12-30H;
CARTULINA;100300010;Cartulina Husky -- C-12 270 gramos 30 x 40;15/07/2026;INGRESOS;2000;2000;hoja(s);0.418063;C12-30H;
CARTULINA;100300010;Cartulina Husky -- C-12 270 gramos 30 x 40;23/07/2026;INGRESOS;7600;7600;hoja(s);1.588641;C12-30H;
CARTULINA;100300011;Cartulina Husky -- C-14 300 gramos 25 x 38;21/07/2026;INGRESOS;1500;1500;hoja(s);0.275748;C14-25H;
CARTULINA;100300011;Cartulina Husky -- C-14 300 gramos 25 x 38;27/07/2026;INGRESOS;1000;1000;hoja(s);0.183832;C14-25H;
CARTULINA;100300012;Cartulina Husky -- C-14 300 gramos 30 x 40;21/07/2026;INGRESOS;800;800;hoja(s);0.185806;C14-30H;
CARTULINA;100300013;Cartulina Husky -- C-16 350 gramos 25 x 38;9/07/2026;INGRESOS;800;800;hoja(s);0.171577;C16-25H;
CARTULINA;100300704;Cartulina FBB Zenith LOCAL -- C-16 270 gramos 25 x 36;9/07/2026;INGRESOS;3400;3400;hoja(s);0.532798;C16-25;
CARTULINA;100300704;Cartulina FBB Zenith LOCAL -- C-16 270 gramos 25 x 36;15/07/2026;INGRESOS;600;600;hoja(s);0.094023;C16-25;
CARTULINA;100300704;Cartulina FBB Zenith LOCAL -- C-16 270 gramos 25 x 36;17/07/2026;INGRESOS;4500;4500;hoja(s);0.705173;C16-25;
CARTULINA;100300709;Cartulina FBB Zenith LOCAL -- C-16 270 gramos 25 x 38;3/07/2026;INGRESOS;4800;4800;hoja(s);0.794156;C16-25;
CARTULINA;100300709;Cartulina FBB Zenith LOCAL -- C-16 270 gramos 25 x 38;9/07/2026;INGRESOS;6200;6200;hoja(s);1.025785;C16-25;
CARTULINA;100300709;Cartulina FBB Zenith LOCAL -- C-16 270 gramos 25 x 38;15/07/2026;INGRESOS;2500;2500;hoja(s);0.413623;C16-25;
CARTULINA;100300709;Cartulina FBB Zenith LOCAL -- C-16 270 gramos 25 x 38;24/07/2026;INGRESOS;5200;5200;hoja(s);0.860336;C16-25;
CARTULINA;100300709;Cartulina FBB Zenith LOCAL -- C-16 270 gramos 25 x 38;27/07/2026;INGRESOS;1700;1700;hoja(s);0.281263;C16-25;
CARTULINA;100300754;Cartulina FBB Zenith LOCAL -- C-16 270 gramos 30 x 40;1/07/2026;INGRESOS;9800;9800;hoja(s);2.048512;C16-30;
CARTULINA;100300754;Cartulina FBB Zenith LOCAL -- C-16 270 gramos 30 x 40;15/07/2026;INGRESOS;9500;9500;hoja(s);1.985802;C16-30;
CARTULINA;100300996;Cartulina FBB Zenith LOCAL -- C-18 295 gramos 25 x 36;3/07/2026;INGRESOS;42500;42500;hoja(s);7.276639;C18-25;
CARTULINA;100300996;Cartulina FBB Zenith LOCAL -- C-18 295 gramos 25 x 36;3/07/2026;INGRESOS;31200;31200;hoja(s);5.341909;C18-25;
CARTULINA;100300996;Cartulina FBB Zenith LOCAL -- C-18 295 gramos 25 x 36;17/07/2026;INGRESOS;4800;4800;hoja(s);0.821832;C18-25;
CARTULINA;100301001;Cartulina FBB Zenith LOCAL -- C-18 295 gramos 25 x 38;3/07/2026;INGRESOS;22400;22400;hoja(s);4.049217;C18-25;
CARTULINA;100301001;Cartulina FBB Zenith LOCAL -- C-18 295 gramos 25 x 38;3/07/2026;INGRESOS;1000;1000;hoja(s);0.180768;C18-25;
CARTULINA;100301001;Cartulina FBB Zenith LOCAL -- C-18 295 gramos 25 x 38;3/07/2026;INGRESOS;5700;5700;hoja(s);1.030381;C18-25;
CARTULINA;100301001;Cartulina FBB Zenith LOCAL -- C-18 295 gramos 25 x 38;6/07/2026;INGRESOS;5700;5700;hoja(s);1.030381;C18-25;
CARTULINA;100301001;Cartulina FBB Zenith LOCAL -- C-18 295 gramos 25 x 38;8/07/2026;INGRESOS;1200;1200;hoja(s);0.216922;C18-25;
CARTULINA;100301001;Cartulina FBB Zenith LOCAL -- C-18 295 gramos 25 x 38;9/07/2026;INGRESOS;21500;21500;hoja(s);3.886525;C18-25;
CARTULINA;100301001;Cartulina FBB Zenith LOCAL -- C-18 295 gramos 25 x 38;9/07/2026;INGRESOS;20800;20800;hoja(s);3.759987;C18-25;
CARTULINA;100301001;Cartulina FBB Zenith LOCAL -- C-18 295 gramos 25 x 38;9/07/2026;INGRESOS;10000;10000;hoja(s);1.807686;C18-25;
CARTULINA;100301001;Cartulina FBB Zenith LOCAL -- C-18 295 gramos 25 x 38;14/07/2026;INGRESOS;1200;1200;hoja(s);0.216922;C18-25;
CARTULINA;100301046;Cartulina FBB Zenith LOCAL -- C-18 295 gramos 30 x 40;2/07/2026;INGRESOS;16000;16000;hoja(s);3.654186;C18-30;
CARTULINA;100301046;Cartulina FBB Zenith LOCAL -- C-18 295 gramos 30 x 40;3/07/2026;INGRESOS;14000;14000;hoja(s);3.197412;C18-30;
CARTULINA;100301046;Cartulina FBB Zenith LOCAL -- C-18 295 gramos 30 x 40;9/07/2026;INGRESOS;3900;3900;hoja(s);0.890707;C18-30;
CARTULINA;100301259;Cartulina FBB Zenith LOCAL -- C-20 325 gramos 25 x 36;15/07/2026;INGRESOS;5000;5000;hoja(s);0.943133;C20-25;
CARTULINA;100301259;Cartulina FBB Zenith LOCAL -- C-20 325 gramos 25 x 36;17/07/2026;INGRESOS;2800;2800;hoja(s);0.528154;C20-25;
CARTULINA;100304525;Cartulina SPARK C-18 270 gr 30 X 40;15/07/2026;INGRESOS;7500;7500;Pliego(s);1.567738;Spark;
CARTULINA;100304527;Cartulina SPARK C-18 270 gr 25 X 38;23/07/2026;INGRESOS;1900;1900;Pliego(s);0.314353;Spark;
CARTULINA;100304530;Cartulina SPARK C-20 295 gr 30 X 40;2/07/2026;INGRESOS;15400;15400;Pliego(s);3.517154;Spark;
CARTULINA;100304530;Cartulina SPARK C-20 295 gr 30 X 40;2/07/2026;INGRESOS;2400;2400;Pliego(s);0.548127;Spark;
CARTULINA;100304640;Rollo Cartulina OBAFREE --  C-15 230 g ancho 25.5;14/07/2026;INGRESOS;258658;258658;METROS;38.490896;FOSFORERA;
CARTULINA;100305183;Cartulina FBB ASIA SYMBOL -- C-20 325 gramos  25 x 38;27/07/2026;INGRESOS;1000;1000;PLIEGOS;0.199151;C20-25;
CARTULINA;100305183;Cartulina FBB ASIA SYMBOL -- C-20 325 gramos  25 x 38;27/07/2026;INGRESOS;5400;5400;PLIEGOS;1.07542;C20-25;
CARTULINA;100305183;Cartulina FBB ASIA SYMBOL -- C-20 325 gramos  25 x 38;28/07/2026;INGRESOS;23400;23400;PLIEGOS;4.660153;C20-25;
CARTULINA;100305712;Cartulina FBB DRAGONS -- C-13 215 gramos  25 x 35;29/07/2026;INGRESOS;2050;2050;PLIEGOS;0.248809;C13-25;
CARTULINA;100305796;Cartulina FBB DRAGONS -- C-13 215 gramos  25 x 27;29/07/2026;INGRESOS;3210;3210;PLIEGOS;0.300197;C13-25;
CARTULINA;100305996;Cartulina SPARK -- C-16 250 gramos 25 X 38;15/07/2026;INGRESOS;1700;1700;hoja(s);0.260429;Spark;
CARTULINA;100306136;Cartulina Husky -- C-16 350 gramos 30 X 40;1/07/2026;INGRESOS;700;700;hoja(s);0.189677;C16-30H;
CARTULINA;100306180;Cartulina NINGBO ALLY LOCAL C-18 290 gramos 25 x 36;7/07/2026;INGRESOS;4300;4300;PLIEGOS;0.723746;C18-25;
CARTULINA;100306185;Cartulina SPARK C-20 295 gr 25 X 38;6/07/2026;INGRESOS;11300;11300;PLIEGOS;2.042685;Spark;
CARTULINA;100306185;Cartulina SPARK C-20 295 gr 25 X 38;7/07/2026;INGRESOS;10400;10400;PLIEGOS;1.879993;Spark;
CARTULINA;100306185;Cartulina SPARK C-20 295 gr 25 X 38;9/07/2026;INGRESOS;12700;12700;PLIEGOS;2.295761;Spark;
CARTULINA;100306185;Cartulina SPARK C-20 295 gr 25 X 38;10/07/2026;INGRESOS;24100;24100;PLIEGOS;4.356523;Spark;
PAPEL;100600001;Papel Bond 55 gramos -- 21 x 30;9/07/2026;INGRESOS;39000;39000;PLIEGOS;0.871183;Bond;
PAPEL;100600001;Papel Bond 55 gramos -- 21 x 30;27/07/2026;INGRESOS;205000;205000;PLIEGOS;4.579296;Bond;
PAPEL;100600003;Papel Bond 55 gramos -- 26 x 34;2/07/2026;INGRESOS;2000;2000;PLIEGOS;0.062726;Bond;
PAPEL;100600003;Papel Bond 55 gramos -- 26 x 34;24/07/2026;INGRESOS;11500;11500;PLIEGOS;0.360676;Bond;
PAPEL;100600003;Papel Bond 55 gramos -- 26 x 34;27/07/2026;INGRESOS;6000;6000;PLIEGOS;0.188179;Bond;
PAPEL;100600005;Papel Bond 75 gramos -- 22 x 34;27/07/2026;INGRESOS;6000;6000;PLIEGOS;0.217339;Bond;
PAPEL;100600006;Papel Bond 75 gramos -- 26 x 34;15/07/2026;INGRESOS;5000;5000;PLIEGOS;0.21384;Bond;
PAPEL;100600006;Papel Bond 75 gramos -- 26 x 34;17/07/2026;INGRESOS;2000;2000;PLIEGOS;0.085536;Bond;
PAPEL;100600006;Papel Bond 75 gramos -- 26 x 34;22/07/2026;INGRESOS;3000;3000;PLIEGOS;0.128304;Bond;
PAPEL;100600009;Papel Bond 75 gramos -- 26 x 38;8/07/2026;INGRESOS;5000;5000;PLIEGOS;0.238837;Bond;
PAPEL;100600013;Papel Bond 90 gramos -- 26 x 34;7/07/2026;INGRESOS;4000;4000;PLIEGOS;0.205286;Bond;
PAPEL;100600013;Papel Bond 90 gramos -- 26 x 34;24/07/2026;INGRESOS;1000;1000;PLIEGOS;0.051321;Bond;
PAPEL;100600018;Papel Bond 60 gramos -- 21 x 30;2/07/2026;INGRESOS;22000;22000;PLIEGOS;0.536112;Bond;
PAPEL;100600020;Papel Couche Brillante B-60 -- 90 gramos  25 x 36;14/07/2026;INGRESOS;39500;39500;PLIEGOS;2.063286;Couche;
PAPEL;100600021;Papel Couche Brillante - 1 Cara - B-60 -- 90 gramos  25 x 36;24/07/2026;INGRESOS;5000;5000;PLIEGOS;0.261175;Couche;
PAPEL;100600022;Papel Couche Brillante B-60 -- 90 gramos  25 x 38;14/07/2026;INGRESOS;2000;2000;PLIEGOS;0.110299;Couche;
PAPEL;100600023;Papel Couche Brillante - 1 Cara - B-60 -- 90 gramos  25 x 38;14/07/2026;INGRESOS;2000;2000;PLIEGOS;0.110299;Couche;
PAPEL;100600023;Papel Couche Brillante - 1 Cara - B-60 -- 90 gramos  25 x 38;15/07/2026;INGRESOS;2500;2500;PLIEGOS;0.137874;Couche;
PAPEL;100600023;Papel Couche Brillante - 1 Cara - B-60 -- 90 gramos  25 x 38;21/07/2026;INGRESOS;1500;1500;PLIEGOS;0.082724;Couche;
PAPEL;100600023;Papel Couche Brillante - 1 Cara - B-60 -- 90 gramos  25 x 38;22/07/2026;INGRESOS;2000;2000;PLIEGOS;0.110299;Couche;
PAPEL;100600023;Papel Couche Brillante - 1 Cara - B-60 -- 90 gramos  25 x 38;23/07/2026;INGRESOS;3000;3000;PLIEGOS;0.165449;Couche;
PAPEL;100600026;Papel Couche Brillante B-70 -- 105 gramos  25 x 36;17/07/2026;INGRESOS;5500;5500;PLIEGOS;0.335175;Couche;
PAPEL;100600029;Papel Couche Brillante B-80 -- 115 gramos  25 x 36;14/07/2026;INGRESOS;1750;1750;PLIEGOS;0.116803;Couche;
PAPEL;100600030;Papel Couche Brillante B-80 -- 115 gramos  25 x 38;3/07/2026;INGRESOS;4000;4000;PLIEGOS;0.281876;Couche;
PAPEL;100600030;Papel Couche Brillante B-80 -- 115 gramos  25 x 38;14/07/2026;INGRESOS;2000;2000;PLIEGOS;0.140938;Couche;
PAPEL;100600030;Papel Couche Brillante B-80 -- 115 gramos  25 x 38;24/07/2026;INGRESOS;2500;2500;PLIEGOS;0.176172;Couche;
PAPEL;100600032;Papel Couche Brillante B-100 -- 140 gramos  25 x 36;14/07/2026;INGRESOS;1750;1750;PLIEGOS;0.142195;Couche;
PAPEL;100600032;Papel Couche Brillante B-100 -- 140 gramos  25 x 36;22/07/2026;INGRESOS;13000;13000;PLIEGOS;1.056309;Couche;
PAPEL;100600033;Papel Couche Brillante B-100 -- 140 gramos  25 x 38;6/07/2026;INGRESOS;8000;8000;PLIEGOS;0.686308;Couche;
PAPEL;100600045;Papel Couche Brillante B-80 -- 115 gramos  30 x 40;6/07/2026;INGRESOS;2500;2500;PLIEGOS;0.22258;Couche;
PAPEL;100600045;Papel Couche Brillante B-80 -- 115 gramos  30 x 40;6/07/2026;INGRESOS;3000;3000;PLIEGOS;0.267096;Couche;
PAPEL;100600045;Papel Couche Brillante B-80 -- 115 gramos  30 x 40;22/07/2026;INGRESOS;1000;1000;PLIEGOS;0.089032;Couche;
PAPEL;100600068;Cartulina FBB Zenith --  C-22 330 gramos  25 x 38;3/07/2026;INGRESOS;2000;2000;PLIEGO;0.404515;C22-25;
PAPEL;100600155;Papel Bond 75 gramos -- 23 x 36;2/07/2026;INGRESOS;9500;9500;PLIEGOS;0.380315;Bond;
PAPESP;100700003;Adhesivo sin ciza -- normal 17*24;2/07/2026;INGRESOS;1400;1400;hoja(s);0;Papesp;
PAPESP;100700003;Adhesivo sin ciza -- normal 17*24;7/07/2026;INGRESOS;4800;4800;hoja(s);0;Papesp;
PAPESP;100700003;Adhesivo sin ciza -- normal 17*24;17/07/2026;INGRESOS;1100;1100;hoja(s);0;Papesp;
PAPESP;100700003;Adhesivo sin ciza -- normal 17*24;21/07/2026;INGRESOS;100;100;hoja(s);0;Papesp;
PAPESP;100700003;Adhesivo sin ciza -- normal 17*24;22/07/2026;INGRESOS;4100;4100;hoja(s);0;Papesp;
PAPESP;100700004;Adhesivo de seguridad -- 19.5*27.5;14/07/2026;INGRESOS;1100;1100;hoja(s);0;Papesp;
PAPESP;100700009;Cartulina Kraft -- C-15 225 gramos 38 x 23;8/07/2026;INGRESOS;127800;127800;hoja(s);16.205167;Kraft;
PAPESP;100700009;Cartulina Kraft -- C-15 225 gramos 38 x 23;13/07/2026;INGRESOS;18400;18400;hoja(s);2.333138;Kraft;
CARTULINA;100300005;Cartulina Husky -- C-10 230 gramos 25 x 38;10/08/2026;INGRESOS;0;0;hoja(s);0;C10-25H;
CARTULINA;100300005;Cartulina Husky -- C-10 230 gramos 25 x 38;14/08/2026;INGRESOS;14600;14600;hoja(s);2.057698;C10-25H;
CARTULINA;100300005;Cartulina Husky -- C-10 230 gramos 25 x 38;14/08/2026;CONSUMOS;14600;14600;hoja(s);2.057698;C10-25H;
CARTULINA;100300006;Cartulina Husky -- C-10 230 gramos 30 x 40;25/08/2026;INGRESOS;1600;1600;hoja(s);0.284902;C10-30H;
CARTULINA;100300006;Cartulina Husky -- C-10 230 gramos 30 x 40;26/08/2026;CONSUMOS;1600;1600;hoja(s);0.284902;C10-30H;
CARTULINA;100300008;Cartulina Husky -- C-12 270 gramos 25 x 36;3/08/2026;INGRESOS;0;0;hoja(s);0;C12-25H;
CARTULINA;100300008;Cartulina Husky -- C-12 270 gramos 25 x 36;4/08/2026;INGRESOS;32100;32100;hoja(s);5.03024;C12-25H;
CARTULINA;100300008;Cartulina Husky -- C-12 270 gramos 25 x 36;4/08/2026;CONSUMOS;32100;32100;hoja(s);5.03024;C12-25H;
CARTULINA;100300009;Cartulina Husky -- C-12 270 gramos 25 x 38;3/08/2026;INGRESOS;0;0;hoja(s);0;C12-25H;
CARTULINA;100300009;Cartulina Husky -- C-12 270 gramos 25 x 38;4/08/2026;INGRESOS;400;400;hoja(s);0.066179;C12-25H;
CARTULINA;100300009;Cartulina Husky -- C-12 270 gramos 25 x 38;4/08/2026;CONSUMOS;134;134;hoja(s);0.02217;C12-25H;
CARTULINA;100300009;Cartulina Husky -- C-12 270 gramos 25 x 38;4/08/2026;CONSUMOS;133;133;hoja(s);0.022004;C12-25H;
CARTULINA;100300009;Cartulina Husky -- C-12 270 gramos 25 x 38;4/08/2026;CONSUMOS;133;133;hoja(s);0.022004;C12-25H;
CARTULINA;100300010;Cartulina Husky -- C-12 270 gramos 30 x 40;10/08/2026;INGRESOS;0;0;hoja(s);0;C12-30H;
CARTULINA;100300010;Cartulina Husky -- C-12 270 gramos 30 x 40;14/08/2026;INGRESOS;1500;1500;hoja(s);0.313547;C12-30H;
CARTULINA;100300010;Cartulina Husky -- C-12 270 gramos 30 x 40;14/08/2026;CONSUMOS;800;800;hoja(s);0.167225;C12-30H;
CARTULINA;100300010;Cartulina Husky -- C-12 270 gramos 30 x 40;14/08/2026;CONSUMOS;400;400;hoja(s);0.083612;C12-30H;
CARTULINA;100300010;Cartulina Husky -- C-12 270 gramos 30 x 40;19/08/2026;INGRESOS;0;0;hoja(s);0;C12-30H;
CARTULINA;100300010;Cartulina Husky -- C-12 270 gramos 30 x 40;20/08/2026;INGRESOS;24800;24800;hoja(s);5.183989;C12-30H;
CARTULINA;100300010;Cartulina Husky -- C-12 270 gramos 30 x 40;25/08/2026;CONSUMOS;13700;13700;hoja(s);2.863736;C12-30H;
CARTULINA;100300010;Cartulina Husky -- C-12 270 gramos 30 x 40;25/08/2026;CONSUMOS;800;800;hoja(s);0.167225;C12-30H;
CARTULINA;100300010;Cartulina Husky -- C-12 270 gramos 30 x 40;25/08/2026;CONSUMOS;6900;6900;hoja(s);1.442319;C12-30H;
CARTULINA;100300010;Cartulina Husky -- C-12 270 gramos 30 x 40;25/08/2026;CONSUMOS;800;800;hoja(s);0.167225;C12-30H;
CARTULINA;100300010;Cartulina Husky -- C-12 270 gramos 30 x 40;25/08/2026;CONSUMOS;1000;1000;hoja(s);0.209031;C12-30H;
CARTULINA;100300010;Cartulina Husky -- C-12 270 gramos 30 x 40;25/08/2026;CONSUMOS;300;300;hoja(s);0.062709;C12-30H;
CARTULINA;100300010;Cartulina Husky -- C-12 270 gramos 30 x 40;25/08/2026;CONSUMOS;300;300;hoja(s);0.062709;C12-30H;
CARTULINA;100300010;Cartulina Husky -- C-12 270 gramos 30 x 40;25/08/2026;CONSUMOS;700;700;hoja(s);0.146322;C12-30H;
CARTULINA;100300011;Cartulina Husky -- C-14 300 gramos 25 x 38;6/08/2026;INGRESOS;0;0;hoja(s);0;C14-25H;
CARTULINA;100300011;Cartulina Husky -- C-14 300 gramos 25 x 38;7/08/2026;INGRESOS;1400;1400;hoja(s);0.257365;C14-25H;
CARTULINA;100300011;Cartulina Husky -- C-14 300 gramos 25 x 38;10/08/2026;CONSUMOS;1400;1400;hoja(s);0.257365;C14-25H;
CARTULINA;100300011;Cartulina Husky -- C-14 300 gramos 25 x 38;10/08/2026;CONSUMOS;1400;1400;hoja(s);0.257365;C14-25H;
CARTULINA;100300011;Cartulina Husky -- C-14 300 gramos 25 x 38;14/08/2026;CONSUMOS;1400;1400;hoja(s);0.257365;C14-25H;
CARTULINA;100300011;Cartulina Husky -- C-14 300 gramos 25 x 38;19/08/2026;CONSUMOS;150;150;hoja(s);0.027574;C14-25H;
CARTULINA;100300011;Cartulina Husky -- C-14 300 gramos 25 x 38;25/08/2026;INGRESOS;1000;1000;hoja(s);0.183832;C14-25H;
CARTULINA;100300011;Cartulina Husky -- C-14 300 gramos 25 x 38;26/08/2026;CONSUMOS;1000;1000;hoja(s);0.183832;C14-25H;
CARTULINA;100300012;Cartulina Husky -- C-14 300 gramos 30 x 40;3/08/2026;INGRESOS;8500;8500;hoja(s);1.974189;C14-30H;
CARTULINA;100300012;Cartulina Husky -- C-14 300 gramos 30 x 40;3/08/2026;INGRESOS;0;0;hoja(s);0;C14-30H;
CARTULINA;100300012;Cartulina Husky -- C-14 300 gramos 30 x 40;4/08/2026;CONSUMOS;8500;8500;hoja(s);1.974189;C14-30H;
CARTULINA;100300013;Cartulina Husky -- C-16 350 gramos 25 x 38;4/08/2026;CONSUMOS;100;100;hoja(s);0.021447;C16-25H;
CARTULINA;100300013;Cartulina Husky -- C-16 350 gramos 25 x 38;6/08/2026;INGRESOS;0;0;hoja(s);0;C16-25H;
CARTULINA;100300013;Cartulina Husky -- C-16 350 gramos 25 x 38;7/08/2026;INGRESOS;6000;6000;hoja(s);1.286827;C16-25H;
CARTULINA;100300013;Cartulina Husky -- C-16 350 gramos 25 x 38;8/08/2026;CONSUMOS;5800;5800;hoja(s);1.243933;C16-25H;
CARTULINA;100300013;Cartulina Husky -- C-16 350 gramos 25 x 38;8/08/2026;CONSUMOS;200;200;hoja(s);0.042894;C16-25H;
CARTULINA;100300013;Cartulina Husky -- C-16 350 gramos 25 x 38;8/08/2026;CONSUMOS;400;400;hoja(s);0.085788;C16-25H;
CARTULINA;100300298;Cartulina FBB Zenith LOCAL -- C-14 235 gramos 25 x 38;28/08/2026;CONSUMOS;2095;2095;hoja(s);0.301684;C14-25;
CARTULINA;100300704;Cartulina FBB Zenith LOCAL -- C-16 270 gramos 25 x 36;4/08/2026;CONSUMOS;1380;1380;hoja(s);0.216253;C16-25;
CARTULINA;100300704;Cartulina FBB Zenith LOCAL -- C-16 270 gramos 25 x 36;6/08/2026;INGRESOS;4500;4500;hoja(s);0.705173;C16-25;
CARTULINA;100300704;Cartulina FBB Zenith LOCAL -- C-16 270 gramos 25 x 36;6/08/2026;INGRESOS;0;0;hoja(s);0;C16-25;
CARTULINA;100300704;Cartulina FBB Zenith LOCAL -- C-16 270 gramos 25 x 36;7/08/2026;CONSUMOS;4500;4500;hoja(s);0.705173;C16-25;
CARTULINA;100300704;Cartulina FBB Zenith LOCAL -- C-16 270 gramos 25 x 36;10/08/2026;INGRESOS;0;0;hoja(s);0;C16-25;
CARTULINA;100300704;Cartulina FBB Zenith LOCAL -- C-16 270 gramos 25 x 36;11/08/2026;INGRESOS;3000;3000;hoja(s);0.470115;C16-25;
CARTULINA;100300704;Cartulina FBB Zenith LOCAL -- C-16 270 gramos 25 x 36;14/08/2026;CONSUMOS;3000;3000;hoja(s);0.470115;C16-25;
CARTULINA;100300704;Cartulina FBB Zenith LOCAL -- C-16 270 gramos 25 x 36;28/08/2026;INGRESOS;26200;26200;hoja(s);4.105678;C16-25;
CARTULINA;100300704;Cartulina FBB Zenith LOCAL -- C-16 270 gramos 25 x 36;28/08/2026;CONSUMOS;26200;26200;hoja(s);4.105678;C16-25;
CARTULINA;100300709;Cartulina FBB Zenith LOCAL -- C-16 270 gramos 25 x 38;3/08/2026;INGRESOS;21200;21200;hoja(s);3.507524;C16-25;
CARTULINA;100300709;Cartulina FBB Zenith LOCAL -- C-16 270 gramos 25 x 38;3/08/2026;INGRESOS;1400;1400;hoja(s);0.231628;C16-25;
CARTULINA;100300709;Cartulina FBB Zenith LOCAL -- C-16 270 gramos 25 x 38;3/08/2026;INGRESOS;1300;1300;hoja(s);0.215084;C16-25;
CARTULINA;100300709;Cartulina FBB Zenith LOCAL -- C-16 270 gramos 25 x 38;3/08/2026;INGRESOS;20700;20700;hoja(s);3.424799;C16-25;
CARTULINA;100300709;Cartulina FBB Zenith LOCAL -- C-16 270 gramos 25 x 38;3/08/2026;INGRESOS;0;0;hoja(s);0;C16-25;
CARTULINA;100300709;Cartulina FBB Zenith LOCAL -- C-16 270 gramos 25 x 38;3/08/2026;INGRESOS;0;0;hoja(s);0;C16-25;
CARTULINA;100300709;Cartulina FBB Zenith LOCAL -- C-16 270 gramos 25 x 38;3/08/2026;INGRESOS;0;0;hoja(s);0;C16-25;
CARTULINA;100300709;Cartulina FBB Zenith LOCAL -- C-16 270 gramos 25 x 38;3/08/2026;INGRESOS;0;0;hoja(s);0;C16-25;
CARTULINA;100300709;Cartulina FBB Zenith LOCAL -- C-16 270 gramos 25 x 38;3/08/2026;INGRESOS;0;0;hoja(s);0;C16-25;
CARTULINA;100300709;Cartulina FBB Zenith LOCAL -- C-16 270 gramos 25 x 38;4/08/2026;INGRESOS;1700;1700;hoja(s);0.281263;C16-25;
CARTULINA;100300709;Cartulina FBB Zenith LOCAL -- C-16 270 gramos 25 x 38;4/08/2026;CONSUMOS;3600;3600;hoja(s);0.595617;C16-25;
CARTULINA;100300709;Cartulina FBB Zenith LOCAL -- C-16 270 gramos 25 x 38;4/08/2026;CONSUMOS;3500;3500;hoja(s);0.579072;C16-25;
CARTULINA;100300709;Cartulina FBB Zenith LOCAL -- C-16 270 gramos 25 x 38;4/08/2026;CONSUMOS;5500;5500;hoja(s);0.90997;C16-25;
CARTULINA;100300709;Cartulina FBB Zenith LOCAL -- C-16 270 gramos 25 x 38;4/08/2026;CONSUMOS;3600;3600;hoja(s);0.595617;C16-25;
CARTULINA;100300709;Cartulina FBB Zenith LOCAL -- C-16 270 gramos 25 x 38;4/08/2026;CONSUMOS;2950;2950;hoja(s);0.488075;C16-25;
CARTULINA;100300709;Cartulina FBB Zenith LOCAL -- C-16 270 gramos 25 x 38;4/08/2026;CONSUMOS;1350;1350;hoja(s);0.223356;C16-25;
CARTULINA;100300709;Cartulina FBB Zenith LOCAL -- C-16 270 gramos 25 x 38;4/08/2026;CONSUMOS;5500;5500;hoja(s);0.90997;C16-25;
CARTULINA;100300709;Cartulina FBB Zenith LOCAL -- C-16 270 gramos 25 x 38;4/08/2026;CONSUMOS;2000;2000;hoja(s);0.330898;C16-25;
CARTULINA;100300709;Cartulina FBB Zenith LOCAL -- C-16 270 gramos 25 x 38;4/08/2026;CONSUMOS;5000;5000;hoja(s);0.827246;C16-25;
CARTULINA;100300709;Cartulina FBB Zenith LOCAL -- C-16 270 gramos 25 x 38;4/08/2026;CONSUMOS;3000;3000;hoja(s);0.496347;C16-25;
CARTULINA;100300709;Cartulina FBB Zenith LOCAL -- C-16 270 gramos 25 x 38;4/08/2026;CONSUMOS;1800;1800;hoja(s);0.297808;C16-25;
CARTULINA;100300709;Cartulina FBB Zenith LOCAL -- C-16 270 gramos 25 x 38;6/08/2026;INGRESOS;2800;2800;hoja(s);0.463257;C16-25;
CARTULINA;100300709;Cartulina FBB Zenith LOCAL -- C-16 270 gramos 25 x 38;6/08/2026;INGRESOS;0;0;hoja(s);0;C16-25;
CARTULINA;100300709;Cartulina FBB Zenith LOCAL -- C-16 270 gramos 25 x 38;7/08/2026;CONSUMOS;900;900;hoja(s);0.148904;C16-25;
CARTULINA;100300709;Cartulina FBB Zenith LOCAL -- C-16 270 gramos 25 x 38;7/08/2026;CONSUMOS;1900;1900;hoja(s);0.314353;C16-25;
CARTULINA;100300709;Cartulina FBB Zenith LOCAL -- C-16 270 gramos 25 x 38;7/08/2026;CONSUMOS;1700;1700;hoja(s);0.281263;C16-25;
CARTULINA;100300709;Cartulina FBB Zenith LOCAL -- C-16 270 gramos 25 x 38;7/08/2026;CONSUMOS;1340;1340;hoja(s);0.221701;C16-25;
CARTULINA;100300709;Cartulina FBB Zenith LOCAL -- C-16 270 gramos 25 x 38;7/08/2026;CONSUMOS;1360;1360;hoja(s);0.22501;C16-25;
CARTULINA;100300709;Cartulina FBB Zenith LOCAL -- C-16 270 gramos 25 x 38;14/08/2026;CONSUMOS;30;30;hoja(s);0.004963;C16-25;
CARTULINA;100300709;Cartulina FBB Zenith LOCAL -- C-16 270 gramos 25 x 38;19/08/2026;CONSUMOS;535;535;hoja(s);0.088515;C16-25;
CARTULINA;100300709;Cartulina FBB Zenith LOCAL -- C-16 270 gramos 25 x 38;19/08/2026;CONSUMOS;1660;1660;hoja(s);0.274645;C16-25;
CARTULINA;100300709;Cartulina FBB Zenith LOCAL -- C-16 270 gramos 25 x 38;25/08/2026;CONSUMOS;530;530;hoja(s);0.087688;C16-25;
CARTULINA;100300754;Cartulina FBB Zenith LOCAL -- C-16 270 gramos 30 x 40;3/08/2026;INGRESOS;25500;25500;hoja(s);5.330311;C16-30;
CARTULINA;100300754;Cartulina FBB Zenith LOCAL -- C-16 270 gramos 30 x 40;3/08/2026;INGRESOS;0;0;hoja(s);0;C16-30;
CARTULINA;100300754;Cartulina FBB Zenith LOCAL -- C-16 270 gramos 30 x 40;3/08/2026;INGRESOS;0;0;hoja(s);0;C16-30;
CARTULINA;100300754;Cartulina FBB Zenith LOCAL -- C-16 270 gramos 30 x 40;4/08/2026;INGRESOS;3000;3000;hoja(s);0.627095;C16-30;
CARTULINA;100300754;Cartulina FBB Zenith LOCAL -- C-16 270 gramos 30 x 40;4/08/2026;CONSUMOS;16800;16800;hoja(s);3.511734;C16-30;
CARTULINA;100300754;Cartulina FBB Zenith LOCAL -- C-16 270 gramos 30 x 40;4/08/2026;CONSUMOS;1400;1400;hoja(s);0.292644;C16-30;
CARTULINA;100300754;Cartulina FBB Zenith LOCAL -- C-16 270 gramos 30 x 40;4/08/2026;CONSUMOS;7315;7315;hoja(s);1.529067;C16-30;
CARTULINA;100300754;Cartulina FBB Zenith LOCAL -- C-16 270 gramos 30 x 40;7/08/2026;CONSUMOS;2985;2985;hoja(s);0.62396;C16-30;
CARTULINA;100300754;Cartulina FBB Zenith LOCAL -- C-16 270 gramos 30 x 40;10/08/2026;INGRESOS;0;0;hoja(s);0;C16-30;
CARTULINA;100300754;Cartulina FBB Zenith LOCAL -- C-16 270 gramos 30 x 40;14/08/2026;INGRESOS;500;500;hoja(s);0.104515;C16-30;
CARTULINA;100300754;Cartulina FBB Zenith LOCAL -- C-16 270 gramos 30 x 40;14/08/2026;CONSUMOS;500;500;hoja(s);0.104515;C16-30;
CARTULINA;100300754;Cartulina FBB Zenith LOCAL -- C-16 270 gramos 30 x 40;14/08/2026;INGRESOS;0;0;hoja(s);0;C16-30;
CARTULINA;100300754;Cartulina FBB Zenith LOCAL -- C-16 270 gramos 30 x 40;17/08/2026;INGRESOS;2100;2100;hoja(s);0.438966;C16-30;
CARTULINA;100300754;Cartulina FBB Zenith LOCAL -- C-16 270 gramos 30 x 40;24/08/2026;CONSUMOS;2100;2100;hoja(s);0.438966;C16-30;
CARTULINA;100300754;Cartulina FBB Zenith LOCAL -- C-16 270 gramos 30 x 40;24/08/2026;CONSUMOS;2100;2100;hoja(s);0.438966;C16-30;
CARTULINA;100300754;Cartulina FBB Zenith LOCAL -- C-16 270 gramos 30 x 40;24/08/2026;INGRESOS;0;0;hoja(s);0;C16-30;
CARTULINA;100300754;Cartulina FBB Zenith LOCAL -- C-16 270 gramos 30 x 40;25/08/2026;INGRESOS;4200;4200;hoja(s);0.877933;C16-30;
CARTULINA;100300754;Cartulina FBB Zenith LOCAL -- C-16 270 gramos 30 x 40;25/08/2026;CONSUMOS;2100;2100;hoja(s);0.438966;C16-30;
CARTULINA;100300754;Cartulina FBB Zenith LOCAL -- C-16 270 gramos 30 x 40;27/08/2026;CONSUMOS;1450;1450;hoja(s);0.303096;C16-30;
CARTULINA;100300996;Cartulina FBB Zenith LOCAL -- C-18 295 gramos 25 x 36;7/08/2026;CONSUMOS;265;265;hoja(s);0.045371;C18-25;
CARTULINA;100300996;Cartulina FBB Zenith LOCAL -- C-18 295 gramos 25 x 36;28/08/2026;INGRESOS;5600;5600;hoja(s);0.958804;C18-25;
CARTULINA;100301000;Cartulina FBB Zenith -- C-18 295 gramos 25 x 38;26/08/2026;CONSUMOS;6835;6835;hoja(s);1.235553;C18-25;
CARTULINA;100301000;Cartulina FBB Zenith -- C-18 295 gramos 25 x 38;26/08/2026;CONSUMOS;700;700;hoja(s);0.126538;C18-25;
CARTULINA;100301000;Cartulina FBB Zenith -- C-18 295 gramos 25 x 38;26/08/2026;CONSUMOS;2000;2000;hoja(s);0.361537;C18-25;
CARTULINA;100301000;Cartulina FBB Zenith -- C-18 295 gramos 25 x 38;26/08/2026;CONSUMOS;1210;1210;hoja(s);0.21873;C18-25;
CARTULINA;100301000;Cartulina FBB Zenith -- C-18 295 gramos 25 x 38;26/08/2026;CONSUMOS;1035;1035;hoja(s);0.187095;C18-25;
CARTULINA;100301000;Cartulina FBB Zenith -- C-18 295 gramos 25 x 38;26/08/2026;CONSUMOS;390;390;hoja(s);0.070499;C18-25;
CARTULINA;100301001;Cartulina FBB Zenith LOCAL -- C-18 295 gramos 25 x 38;7/08/2026;CONSUMOS;800;800;hoja(s);0.144614;C18-25;
CARTULINA;100301001;Cartulina FBB Zenith LOCAL -- C-18 295 gramos 25 x 38;7/08/2026;CONSUMOS;3300;3300;hoja(s);0.596536;C18-25;
CARTULINA;100301001;Cartulina FBB Zenith LOCAL -- C-18 295 gramos 25 x 38;7/08/2026;CONSUMOS;655;655;hoja(s);0.118403;C18-25;
CARTULINA;100301001;Cartulina FBB Zenith LOCAL -- C-18 295 gramos 25 x 38;7/08/2026;CONSUMOS;2375;2375;hoja(s);0.429325;C18-25;
CARTULINA;100301001;Cartulina FBB Zenith LOCAL -- C-18 295 gramos 25 x 38;7/08/2026;CONSUMOS;2145;2145;hoja(s);0.387748;C18-25;
CARTULINA;100301001;Cartulina FBB Zenith LOCAL -- C-18 295 gramos 25 x 38;7/08/2026;CONSUMOS;2145;2145;hoja(s);0.387748;C18-25;
CARTULINA;100301001;Cartulina FBB Zenith LOCAL -- C-18 295 gramos 25 x 38;7/08/2026;CONSUMOS;1720;1720;hoja(s);0.310922;C18-25;
CARTULINA;100301001;Cartulina FBB Zenith LOCAL -- C-18 295 gramos 25 x 38;14/08/2026;CONSUMOS;5055;5055;hoja(s);0.913785;C18-25;
CARTULINA;100301001;Cartulina FBB Zenith LOCAL -- C-18 295 gramos 25 x 38;25/08/2026;CONSUMOS;4200;4200;hoja(s);0.759228;C18-25;
CARTULINA;100301046;Cartulina FBB Zenith LOCAL -- C-18 295 gramos 30 x 40;7/08/2026;CONSUMOS;310;310;hoja(s);0.070799;C18-30;
CARTULINA;100301262;Cartulina FBB Zenith LOCAL -- C-20 325 gramos 30 x 40;14/08/2026;INGRESOS;0;0;hoja(s);0;C20-30;
CARTULINA;100301262;Cartulina FBB Zenith LOCAL -- C-20 325 gramos 30 x 40;18/08/2026;INGRESOS;1300;1300;hoja(s);0.327096;C20-30;
CARTULINA;100301262;Cartulina FBB Zenith LOCAL -- C-20 325 gramos 30 x 40;19/08/2026;CONSUMOS;6200;6200;hoja(s);1.559996;C20-30;
CARTULINA;100301262;Cartulina FBB Zenith LOCAL -- C-20 325 gramos 30 x 40;25/08/2026;INGRESOS;1400;1400;hoja(s);0.352257;C20-30;
CARTULINA;100301262;Cartulina FBB Zenith LOCAL -- C-20 325 gramos 30 x 40;26/08/2026;CONSUMOS;1400;1400;hoja(s);0.352257;C20-30;
CARTULINA;100301262;Cartulina FBB Zenith LOCAL -- C-20 325 gramos 30 x 40;26/08/2026;CONSUMOS;1400;1400;hoja(s);0.352257;C20-30;
CARTULINA;100301262;Cartulina FBB Zenith LOCAL -- C-20 325 gramos 30 x 40;27/08/2026;INGRESOS;22300;22300;hoja(s);5.610956;C20-30;
CARTULINA;100301262;Cartulina FBB Zenith LOCAL -- C-20 325 gramos 30 x 40;27/08/2026;CONSUMOS;22300;22300;hoja(s);5.610956;C20-30;
CARTULINA;100301343;Cartulina FBB Zenith LOCAL -- C-22 360 gramos 25 x 38;25/08/2026;INGRESOS;4500;4500;hoja(s);0.992695;C22-25;
CARTULINA;100301343;Cartulina FBB Zenith LOCAL -- C-22 360 gramos 25 x 38;26/08/2026;CONSUMOS;4500;4500;hoja(s);0.992695;C22-25;
CARTULINA;100301343;Cartulina FBB Zenith LOCAL -- C-22 360 gramos 25 x 38;26/08/2026;CONSUMOS;4500;4500;hoja(s);0.992695;C22-25;
CARTULINA;100301343;Cartulina FBB Zenith LOCAL -- C-22 360 gramos 25 x 38;27/08/2026;CONSUMOS;4300;4300;hoja(s);0.948575;C22-25;
CARTULINA;100301357;Rollo Cartulina ASIA SYMBOL C-18 295 g ancho 25;11/08/2026;CONSUMOS;533;533;METROS;0.101536;C18-25;
CARTULINA;100301394;Cartulina FBB Asia Symbol -- C-16 270 gramos  25 x 38;11/08/2026;INGRESOS;0;0;PLIEGO;0;C16-25;
CARTULINA;100301394;Cartulina FBB Asia Symbol -- C-16 270 gramos  25 x 38;12/08/2026;INGRESOS;2100;2100;PLIEGO;0.347443;C16-25;
CARTULINA;100301394;Cartulina FBB Asia Symbol -- C-16 270 gramos  25 x 38;14/08/2026;CONSUMOS;2100;2100;PLIEGO;0.347443;C16-25;
CARTULINA;100301804;Rollo Cartulina High Bulk Fulam C - 16 255 g ancho 35.5;14/08/2026;CONSUMOS;1243;1243;METROS;0.285902;C16-35.5;
CARTULINA;100301804;Rollo Cartulina High Bulk Fulam C - 16 255 g ancho 35.5;14/08/2026;CONSUMOS;647;647;METROS;0.148816;C16-35.5;
CARTULINA;100301838;Cartulina FBB Asia Symbol -- C-12 230 gramos  25 x 37;19/08/2026;CONSUMOS;180;180;PLIEGO;0.024685;C12-25;
CARTULINA;100301856;Rollo Cartulina OBAFREE --  C - 18 265 g ancho 23;11/08/2026;CONSUMOS;13524;13524;METROS;2.092974;C18-23;
CARTULINA;100301856;Rollo Cartulina OBAFREE --  C - 18 265 g ancho 23;29/08/2026;CONSUMOS;6832;6832;METROS;1.05732;C18-23;
CARTULINA;100301862;Rollo Cartulina ASIA SYMBOL C-12 230 g ancho 30.5;4/08/2026;CONSUMOS;1118;1118;METROS;0.199026;C12-31;
CARTULINA;100301862;Rollo Cartulina ASIA SYMBOL C-12 230 g ancho 30.5;4/08/2026;CONSUMOS;5769;5769;METROS;1.026997;C12-31;
CARTULINA;100301863;Rollo Cartulina ASIA SYMBOL C-14 235 g ancho 29;4/08/2026;CONSUMOS;625;625;METROS;0.1081;C14-29;
CARTULINA;100301863;Rollo Cartulina ASIA SYMBOL C-14 235 g ancho 29;4/08/2026;CONSUMOS;1983;1983;METROS;0.342979;C14-29;
CARTULINA;100301863;Rollo Cartulina ASIA SYMBOL C-14 235 g ancho 29;4/08/2026;CONSUMOS;267;267;METROS;0.04618;C14-29;
CARTULINA;100301863;Rollo Cartulina ASIA SYMBOL C-14 235 g ancho 29;5/08/2026;CONSUMOS;4999;4999;METROS;0.864627;C14-29;
CARTULINA;100301863;Rollo Cartulina ASIA SYMBOL C-14 235 g ancho 29;5/08/2026;CONSUMOS;6561;6561;METROS;1.13479;C14-29;
CARTULINA;100301863;Rollo Cartulina ASIA SYMBOL C-14 235 g ancho 29;13/08/2026;CONSUMOS;163;163;METROS;0.028192;C14-29;
CARTULINA;100301863;Rollo Cartulina ASIA SYMBOL C-14 235 g ancho 29;21/08/2026;CONSUMOS;9046;9046;METROS;1.564596;C14-29;
CARTULINA;100301863;Rollo Cartulina ASIA SYMBOL C-14 235 g ancho 29;26/08/2026;CONSUMOS;9801;9801;METROS;1.69518;C14-29;
CARTULINA;100301908;Rollo Cartulina Nine Dragons C - 13.6 215 g ancho 25 (29-89);4/08/2026;CONSUMOS;1356;1356;METROS;0.185127;C13.6-25;
CARTULINA;100301908;Rollo Cartulina Nine Dragons C - 13.6 215 g ancho 25 (29-89);4/08/2026;CONSUMOS;2077;2077;METROS;0.283562;C13.6-25;
CARTULINA;100301908;Rollo Cartulina Nine Dragons C - 13.6 215 g ancho 25 (29-89);4/08/2026;CONSUMOS;1514;1514;METROS;0.206698;C13.6-25;
CARTULINA;100301908;Rollo Cartulina Nine Dragons C - 13.6 215 g ancho 25 (29-89);4/08/2026;CONSUMOS;20032;20032;METROS;2.734868;C13.6-25;
CARTULINA;100301908;Rollo Cartulina Nine Dragons C - 13.6 215 g ancho 25 (29-89);5/08/2026;CONSUMOS;3158;3158;METROS;0.431145;C13.6-25;
CARTULINA;100301908;Rollo Cartulina Nine Dragons C - 13.6 215 g ancho 25 (29-89);6/08/2026;CONSUMOS;839;839;METROS;0.114544;C13.6-25;
CARTULINA;100301908;Rollo Cartulina Nine Dragons C - 13.6 215 g ancho 25 (29-89);10/08/2026;CONSUMOS;2316;2316;METROS;0.316191;C13.6-25;
CARTULINA;100301908;Rollo Cartulina Nine Dragons C - 13.6 215 g ancho 25 (29-89);10/08/2026;CONSUMOS;1344;1344;METROS;0.183489;C13.6-25;
CARTULINA;100301908;Rollo Cartulina Nine Dragons C - 13.6 215 g ancho 25 (29-89);10/08/2026;CONSUMOS;776;776;METROS;0.105943;C13.6-25;
CARTULINA;100301908;Rollo Cartulina Nine Dragons C - 13.6 215 g ancho 25 (29-89);10/08/2026;CONSUMOS;461;461;METROS;0.062938;C13.6-25;
CARTULINA;100301908;Rollo Cartulina Nine Dragons C - 13.6 215 g ancho 25 (29-89);13/08/2026;CONSUMOS;3056;3056;METROS;0.41722;C13.6-25;
CARTULINA;100301908;Rollo Cartulina Nine Dragons C - 13.6 215 g ancho 25 (29-89);13/08/2026;CONSUMOS;1550;1550;METROS;0.211613;C13.6-25;
CARTULINA;100301908;Rollo Cartulina Nine Dragons C - 13.6 215 g ancho 25 (29-89);13/08/2026;CONSUMOS;7789;7789;METROS;1.063393;C13.6-25;
CARTULINA;100301908;Rollo Cartulina Nine Dragons C - 13.6 215 g ancho 25 (29-89);13/08/2026;CONSUMOS;416;416;METROS;0.056794;C13.6-25;
CARTULINA;100301908;Rollo Cartulina Nine Dragons C - 13.6 215 g ancho 25 (29-89);13/08/2026;CONSUMOS;713;713;METROS;0.097342;C13.6-25;
CARTULINA;100301908;Rollo Cartulina Nine Dragons C - 13.6 215 g ancho 25 (29-89);13/08/2026;CONSUMOS;457;457;METROS;0.062391;C13.6-25;
CARTULINA;100301908;Rollo Cartulina Nine Dragons C - 13.6 215 g ancho 25 (29-89);14/08/2026;CONSUMOS;2293;2293;METROS;0.313051;C13.6-25;
CARTULINA;100301908;Rollo Cartulina Nine Dragons C - 13.6 215 g ancho 25 (29-89);14/08/2026;CONSUMOS;9903;9903;METROS;1.352007;C13.6-25;
CARTULINA;100301908;Rollo Cartulina Nine Dragons C - 13.6 215 g ancho 25 (29-89);14/08/2026;CONSUMOS;2551;2551;METROS;0.348275;C13.6-25;
CARTULINA;100301908;Rollo Cartulina Nine Dragons C - 13.6 215 g ancho 25 (29-89);18/08/2026;CONSUMOS;4398;4398;METROS;0.600436;C13.6-25;
CARTULINA;100301908;Rollo Cartulina Nine Dragons C - 13.6 215 g ancho 25 (29-89);18/08/2026;CONSUMOS;1050;1050;METROS;0.143351;C13.6-25;
CARTULINA;100301908;Rollo Cartulina Nine Dragons C - 13.6 215 g ancho 25 (29-89);24/08/2026;CONSUMOS;3287;3287;METROS;0.448757;C13.6-25;
CARTULINA;100301908;Rollo Cartulina Nine Dragons C - 13.6 215 g ancho 25 (29-89);24/08/2026;CONSUMOS;9277;9277;METROS;1.266542;C13.6-25;
CARTULINA;100301908;Rollo Cartulina Nine Dragons C - 13.6 215 g ancho 25 (29-89);24/08/2026;CONSUMOS;3270;3270;METROS;0.446436;C13.6-25;
CARTULINA;100301908;Rollo Cartulina Nine Dragons C - 13.6 215 g ancho 25 (29-89);24/08/2026;CONSUMOS;461;461;METROS;0.062938;C13.6-25;
CARTULINA;100301908;Rollo Cartulina Nine Dragons C - 13.6 215 g ancho 25 (29-89);24/08/2026;CONSUMOS;3944;3944;METROS;0.538454;C13.6-25;
CARTULINA;100301908;Rollo Cartulina Nine Dragons C - 13.6 215 g ancho 25 (29-89);24/08/2026;CONSUMOS;1758;1758;METROS;0.24001;C13.6-25;
CARTULINA;100301908;Rollo Cartulina Nine Dragons C - 13.6 215 g ancho 25 (29-89);25/08/2026;CONSUMOS;2205;2205;METROS;0.301037;C13.6-25;
CARTULINA;100301908;Rollo Cartulina Nine Dragons C - 13.6 215 g ancho 25 (29-89);25/08/2026;CONSUMOS;1368;1368;METROS;0.186766;C13.6-25;
CARTULINA;100301908;Rollo Cartulina Nine Dragons C - 13.6 215 g ancho 25 (29-89);25/08/2026;CONSUMOS;1967;1967;METROS;0.268544;C13.6-25;
CARTULINA;100301908;Rollo Cartulina Nine Dragons C - 13.6 215 g ancho 25 (29-89);25/08/2026;CONSUMOS;15514;15514;METROS;2.118048;C13.6-25;
CARTULINA;100301908;Rollo Cartulina Nine Dragons C - 13.6 215 g ancho 25 (29-89);26/08/2026;CONSUMOS;1421;1421;METROS;0.194002;C13.6-25;
CARTULINA;100301908;Rollo Cartulina Nine Dragons C - 13.6 215 g ancho 25 (29-89);26/08/2026;CONSUMOS;2041;2041;METROS;0.278647;C13.6-25;
CARTULINA;100301908;Rollo Cartulina Nine Dragons C - 13.6 215 g ancho 25 (29-89);26/08/2026;CONSUMOS;2028;2028;METROS;0.276872;C13.6-25;
CARTULINA;100301908;Rollo Cartulina Nine Dragons C - 13.6 215 g ancho 25 (29-89);26/08/2026;CONSUMOS;1928;1928;METROS;0.26322;C13.6-25;
CARTULINA;100301908;Rollo Cartulina Nine Dragons C - 13.6 215 g ancho 25 (29-89);26/08/2026;CONSUMOS;486;486;METROS;0.066351;C13.6-25;
CARTULINA;100301908;Rollo Cartulina Nine Dragons C - 13.6 215 g ancho 25 (29-89);29/08/2026;CONSUMOS;11842;11842;METROS;1.616729;C13.6-25;
CARTULINA;100301908;Rollo Cartulina Nine Dragons C - 13.6 215 g ancho 25 (29-89);29/08/2026;CONSUMOS;2414;2414;METROS;0.329571;C13.6-25;
CARTULINA;100301908;Rollo Cartulina Nine Dragons C - 13.6 215 g ancho 25 (29-89);29/08/2026;CONSUMOS;1169;1169;METROS;0.159597;C13.6-25;
CARTULINA;100301908;Rollo Cartulina Nine Dragons C - 13.6 215 g ancho 25 (29-89);29/08/2026;CONSUMOS;2977;2977;METROS;0.406434;C13.6-25;
CARTULINA;100301909;Rollo Cartulina Nine Dragons C - 13.6 215 g ancho 30 (29-89);26/08/2026;CONSUMOS;50042;50042;METROS;8.19838;C13.6-30;
CARTULINA;100301917;Rollo Cartulina Nine Dragons C - 16.3 255 g ancho 25 (29-89);4/08/2026;CONSUMOS;2055;2055;METROS;0.332755;C16.3-25;
CARTULINA;100301917;Rollo Cartulina Nine Dragons C - 16.3 255 g ancho 25 (29-89);4/08/2026;CONSUMOS;1232;1232;METROS;0.199491;C16.3-25;
CARTULINA;100301917;Rollo Cartulina Nine Dragons C - 16.3 255 g ancho 25 (29-89);4/08/2026;CONSUMOS;3984;3984;METROS;0.645109;C16.3-25;
CARTULINA;100301917;Rollo Cartulina Nine Dragons C - 16.3 255 g ancho 25 (29-89);4/08/2026;CONSUMOS;1414;1414;METROS;0.228961;C16.3-25;
CARTULINA;100301917;Rollo Cartulina Nine Dragons C - 16.3 255 g ancho 25 (29-89);4/08/2026;CONSUMOS;973;973;METROS;0.157553;C16.3-25;
CARTULINA;100301917;Rollo Cartulina Nine Dragons C - 16.3 255 g ancho 25 (29-89);4/08/2026;CONSUMOS;1384;1384;METROS;0.224104;C16.3-25;
CARTULINA;100301917;Rollo Cartulina Nine Dragons C - 16.3 255 g ancho 25 (29-89);5/08/2026;CONSUMOS;3075;3075;METROS;0.497919;C16.3-25;
CARTULINA;100301917;Rollo Cartulina Nine Dragons C - 16.3 255 g ancho 25 (29-89);6/08/2026;CONSUMOS;10659;10659;METROS;1.725958;C16.3-25;
CARTULINA;100301917;Rollo Cartulina Nine Dragons C - 16.3 255 g ancho 25 (29-89);6/08/2026;CONSUMOS;729;729;METROS;0.118043;C16.3-25;
CARTULINA;100301917;Rollo Cartulina Nine Dragons C - 16.3 255 g ancho 25 (29-89);6/08/2026;CONSUMOS;4013;4013;METROS;0.649805;C16.3-25;
CARTULINA;100301917;Rollo Cartulina Nine Dragons C - 16.3 255 g ancho 25 (29-89);6/08/2026;CONSUMOS;12982;12982;METROS;2.10211;C16.3-25;
CARTULINA;100301917;Rollo Cartulina Nine Dragons C - 16.3 255 g ancho 25 (29-89);6/08/2026;CONSUMOS;825;825;METROS;0.133588;C16.3-25;
CARTULINA;100301917;Rollo Cartulina Nine Dragons C - 16.3 255 g ancho 25 (29-89);6/08/2026;CONSUMOS;943;943;METROS;0.152695;C16.3-25;
CARTULINA;100301917;Rollo Cartulina Nine Dragons C - 16.3 255 g ancho 25 (29-89);6/08/2026;CONSUMOS;2068;2068;METROS;0.33486;C16.3-25;
CARTULINA;100301917;Rollo Cartulina Nine Dragons C - 16.3 255 g ancho 25 (29-89);6/08/2026;CONSUMOS;1940;1940;METROS;0.314134;C16.3-25;
CARTULINA;100301917;Rollo Cartulina Nine Dragons C - 16.3 255 g ancho 25 (29-89);6/08/2026;CONSUMOS;100;100;METROS;0.016192;C16.3-25;
CARTULINA;100301917;Rollo Cartulina Nine Dragons C - 16.3 255 g ancho 25 (29-89);10/08/2026;CONSUMOS;997;997;METROS;0.161439;C16.3-25;
CARTULINA;100301917;Rollo Cartulina Nine Dragons C - 16.3 255 g ancho 25 (29-89);10/08/2026;CONSUMOS;16046;16046;METROS;2.598248;C16.3-25;
CARTULINA;100301917;Rollo Cartulina Nine Dragons C - 16.3 255 g ancho 25 (29-89);10/08/2026;CONSUMOS;1166;1166;METROS;0.188804;C16.3-25;
CARTULINA;100301917;Rollo Cartulina Nine Dragons C - 16.3 255 g ancho 25 (29-89);10/08/2026;CONSUMOS;618;618;METROS;0.100069;C16.3-25;
CARTULINA;100301917;Rollo Cartulina Nine Dragons C - 16.3 255 g ancho 25 (29-89);10/08/2026;CONSUMOS;1170;1170;METROS;0.189452;C16.3-25;
CARTULINA;100301917;Rollo Cartulina Nine Dragons C - 16.3 255 g ancho 25 (29-89);10/08/2026;CONSUMOS;1107;1107;METROS;0.17925;C16.3-25;
CARTULINA;100301917;Rollo Cartulina Nine Dragons C - 16.3 255 g ancho 25 (29-89);11/08/2026;CONSUMOS;2253;2253;METROS;0.364817;C16.3-25;
CARTULINA;100301917;Rollo Cartulina Nine Dragons C - 16.3 255 g ancho 25 (29-89);11/08/2026;CONSUMOS;2171;2171;METROS;0.351539;C16.3-25;
CARTULINA;100301917;Rollo Cartulina Nine Dragons C - 16.3 255 g ancho 25 (29-89);11/08/2026;CONSUMOS;2426;2426;METROS;0.39283;C16.3-25;
CARTULINA;100301917;Rollo Cartulina Nine Dragons C - 16.3 255 g ancho 25 (29-89);11/08/2026;CONSUMOS;1835;1835;METROS;0.297132;C16.3-25;
CARTULINA;100301920;Rollo Cartulina Nine Dragons C - 16.3 255 g ancho 35.5 (29-89);14/08/2026;CONSUMOS;188;188;METROS;0.043193;C16.3-35.5;
CARTULINA;100301920;Rollo Cartulina Nine Dragons C - 16.3 255 g ancho 35.5 (29-89);14/08/2026;CONSUMOS;3469;3469;METROS;0.79702;C16.3-35.5;
CARTULINA;100301924;Rollo Cartulina Nine Dragons C - 18.3 290 g ancho 25;4/08/2026;INGRESOS;0;0;METROS;0;C18-25;
CARTULINA;100301924;Rollo Cartulina Nine Dragons C - 18.3 290 g ancho 25;11/08/2026;CONSUMOS;5949;5949;METROS;1.095508;C18-25;
CARTULINA;100301924;Rollo Cartulina Nine Dragons C - 18.3 290 g ancho 25;11/08/2026;CONSUMOS;2146;2146;METROS;0.395185;C18-25;
CARTULINA;100301924;Rollo Cartulina Nine Dragons C - 18.3 290 g ancho 25;11/08/2026;CONSUMOS;4849;4849;METROS;0.892943;C18-25;
CARTULINA;100301924;Rollo Cartulina Nine Dragons C - 18.3 290 g ancho 25;11/08/2026;CONSUMOS;5483;5483;METROS;1.009694;C18-25;
CARTULINA;100301924;Rollo Cartulina Nine Dragons C - 18.3 290 g ancho 25;11/08/2026;CONSUMOS;1080;1080;METROS;0.198882;C18-25;
CARTULINA;100301924;Rollo Cartulina Nine Dragons C - 18.3 290 g ancho 25;11/08/2026;CONSUMOS;2613;2613;METROS;0.481183;C18-25;
CARTULINA;100301924;Rollo Cartulina Nine Dragons C - 18.3 290 g ancho 25;11/08/2026;CONSUMOS;6491;6491;METROS;1.195317;C18-25;
CARTULINA;100301924;Rollo Cartulina Nine Dragons C - 18.3 290 g ancho 25;11/08/2026;CONSUMOS;7235;7235;METROS;1.332325;C18-25;
CARTULINA;100301924;Rollo Cartulina Nine Dragons C - 18.3 290 g ancho 25;11/08/2026;CONSUMOS;5466;5466;METROS;1.006563;C18-25;
CARTULINA;100301924;Rollo Cartulina Nine Dragons C - 18.3 290 g ancho 25;11/08/2026;CONSUMOS;87630;87630;METROS;16.137064;C18-25;
CARTULINA;100301924;Rollo Cartulina Nine Dragons C - 18.3 290 g ancho 25;11/08/2026;CONSUMOS;2948;2948;METROS;0.542874;C18-25;
CARTULINA;100301924;Rollo Cartulina Nine Dragons C - 18.3 290 g ancho 25;11/08/2026;CONSUMOS;4526;4526;METROS;0.833462;C18-25;
CARTULINA;100301924;Rollo Cartulina Nine Dragons C - 18.3 290 g ancho 25;11/08/2026;CONSUMOS;6162;6162;METROS;1.134732;C18-25;
CARTULINA;100301924;Rollo Cartulina Nine Dragons C - 18.3 290 g ancho 25;11/08/2026;CONSUMOS;2792;2792;METROS;0.514146;C18-25;
CARTULINA;100301924;Rollo Cartulina Nine Dragons C - 18.3 290 g ancho 25;11/08/2026;CONSUMOS;9677;9677;METROS;1.782019;C18-25;
CARTULINA;100301924;Rollo Cartulina Nine Dragons C - 18.3 290 g ancho 25;11/08/2026;CONSUMOS;3175;3175;METROS;0.584676;C18-25;
CARTULINA;100301924;Rollo Cartulina Nine Dragons C - 18.3 290 g ancho 25;11/08/2026;CONSUMOS;1687;1687;METROS;0.310661;C18-25;
CARTULINA;100301924;Rollo Cartulina Nine Dragons C - 18.3 290 g ancho 25;11/08/2026;CONSUMOS;5896;5896;METROS;1.085748;C18-25;
CARTULINA;100301924;Rollo Cartulina Nine Dragons C - 18.3 290 g ancho 25;11/08/2026;CONSUMOS;157;157;METROS;0.028911;C18-25;
CARTULINA;100301924;Rollo Cartulina Nine Dragons C - 18.3 290 g ancho 25;11/08/2026;CONSUMOS;6381;6381;METROS;1.175061;C18-25;
CARTULINA;100301924;Rollo Cartulina Nine Dragons C - 18.3 290 g ancho 25;11/08/2026;CONSUMOS;446;446;METROS;0.08213;C18-25;
CARTULINA;100301924;Rollo Cartulina Nine Dragons C - 18.3 290 g ancho 25;11/08/2026;CONSUMOS;2483;2483;METROS;0.457244;C18-25;
CARTULINA;100301924;Rollo Cartulina Nine Dragons C - 18.3 290 g ancho 25;11/08/2026;CONSUMOS;2364;2364;METROS;0.43533;C18-25;
CARTULINA;100301924;Rollo Cartulina Nine Dragons C - 18.3 290 g ancho 25;11/08/2026;CONSUMOS;732;732;METROS;0.134797;C18-25;
CARTULINA;100301924;Rollo Cartulina Nine Dragons C - 18.3 290 g ancho 25;11/08/2026;CONSUMOS;1853;1853;METROS;0.341229;C18-25;
CARTULINA;100301924;Rollo Cartulina Nine Dragons C - 18.3 290 g ancho 25;11/08/2026;CONSUMOS;978;978;METROS;0.180098;C18-25;
CARTULINA;100301924;Rollo Cartulina Nine Dragons C - 18.3 290 g ancho 25;13/08/2026;CONSUMOS;2595;2595;METROS;0.477869;C18-25;
CARTULINA;100301924;Rollo Cartulina Nine Dragons C - 18.3 290 g ancho 25;13/08/2026;CONSUMOS;5999;5999;METROS;1.104715;C18-25;
CARTULINA;100301924;Rollo Cartulina Nine Dragons C - 18.3 290 g ancho 25;13/08/2026;CONSUMOS;1414;1414;METROS;0.260388;C18-25;
CARTULINA;100301924;Rollo Cartulina Nine Dragons C - 18.3 290 g ancho 25;25/08/2026;CONSUMOS;12663;12663;METROS;2.331891;C18-25;
CARTULINA;100301924;Rollo Cartulina Nine Dragons C - 18.3 290 g ancho 25;25/08/2026;CONSUMOS;1750;1750;METROS;0.322262;C18-25;
CARTULINA;100301924;Rollo Cartulina Nine Dragons C - 18.3 290 g ancho 25;25/08/2026;CONSUMOS;3350;3350;METROS;0.616902;C18-25;
CARTULINA;100301924;Rollo Cartulina Nine Dragons C - 18.3 290 g ancho 25;25/08/2026;CONSUMOS;1960;1960;METROS;0.360934;C18-25;
CARTULINA;100301924;Rollo Cartulina Nine Dragons C - 18.3 290 g ancho 25;25/08/2026;CONSUMOS;1116;1116;METROS;0.205511;C18-25;
CARTULINA;100301924;Rollo Cartulina Nine Dragons C - 18.3 290 g ancho 25;25/08/2026;CONSUMOS;28477;28477;METROS;5.244039;C18-25;
CARTULINA;100301924;Rollo Cartulina Nine Dragons C - 18.3 290 g ancho 25;25/08/2026;CONSUMOS;2147;2147;METROS;0.39537;C18-25;
CARTULINA;100301924;Rollo Cartulina Nine Dragons C - 18.3 290 g ancho 25;27/08/2026;CONSUMOS;2281;2281;METROS;0.420046;C18-25;
CARTULINA;100301924;Rollo Cartulina Nine Dragons C - 18.3 290 g ancho 25;27/08/2026;CONSUMOS;1762;1762;METROS;0.324472;C18-25;
CARTULINA;100301924;Rollo Cartulina Nine Dragons C - 18.3 290 g ancho 25;29/08/2026;CONSUMOS;747;747;METROS;0.13756;C18-25;
CARTULINA;100301932;Rollo Cartulina Policote 1PE0/15 C-13.5 225g ancho 36 REGIONAL;28/08/2026;INGRESOS;20005;20005;METROS;4.114028;POLICOTE;
CARTULINA;100301933;Rollo Cartulina Policote 1PE0/15 C-13.5 225g ancho 36.5 REGIONAL;28/08/2026;INGRESOS;83567;83567;METROS;17.429987;POLICOTE;
CARTULINA;100301934;Cartulina FBB NINE DRAGONS -- C-16.3 255 gramos 27 x 34.5 (29-89);27/08/2026;CONSUMOS;2735;2735;hoja(s);0.418496;C16.3-27;
CARTULINA;100304510;Cartulina FBB DUPLEX MIRABELL -- C-17 320 gramos  22 x 38.5;24/08/2026;INGRESOS;235182;235182;PLIEGO;41.028233;COLGATE-150;
CARTULINA;100304510;Cartulina FBB DUPLEX MIRABELL -- C-17 320 gramos  22 x 38.5;24/08/2026;INGRESOS;235182;235182;PLIEGO;-41.028233;COLGATE-150;
CARTULINA;100304510;Cartulina FBB DUPLEX MIRABELL -- C-17 320 gramos  22 x 38.5;24/08/2026;INGRESOS;235182;235182;PLIEGO;41.028233;COLGATE-150;
CARTULINA;100304510;Cartulina FBB DUPLEX MIRABELL -- C-17 320 gramos  22 x 38.5;28/08/2026;INGRESOS;0;0;PLIEGO;0;COLGATE-150;
CARTULINA;100304525;Cartulina SPARK C-18 270 gr 30 X 40;3/08/2026;INGRESOS;3200;3200;Pliego(s);0.668901;Spark;
CARTULINA;100304525;Cartulina SPARK C-18 270 gr 30 X 40;3/08/2026;INGRESOS;0;0;Pliego(s);0;Spark;
CARTULINA;100304525;Cartulina SPARK C-18 270 gr 30 X 40;4/08/2026;CONSUMOS;7000;7000;Pliego(s);1.463222;Spark;
CARTULINA;100304525;Cartulina SPARK C-18 270 gr 30 X 40;7/08/2026;CONSUMOS;4200;4200;Pliego(s);0.877933;Spark;
CARTULINA;100304530;Cartulina SPARK C-20 295 gr 30 X 40;27/08/2026;CONSUMOS;600;600;Pliego(s);0.137031;Spark;
CARTULINA 29-89;100304547;Rollo Cartulina Spectra Natural -- C-18 267g ancho 27;5/08/2026;CONSUMOS;38999;38999;METROS;7.141052;BIMBO;
CARTULINA;100304549;Rollo Cartulina LSH Super Bulk C-16 255g ancho 25;27/08/2026;CONSUMOS;12403;12403;METROS;2.008355;C16-25;
CARTULINA;100304549;Rollo Cartulina LSH Super Bulk C-16 255g ancho 25;27/08/2026;CONSUMOS;41314;41314;METROS;6.689769;C16-25;
CARTULINA;100304549;Rollo Cartulina LSH Super Bulk C-16 255g ancho 25;27/08/2026;CONSUMOS;198;198;METROS;0.032061;C16-25;
CARTULINA;100304563;Rollo Cartulina Nine Dragons C - 12 205 g ancho 25 (29-89);4/08/2026;CONSUMOS;2946;2946;METROS;0.383495;C12-25;
CARTULINA;100304563;Rollo Cartulina Nine Dragons C - 12 205 g ancho 25 (29-89);10/08/2026;CONSUMOS;6506;6506;METROS;0.846918;C12-25;
CARTULINA;100304563;Rollo Cartulina Nine Dragons C - 12 205 g ancho 25 (29-89);10/08/2026;CONSUMOS;3278;3278;METROS;0.426713;C12-25;
CARTULINA;100304565;Rollo Cartulina DEDICA FSC --  C - 13.5 225 g ancho 23.125;4/08/2026;CONSUMOS;16005;16005;Metro(s);2.11386;OLMECA;
CARTULINA;100304565;Rollo Cartulina DEDICA FSC --  C - 13.5 225 g ancho 23.125;4/08/2026;CONSUMOS;8004;8004;Metro(s);1.057128;OLMECA;
CARTULINA;100304565;Rollo Cartulina DEDICA FSC --  C - 13.5 225 g ancho 23.125;18/08/2026;CONSUMOS;15634;15634;Metro(s);2.06486;OLMECA;
CARTULINA;100304565;Rollo Cartulina DEDICA FSC --  C - 13.5 225 g ancho 23.125;18/08/2026;CONSUMOS;8000;8000;Metro(s);1.0566;OLMECA;
CARTULINA;100304565;Rollo Cartulina DEDICA FSC --  C - 13.5 225 g ancho 23.125;28/08/2026;INGRESOS;265828;265828;Metro(s);35.109233;OLMECA;
CARTULINA;100304565;Rollo Cartulina DEDICA FSC --  C - 13.5 225 g ancho 23.125;29/08/2026;CONSUMOS;8186;8186;Metro(s);1.081165;OLMECA;
CARTULINA;100304619;Rollo Cartulina BRIGHT   --  C-16 245 g ancho 23;4/08/2026;CONSUMOS;7808;7808;METROS;1.117168;BAY-C16-23;
CARTULINA;100304619;Rollo Cartulina BRIGHT   --  C-16 245 g ancho 23;4/08/2026;CONSUMOS;26920;26920;METROS;3.851713;BAY-C16-23;
CARTULINA;100304619;Rollo Cartulina BRIGHT   --  C-16 245 g ancho 23;29/08/2026;CONSUMOS;39134;39134;METROS;5.599292;BAY-C16-23;
CARTULINA;100304625;Rollo Cartulina ASIA SYMBOL C-14 235 g ancho 28.5;4/08/2026;CONSUMOS;1014;1014;METROS;0.172283;C14-29;
CARTULINA;100304640;Rollo Cartulina OBAFREE --  C-15 230 g ancho 25.5;4/08/2026;INGRESOS;260393;260393;METROS;38.749082;FOSFORERA;
CARTULINA;100304640;Rollo Cartulina OBAFREE --  C-15 230 g ancho 25.5;4/08/2026;CONSUMOS;35644;35644;METROS;5.304183;FOSFORERA;
CARTULINA;100304640;Rollo Cartulina OBAFREE --  C-15 230 g ancho 25.5;4/08/2026;CONSUMOS;44245;44245;METROS;6.584098;FOSFORERA;
CARTULINA;100304640;Rollo Cartulina OBAFREE --  C-15 230 g ancho 25.5;21/08/2026;INGRESOS;0;0;METROS;0;FOSFORERA;
CARTULINA;100304640;Rollo Cartulina OBAFREE --  C-15 230 g ancho 25.5;24/08/2026;INGRESOS;238905;238905;METROS;35.551453;FOSFORERA;
CARTULINA;100304640;Rollo Cartulina OBAFREE --  C-15 230 g ancho 25.5;24/08/2026;INGRESOS;238905;238905;METROS;-35.551453;FOSFORERA;
CARTULINA;100304640;Rollo Cartulina OBAFREE --  C-15 230 g ancho 25.5;24/08/2026;INGRESOS;238905;238905;METROS;35.551453;FOSFORERA;
CARTULINA;100304640;Rollo Cartulina OBAFREE --  C-15 230 g ancho 25.5;28/08/2026;INGRESOS;0;0;METROS;0;FOSFORERA;
CARTULINA;100304640;Rollo Cartulina OBAFREE --  C-15 230 g ancho 25.5;29/08/2026;CONSUMOS;44875;44875;METROS;6.677848;FOSFORERA;
CARTULINA;100304640;Rollo Cartulina OBAFREE --  C-15 230 g ancho 25.5;29/08/2026;CONSUMOS;31422;31422;METROS;4.675907;FOSFORERA;
CARTULINA;100305183;Cartulina FBB ASIA SYMBOL -- C-20 325 gramos  25 x 38;3/08/2026;INGRESOS;16100;16100;PLIEGOS;3.206345;C20-25;
CARTULINA;100305183;Cartulina FBB ASIA SYMBOL -- C-20 325 gramos  25 x 38;3/08/2026;INGRESOS;0;0;PLIEGOS;0;C20-25;
CARTULINA;100305183;Cartulina FBB ASIA SYMBOL -- C-20 325 gramos  25 x 38;3/08/2026;INGRESOS;0;0;PLIEGOS;0;C20-25;
CARTULINA;100305183;Cartulina FBB ASIA SYMBOL -- C-20 325 gramos  25 x 38;3/08/2026;INGRESOS;0;0;PLIEGOS;0;C20-25;
CARTULINA;100305183;Cartulina FBB ASIA SYMBOL -- C-20 325 gramos  25 x 38;4/08/2026;CONSUMOS;16100;16100;PLIEGOS;3.206345;C20-25;
CARTULINA;100305183;Cartulina FBB ASIA SYMBOL -- C-20 325 gramos  25 x 38;4/08/2026;CONSUMOS;16100;16100;PLIEGOS;3.206345;C20-25;
CARTULINA;100305183;Cartulina FBB ASIA SYMBOL -- C-20 325 gramos  25 x 38;4/08/2026;INGRESOS;4000;4000;PLIEGOS;0.796607;C20-25;
CARTULINA;100305183;Cartulina FBB ASIA SYMBOL -- C-20 325 gramos  25 x 38;4/08/2026;CONSUMOS;3000;3000;PLIEGOS;0.597455;C20-25;
CARTULINA;100305183;Cartulina FBB ASIA SYMBOL -- C-20 325 gramos  25 x 38;4/08/2026;CONSUMOS;3100;3100;PLIEGOS;0.61737;C20-25;
CARTULINA;100305183;Cartulina FBB ASIA SYMBOL -- C-20 325 gramos  25 x 38;8/08/2026;CONSUMOS;4000;4000;PLIEGOS;0.796607;C20-25;
CARTULINA;100305183;Cartulina FBB ASIA SYMBOL -- C-20 325 gramos  25 x 38;8/08/2026;CONSUMOS;7600;7600;PLIEGOS;1.513554;C20-25;
CARTULINA;100305183;Cartulina FBB ASIA SYMBOL -- C-20 325 gramos  25 x 38;11/08/2026;INGRESOS;0;0;PLIEGOS;0;C20-25;
CARTULINA;100305183;Cartulina FBB ASIA SYMBOL -- C-20 325 gramos  25 x 38;12/08/2026;INGRESOS;1000;1000;PLIEGOS;0.199151;C20-25;
CARTULINA;100305183;Cartulina FBB ASIA SYMBOL -- C-20 325 gramos  25 x 38;14/08/2026;CONSUMOS;1700;1700;PLIEGOS;0.338558;C20-25;
CARTULINA;100305183;Cartulina FBB ASIA SYMBOL -- C-20 325 gramos  25 x 38;14/08/2026;CONSUMOS;1000;1000;PLIEGOS;0.199151;C20-25;
CARTULINA;100305183;Cartulina FBB ASIA SYMBOL -- C-20 325 gramos  25 x 38;17/08/2026;INGRESOS;0;0;PLIEGOS;0;C20-25;
CARTULINA;100305183;Cartulina FBB ASIA SYMBOL -- C-20 325 gramos  25 x 38;18/08/2026;INGRESOS;3200;3200;PLIEGOS;0.637286;C20-25;
CARTULINA;100305183;Cartulina FBB ASIA SYMBOL -- C-20 325 gramos  25 x 38;18/08/2026;INGRESOS;3000;3000;PLIEGOS;0.597455;C20-25;
CARTULINA;100305183;Cartulina FBB ASIA SYMBOL -- C-20 325 gramos  25 x 38;19/08/2026;CONSUMOS;2445;2445;PLIEGOS;0.486926;C20-25;
CARTULINA;100305183;Cartulina FBB ASIA SYMBOL -- C-20 325 gramos  25 x 38;19/08/2026;CONSUMOS;1455;1455;PLIEGOS;0.289765;C20-25;
CARTULINA;100305183;Cartulina FBB ASIA SYMBOL -- C-20 325 gramos  25 x 38;27/08/2026;CONSUMOS;3000;3000;PLIEGOS;0.597455;C20-25;
CARTULINA 29-89;100305967;Rollo Cartulina Nine Dragons C - 18.3 290 g ancho 29;11/08/2026;CONSUMOS;463;463;METROS;0.098956;C18-29-COSC;
CARTULINA 29-89;100305969;Cartulina FBB DRAGONS -- C-15.7 245 gramos 34.5 x 27;14/08/2026;CONSUMOS;66860;66860;PLIEGOS;9.829402;HONDURAS FOS;
CARTULINA 29-89;100305969;Cartulina FBB DRAGONS -- C-15.7 245 gramos 34.5 x 27;25/08/2026;CONSUMOS;2935;2935;PLIEGOS;0.431488;HONDURAS FOS;
CARTULINA 29-89;100305969;Cartulina FBB DRAGONS -- C-15.7 245 gramos 34.5 x 27;25/08/2026;CONSUMOS;2400;2400;PLIEGOS;0.352835;HONDURAS FOS;
CARTULINA 29-89;100305969;Cartulina FBB DRAGONS -- C-15.7 245 gramos 34.5 x 27;25/08/2026;CONSUMOS;1660;1660;PLIEGOS;0.244044;HONDURAS FOS;
CARTULINA 29-89;100305969;Cartulina FBB DRAGONS -- C-15.7 245 gramos 34.5 x 27;25/08/2026;CONSUMOS;5670;5670;PLIEGOS;0.833573;HONDURAS FOS;
CARTULINA 29-89;100305969;Cartulina FBB DRAGONS -- C-15.7 245 gramos 34.5 x 27;25/08/2026;CONSUMOS;2085;2085;PLIEGOS;0.306525;HONDURAS FOS;
CARTULINA 29-89;100305969;Cartulina FBB DRAGONS -- C-15.7 245 gramos 34.5 x 27;25/08/2026;CONSUMOS;8375;8375;PLIEGOS;1.231248;HONDURAS FOS;
CARTULINA 29-89;100305969;Cartulina FBB DRAGONS -- C-15.7 245 gramos 34.5 x 27;25/08/2026;CONSUMOS;1235;1235;PLIEGOS;0.181563;HONDURAS FOS;
CARTULINA 29-89;100305969;Cartulina FBB DRAGONS -- C-15.7 245 gramos 34.5 x 27;25/08/2026;CONSUMOS;1020;1020;PLIEGOS;0.149954;HONDURAS FOS;
CARTULINA 29-89;100305969;Cartulina FBB DRAGONS -- C-15.7 245 gramos 34.5 x 27;27/08/2026;CONSUMOS;13470;13470;PLIEGOS;1.980288;HONDURAS FOS;
CARTULINA 29-89;100305969;Cartulina FBB DRAGONS -- C-15.7 245 gramos 34.5 x 27;27/08/2026;CONSUMOS;250;250;PLIEGOS;0.036753;HONDURAS FOS;
CARTULINA 29-89;100305969;Cartulina FBB DRAGONS -- C-15.7 245 gramos 34.5 x 27;27/08/2026;CONSUMOS;4600;4600;PLIEGOS;0.676267;HONDURAS FOS;
CARTULINA 29-89;100305969;Cartulina FBB DRAGONS -- C-15.7 245 gramos 34.5 x 27;28/08/2026;CONSUMOS;1200;1200;PLIEGOS;0.176417;HONDURAS FOS;
CARTULINA 29-89;100305982;Cartulina FBB DUPLEX MIRABELL -- C-16 300 gramos  20 x 32.5;20/08/2026;INGRESOS;58869;58869;PLIEGO;7.401599;COLGATE-100;
CARTULINA 29-89;100305982;Cartulina FBB DUPLEX MIRABELL -- C-16 300 gramos  20 x 32.5;21/08/2026;INGRESOS;0;0;PLIEGO;0;COLGATE-100;
CARTULINA 29-89;100305983;Cartulina FBB DUPLEX MIRABELL -- C-16 300 gramos  25.5 x 36.5;20/08/2026;INGRESOS;80363;80363;PLIEGO;14.45977;COLGATE-50;
CARTULINA 29-89;100305983;Cartulina FBB DUPLEX MIRABELL -- C-16 300 gramos  25.5 x 36.5;21/08/2026;INGRESOS;0;0;PLIEGO;0;COLGATE-50;
CARTULINA 29-89;100305983;Cartulina FBB DUPLEX MIRABELL -- C-16 300 gramos  25.5 x 36.5;24/08/2026;INGRESOS;95822;95822;PLIEGO;17.241319;COLGATE-50;
CARTULINA 29-89;100305983;Cartulina FBB DUPLEX MIRABELL -- C-16 300 gramos  25.5 x 36.5;24/08/2026;INGRESOS;95822;95822;PLIEGO;-17.241319;COLGATE-50;
CARTULINA 29-89;100305983;Cartulina FBB DUPLEX MIRABELL -- C-16 300 gramos  25.5 x 36.5;24/08/2026;INGRESOS;95822;95822;PLIEGO;17.241319;COLGATE-50;
CARTULINA 29-89;100305983;Cartulina FBB DUPLEX MIRABELL -- C-16 300 gramos  25.5 x 36.5;25/08/2026;CONSUMOS;49365;49365;PLIEGO;8.882279;COLGATE-50;
CARTULINA 29-89;100305983;Cartulina FBB DUPLEX MIRABELL -- C-16 300 gramos  25.5 x 36.5;25/08/2026;CONSUMOS;20170;20170;PLIEGO;3.629202;COLGATE-50;
CARTULINA 29-89;100305983;Cartulina FBB DUPLEX MIRABELL -- C-16 300 gramos  25.5 x 36.5;25/08/2026;CONSUMOS;10440;10440;PLIEGO;1.878476;COLGATE-50;
CARTULINA 29-89;100305983;Cartulina FBB DUPLEX MIRABELL -- C-16 300 gramos  25.5 x 36.5;25/08/2026;CONSUMOS;54235;54235;PLIEGO;9.758541;COLGATE-50;
CARTULINA 29-89;100305983;Cartulina FBB DUPLEX MIRABELL -- C-16 300 gramos  25.5 x 36.5;25/08/2026;CONSUMOS;22549;22549;PLIEGO;4.057257;COLGATE-50;
CARTULINA 29-89;100305983;Cartulina FBB DUPLEX MIRABELL -- C-16 300 gramos  25.5 x 36.5;28/08/2026;INGRESOS;0;0;PLIEGO;0;COLGATE-50;
CARTULINA 29-89;100305984;Cartulina FBB DUPLEX MIRABELL -- C-16 300 gramos  25 x 34;20/08/2026;INGRESOS;69147;69147;PLIEGO;11.36787;COLGATE-22;
CARTULINA 29-89;100305984;Cartulina FBB DUPLEX MIRABELL -- C-16 300 gramos  25 x 34;21/08/2026;INGRESOS;0;0;PLIEGO;0;COLGATE-22;
CARTULINA 29-89;100305984;Cartulina FBB DUPLEX MIRABELL -- C-16 300 gramos  25 x 34;24/08/2026;INGRESOS;36407;36407;PLIEGO;5.985365;COLGATE-22;
CARTULINA 29-89;100305984;Cartulina FBB DUPLEX MIRABELL -- C-16 300 gramos  25 x 34;24/08/2026;INGRESOS;36407;36407;PLIEGO;-5.985365;COLGATE-22;
CARTULINA 29-89;100305984;Cartulina FBB DUPLEX MIRABELL -- C-16 300 gramos  25 x 34;24/08/2026;INGRESOS;36407;36407;PLIEGO;5.985365;COLGATE-22;
CARTULINA 29-89;100305984;Cartulina FBB DUPLEX MIRABELL -- C-16 300 gramos  25 x 34;25/08/2026;CONSUMOS;18235;18235;PLIEGO;2.997861;COLGATE-22;
CARTULINA 29-89;100305984;Cartulina FBB DUPLEX MIRABELL -- C-16 300 gramos  25 x 34;28/08/2026;INGRESOS;0;0;PLIEGO;0;COLGATE-22;
CARTULINA;100305985;Cartulina FBB DUPLEX MIRABELL -- C-17 320 gramos  21.5 x 35;20/08/2026;INGRESOS;67001;67001;PLIEGO;10.407002;COLGATE-125;
CARTULINA;100305985;Cartulina FBB DUPLEX MIRABELL -- C-17 320 gramos  21.5 x 35;21/08/2026;INGRESOS;0;0;PLIEGO;0;COLGATE-125;
CARTULINA;100305985;Cartulina FBB DUPLEX MIRABELL -- C-17 320 gramos  21.5 x 35;24/08/2026;INGRESOS;146977;146977;PLIEGO;22.829361;COLGATE-125;
CARTULINA;100305985;Cartulina FBB DUPLEX MIRABELL -- C-17 320 gramos  21.5 x 35;24/08/2026;INGRESOS;146977;146977;PLIEGO;-22.829361;COLGATE-125;
CARTULINA;100305985;Cartulina FBB DUPLEX MIRABELL -- C-17 320 gramos  21.5 x 35;24/08/2026;INGRESOS;146977;146977;PLIEGO;22.829361;COLGATE-125;
CARTULINA;100305985;Cartulina FBB DUPLEX MIRABELL -- C-17 320 gramos  21.5 x 35;27/08/2026;CONSUMOS;87;87;PLIEGO;0.013513;COLGATE-125;
CARTULINA;100305985;Cartulina FBB DUPLEX MIRABELL -- C-17 320 gramos  21.5 x 35;28/08/2026;INGRESOS;0;0;PLIEGO;0;COLGATE-125;
CARTULINA;100305997;Cartulina SPARK -- C-16 250 gramos 25 X 36;27/08/2026;CONSUMOS;550;550;hoja(s);0.079803;Spark;
CARTULINA;100305999;Rollo Cartulina Nine Dragons C - 19 305 g ancho 24;27/08/2026;CONSUMOS;3481;3481;METROS;0.646578;C19-24;
CARTULINA 29-89;100306003;Rollo Cartulina Nine Dragons C - 16.3 255 g ancho 28.5;14/08/2026;CONSUMOS;5859;5859;METROS;0.948718;C16.3-28.5;
CARTULINA 29-89;100306003;Rollo Cartulina Nine Dragons C - 16.3 255 g ancho 28.5;14/08/2026;CONSUMOS;315;315;METROS;0.051006;C16.3-28.5;
CARTULINA 29-89;100306003;Rollo Cartulina Nine Dragons C - 16.3 255 g ancho 28.5;14/08/2026;CONSUMOS;5488;5488;METROS;0.888644;C16.3-28.5;
CARTULINA 29-89;100306003;Rollo Cartulina Nine Dragons C - 16.3 255 g ancho 28.5;14/08/2026;CONSUMOS;1398;1398;METROS;0.226371;C16.3-28.5;
CARTULINA 29-89;100306003;Rollo Cartulina Nine Dragons C - 16.3 255 g ancho 28.5;14/08/2026;CONSUMOS;2745;2745;METROS;0.444484;C16.3-28.5;
CARTULINA 29-89;100306003;Rollo Cartulina Nine Dragons C - 16.3 255 g ancho 28.5;14/08/2026;CONSUMOS;1925;1925;METROS;0.311705;C16.3-28.5;
CARTULINA 29-89;100306003;Rollo Cartulina Nine Dragons C - 16.3 255 g ancho 28.5;14/08/2026;CONSUMOS;233;233;METROS;0.037728;C16.3-28.5;
CARTULINA 29-89;100306003;Rollo Cartulina Nine Dragons C - 16.3 255 g ancho 28.5;14/08/2026;CONSUMOS;3287;3287;METROS;0.532247;C16.3-28.5;
CARTULINA 29-89;100306003;Rollo Cartulina Nine Dragons C - 16.3 255 g ancho 28.5;14/08/2026;CONSUMOS;1831;1831;METROS;0.296484;C16.3-28.5;
CARTULINA 29-89;100306003;Rollo Cartulina Nine Dragons C - 16.3 255 g ancho 28.5;24/08/2026;CONSUMOS;2537;2537;METROS;0.410803;C16.3-28.5;
CARTULINA 29-89;100306003;Rollo Cartulina Nine Dragons C - 16.3 255 g ancho 28.5;24/08/2026;CONSUMOS;1621;1621;METROS;0.26248;C16.3-28.5;
CARTULINA 29-89;100306003;Rollo Cartulina Nine Dragons C - 16.3 255 g ancho 28.5;24/08/2026;CONSUMOS;2002;2002;METROS;0.324173;C16.3-28.5;
CARTULINA 29-89;100306003;Rollo Cartulina Nine Dragons C - 16.3 255 g ancho 28.5;24/08/2026;CONSUMOS;1494;1494;METROS;0.241915;C16.3-28.5;
CARTULINA 29-89;100306003;Rollo Cartulina Nine Dragons C - 16.3 255 g ancho 28.5;24/08/2026;CONSUMOS;1981;1981;METROS;0.320773;C16.3-28.5;
CARTULINA 29-89;100306003;Rollo Cartulina Nine Dragons C - 16.3 255 g ancho 28.5;24/08/2026;CONSUMOS;1176;1176;METROS;0.190423;C16.3-28.5;
CARTULINA 29-89;100306003;Rollo Cartulina Nine Dragons C - 16.3 255 g ancho 28.5;24/08/2026;CONSUMOS;4440;4440;METROS;0.718947;C16.3-28.5;
CARTULINA 29-89;100306003;Rollo Cartulina Nine Dragons C - 16.3 255 g ancho 28.5;24/08/2026;CONSUMOS;2158;2158;METROS;0.349434;C16.3-28.5;
CARTULINA 29-89;100306003;Rollo Cartulina Nine Dragons C - 16.3 255 g ancho 28.5;24/08/2026;CONSUMOS;686;686;METROS;0.11108;C16.3-28.5;
CARTULINA 29-89;100306003;Rollo Cartulina Nine Dragons C - 16.3 255 g ancho 28.5;24/08/2026;CONSUMOS;7236;7236;METROS;1.171689;C16.3-28.5;
CARTULINA 29-89;100306003;Rollo Cartulina Nine Dragons C - 16.3 255 g ancho 28.5;24/08/2026;CONSUMOS;479;479;METROS;0.077562;C16.3-28.5;
CARTULINA 29-89;100306003;Rollo Cartulina Nine Dragons C - 16.3 255 g ancho 28.5;24/08/2026;CONSUMOS;789;789;METROS;0.127758;C16.3-28.5;
CARTULINA 29-89;100306003;Rollo Cartulina Nine Dragons C - 16.3 255 g ancho 28.5;24/08/2026;CONSUMOS;851;851;METROS;0.137798;C16.3-28.5;
CARTULINA 29-89;100306003;Rollo Cartulina Nine Dragons C - 16.3 255 g ancho 28.5;24/08/2026;CONSUMOS;1290;1290;METROS;0.208883;C16.3-28.5;
CARTULINA 29-89;100306003;Rollo Cartulina Nine Dragons C - 16.3 255 g ancho 28.5;24/08/2026;CONSUMOS;521;521;METROS;0.084362;C16.3-28.5;
CARTULINA 29-89;100306003;Rollo Cartulina Nine Dragons C - 16.3 255 g ancho 28.5;24/08/2026;CONSUMOS;3123;3123;METROS;0.505691;C16.3-28.5;
CARTULINA 29-89;100306003;Rollo Cartulina Nine Dragons C - 16.3 255 g ancho 28.5;24/08/2026;CONSUMOS;2751;2751;METROS;0.445455;C16.3-28.5;
CARTULINA 29-89;100306003;Rollo Cartulina Nine Dragons C - 16.3 255 g ancho 28.5;24/08/2026;CONSUMOS;2100;2100;METROS;0.340042;C16.3-28.5;
CARTULINA 29-89;100306003;Rollo Cartulina Nine Dragons C - 16.3 255 g ancho 28.5;24/08/2026;CONSUMOS;1612;1612;METROS;0.261023;C16.3-28.5;
CARTULINA 29-89;100306003;Rollo Cartulina Nine Dragons C - 16.3 255 g ancho 28.5;24/08/2026;CONSUMOS;1614;1614;METROS;0.261346;C16.3-28.5;
CARTULINA 29-89;100306003;Rollo Cartulina Nine Dragons C - 16.3 255 g ancho 28.5;24/08/2026;CONSUMOS;1289;1289;METROS;0.208721;C16.3-28.5;
CARTULINA 29-89;100306003;Rollo Cartulina Nine Dragons C - 16.3 255 g ancho 28.5;24/08/2026;CONSUMOS;709;709;METROS;0.114804;C16.3-28.5;
CARTULINA 29-89;100306003;Rollo Cartulina Nine Dragons C - 16.3 255 g ancho 28.5;25/08/2026;CONSUMOS;996;996;METROS;0.161277;C16.3-28.5;
CARTULINA 29-89;100306003;Rollo Cartulina Nine Dragons C - 16.3 255 g ancho 28.5;25/08/2026;CONSUMOS;1297;1297;METROS;0.210016;C16.3-28.5;
CARTULINA 29-89;100306132;Rollo Cartulina FBB PROTO C1S -- C-24 396 g ancho 29;21/08/2026;CONSUMOS;412;412;METROS;0.120079;GILDAN;
CARTULINA 29-89;100306134;Rollo Cartulina FBB PROTO C1S -- C-24 396 g ancho 26.5;10/08/2026;CONSUMOS;8691;8691;METROS;2.316221;GILDAN;
CARTULINA 29-89;100306134;Rollo Cartulina FBB PROTO C1S -- C-24 396 g ancho 26.5;10/08/2026;CONSUMOS;5719;5719;METROS;1.524159;GILDAN;
CARTULINA;100306136;Cartulina Husky -- C-16 350 gramos 30 X 40;19/08/2026;INGRESOS;0;0;hoja(s);0;C16-30H;
CARTULINA;100306136;Cartulina Husky -- C-16 350 gramos 30 X 40;20/08/2026;INGRESOS;5000;5000;hoja(s);1.354836;C16-30H;
CARTULINA;100306136;Cartulina Husky -- C-16 350 gramos 30 X 40;25/08/2026;CONSUMOS;1400;1400;hoja(s);0.379354;C16-30H;
CARTULINA;100306136;Cartulina Husky -- C-16 350 gramos 30 X 40;25/08/2026;CONSUMOS;1400;1400;hoja(s);0.379354;C16-30H;
CARTULINA;100306136;Cartulina Husky -- C-16 350 gramos 30 X 40;25/08/2026;CONSUMOS;300;300;hoja(s);0.08129;C16-30H;
CARTULINA;100306136;Cartulina Husky -- C-16 350 gramos 30 X 40;25/08/2026;CONSUMOS;500;500;hoja(s);0.135483;C16-30H;
CARTULINA 29-89;100306142;Cartulina FBB DUPLEX MIRABELL -- C-16 300 gramos  28 x 33.75;20/08/2026;INGRESOS;237076;237076;PLIEGO;43.337042;COLGATE-75;
CARTULINA 29-89;100306142;Cartulina FBB DUPLEX MIRABELL -- C-16 300 gramos  28 x 33.75;21/08/2026;INGRESOS;0;0;PLIEGO;0;COLGATE-75;
CARTULINA 29-89;100306142;Cartulina FBB DUPLEX MIRABELL -- C-16 300 gramos  28 x 33.75;24/08/2026;INGRESOS;116018;116018;PLIEGO;21.207869;COLGATE-75;
CARTULINA 29-89;100306142;Cartulina FBB DUPLEX MIRABELL -- C-16 300 gramos  28 x 33.75;24/08/2026;INGRESOS;116018;116018;PLIEGO;-21.207869;COLGATE-75;
CARTULINA 29-89;100306142;Cartulina FBB DUPLEX MIRABELL -- C-16 300 gramos  28 x 33.75;24/08/2026;INGRESOS;116018;116018;PLIEGO;21.207869;COLGATE-75;
CARTULINA 29-89;100306142;Cartulina FBB DUPLEX MIRABELL -- C-16 300 gramos  28 x 33.75;25/08/2026;CONSUMOS;71605;71605;PLIEGO;13.089257;COLGATE-75;
CARTULINA 29-89;100306142;Cartulina FBB DUPLEX MIRABELL -- C-16 300 gramos  28 x 33.75;25/08/2026;CONSUMOS;51795;51795;PLIEGO;9.468027;COLGATE-75;
CARTULINA 29-89;100306142;Cartulina FBB DUPLEX MIRABELL -- C-16 300 gramos  28 x 33.75;25/08/2026;CONSUMOS;23415;23415;PLIEGO;4.280217;COLGATE-75;
CARTULINA 29-89;100306142;Cartulina FBB DUPLEX MIRABELL -- C-16 300 gramos  28 x 33.75;27/08/2026;CONSUMOS;42240;42240;PLIEGO;7.721391;COLGATE-75;
CARTULINA 29-89;100306142;Cartulina FBB DUPLEX MIRABELL -- C-16 300 gramos  28 x 33.75;28/08/2026;INGRESOS;0;0;PLIEGO;0;COLGATE-75;
CARTULINA 29-89;100306143;Rollo Cartulina Nine Dragons C - 18.3 290 g ancho 24;4/08/2026;INGRESOS;127500;127500;METROS;22.517775;C18-25-COSC;
CARTULINA 29-89;100306143;Rollo Cartulina Nine Dragons C - 18.3 290 g ancho 24;4/08/2026;INGRESOS;0;0;METROS;0;C18-25-COSC;
CARTULINA 29-89;100306143;Rollo Cartulina Nine Dragons C - 18.3 290 g ancho 24;11/08/2026;CONSUMOS;4513;4513;METROS;0.79704;C18-25-COSC;
CARTULINA 29-89;100306143;Rollo Cartulina Nine Dragons C - 18.3 290 g ancho 24;11/08/2026;CONSUMOS;4504;4504;METROS;0.795451;C18-25-COSC;
CARTULINA 29-89;100306143;Rollo Cartulina Nine Dragons C - 18.3 290 g ancho 24;11/08/2026;CONSUMOS;52936;52936;METROS;9.349026;C18-25-COSC;
CARTULINA 29-89;100306143;Rollo Cartulina Nine Dragons C - 18.3 290 g ancho 24;11/08/2026;CONSUMOS;4473;4473;METROS;0.789976;C18-25-COSC;
CARTULINA 29-89;100306143;Rollo Cartulina Nine Dragons C - 18.3 290 g ancho 24;11/08/2026;CONSUMOS;10285;10285;METROS;1.816433;C18-25-COSC;
CARTULINA 29-89;100306143;Rollo Cartulina Nine Dragons C - 18.3 290 g ancho 24;11/08/2026;CONSUMOS;1418;1418;METROS;0.250432;C18-25-COSC;
CARTULINA 29-89;100306143;Rollo Cartulina Nine Dragons C - 18.3 290 g ancho 24;14/08/2026;CONSUMOS;15841;15841;METROS;2.797679;C18-25-COSC;
CARTULINA 29-89;100306143;Rollo Cartulina Nine Dragons C - 18.3 290 g ancho 24;14/08/2026;CONSUMOS;2930;2930;METROS;0.517467;C18-25-COSC;
CARTULINA 29-89;100306143;Rollo Cartulina Nine Dragons C - 18.3 290 g ancho 24;21/08/2026;INGRESOS;0;0;METROS;0;C18-25-COSC;
CARTULINA 29-89;100306143;Rollo Cartulina Nine Dragons C - 18.3 290 g ancho 24;25/08/2026;CONSUMOS;53407;53407;METROS;9.43221;C18-25-COSC;
CARTULINA 29-89;100306143;Rollo Cartulina Nine Dragons C - 18.3 290 g ancho 24;25/08/2026;CONSUMOS;22360;22360;METROS;3.948999;C18-25-COSC;
CARTULINA 29-89;100306143;Rollo Cartulina Nine Dragons C - 18.3 290 g ancho 24;25/08/2026;CONSUMOS;10933;10933;METROS;1.930877;C18-25-COSC;
CARTULINA 29-89;100306143;Rollo Cartulina Nine Dragons C - 18.3 290 g ancho 24;25/08/2026;CONSUMOS;49261;49261;METROS;8.699985;C18-25-COSC;
CARTULINA 29-89;100306143;Rollo Cartulina Nine Dragons C - 18.3 290 g ancho 24;25/08/2026;CONSUMOS;58643;58643;METROS;10.35694;C18-25-COSC;
CARTULINA 29-89;100306143;Rollo Cartulina Nine Dragons C - 18.3 290 g ancho 24;29/08/2026;CONSUMOS;4664;4664;METROS;0.823709;C18-25-COSC;
CARTULINA 29-89;100306143;Rollo Cartulina Nine Dragons C - 18.3 290 g ancho 24;29/08/2026;CONSUMOS;5604;5604;METROS;0.989722;C18-25-COSC;
CARTULINA;100306180;Cartulina NINGBO ALLY LOCAL C-18 290 gramos 25 x 36;28/08/2026;INGRESOS;3500;3500;PLIEGOS;0.589095;C18-25;
CARTULINA 29-89 T;100306192;Rollo Cartulina IBH ROSENFICHT -- C-18.8 290 g ancho 25;20/08/2026;INGRESOS;128000;128000;METROS;23.5712;C18-25;
CARTULINA 29-89 T;100306192;Rollo Cartulina IBH ROSENFICHT -- C-18.8 290 g ancho 25;21/08/2026;INGRESOS;0;0;METROS;0;C18-25;
CARTULINA 29-89 T;100306192;Rollo Cartulina IBH ROSENFICHT -- C-18.8 290 g ancho 25;25/08/2026;CONSUMOS;45234;45234;METROS;8.329841;C18-25;
CARTULINA 29-89 T;100306192;Rollo Cartulina IBH ROSENFICHT -- C-18.8 290 g ancho 25;25/08/2026;CONSUMOS;37896;37896;METROS;6.978548;C18-25;
CARTULINA 29-89 T;100306193;Rollo Cartulina IBH ROSENFICHT -- C-19.3 305 g ancho 25;20/08/2026;INGRESOS;123700;123700;METROS;23.957597;C19-25;
CARTULINA 29-89 T;100306193;Rollo Cartulina IBH ROSENFICHT -- C-19.3 305 g ancho 25;21/08/2026;INGRESOS;0;0;METROS;0;C19-25;
CARTULINA 29-89 T;100306193;Rollo Cartulina IBH ROSENFICHT -- C-19.3 305 g ancho 25;25/08/2026;CONSUMOS;4580;4580;METROS;0.887031;C19-25;
CARTULINA 29-89 T;100306193;Rollo Cartulina IBH ROSENFICHT -- C-19.3 305 g ancho 25;25/08/2026;CONSUMOS;16485;16485;METROS;3.192732;C19-25;
CARTULINA 29-89 T;100306193;Rollo Cartulina IBH ROSENFICHT -- C-19.3 305 g ancho 25;25/08/2026;CONSUMOS;8557;8557;METROS;1.657276;C19-25;
CARTULINA 29-89 T;100306193;Rollo Cartulina IBH ROSENFICHT -- C-19.3 305 g ancho 25;25/08/2026;CONSUMOS;5056;5056;METROS;0.97922;C19-25;
CARTULINA 29-89 T;100306193;Rollo Cartulina IBH ROSENFICHT -- C-19.3 305 g ancho 25;25/08/2026;CONSUMOS;9267;9267;METROS;1.794786;C19-25;
CARTULINA 29-89 T;100306193;Rollo Cartulina IBH ROSENFICHT -- C-19.3 305 g ancho 25;25/08/2026;CONSUMOS;6208;6208;METROS;1.202334;C19-25;
CARTULINA 29-89 T;100306193;Rollo Cartulina IBH ROSENFICHT -- C-19.3 305 g ancho 25;25/08/2026;CONSUMOS;7491;7491;METROS;1.450819;C19-25;
CARTULINA 29-89 T;100306193;Rollo Cartulina IBH ROSENFICHT -- C-19.3 305 g ancho 25;25/08/2026;CONSUMOS;1475;1475;METROS;0.28567;C19-25;
CARTULINA 29-89 T;100306193;Rollo Cartulina IBH ROSENFICHT -- C-19.3 305 g ancho 25;25/08/2026;CONSUMOS;4067;4067;METROS;0.787676;C19-25;
CARTULINA 29-89 T;100306193;Rollo Cartulina IBH ROSENFICHT -- C-19.3 305 g ancho 25;25/08/2026;CONSUMOS;3739;3739;METROS;0.72415;C19-25;
CARTULINA 29-89 T;100306193;Rollo Cartulina IBH ROSENFICHT -- C-19.3 305 g ancho 25;25/08/2026;CONSUMOS;6348;6348;METROS;1.229448;C19-25;
CARTULINA 29-89 T;100306193;Rollo Cartulina IBH ROSENFICHT -- C-19.3 305 g ancho 25;25/08/2026;CONSUMOS;3271;3271;METROS;0.63351;C19-25;
CARTULINA 29-89 T;100306193;Rollo Cartulina IBH ROSENFICHT -- C-19.3 305 g ancho 25;25/08/2026;CONSUMOS;756;756;METROS;0.146418;C19-25;
CARTULINA 29-89 T;100306193;Rollo Cartulina IBH ROSENFICHT -- C-19.3 305 g ancho 25;29/08/2026;CONSUMOS;1287;1287;METROS;0.249259;C19-25;
CARTULINA 29-89 T;100306193;Rollo Cartulina IBH ROSENFICHT -- C-19.3 305 g ancho 25;29/08/2026;CONSUMOS;5016;5016;METROS;0.971473;C19-25;
CARTULINA 29-89 T;100306193;Rollo Cartulina IBH ROSENFICHT -- C-19.3 305 g ancho 25;29/08/2026;CONSUMOS;4557;4557;METROS;0.882576;C19-25;
CARTULINA 29-89 T;100306193;Rollo Cartulina IBH ROSENFICHT -- C-19.3 305 g ancho 25;29/08/2026;CONSUMOS;26996;26996;METROS;5.22845;C19-25;
CARTULINA 29-89 T;100306193;Rollo Cartulina IBH ROSENFICHT -- C-19.3 305 g ancho 25;29/08/2026;CONSUMOS;3176;3176;METROS;0.615111;C19-25;
CARTULINA 29-89 T;100306193;Rollo Cartulina IBH ROSENFICHT -- C-19.3 305 g ancho 25;29/08/2026;CONSUMOS;210;210;METROS;0.040671;C19-25;
CARTULINA;100306212;Cartulina FBB ASIA SYMBOL LOCAL -- C-18 295 gramos  25 x 38;3/08/2026;INGRESOS;1900;1900;PLIEGOS;0.34346;C18-25;
CARTULINA;100306212;Cartulina FBB ASIA SYMBOL LOCAL -- C-18 295 gramos  25 x 38;3/08/2026;INGRESOS;0;0;PLIEGOS;0;C18-25;
CARTULINA;100306212;Cartulina FBB ASIA SYMBOL LOCAL -- C-18 295 gramos  25 x 38;3/08/2026;INGRESOS;0;0;PLIEGOS;0;C18-25;
CARTULINA;100306212;Cartulina FBB ASIA SYMBOL LOCAL -- C-18 295 gramos  25 x 38;3/08/2026;INGRESOS;0;0;PLIEGOS;0;C18-25;
CARTULINA;100306212;Cartulina FBB ASIA SYMBOL LOCAL -- C-18 295 gramos  25 x 38;3/08/2026;INGRESOS;0;0;PLIEGOS;0;C18-25;
CARTULINA;100306212;Cartulina FBB ASIA SYMBOL LOCAL -- C-18 295 gramos  25 x 38;4/08/2026;CONSUMOS;1900;1900;PLIEGOS;0.34346;C18-25;
CARTULINA;100306212;Cartulina FBB ASIA SYMBOL LOCAL -- C-18 295 gramos  25 x 38;4/08/2026;CONSUMOS;1900;1900;PLIEGOS;0.34346;C18-25;
CARTULINA;100306212;Cartulina FBB ASIA SYMBOL LOCAL -- C-18 295 gramos  25 x 38;4/08/2026;INGRESOS;12300;12300;PLIEGOS;2.223454;C18-25;
CARTULINA;100306212;Cartulina FBB ASIA SYMBOL LOCAL -- C-18 295 gramos  25 x 38;4/08/2026;CONSUMOS;2000;2000;PLIEGOS;0.361537;C18-25;
CARTULINA;100306212;Cartulina FBB ASIA SYMBOL LOCAL -- C-18 295 gramos  25 x 38;6/08/2026;INGRESOS;0;0;PLIEGOS;0;C18-25;
CARTULINA;100306212;Cartulina FBB ASIA SYMBOL LOCAL -- C-18 295 gramos  25 x 38;7/08/2026;INGRESOS;5600;5600;PLIEGOS;1.012304;C18-25;
CARTULINA;100306212;Cartulina FBB ASIA SYMBOL LOCAL -- C-18 295 gramos  25 x 38;8/08/2026;CONSUMOS;6000;6000;PLIEGOS;1.084611;C18-25;
CARTULINA;100306212;Cartulina FBB ASIA SYMBOL LOCAL -- C-18 295 gramos  25 x 38;8/08/2026;CONSUMOS;4300;4300;PLIEGOS;0.777305;C18-25;
CARTULINA;100306212;Cartulina FBB ASIA SYMBOL LOCAL -- C-18 295 gramos  25 x 38;8/08/2026;CONSUMOS;340;340;PLIEGOS;0.061461;C18-25;
CARTULINA;100306212;Cartulina FBB ASIA SYMBOL LOCAL -- C-18 295 gramos  25 x 38;8/08/2026;CONSUMOS;6000;6000;PLIEGOS;1.084611;C18-25;
CARTULINA;100306212;Cartulina FBB ASIA SYMBOL LOCAL -- C-18 295 gramos  25 x 38;14/08/2026;CONSUMOS;1160;1160;PLIEGOS;0.209691;C18-25;
CARTULINA;100306212;Cartulina FBB ASIA SYMBOL LOCAL -- C-18 295 gramos  25 x 38;18/08/2026;INGRESOS;10700;10700;PLIEGOS;1.934224;C18-25;
CARTULINA;100306212;Cartulina FBB ASIA SYMBOL LOCAL -- C-18 295 gramos  25 x 38;18/08/2026;INGRESOS;6000;6000;PLIEGOS;1.084611;C18-25;
CARTULINA;100306212;Cartulina FBB ASIA SYMBOL LOCAL -- C-18 295 gramos  25 x 38;19/08/2026;CONSUMOS;5600;5600;PLIEGOS;1.012304;C18-25;
CARTULINA;100306212;Cartulina FBB ASIA SYMBOL LOCAL -- C-18 295 gramos  25 x 38;27/08/2026;CONSUMOS;4835;4835;PLIEGOS;0.874016;C18-25;
CARTULINA;100306212;Cartulina FBB ASIA SYMBOL LOCAL -- C-18 295 gramos  25 x 38;27/08/2026;CONSUMOS;5865;5865;PLIEGOS;1.060207;C18-25;
CARTULINA;100306212;Cartulina FBB ASIA SYMBOL LOCAL -- C-18 295 gramos  25 x 38;27/08/2026;CONSUMOS;400;400;PLIEGOS;0.072307;C18-25;
CARTULINA;100306214;Cartulina FBB ASIA SYMBOL LOCAL -- C-16 270 gramos  25 x 38;6/08/2026;INGRESOS;0;0;PLIEGOS;0;C18-25;
CARTULINA;100306214;Cartulina FBB ASIA SYMBOL LOCAL -- C-16 270 gramos  25 x 38;7/08/2026;INGRESOS;11000;11000;PLIEGOS;1.819941;C18-25;
CARTULINA;100306214;Cartulina FBB ASIA SYMBOL LOCAL -- C-16 270 gramos  25 x 38;13/08/2026;INGRESOS;3700;3700;PLIEGOS;0.612162;C18-25;
CARTULINA;100306214;Cartulina FBB ASIA SYMBOL LOCAL -- C-16 270 gramos  25 x 38;13/08/2026;INGRESOS;0;0;PLIEGOS;0;C18-25;
CARTULINA;100306214;Cartulina FBB ASIA SYMBOL LOCAL -- C-16 270 gramos  25 x 38;14/08/2026;CONSUMOS;11000;11000;PLIEGOS;1.819941;C18-25;
CARTULINA;100306214;Cartulina FBB ASIA SYMBOL LOCAL -- C-16 270 gramos  25 x 38;14/08/2026;CONSUMOS;2100;2100;PLIEGOS;0.347443;C18-25;
CARTULINA;100306214;Cartulina FBB ASIA SYMBOL LOCAL -- C-16 270 gramos  25 x 38;14/08/2026;CONSUMOS;1600;1600;PLIEGOS;0.264718;C18-25;
CARTULINA;100306223;;14/08/2026;INGRESOS;0;0;Pliego(s);0;C22-30;
CARTULINA;100306223;Cartulina NINGBO ALLY LOCAL C-22 345 gramos 30 x 40;17/08/2026;INGRESOS;10900;10900;Pliego(s);2.911349;C22-30;
CARTULINA;100306223;Cartulina NINGBO ALLY LOCAL C-22 345 gramos 30 x 40;19/08/2026;CONSUMOS;10900;10900;Pliego(s);2.911349;C22-30;
CARTULINA;100306223;Cartulina NINGBO ALLY LOCAL C-22 345 gramos 30 x 40;19/08/2026;CONSUMOS;10900;10900;Pliego(s);2.911349;C22-30;
CARTULINA;100306223;Cartulina NINGBO ALLY LOCAL C-22 345 gramos 30 x 40;25/08/2026;CONSUMOS;10900;10900;Pliego(s);2.911349;C22-30;
PAPEL;100600002;Papel Bond 55 gramos -- 22 x 34;24/08/2026;INGRESOS;0;0;PLIEGOS;0;Bond;
PAPEL;100600002;Papel Bond 55 gramos -- 22 x 34;25/08/2026;INGRESOS;500;500;PLIEGOS;0.013281;Bond;
PAPEL;100600002;Papel Bond 55 gramos -- 22 x 34;26/08/2026;CONSUMOS;500;500;PLIEGOS;0.013281;Bond;
PAPEL;100600002;Papel Bond 55 gramos -- 22 x 34;26/08/2026;CONSUMOS;500;500;PLIEGOS;0.013281;Bond;
PAPEL;100600003;Papel Bond 55 gramos -- 26 x 34;5/08/2026;INGRESOS;0;0;PLIEGOS;0;Bond;
PAPEL;100600003;Papel Bond 55 gramos -- 26 x 34;6/08/2026;INGRESOS;19000;19000;PLIEGOS;0.5959;Bond;
PAPEL;100600003;Papel Bond 55 gramos -- 26 x 34;8/08/2026;CONSUMOS;2900;2900;PLIEGOS;0.090953;Bond;
PAPEL;100600003;Papel Bond 55 gramos -- 26 x 34;8/08/2026;CONSUMOS;5500;5500;PLIEGOS;0.172497;Bond;
PAPEL;100600003;Papel Bond 55 gramos -- 26 x 34;8/08/2026;CONSUMOS;9400;9400;PLIEGOS;0.294814;Bond;
PAPEL;100600003;Papel Bond 55 gramos -- 26 x 34;8/08/2026;CONSUMOS;1200;1200;PLIEGOS;0.037635;Bond;
PAPEL;100600005;Papel Bond 75 gramos -- 22 x 34;13/08/2026;INGRESOS;0;0;PLIEGOS;0;Bond;
PAPEL;100600005;Papel Bond 75 gramos -- 22 x 34;14/08/2026;INGRESOS;2000;2000;PLIEGOS;0.072446;Bond;
PAPEL;100600005;Papel Bond 75 gramos -- 22 x 34;19/08/2026;CONSUMOS;1600;1600;PLIEGOS;0.057957;Bond;
PAPEL;100600005;Papel Bond 75 gramos -- 22 x 34;20/08/2026;INGRESOS;0;0;PLIEGOS;0;Bond;
PAPEL;100600005;Papel Bond 75 gramos -- 22 x 34;25/08/2026;INGRESOS;3500;3500;PLIEGOS;0.126781;Bond;
PAPEL;100600005;Papel Bond 75 gramos -- 22 x 34;26/08/2026;CONSUMOS;3500;3500;PLIEGOS;0.126781;Bond;
PAPEL;100600006;Papel Bond 75 gramos -- 26 x 34;3/08/2026;INGRESOS;0;0;PLIEGOS;0;Bond;
PAPEL;100600006;Papel Bond 75 gramos -- 26 x 34;4/08/2026;INGRESOS;56000;56000;PLIEGOS;2.395008;Bond;
PAPEL;100600006;Papel Bond 75 gramos -- 26 x 34;4/08/2026;CONSUMOS;56000;56000;PLIEGOS;2.395008;Bond;
PAPEL;100600007;Papel Bond 75 gramos -- 26 x 34;13/08/2026;CONSUMOS;300;300;PLIEGOS;0.01283;Bond;
PAPEL;100600008;Papel Bond 75 gramos -- 26 x 36;20/08/2026;INGRESOS;0;0;PLIEGOS;0;Bond;
PAPEL;100600008;Papel Bond 75 gramos -- 26 x 36;25/08/2026;INGRESOS;1500;1500;PLIEGOS;0.067864;Bond;
PAPEL;100600008;Papel Bond 75 gramos -- 26 x 36;26/08/2026;CONSUMOS;600;600;PLIEGOS;0.027145;Bond;
PAPEL;100600008;Papel Bond 75 gramos -- 26 x 36;26/08/2026;CONSUMOS;600;600;PLIEGOS;0.027145;Bond;
PAPEL;100600009;Papel Bond 75 gramos -- 26 x 38;8/08/2026;CONSUMOS;630;630;PLIEGOS;0.030093;Bond;
PAPEL;100600009;Papel Bond 75 gramos -- 26 x 38;11/08/2026;INGRESOS;0;0;PLIEGOS;0;Bond;
PAPEL;100600009;Papel Bond 75 gramos -- 26 x 38;18/08/2026;INGRESOS;4000;4000;PLIEGOS;0.19107;Bond;
PAPEL;100600009;Papel Bond 75 gramos -- 26 x 38;18/08/2026;CONSUMOS;4000;4000;PLIEGOS;0.19107;Bond;
PAPEL;100600009;Papel Bond 75 gramos -- 26 x 38;18/08/2026;CONSUMOS;4000;4000;PLIEGOS;0.19107;Bond;
PAPEL;100600009;Papel Bond 75 gramos -- 26 x 38;19/08/2026;CONSUMOS;1700;1700;PLIEGOS;0.081204;Bond;
PAPEL;100600009;Papel Bond 75 gramos -- 26 x 38;19/08/2026;CONSUMOS;400;400;PLIEGOS;0.019107;Bond;
PAPEL;100600009;Papel Bond 75 gramos -- 26 x 38;19/08/2026;CONSUMOS;400;400;PLIEGOS;0.019107;Bond;
PAPEL;100600009;Papel Bond 75 gramos -- 26 x 38;24/08/2026;INGRESOS;0;0;PLIEGOS;0;Bond;
PAPEL;100600009;Papel Bond 75 gramos -- 26 x 38;25/08/2026;INGRESOS;3500;3500;PLIEGOS;0.167186;Bond;
PAPEL;100600009;Papel Bond 75 gramos -- 26 x 38;26/08/2026;CONSUMOS;3200;3200;PLIEGOS;0.152856;Bond;
PAPEL;100600009;Papel Bond 75 gramos -- 26 x 38;26/08/2026;CONSUMOS;1500;1500;PLIEGOS;0.071651;Bond;
PAPEL;100600012;Papel Bond 90 gramos -- 24 x 36;19/08/2026;INGRESOS;0;0;PLIEGOS;0;Bond;
PAPEL;100600012;Papel Bond 90 gramos -- 24 x 36;20/08/2026;INGRESOS;500;500;PLIEGOS;0.025089;Bond;
PAPEL;100600012;Papel Bond 90 gramos -- 24 x 36;25/08/2026;CONSUMOS;400;400;PLIEGOS;0.020071;Bond;
PAPEL;100600013;Papel Bond 90 gramos -- 26 x 34;14/08/2026;CONSUMOS;1080;1080;PLIEGOS;0.055427;Bond;
PAPEL;100600013;Papel Bond 90 gramos -- 26 x 34;24/08/2026;INGRESOS;0;0;PLIEGOS;0;Bond;
PAPEL;100600013;Papel Bond 90 gramos -- 26 x 34;25/08/2026;INGRESOS;8000;8000;PLIEGOS;0.410572;Bond;
PAPEL;100600013;Papel Bond 90 gramos -- 26 x 34;25/08/2026;CONSUMOS;5700;5700;PLIEGOS;0.292533;Bond;
PAPEL;100600013;Papel Bond 90 gramos -- 26 x 34;25/08/2026;CONSUMOS;2300;2300;PLIEGOS;0.118039;Bond;
PAPEL;100600015;Papel Bond 120 gramos -- 22 x 34;13/08/2026;CONSUMOS;490;490;PLIEGOS;0.028398;Bond;
PAPEL;100600015;Papel Bond 120 gramos -- 22 x 34;24/08/2026;INGRESOS;0;0;PLIEGOS;0;Bond;
PAPEL;100600015;Papel Bond 120 gramos -- 22 x 34;25/08/2026;INGRESOS;500;500;PLIEGOS;0.028978;Bond;
PAPEL;100600015;Papel Bond 120 gramos -- 22 x 34;25/08/2026;INGRESOS;1000;1000;PLIEGOS;0.057957;Bond;
PAPEL;100600015;Papel Bond 120 gramos -- 22 x 34;26/08/2026;CONSUMOS;500;500;PLIEGOS;0.028978;Bond;
PAPEL;100600015;Papel Bond 120 gramos -- 22 x 34;26/08/2026;CONSUMOS;1000;1000;PLIEGOS;0.057957;Bond;
PAPEL;100600015;Papel Bond 120 gramos -- 22 x 34;26/08/2026;CONSUMOS;1000;1000;PLIEGOS;0.057957;Bond;
PAPEL;100600016;Papel Bond 120 gramos -- 23 x 36;13/08/2026;CONSUMOS;400;400;PLIEGOS;0.025621;Bond;
PAPEL;100600017;Papel Bond 120 gramos -- 26 x 34;11/08/2026;INGRESOS;0;0;PLIEGOS;0;Bond;
PAPEL;100600017;Papel Bond 120 gramos -- 26 x 34;13/08/2026;CONSUMOS;200;200;PLIEGOS;0.013685;Bond;
PAPEL;100600017;Papel Bond 120 gramos -- 26 x 34;14/08/2026;INGRESOS;1250;1250;PLIEGOS;0.085536;Bond;
PAPEL;100600017;Papel Bond 120 gramos -- 26 x 34;14/08/2026;CONSUMOS;1250;1250;PLIEGOS;0.085536;Bond;
PAPEL;100600017;Papel Bond 120 gramos -- 26 x 34;14/08/2026;CONSUMOS;1250;1250;PLIEGOS;0.085536;Bond;
PAPEL;100600017;Papel Bond 120 gramos -- 26 x 34;14/08/2026;INGRESOS;0;0;PLIEGOS;0;Bond;
PAPEL;100600017;Papel Bond 120 gramos -- 26 x 34;18/08/2026;INGRESOS;500;500;PLIEGOS;0.034214;Bond;
PAPEL;100600017;Papel Bond 120 gramos -- 26 x 34;19/08/2026;CONSUMOS;1600;1600;PLIEGOS;0.109486;Bond;
PAPEL;100600017;Papel Bond 120 gramos -- 26 x 34;19/08/2026;CONSUMOS;100;100;PLIEGOS;0.006842;Bond;
PAPEL;100600017;Papel Bond 120 gramos -- 26 x 34;27/08/2026;CONSUMOS;50;50;PLIEGOS;0.003421;Bond;
PAPEL;100600020;Papel Couche Brillante B-60 -- 90 gramos  25 x 36;24/08/2026;INGRESOS;0;0;PLIEGOS;0;Couche;
PAPEL;100600020;Papel Couche Brillante B-60 -- 90 gramos  25 x 36;25/08/2026;INGRESOS;8000;8000;PLIEGOS;0.41788;Couche;
PAPEL;100600020;Papel Couche Brillante B-60 -- 90 gramos  25 x 36;25/08/2026;CONSUMOS;8000;8000;PLIEGOS;0.41788;Couche;
PAPEL;100600021;Papel Couche Brillante - 1 Cara - B-60 -- 90 gramos  25 x 36;3/08/2026;INGRESOS;1500;1500;PLIEGOS;0.078352;Couche;
PAPEL;100600021;Papel Couche Brillante - 1 Cara - B-60 -- 90 gramos  25 x 36;3/08/2026;INGRESOS;0;0;PLIEGOS;0;Couche;
PAPEL;100600021;Papel Couche Brillante - 1 Cara - B-60 -- 90 gramos  25 x 36;5/08/2026;INGRESOS;0;0;PLIEGOS;0;Couche;
PAPEL;100600021;Papel Couche Brillante - 1 Cara - B-60 -- 90 gramos  25 x 36;6/08/2026;INGRESOS;6500;6500;PLIEGOS;0.339528;Couche;
PAPEL;100600021;Papel Couche Brillante - 1 Cara - B-60 -- 90 gramos  25 x 36;7/08/2026;CONSUMOS;6500;6500;PLIEGOS;0.339528;Couche;
PAPEL;100600021;Papel Couche Brillante - 1 Cara - B-60 -- 90 gramos  25 x 36;7/08/2026;CONSUMOS;1500;1500;PLIEGOS;0.078352;Couche;
PAPEL;100600021;Papel Couche Brillante - 1 Cara - B-60 -- 90 gramos  25 x 36;7/08/2026;CONSUMOS;80;80;PLIEGOS;0.004178;Couche;
PAPEL;100600022;Papel Couche Brillante B-60 -- 90 gramos  25 x 38;14/08/2026;CONSUMOS;100;100;PLIEGOS;0.005514;Couche;
PAPEL;100600023;Papel Couche Brillante - 1 Cara - B-60 -- 90 gramos  25 x 38;3/08/2026;INGRESOS;1000;1000;PLIEGOS;0.055149;Couche;
PAPEL;100600023;Papel Couche Brillante - 1 Cara - B-60 -- 90 gramos  25 x 38;3/08/2026;INGRESOS;0;0;PLIEGOS;0;Couche;
PAPEL;100600023;Papel Couche Brillante - 1 Cara - B-60 -- 90 gramos  25 x 38;4/08/2026;CONSUMOS;800;800;PLIEGOS;0.044119;Couche;
PAPEL;100600023;Papel Couche Brillante - 1 Cara - B-60 -- 90 gramos  25 x 38;5/08/2026;INGRESOS;0;0;PLIEGOS;0;Couche;
PAPEL;100600023;Papel Couche Brillante - 1 Cara - B-60 -- 90 gramos  25 x 38;6/08/2026;INGRESOS;57500;57500;PLIEGOS;3.17111;Couche;
PAPEL;100600023;Papel Couche Brillante - 1 Cara - B-60 -- 90 gramos  25 x 38;7/08/2026;CONSUMOS;30000;30000;PLIEGOS;1.654492;Couche;
PAPEL;100600023;Papel Couche Brillante - 1 Cara - B-60 -- 90 gramos  25 x 38;7/08/2026;CONSUMOS;12300;12300;PLIEGOS;0.678341;Couche;
PAPEL;100600023;Papel Couche Brillante - 1 Cara - B-60 -- 90 gramos  25 x 38;7/08/2026;CONSUMOS;15200;15200;PLIEGOS;0.838276;Couche;
PAPEL;100600023;Papel Couche Brillante - 1 Cara - B-60 -- 90 gramos  25 x 38;7/08/2026;CONSUMOS;3800;3800;PLIEGOS;0.209569;Couche;
PAPEL;100600023;Papel Couche Brillante - 1 Cara - B-60 -- 90 gramos  25 x 38;10/08/2026;INGRESOS;0;0;PLIEGOS;0;Couche;
PAPEL;100600023;Papel Couche Brillante - 1 Cara - B-60 -- 90 gramos  25 x 38;13/08/2026;INGRESOS;0;0;PLIEGOS;0;Couche;
PAPEL;100600023;Papel Couche Brillante - 1 Cara - B-60 -- 90 gramos  25 x 38;14/08/2026;INGRESOS;1500;1500;PLIEGOS;0.082724;Couche;
PAPEL;100600023;Papel Couche Brillante - 1 Cara - B-60 -- 90 gramos  25 x 38;14/08/2026;CONSUMOS;1500;1500;PLIEGOS;0.082724;Couche;
PAPEL;100600023;Papel Couche Brillante - 1 Cara - B-60 -- 90 gramos  25 x 38;14/08/2026;INGRESOS;500;500;PLIEGOS;0.027574;Couche;
PAPEL;100600023;Papel Couche Brillante - 1 Cara - B-60 -- 90 gramos  25 x 38;18/08/2026;INGRESOS;0;0;PLIEGOS;0;Couche;
PAPEL;100600023;Papel Couche Brillante - 1 Cara - B-60 -- 90 gramos  25 x 38;19/08/2026;CONSUMOS;500;500;PLIEGOS;0.027574;Couche;
PAPEL;100600023;Papel Couche Brillante - 1 Cara - B-60 -- 90 gramos  25 x 38;25/08/2026;INGRESOS;500;500;PLIEGOS;0.027574;Couche;
PAPEL;100600023;Papel Couche Brillante - 1 Cara - B-60 -- 90 gramos  25 x 38;26/08/2026;CONSUMOS;400;400;PLIEGOS;0.022059;Couche;
PAPEL;100600024;Papel Couche Brillante B-60 -- 90 gramos  30 x 40;13/08/2026;INGRESOS;0;0;PLIEGOS;0;Couche;
PAPEL;100600024;Papel Couche Brillante B-60 -- 90 gramos  30 x 40;14/08/2026;INGRESOS;6000;6000;PLIEGOS;0.418063;Couche;
PAPEL;100600024;Papel Couche Brillante B-60 -- 90 gramos  30 x 40;19/08/2026;CONSUMOS;5800;5800;PLIEGOS;0.404128;Couche;
PAPEL;100600028;Papel Couche Brillante B-70 -- 105 gramos  30 x 40;3/08/2026;INGRESOS;0;0;PLIEGOS;0;Couche;
PAPEL;100600028;Papel Couche Brillante B-70 -- 105 gramos  30 x 40;4/08/2026;INGRESOS;7000;7000;PLIEGOS;0.569031;Couche;
PAPEL;100600028;Papel Couche Brillante B-70 -- 105 gramos  30 x 40;4/08/2026;CONSUMOS;6750;6750;PLIEGOS;0.548708;Couche;
PAPEL;100600030;Papel Couche Brillante B-80 -- 115 gramos  25 x 38;14/08/2026;CONSUMOS;2700;2700;PLIEGOS;0.190266;Couche;
PAPEL;100600030;Papel Couche Brillante B-80 -- 115 gramos  25 x 38;14/08/2026;CONSUMOS;2953;2953;PLIEGOS;0.208095;Couche;
PAPEL;100600033;Papel Couche Brillante B-100 -- 140 gramos  25 x 38;14/08/2026;CONSUMOS;100;100;PLIEGOS;0.008578;Couche;
PAPEL;100600033;Papel Couche Brillante B-100 -- 140 gramos  25 x 38;19/08/2026;CONSUMOS;700;700;PLIEGOS;0.060051;Couche;
PAPEL;100600033;Papel Couche Brillante B-100 -- 140 gramos  25 x 38;27/08/2026;CONSUMOS;740;740;PLIEGOS;0.063483;Couche;
PAPEL;100600045;Papel Couche Brillante B-80 -- 115 gramos  30 x 40;4/08/2026;CONSUMOS;800;800;PLIEGOS;0.071225;Couche;
PAPEL;100600045;Papel Couche Brillante B-80 -- 115 gramos  30 x 40;14/08/2026;CONSUMOS;55;55;PLIEGOS;0.004896;Couche;
PAPEL;100600045;Papel Couche Brillante B-80 -- 115 gramos  30 x 40;14/08/2026;CONSUMOS;100;100;PLIEGOS;0.008903;Couche;
PAPEL;100600101;Papel Bond 60 gramos -- 22 x 34;26/08/2026;CONSUMOS;500;500;PLIEGOS;0.014489;Bond;
PAPEL;100600116;Rollo Cartulina BRIGHT --  C - 16 245 g ancho 29;29/08/2026;CONSUMOS;12609;12609;METROS;2.273654;BAY-C16-29;
PAPEL;100600116;Rollo Cartulina BRIGHT --  C - 16 245 g ancho 29;29/08/2026;CONSUMOS;9307;9307;METROS;1.678238;BAY-C16-29;
PAPEL;100600116;Rollo Cartulina BRIGHT --  C - 16 245 g ancho 29;29/08/2026;CONSUMOS;338;338;METROS;0.060948;BAY-C16-29;
PAPEL;100600149;113 Sundance Cover FELT -- 176 gramos 26 x 40;3/08/2026;INGRESOS;17000;17000;PLIEGOS;2.006315;Varios;
PAPEL;100600149;113 Sundance Cover FELT -- 176 gramos 26 x 40;3/08/2026;INGRESOS;0;0;PLIEGOS;0;Varios;
PAPEL;100600149;113 Sundance Cover FELT -- 176 gramos 26 x 40;4/08/2026;CONSUMOS;17000;17000;PLIEGOS;2.006315;Varios;
PAPEL;100600155;Papel Bond 75 gramos -- 23 x 36;4/08/2026;CONSUMOS;300;300;PLIEGOS;0.012009;Bond;
PAPEL;100600155;Papel Bond 75 gramos -- 23 x 36;5/08/2026;INGRESOS;0;0;PLIEGOS;0;Bond;
PAPEL;100600155;Papel Bond 75 gramos -- 23 x 36;6/08/2026;INGRESOS;12500;12500;PLIEGOS;0.500415;Bond;
PAPEL;100600155;Papel Bond 75 gramos -- 23 x 36;7/08/2026;CONSUMOS;1900;1900;PLIEGOS;0.076063;Bond;
PAPEL;100600155;Papel Bond 75 gramos -- 23 x 36;8/08/2026;CONSUMOS;16700;16700;PLIEGOS;0.668554;Bond;
PAPEL;100600155;Papel Bond 75 gramos -- 23 x 36;10/08/2026;INGRESOS;0;0;PLIEGOS;0;Bond;
PAPEL;100600155;Papel Bond 75 gramos -- 23 x 36;13/08/2026;CONSUMOS;3400;3400;PLIEGOS;0.136112;Bond;
PAPEL;100600155;Papel Bond 75 gramos -- 23 x 36;14/08/2026;INGRESOS;500;500;PLIEGOS;0.020016;Bond;
PAPEL;100600155;Papel Bond 75 gramos -- 23 x 36;14/08/2026;CONSUMOS;500;500;PLIEGOS;0.020016;Bond;
PAPEL;100600155;Papel Bond 75 gramos -- 23 x 36;14/08/2026;INGRESOS;0;0;PLIEGOS;0;Bond;
PAPEL;100600155;Papel Bond 75 gramos -- 23 x 36;17/08/2026;INGRESOS;5000;5000;PLIEGOS;0.200166;Bond;
PAPEL;100600161;Papel Bond 70 gramos -- 30 x 40;13/08/2026;INGRESOS;0;0;PLIEGOS;0;Bond;
PAPEL;100600161;Papel Bond 70 gramos -- 30 x 40;14/08/2026;INGRESOS;6000;6000;PLIEGOS;0.32516;Bond;
PAPEL;100600161;Papel Bond 70 gramos -- 30 x 40;19/08/2026;CONSUMOS;4100;4100;PLIEGOS;0.222193;Bond;
PAPEL;100600163;PAPEL COUCHE MATTE B-100 140 Gramos 25 x 38;3/08/2026;INGRESOS;0;0;Pliego(s);0;Couche;
PAPEL;100600163;PAPEL COUCHE MATTE B-100 140 Gramos 25 x 38;4/08/2026;INGRESOS;1500;1500;Pliego(s);0.128682;Couche;
PAPEL;100600163;PAPEL COUCHE MATTE B-100 140 Gramos 25 x 38;4/08/2026;CONSUMOS;29;29;Pliego(s);0.002487;Couche;
PAPEL;100600163;PAPEL COUCHE MATTE B-100 140 Gramos 25 x 38;4/08/2026;CONSUMOS;453;453;Pliego(s);0.038862;Couche;
PAPEL;100600163;PAPEL COUCHE MATTE B-100 140 Gramos 25 x 38;4/08/2026;CONSUMOS;398;398;Pliego(s);0.034143;Couche;
PAPEL;100600163;PAPEL COUCHE MATTE B-100 140 Gramos 25 x 38;4/08/2026;CONSUMOS;29;29;Pliego(s);0.002487;Couche;
PAPEL;100600163;PAPEL COUCHE MATTE B-100 140 Gramos 25 x 38;4/08/2026;CONSUMOS;398;398;Pliego(s);0.034143;Couche;
PAPESP;100700002;Adhesivo con ciza -- 17*24;14/08/2026;CONSUMOS;100;100;hoja(s);0;Papesp;
PAPESP;100700002;Adhesivo con ciza -- 17*24;14/08/2026;CONSUMOS;50;50;hoja(s);0;Papesp;
PAPESP;100700002;Adhesivo con ciza -- 17*24;14/08/2026;CONSUMOS;50;50;hoja(s);0;Papesp;
PAPESP;100700002;Adhesivo con ciza -- 17*24;14/08/2026;CONSUMOS;50;50;hoja(s);0;Papesp;
PAPESP;100700002;Adhesivo con ciza -- 17*24;14/08/2026;CONSUMOS;50;50;hoja(s);0;Papesp;
PAPESP;100700002;Adhesivo con ciza -- 17*24;14/08/2026;CONSUMOS;200;200;hoja(s);0;Papesp;
PAPESP;100700002;Adhesivo con ciza -- 17*24;19/08/2026;CONSUMOS;200;200;hoja(s);0;Papesp;
PAPESP;100700002;Adhesivo con ciza -- 17*24;26/08/2026;CONSUMOS;115;115;hoja(s);0;Papesp;
PAPESP;100700003;Adhesivo sin ciza -- normal 17*24;3/08/2026;INGRESOS;1900;1900;hoja(s);0;Papesp;
PAPESP;100700003;Adhesivo sin ciza -- normal 17*24;3/08/2026;INGRESOS;0;0;hoja(s);0;Papesp;
PAPESP;100700003;Adhesivo sin ciza -- normal 17*24;4/08/2026;CONSUMOS;1000;1000;hoja(s);0;Papesp;
PAPESP;100700003;Adhesivo sin ciza -- normal 17*24;4/08/2026;CONSUMOS;900;900;hoja(s);0;Papesp;
PAPESP;100700003;Adhesivo sin ciza -- normal 17*24;14/08/2026;CONSUMOS;1300;1300;hoja(s);0;Papesp;
PAPESP;100700003;Adhesivo sin ciza -- normal 17*24;20/08/2026;INGRESOS;0;0;hoja(s);0;Papesp;
PAPESP;100700003;Adhesivo sin ciza -- normal 17*24;25/08/2026;INGRESOS;200;200;hoja(s);0;Papesp;
PAPESP;100700003;Adhesivo sin ciza -- normal 17*24;26/08/2026;CONSUMOS;200;200;hoja(s);0;Papesp;
PAPESP;100700022;Papel Kraft Natural B-115 -- 115 gramos 24 x 36;10/08/2026;INGRESOS;0;0;hoja(s);0;Varios;
PAPESP;100700022;Papel Kraft Natural B-115 -- 115 gramos 24 x 36;14/08/2026;INGRESOS;31500;31500;hoja(s);2.016377;Varios;
PAPESP;100700022;Papel Kraft Natural B-115 -- 115 gramos 24 x 36;14/08/2026;CONSUMOS;31700;31700;hoja(s);2.02918;Varios;
PAPESP;100700029;"PAPEL SHERPA PREMIUN 21""";17/08/2026;CONSUMOS;2;2;unidad(es);0;Papesp;
PAPESP;100700029;"PAPEL SHERPA PREMIUN 21""";20/08/2026;INGRESOS;2;2;unidad(es);0;Papesp;
PAPESP;100700029;"PAPEL SHERPA PREMIUN 21""";20/08/2026;INGRESOS;0;0;unidad(es);0;Papesp;
PAPESP;100700029;"PAPEL SHERPA PREMIUN 21""";26/08/2026;CONSUMOS;2;2;unidad(es);0;Papesp;
PAPESP;100700046;"PAPEL 6MIL  SYNTHETIC 180GR  --- 26""X40""";25/08/2026;INGRESOS;6000;6000;hoja(s);0;Papesp;
PAPESP;100700046;"PAPEL 6MIL  SYNTHETIC 180GR  --- 26""X40""";25/08/2026;INGRESOS;0;0;hoja(s);0;Papesp;
CARTULINA;100300001;Cartulina Husky -- C-8 200 gramos 25 x 36;4/09/2026;INGRESOS;1200;1200;hoja(s);0.139293;C8-25H;
CARTULINA;100300001;Cartulina Husky -- C-8 200 gramos 25 x 36;4/09/2026;INGRESOS;1200;1200;hoja(s);0.139293;C8-25H;
CARTULINA;100300001;Cartulina Husky -- C-8 200 gramos 25 x 36;4/09/2026;INGRESOS;1200;1200;hoja(s);0.139293;C8-25H;
CARTULINA;100300002;Cartulina Husky -- C-8 190 gramos 25 x 38;4/09/2026;INGRESOS;1200;1200;hoja(s);0.139712;C8-25H;
CARTULINA;100305183;Cartulina FBB ASIA SYMBOL -- C-20 325 gramos  25 x 38;2/09/2026;INGRESOS;12700;12700;PLIEGOS;2.529228;C20-25;
CARTULINA;100306212;Cartulina FBB ASIA SYMBOL LOCAL -- C-18 295 gramos  25 x 38;2/09/2026;INGRESOS;4500;4500;PLIEGOS;0.813458;C18-25;
CARTULINA;100306212;Cartulina FBB ASIA SYMBOL LOCAL -- C-18 295 gramos  25 x 38;2/09/2026;INGRESOS;2300;2300;PLIEGOS;0.415767;C18-25;
CARTULINA;100306212;Cartulina FBB ASIA SYMBOL LOCAL -- C-18 295 gramos  25 x 38;2/09/2026;INGRESOS;4400;4400;PLIEGOS;0.795381;C18-25;
CARTULINA;100306212;Cartulina FBB ASIA SYMBOL LOCAL -- C-18 295 gramos  25 x 38;2/09/2026;INGRESOS;4400;4400;PLIEGOS;0.795381;C18-25;
CARTULINA;100306212;Cartulina FBB ASIA SYMBOL LOCAL -- C-18 295 gramos  25 x 38;2/09/2026;INGRESOS;5700;5700;PLIEGOS;1.030381;C18-25;
CARTULINA;100306212;Cartulina FBB ASIA SYMBOL LOCAL -- C-18 295 gramos  25 x 38;2/09/2026;INGRESOS;5100;5100;PLIEGOS;0.921919;C18-25;
CARTULINA;100306214;Cartulina FBB ASIA SYMBOL LOCAL -- C-16 270 gramos  25 x 38;2/09/2026;INGRESOS;800;800;PLIEGOS;0.132359;C18-25;
PAPEL;100600005;Papel Bond 75 gramos -- 22 x 34;4/09/2026;INGRESOS;35500;35500;PLIEGOS;1.285923;Bond;
PAPEL;100600009;Papel Bond 75 gramos -- 26 x 38;3/09/2026;INGRESOS;14000;14000;PLIEGOS;0.668745;Bond;
PAPEL;100600009;Papel Bond 75 gramos -- 26 x 38;3/09/2026;INGRESOS;2500;2500;PLIEGOS;0.119418;Bond;
PAPEL;100600034;Papel Couche Brillante B-100 -- 140 gramos  30 x 40;4/09/2026;INGRESOS;1250;1250;PLIEGOS;0.135483;Couche;
CARTULINA;100300002;Cartulina Husky -- C-8 190 gramos 25 x 38;1/09/2026;CONSUMOS;600;600;hoja(s);0.069856;C8-25H;
CARTULINA;100300754;Cartulina FBB Zenith LOCAL -- C-16 270 gramos 30 x 40;1/09/2026;CONSUMOS;2600;2600;hoja(s);0.543482;C16-30;
CARTULINA;100300996;Cartulina FBB Zenith LOCAL -- C-18 295 gramos 25 x 36;1/09/2026;CONSUMOS;5600;5600;hoja(s);0.958804;C18-25;
CARTULINA;100301000;Cartulina FBB Zenith -- C-18 295 gramos 25 x 38;1/09/2026;CONSUMOS;1000;1000;hoja(s);0.180768;C18-25;
CARTULINA;100301262;Cartulina FBB Zenith LOCAL -- C-20 325 gramos 30 x 40;1/09/2026;CONSUMOS;1400;1400;hoja(s);0.352257;C20-30;
CARTULINA;100301862;Rollo Cartulina ASIA SYMBOL C-12 230 g ancho 30.5;4/09/2026;CONSUMOS;834;834;METROS;0.148468;C12-31;
CARTULINA;100301908;Rollo Cartulina Nine Dragons C - 13.6 215 g ancho 25 (29-89);4/09/2026;CONSUMOS;5292;5292;METROS;0.72249;C13.6-25;
CARTULINA;100301908;Rollo Cartulina Nine Dragons C - 13.6 215 g ancho 25 (29-89);4/09/2026;CONSUMOS;35966;35966;METROS;4.910258;C13.6-25;
CARTULINA;100301908;Rollo Cartulina Nine Dragons C - 13.6 215 g ancho 25 (29-89);4/09/2026;CONSUMOS;4197;4197;METROS;0.572995;C13.6-25;
CARTULINA;100301908;Rollo Cartulina Nine Dragons C - 13.6 215 g ancho 25 (29-89);4/09/2026;CONSUMOS;2553;2553;METROS;0.348548;C13.6-25;
CARTULINA;100301909;Rollo Cartulina Nine Dragons C - 13.6 215 g ancho 30 (29-89);4/09/2026;CONSUMOS;9528;9528;METROS;1.560972;C13.6-30;
CARTULINA;100301924;Rollo Cartulina Nine Dragons C - 18.3 290 g ancho 25;1/09/2026;CONSUMOS;4860;4860;METROS;0.894969;C18-25;
CARTULINA 29-89;100305969;Cartulina FBB DRAGONS -- C-15.7 245 gramos 34.5 x 27;1/09/2026;CONSUMOS;1570;1570;PLIEGOS;0.230813;HONDURAS FOS;
CARTULINA 29-89;100305969;Cartulina FBB DRAGONS -- C-15.7 245 gramos 34.5 x 27;1/09/2026;CONSUMOS;1500;1500;PLIEGOS;0.220522;HONDURAS FOS;
CARTULINA 29-89;100305969;Cartulina FBB DRAGONS -- C-15.7 245 gramos 34.5 x 27;1/09/2026;CONSUMOS;1510;1510;PLIEGOS;0.221992;HONDURAS FOS;
CARTULINA 29-89;100305969;Cartulina FBB DRAGONS -- C-15.7 245 gramos 34.5 x 27;1/09/2026;CONSUMOS;1420;1420;PLIEGOS;0.20876;HONDURAS FOS;
CARTULINA;100306180;Cartulina NINGBO ALLY LOCAL C-18 290 gramos 25 x 36;1/09/2026;CONSUMOS;3500;3500;PLIEGOS;0.589095;C18-25;
CARTULINA 29-89 T;100306192;Rollo Cartulina IBH ROSENFICHT -- C-18.8 290 g ancho 25;1/09/2026;CONSUMOS;8870;8870;METROS;1.63341;C18-25;
CARTULINA 29-89 T;100306192;Rollo Cartulina IBH ROSENFICHT -- C-18.8 290 g ancho 25;4/09/2026;CONSUMOS;2190;2190;METROS;0.403288;C18-25;
CARTULINA 29-89 T;100306192;Rollo Cartulina IBH ROSENFICHT -- C-18.8 290 g ancho 25;4/09/2026;CONSUMOS;3172;3172;METROS;0.584123;C18-25;
CARTULINA 29-89 T;100306192;Rollo Cartulina IBH ROSENFICHT -- C-18.8 290 g ancho 25;4/09/2026;CONSUMOS;2312;2312;METROS;0.425754;C18-25;
