#;Número de artículo;Descripción;Fecha de contabilización;Documento;Cantidad;Cantidad.1;Unidad de meINGRESOSda;Tonelada;Clasificación;Procedencia
CARTULINA;100300001;Cartulina Husky -- C-8 200 gramos 25 x 36;24/10/2025;INGRESOS;1000.0;1000.0;hoja(s);0.116078;C8-25H;LOCAL
CARTULINA;100300004;Cartulina Husky -- C-10 230 gramos 25 x 36;7/10/2025;INGRESOS;15200.0;15200.0;hoja(s);2.02904344;C10-25H;LOCAL
CARTULINA;100300005;Cartulina Husky -- C-10 230 gramos 25 x 38;1/10/2025;INGRESOS;800.0;800.0;hoja(s);0.1127506;C10-25H;LOCAL
CARTULINA;100300005;Cartulina Husky -- C-10 230 gramos 25 x 38;7/10/2025;INGRESOS;800.0;800.0;hoja(s);0.1127506;C10-25H;LOCAL
CARTULINA;100300005;Cartulina Husky -- C-10 230 gramos 25 x 38;21/10/2025;INGRESOS;23100.0;23100.0;hoja(s);3.255673575;C10-25H;LOCAL
CARTULINA;100300005;Cartulina Husky -- C-10 230 gramos 25 x 38;21/10/2025;INGRESOS;4600.0;4600.0;hoja(s);0.64831595;C10-25H;LOCAL
CARTULINA;100300006;Cartulina Husky -- C-10 230 gramos 30 x 40;7/10/2025;INGRESOS;2400.0;2400.0;hoja(s);0.427353984;C10-30H;LOCAL
CARTULINA;100300008;Cartulina Husky -- C-12 270 gramos 25 x 36;1/10/2025;INGRESOS;500.0;500.0;hoja(s);0.07835265;C12-25H;LOCAL
CARTULINA;100300008;Cartulina Husky -- C-12 270 gramos 25 x 36;7/10/2025;INGRESOS;1000.0;1000.0;hoja(s);0.1567053;C12-25H;LOCAL
CARTULINA;100300008;Cartulina Husky -- C-12 270 gramos 25 x 36;21/10/2025;INGRESOS;1500.0;1500.0;hoja(s);0.23505795;C12-25H;LOCAL
CARTULINA;100300009;Cartulina Husky -- C-12 270 gramos 25 x 38;1/10/2025;INGRESOS;1000.0;1000.0;hoja(s);0.16544925;C12-25H;LOCAL
CARTULINA;100300009;Cartulina Husky -- C-12 270 gramos 25 x 38;10/10/2025;INGRESOS;1250.0;1250.0;hoja(s);0.206811563;C12-25H;LOCAL
CARTULINA;100300010;Cartulina Husky -- C-12 270 gramos 30 x 40;21/10/2025;INGRESOS;600.0;600.0;hoja(s);0.125419104;C12-30H;LOCAL
CARTULINA;100300011;Cartulina Husky -- C-14 300 gramos 25 x 38;14/10/2025;INGRESOS;14400.0;14400.0;hoja(s);2.647188;C14-25H;LOCAL
CARTULINA;100300011;Cartulina Husky -- C-14 300 gramos 25 x 38;21/10/2025;INGRESOS;13000.0;13000.0;hoja(s);2.3898225;C14-25H;LOCAL
CARTULINA;100300012;Cartulina Husky -- C-14 300 gramos 30 x 40;21/10/2025;INGRESOS;1100.0;1100.0;hoja(s);0.25548336;C14-30H;LOCAL
CARTULINA;100300013;Cartulina Husky -- C-16 350 gramos 25 x 38;23/10/2025;INGRESOS;4300.0;4300.0;hoja(s);0.922226375;C16-25H;LOCAL
CARTULINA;100300704;Cartulina FBB Zenith LOCAL -- C-16 270 gramos 25 x 36;27/10/2025;INGRESOS;15000.0;15000.0;hoja(s);2.3505795;C16-25;LOCAL
CARTULINA;100300996;Cartulina FBB Zenith LOCAL -- C-18 295 gramos 25 x 36;9/10/2025;INGRESOS;4600.0;4600.0;hoja(s);0.78758923;C18-25;LOCAL
CARTULINA;100300996;Cartulina FBB Zenith LOCAL -- C-18 295 gramos 25 x 36;21/10/2025;INGRESOS;2100.0;2100.0;hoja(s);0.359551605;C18-25;LOCAL
CARTULINA;100301871;Cartulina SPARK C-12 200 gr 25 X 38;10/10/2025;INGRESOS;200.0;200.0;hoja(s);0.024511;Papesp;LOCAL
CARTULINA;100301908;Rollo Cartulina Nine Dragons C - 13.6 215 g ancho 25 (29-89);22/10/2025;INGRESOS;165340.0;165340.0;METROS;22.5730435;C13.6-25;IMPORTACION
CARTULINA;100301908;Rollo Cartulina Nine Dragons C - 13.6 215 g ancho 25 (29-89);23/10/2025;INGRESOS;0.0;0.0;METROS;0.0;C13.6-25;IMPORTACION
CARTULINA;100301917;Rollo Cartulina Nine Dragons C - 16.3 255 g ancho 25 (29-89);23/10/2025;INGRESOS;280730.0;280730.0;METROS;45.45720525;C16.3-25;IMPORTACION
CARTULINA;100301917;Rollo Cartulina Nine Dragons C - 16.3 255 g ancho 25 (29-89);23/10/2025;INGRESOS;0.0;0.0;METROS;0.0;C16.3-25;IMPORTACION
CARTULINA;100301928;Rollo Cartulina Nine Dragons C - 19 305 g ancho 25 (29-89) REGIONAL;23/10/2025;INGRESOS;55515.0;55515.0;METROS;10.75186763;C19-25;IMPORTACION
CARTULINA;100301928;Rollo Cartulina Nine Dragons C - 19 305 g ancho 25 (29-89) REGIONAL;23/10/2025;INGRESOS;0.0;0.0;METROS;0.0;C19-25;IMPORTACION
CARTULINA;100304510;Cartulina FBB DUPLEX MIRABELL -- C-17 320 gramos  22 x 38.5;31/10/2025;INGRESOS;120643.0;120643.0;PLIEGOS;21.09613763;COLGATE-150;IMPORTACION
CARTULINA;100304563;Rollo Cartulina Nine Dragons C - 12 205 g ancho 25 (29-89);22/10/2025;INGRESOS;355990.0;355990.0;METROS;46.34099825;C12-25;IMPORTACION
CARTULINA;100304563;Rollo Cartulina Nine Dragons C - 12 205 g ancho 25 (29-89);23/10/2025;INGRESOS;0.0;0.0;METROS;0.0;C12-25;IMPORTACION
CARTULINA;100304565;Rollo Cartulina DEINGRESOSCA FSC --  C - 13.5 225 g ancho 23.125;1/10/2025;INGRESOS;141052.0;141052.0;METROS;18.6294429;OLMECA;IMPORTACION
CARTULINA;100304565;Rollo Cartulina DEINGRESOSCA FSC --  C - 13.5 225 g ancho 23.125;23/10/2025;INGRESOS;140952.0;140952.0;METROS;18.6162354;OLMECA;IMPORTACION
CARTULINA;100304565;Rollo Cartulina DEINGRESOSCA FSC --  C - 13.5 225 g ancho 23.125;23/10/2025;INGRESOS;0.0;0.0;METROS;0.0;OLMECA;IMPORTACION
CARTULINA;100304640;Rollo Cartulina OBAFREE --  C-15 230 g ancho 25.5;31/10/2025;INGRESOS;133067.0;133067.0;METROS;19.82312406;FOSFORERA;IMPORTACION
CARTULINA;100304640;Rollo Cartulina OBAFREE --  C-15 230 g ancho 25.5;31/10/2025;INGRESOS;125974.0;125974.0;METROS;18.76647275;FOSFORERA;IMPORTACION
CARTULINA;100304640;Rollo Cartulina OBAFREE --  C-15 230 g ancho 25.5;31/10/2025;INGRESOS;0.0;0.0;METROS;0.0;FOSFORERA;IMPORTACION
CARTULINA;100304640;Rollo Cartulina OBAFREE --  C-15 230 g ancho 25.5;31/10/2025;INGRESOS;-125974.0;125974.0;METROS;-18.76647275;FOSFORERA;IMPORTACION
CARTULINA;100304642;Rollo Cartulina Nine Dragons C - 19 305 g ancho 29;23/10/2025;INGRESOS;53125.0;53125.0;METROS;11.93522188;C19-29;IMPORTACION
CARTULINA;100304642;Rollo Cartulina Nine Dragons C - 19 305 g ancho 29;23/10/2025;INGRESOS;0.0;0.0;METROS;0.0;C19-29;IMPORTACION
CARTULINA;100305981;Cartulina FBB DUPLEX MIRABELL -- C-16 300 gramos  28 x 34;10/10/2025;INGRESOS;183299.0;183299.0;PLIEGOS;33.77425142;COLGATE-75;IMPORTACION
CARTULINA;100305981;Cartulina FBB DUPLEX MIRABELL -- C-16 300 gramos  28 x 34;10/10/2025;INGRESOS;0.0;0.0;PLIEGOS;0.0;COLGATE-75;IMPORTACION
CARTULINA;100305981;Cartulina FBB DUPLEX MIRABELL -- C-16 300 gramos  28 x 34;31/10/2025;INGRESOS;307030.0;307030.0;PLIEGOS;56.5726404;COLGATE-75;IMPORTACION
CARTULINA;100305982;Cartulina FBB DUPLEX MIRABELL -- C-16 300 gramos  20 x 32.5;10/10/2025;INGRESOS;43018.0;43018.0;PLIEGOS;5.411931112;COLGATE-100;IMPORTACION
CARTULINA;100305982;Cartulina FBB DUPLEX MIRABELL -- C-16 300 gramos  20 x 32.5;10/10/2025;INGRESOS;0.0;0.0;PLIEGOS;0.0;COLGATE-100;IMPORTACION
CARTULINA;100305982;Cartulina FBB DUPLEX MIRABELL -- C-16 300 gramos  20 x 32.5;31/10/2025;INGRESOS;133322.0;133322.0;PLIEGOS;16.7727342;COLGATE-100;IMPORTACION
CARTULINA;100305983;Cartulina FBB DUPLEX MIRABELL -- C-16 300 gramos  25.5 x 36.5;10/10/2025;INGRESOS;32292.0;32292.0;PLIEGOS;5.817235914;COLGATE-50;IMPORTACION
CARTULINA;100305983;Cartulina FBB DUPLEX MIRABELL -- C-16 300 gramos  25.5 x 36.5;10/10/2025;INGRESOS;0.0;0.0;PLIEGOS;0.0;COLGATE-50;IMPORTACION
CARTULINA;100305983;Cartulina FBB DUPLEX MIRABELL -- C-16 300 gramos  25.5 x 36.5;31/10/2025;INGRESOS;149794.0;149794.0;PLIEGOS;26.98461032;COLGATE-50;IMPORTACION
CARTULINA;100305984;Cartulina FBB DUPLEX MIRABELL -- C-16 300 gramos  25 x 34;31/10/2025;INGRESOS;29003.0;29003.0;PLIEGOS;4.771451747;COLGATE-22;IMPORTACION
CARTULINA;100305985;Cartulina FBB DUPLEX MIRABELL -- C-17 320 gramos  21.5 x 35;31/10/2025;INGRESOS;70251.0;70251.0;PLIEGOS;10.91381095;COLGATE-125;IMPORTACION
CARTULINA;100305987;Cartulina SPARK C-12 200 gr 30 X 40;10/10/2025;INGRESOS;200.0;200.0;PLIEGOS;0.03096768;SPARK;LOCAL
CARTULINA;100305996;Cartulina SPARK -- C-16 250 gramos 25 X 38;21/10/2025;INGRESOS;12600.0;12600.0;hoja(s);1.9306413;SPARK;LOCAL
CARTULINA;100305996;Cartulina SPARK -- C-16 250 gramos 25 X 38;24/10/2025;INGRESOS;800.0;800.0;hoja(s);0.1225804;SPARK;LOCAL
CARTULINA;100305997;Cartulina SPARK -- C-16 250 gramos 25 X 36;21/10/2025;INGRESOS;10000.0;10000.0;hoja(s);1.45161;SPARK;LOCAL
CARTULINA;100305997;Cartulina SPARK -- C-16 250 gramos 25 X 36;24/10/2025;INGRESOS;600.0;600.0;hoja(s);0.0870966;SPARK;LOCAL
CARTULINA;100306002;Cartulina FBB DRAGONS YA ESTÁ -- C-16.3 255 gramos  39.5 x 25;31/10/2025;INGRESOS;143000.0;143000.0;PLIEGOS;23.23168741;YA ESTA;IMPORTACION
CARTULINA;100306003;Rollo Cartulina Nine Dragons C - 16.3 255 g ancho 28.5;23/10/2025;INGRESOS;123195.0;123195.0;METROS;22.74111943;C16.3-28.5;IMPORTACION
CARTULINA;100306003;Rollo Cartulina Nine Dragons C - 16.3 255 g ancho 28.5;23/10/2025;INGRESOS;0.0;0.0;METROS;0.0;C16.3-28.5;IMPORTACION
PAPEL;100600003;Papel Bond 55 gramos -- 26 x 34;7/10/2025;INGRESOS;1000.0;1000.0;PLIEGOS;0.0313269;Bond;LOCAL
PAPEL;100600005;Papel Bond 75 gramos -- 22 x 34;1/10/2025;INGRESOS;3000.0;3000.0;PLIEGOS;0.10834965;Bond;LOCAL
PAPEL;100600005;Papel Bond 75 gramos -- 22 x 34;9/10/2025;INGRESOS;6000.0;6000.0;PLIEGOS;0.2166993;Bond;LOCAL
PAPEL;100600005;Papel Bond 75 gramos -- 22 x 34;21/10/2025;INGRESOS;7500.0;7500.0;PLIEGOS;0.270874125;Bond;LOCAL
PAPEL;100600011;Papel Bond 90 gramos -- 22 x 34;7/10/2025;INGRESOS;2000.0;2000.0;PLIEGOS;0.08667972;Bond;LOCAL
PAPEL;100600018;Papel Bond 60 gramos -- 21 x 30;1/10/2025;INGRESOS;126000.0;126000.0;PLIEGOS;3.07046376;Bond;LOCAL
PAPEL;100600018;Papel Bond 60 gramos -- 21 x 30;9/10/2025;INGRESOS;63300.0;63300.0;PLIEGOS;1.542542508;Bond;LOCAL
PAPEL;100600018;Papel Bond 60 gramos -- 21 x 30;15/10/2025;INGRESOS;38500.0;38500.0;PLIEGOS;0.93819726;Bond;LOCAL
PAPEL;100600018;Papel Bond 60 gramos -- 21 x 30;21/10/2025;INGRESOS;-38500.0;38500.0;PLIEGOS;-0.93819726;Bond;LOCAL
PAPEL;100600018;Papel Bond 60 gramos -- 21 x 30;21/10/2025;INGRESOS;38500.0;38500.0;PLIEGOS;0.93819726;Bond;LOCAL
PAPEL;100600020;Papel Couche Brillante B-60 -- 90 gramos  25 x 36;24/10/2025;INGRESOS;39000.0;39000.0;PLIEGOS;2.0371689;Couche;LOCAL
PAPEL;100600021;Papel Couche Brillante - 1 Cara - B-60 -- 90 gramos  25 x 36;9/10/2025;INGRESOS;5000.0;5000.0;PLIEGOS;0.2611755;Couche;LOCAL
PAPEL;100600021;Papel Couche Brillante - 1 Cara - B-60 -- 90 gramos  25 x 36;21/10/2025;INGRESOS;6000.0;6000.0;PLIEGOS;0.3134106;Couche;LOCAL
PAPEL;100600021;Papel Couche Brillante - 1 Cara - B-60 -- 90 gramos  25 x 36;21/10/2025;INGRESOS;12250.0;12250.0;PLIEGOS;0.639879975;Couche;LOCAL
PAPEL;100600023;Papel Couche Brillante - 1 Cara - B-60 -- 90 gramos  25 x 38;9/10/2025;INGRESOS;3000.0;3000.0;PLIEGOS;0.16544925;Couche;LOCAL
PAPEL;100600026;Papel Couche Brillante B-70 -- 105 gramos  25 x 36;15/10/2025;INGRESOS;6750.0;6750.0;PLIEGOS;0.411351413;Couche;LOCAL
PAPEL;100600026;Papel Couche Brillante B-70 -- 105 gramos  25 x 36;21/10/2025;INGRESOS;-6750.0;6750.0;PLIEGOS;-0.411351413;Couche;LOCAL
PAPEL;100600026;Papel Couche Brillante B-70 -- 105 gramos  25 x 36;21/10/2025;INGRESOS;6750.0;6750.0;PLIEGOS;0.411351413;Couche;LOCAL
PAPEL;100600026;Papel Couche Brillante B-70 -- 105 gramos  25 x 36;23/10/2025;INGRESOS;63500.0;63500.0;PLIEGOS;3.869750325;Couche;LOCAL
PAPEL;100600026;Papel Couche Brillante B-70 -- 105 gramos  25 x 36;24/10/2025;INGRESOS;5250.0;5250.0;PLIEGOS;0.319939988;Couche;LOCAL
PAPEL;100600029;Papel Couche Brillante B-80 -- 115 gramos  25 x 36;24/10/2025;INGRESOS;1750.0;1750.0;PLIEGOS;0.116803488;Couche;LOCAL
PAPEL;100600030;Papel Couche Brillante B-80 -- 115 gramos  30 x40;1/10/2025;INGRESOS;8250.0;8250.0;PLIEGOS;0.581370281;Couche;LOCAL
PAPEL;100600030;Papel Couche Brillante B-80 -- 115 gramos  30 x40;7/10/2025;INGRESOS;500.0;500.0;PLIEGOS;0.035234563;Couche;LOCAL
PAPEL;100600032;Papel Couche Brillante B-100 -- 140 gramos  25 x 36;7/10/2025;INGRESOS;7000.0;7000.0;PLIEGOS;0.5687822;Couche;LOCAL
PAPEL;100600032;Papel Couche Brillante B-100 -- 140 gramos  25 x 36;21/10/2025;INGRESOS;11000.0;11000.0;PLIEGOS;0.8938006;Couche;LOCAL
PAPEL;100600032;Papel Couche Brillante B-100 -- 140 gramos  25 x 36;21/10/2025;INGRESOS;7500.0;7500.0;PLIEGOS;0.6094095;Couche;LOCAL
PAPEL;100600032;Papel Couche Brillante B-100 -- 140 gramos  25 x 36;23/10/2025;INGRESOS;3250.0;3250.0;PLIEGOS;0.26407745;Couche;LOCAL
PAPEL;100600032;Papel Couche Brillante B-100 -- 140 gramos  25 x 36;24/10/2025;INGRESOS;6000.0;6000.0;PLIEGOS;0.4875276;Couche;LOCAL
PAPEL;100600033;Papel Couche Brillante B-100 -- 140 gramos  25 x 38;1/10/2025;INGRESOS;3500.0;3500.0;PLIEGOS;0.30025975;Couche;LOCAL
PAPEL;100600033;Papel Couche Brillante B-100 -- 140 gramos  25 x 38;7/10/2025;INGRESOS;7000.0;7000.0;PLIEGOS;0.6005195;Couche;LOCAL
PAPEL;100600033;Papel Couche Brillante B-100 -- 140 gramos  25 x 38;10/10/2025;INGRESOS;6750.0;6750.0;PLIEGOS;0.579072375;Couche;LOCAL
PAPEL;100600033;Papel Couche Brillante B-100 -- 140 gramos  25 x 38;21/10/2025;INGRESOS;500.0;500.0;PLIEGOS;0.04289425;Couche;LOCAL
PAPEL;100600034;Papel Couche Brillante B-100 -- 140 gramos  30 x 40;1/10/2025;INGRESOS;500.0;500.0;PLIEGOS;0.05419344;Couche;LOCAL
PAPEL;100600034;Papel Couche Brillante B-100 -- 140 gramos  30 x 40;7/10/2025;INGRESOS;1000.0;1000.0;PLIEGOS;0.10838688;Couche;LOCAL
PAPEL;100600043;Papel Bond 75 gramos -- 26 x 38;10/10/2025;INGRESOS;500.0;500.0;PLIEGOS;0.023903178;Bond;LOCAL
PAPEL;100600045;Papel Couche Brillante B-80 -- 115 gramos  30 x 40;1/10/2025;INGRESOS;7500.0;7500.0;PLIEGOS;0.6677406;Couche;LOCAL
PAPEL;100600045;Papel Couche Brillante B-80 -- 115 gramos  30 x 40;7/10/2025;INGRESOS;7750.0;7750.0;PLIEGOS;0.68999862;Couche;LOCAL
PAPEL;100600045;Papel Couche Brillante B-80 -- 115 gramos  30 x 40;10/10/2025;INGRESOS;4750.0;4750.0;PLIEGOS;0.42290238;Couche;LOCAL
PAPEL;100600045;Papel Couche Brillante B-80 -- 115 gramos  30 x 40;24/10/2025;INGRESOS;4500.0;4500.0;PLIEGOS;0.40064436;Couche;LOCAL
PAPEL;100600093;Cartulina Husky C-8 -- 200 gramos 25 x 38;10/10/2025;INGRESOS;800.0;800.0;PLIEGOS;0.098044;C8-25H;LOCAL
PAPEL;100600149;113 Sundance Cover FELT -- 176 gramos 26 x 40;21/10/2025;INGRESOS;1000.0;1000.0;PLIEGOS;0.11801856;Varios;IMPORTACION
PAPEL;100600154;Papel Bond 75 gramos -- 26 x 34;15/10/2025;INGRESOS;219900.0;219900.0;PLIEGOS;9.406026349;Bond;LOCAL
PAPEL;100600154;Papel Bond 75 gramos -- 26 x 34;21/10/2025;INGRESOS;-219900.0;219900.0;PLIEGOS;-9.406026349;Bond;LOCAL
PAPEL;100600154;Papel Bond 75 gramos -- 26 x 34;21/10/2025;INGRESOS;220000.0;220000.0;PLIEGOS;9.41030376;Bond;LOCAL
CARTULINA;100300001;Cartulina Husky -- C-8 200 gramos 25 x 36;27/10/2025;CONSUMOS;-1000.0;1000.0;hoja(s);0.116078;C8-25H;LOCAL
CARTULINA;100300004;Cartulina Husky -- C-10 230 gramos 25 x 36;10/10/2025;CONSUMOS;-15200.0;15200.0;hoja(s);2.02904344;C10-25H;LOCAL
CARTULINA;100300005;Cartulina Husky -- C-10 230 gramos 25 x 38;7/10/2025;CONSUMOS;-800.0;800.0;hoja(s);0.1127506;C10-25H;LOCAL
CARTULINA;100300005;Cartulina Husky -- C-10 230 gramos 25 x 38;7/10/2025;CONSUMOS;800.0;800.0;hoja(s);-0.1127506;C10-25H;LOCAL
CARTULINA;100300005;Cartulina Husky -- C-10 230 gramos 25 x 38;7/10/2025;CONSUMOS;-800.0;800.0;hoja(s);0.1127506;C10-25H;LOCAL
CARTULINA;100300005;Cartulina Husky -- C-10 230 gramos 25 x 38;7/10/2025;CONSUMOS;800.0;800.0;hoja(s);-0.1127506;C10-25H;LOCAL
CARTULINA;100300005;Cartulina Husky -- C-10 230 gramos 25 x 38;22/10/2025;CONSUMOS;-18400.0;18400.0;hoja(s);2.5932638;C10-25H;LOCAL
CARTULINA;100300005;Cartulina Husky -- C-10 230 gramos 25 x 38;22/10/2025;CONSUMOS;-4700.0;4700.0;hoja(s);0.662409775;C10-25H;LOCAL
CARTULINA;100300005;Cartulina Husky -- C-10 230 gramos 25 x 38;22/10/2025;CONSUMOS;-900.0;900.0;hoja(s);0.126844425;C10-25H;LOCAL
CARTULINA;100300006;Cartulina Husky -- C-10 230 gramos 30 x 40;10/10/2025;CONSUMOS;-600.0;600.0;hoja(s);0.106838496;C10-30H;LOCAL
CARTULINA;100300006;Cartulina Husky -- C-10 230 gramos 30 x 40;10/10/2025;CONSUMOS;-1800.0;1800.0;hoja(s);0.320515488;C10-30H;LOCAL
CARTULINA;100300007;Cartulina Husky -- C-12 270 gramos 25 x 41.5 (29-89);22/10/2025;CONSUMOS;-35750.0;35750.0;hoja(s);6.460321725;C12-25H;LOCAL
CARTULINA;100300007;Cartulina Husky -- C-12 270 gramos 25 x 41.5 (29-89);30/10/2025;CONSUMOS;-600.0;600.0;hoja(s);0.10842498;C12-25H;LOCAL
CARTULINA;100300007;Cartulina Husky -- C-12 270 gramos 25 x 41.5 (29-89);30/10/2025;CONSUMOS;-3000.0;3000.0;hoja(s);0.5421249;C12-25H;LOCAL
CARTULINA;100300007;Cartulina Husky -- C-12 270 gramos 25 x 41.5 (29-89);30/10/2025;CONSUMOS;-100.0;100.0;hoja(s);0.01807083;C12-25H;LOCAL
CARTULINA;100300007;Cartulina Husky -- C-12 270 gramos 25 x 41.5 (29-89);30/10/2025;CONSUMOS;-1050.0;1050.0;hoja(s);0.189743715;C12-25H;LOCAL
CARTULINA;100300008;Cartulina Husky -- C-12 270 gramos 25 x 36;7/10/2025;CONSUMOS;-500.0;500.0;hoja(s);0.07835265;C12-25H;LOCAL
CARTULINA;100300008;Cartulina Husky -- C-12 270 gramos 25 x 36;7/10/2025;CONSUMOS;500.0;500.0;hoja(s);-0.07835265;C12-25H;LOCAL
CARTULINA;100300008;Cartulina Husky -- C-12 270 gramos 25 x 36;10/10/2025;CONSUMOS;-500.0;500.0;hoja(s);0.07835265;C12-25H;LOCAL
CARTULINA;100300008;Cartulina Husky -- C-12 270 gramos 25 x 36;27/10/2025;CONSUMOS;-1100.0;1100.0;hoja(s);0.17237583;C12-25H;LOCAL
CARTULINA;100300008;Cartulina Husky -- C-12 270 gramos 25 x 36;27/10/2025;CONSUMOS;-400.0;400.0;hoja(s);0.06268212;C12-25H;LOCAL
CARTULINA;100300008;Cartulina Husky -- C-12 270 gramos 25 x 36;27/10/2025;CONSUMOS;-300.0;300.0;hoja(s);0.04701159;C12-25H;LOCAL
CARTULINA;100300009;Cartulina Husky -- C-12 270 gramos 25 x 38;7/10/2025;CONSUMOS;-1000.0;1000.0;hoja(s);0.16544925;C12-25H;LOCAL
CARTULINA;100300009;Cartulina Husky -- C-12 270 gramos 25 x 38;7/10/2025;CONSUMOS;1000.0;1000.0;hoja(s);-0.16544925;C12-25H;LOCAL
CARTULINA;100300009;Cartulina Husky -- C-12 270 gramos 25 x 38;10/10/2025;CONSUMOS;-800.0;800.0;hoja(s);0.1323594;C12-25H;LOCAL
CARTULINA;100300009;Cartulina Husky -- C-12 270 gramos 25 x 38;10/10/2025;CONSUMOS;-1100.0;1100.0;hoja(s);0.181994175;C12-25H;LOCAL
CARTULINA;100300009;Cartulina Husky -- C-12 270 gramos 25 x 38;27/10/2025;CONSUMOS;-350.0;350.0;hoja(s);0.057907238;C12-25H;LOCAL
CARTULINA;100300010;Cartulina Husky -- C-12 270 gramos 30 x 40;22/10/2025;CONSUMOS;-600.0;600.0;hoja(s);0.125419104;C12-30H;LOCAL
CARTULINA;100300011;Cartulina Husky -- C-14 300 gramos 25 x 38;10/10/2025;CONSUMOS;-900.0;900.0;hoja(s);0.16544925;C14-25H;LOCAL
CARTULINA;100300011;Cartulina Husky -- C-14 300 gramos 25 x 38;15/10/2025;CONSUMOS;-6000.0;6000.0;hoja(s);1.102995;C14-25H;LOCAL
CARTULINA;100300011;Cartulina Husky -- C-14 300 gramos 25 x 38;15/10/2025;CONSUMOS;-5400.0;5400.0;hoja(s);0.9926955;C14-25H;LOCAL
CARTULINA;100300011;Cartulina Husky -- C-14 300 gramos 25 x 38;16/10/2025;CONSUMOS;-2100.0;2100.0;hoja(s);0.38604825;C14-25H;LOCAL
CARTULINA;100300011;Cartulina Husky -- C-14 300 gramos 25 x 38;22/10/2025;CONSUMOS;-12900.0;12900.0;hoja(s);2.37143925;C14-25H;LOCAL
CARTULINA;100300011;Cartulina Husky -- C-14 300 gramos 25 x 38;22/10/2025;CONSUMOS;-100.0;100.0;hoja(s);0.01838325;C14-25H;LOCAL
CARTULINA;100300011;Cartulina Husky -- C-14 300 gramos 25 x 38;27/10/2025;CONSUMOS;-500.0;500.0;hoja(s);0.09191625;C14-25H;LOCAL
CARTULINA;100300012;Cartulina Husky -- C-14 300 gramos 30 x 40;27/10/2025;CONSUMOS;-1000.0;1000.0;hoja(s);0.2322576;C14-30H;LOCAL
CARTULINA;100300012;Cartulina Husky -- C-14 300 gramos 30 x 40;27/10/2025;CONSUMOS;-1700.0;1700.0;hoja(s);0.39483792;C14-30H;LOCAL
CARTULINA;100300013;Cartulina Husky -- C-16 350 gramos 25 x 38;10/10/2025;CONSUMOS;-70.0;70.0;hoja(s);0.015012988;C16-25H;LOCAL
CARTULINA;100300013;Cartulina Husky -- C-16 350 gramos 25 x 38;27/10/2025;CONSUMOS;-4300.0;4300.0;hoja(s);0.922226375;C16-25H;LOCAL
CARTULINA;100300013;Cartulina Husky -- C-16 350 gramos 25 x 38;27/10/2025;CONSUMOS;-400.0;400.0;hoja(s);0.0857885;C16-25H;LOCAL
CARTULINA;100300013;Cartulina Husky -- C-16 350 gramos 25 x 38;27/10/2025;CONSUMOS;-100.0;100.0;hoja(s);0.021447125;C16-25H;LOCAL
CARTULINA;100300013;Cartulina Husky -- C-16 350 gramos 25 x 38;30/10/2025;CONSUMOS;-1174.0;1174.0;hoja(s);0.251789248;C16-25H;LOCAL
CARTULINA;100300296;Cartulina FBB Zenith LOCAL -- C-14 235 gramos 25 x 36;15/10/2025;CONSUMOS;-1800.0;1800.0;hoja(s);0.24550497;C14-25;LOCAL
CARTULINA;100300298;Cartulina FBB Zenith LOCAL -- C-14 235 gramos 25 x 38;22/10/2025;CONSUMOS;-10600.0;10600.0;hoja(s);1.526422525;C14-25;LOCAL
CARTULINA;100300301;Cartulina CMPC RC -- C-16 245 gramos 39.5 x 25 YA ESTA;15/10/2025;CONSUMOS;-2485.0;2485.0;hoja(s);0.387763687;YA ESTA;IMPORTACION
CARTULINA;100300301;Cartulina CMPC RC -- C-16 245 gramos 39.5 x 25 YA ESTA;16/10/2025;CONSUMOS;-665.0;665.0;hoja(s);0.103767747;YA ESTA;IMPORTACION
CARTULINA;100300558;Cartulina FBB Poplar -- C-16 255 gramos 25 x 38;27/10/2025;CONSUMOS;-900.0;900.0;hoja(s);0.140631863;C16-25;IMPORTACION
CARTULINA;100300704;Cartulina FBB Zenith LOCAL -- C-16 270 gramos 25 x 36;30/10/2025;CONSUMOS;-9300.0;9300.0;hoja(s);1.45735929;C16-25;LOCAL
CARTULINA;100300704;Cartulina FBB Zenith LOCAL -- C-16 270 gramos 25 x 36;30/10/2025;CONSUMOS;-5700.0;5700.0;hoja(s);0.89322021;C16-25;LOCAL
CARTULINA;100300996;Cartulina FBB Zenith LOCAL -- C-18 295 gramos 25 x 36;11/10/2025;CONSUMOS;-4600.0;4600.0;hoja(s);0.78758923;C18-25;LOCAL
CARTULINA;100300996;Cartulina FBB Zenith LOCAL -- C-18 295 gramos 25 x 36;11/10/2025;CONSUMOS;4600.0;4600.0;hoja(s);-0.78758923;C18-25;LOCAL
CARTULINA;100300996;Cartulina FBB Zenith LOCAL -- C-18 295 gramos 25 x 36;15/10/2025;CONSUMOS;-2100.0;2100.0;hoja(s);0.359551605;C18-25;LOCAL
CARTULINA;100300996;Cartulina FBB Zenith LOCAL -- C-18 295 gramos 25 x 36;22/10/2025;CONSUMOS;-4600.0;4600.0;hoja(s);0.78758923;C18-25;LOCAL
CARTULINA;100301343;Cartulina FBB Zenith LOCAL -- C-22 360 gramos 25 x 38;15/10/2025;CONSUMOS;-100.0;100.0;hoja(s);0.0220599;C22-25;LOCAL
CARTULINA;100301353;Rollo Cartulina CMPC RC C-17 255 g ancho 30;9/10/2025;CONSUMOS;-1586.0;1586.0;METROS;0.30817566;CMPC RC;IMPORTACION
CARTULINA;100301353;Rollo Cartulina CMPC RC C-17 255 g ancho 30;28/10/2025;CONSUMOS;-43363.0;43363.0;METROS;8.42586453;CMPC RC;IMPORTACION
CARTULINA;100301354;Rollo Cartulina CMPC RC -C - 17 255 g ancho 23.5;28/10/2025;CONSUMOS;-31909.0;31909.0;METROS;4.75188828;CMPC RC;IMPORTACION
CARTULINA;100301357;Rollo Cartulina ASIA SYMBOL C-18 295 g ancho 25;14/10/2025;CONSUMOS;-1298.0;1298.0;METROS;0.24314785;C18-25;IMPORTACION
CARTULINA;100301394;Cartulina FBB Asia Symbol -- C-16 270 gramos  25 x 38;15/10/2025;CONSUMOS;-230.0;230.0;PLIEGOS;0.038053328;C16-25;IMPORTACION
CARTULINA;100301824;Rollo Cartulina ASIA SYMBOL C-14 235 g ancho 25;6/10/2025;CONSUMOS;-780.0;780.0;METROS;0.1163955;C14-25;IMPORTACION
CARTULINA;100301824;Rollo Cartulina ASIA SYMBOL C-14 235 g ancho 25;9/10/2025;CONSUMOS;-1412.0;1412.0;METROS;0.2107057;C14-25;IMPORTACION
CARTULINA;100301824;Rollo Cartulina ASIA SYMBOL C-14 235 g ancho 25;9/10/2025;CONSUMOS;-4509.0;4509.0;METROS;0.672855525;C14-25;IMPORTACION
CARTULINA;100301824;Rollo Cartulina ASIA SYMBOL C-14 235 g ancho 25;9/10/2025;CONSUMOS;-1720.0;1720.0;METROS;0.256667;C14-25;IMPORTACION
CARTULINA;100301824;Rollo Cartulina ASIA SYMBOL C-14 235 g ancho 25;9/10/2025;CONSUMOS;-1698.0;1698.0;METROS;0.25338405;C14-25;IMPORTACION
CARTULINA;100301824;Rollo Cartulina ASIA SYMBOL C-14 235 g ancho 25;13/10/2025;CONSUMOS;-2652.0;2652.0;METROS;0.3957447;C14-25;IMPORTACION
CARTULINA;100301824;Rollo Cartulina ASIA SYMBOL C-14 235 g ancho 25;13/10/2025;CONSUMOS;-2634.0;2634.0;METROS;0.39305865;C14-25;IMPORTACION
CARTULINA;100301824;Rollo Cartulina ASIA SYMBOL C-14 235 g ancho 25;14/10/2025;CONSUMOS;-5114.0;5114.0;METROS;0.76313665;C14-25;IMPORTACION
CARTULINA;100301824;Rollo Cartulina ASIA SYMBOL C-14 235 g ancho 25;14/10/2025;CONSUMOS;-11397.0;11397.0;METROS;1.700717325;C14-25;IMPORTACION
CARTULINA;100301824;Rollo Cartulina ASIA SYMBOL C-14 235 g ancho 25;21/10/2025;CONSUMOS;-17640.0;17640.0;METROS;2.632329;C14-25;IMPORTACION
CARTULINA;100301824;Rollo Cartulina ASIA SYMBOL C-14 235 g ancho 25;24/10/2025;CONSUMOS;-23482.0;23482.0;METROS;3.50410145;C14-25;IMPORTACION
CARTULINA;100301824;Rollo Cartulina ASIA SYMBOL C-14 235 g ancho 25;24/10/2025;CONSUMOS;-29593.0;29593.0;METROS;4.416015425;C14-25;IMPORTACION
CARTULINA;100301824;Rollo Cartulina ASIA SYMBOL C-14 235 g ancho 25;27/10/2025;CONSUMOS;-2339.0;2339.0;METROS;0.349037275;C14-25;IMPORTACION
CARTULINA;100301824;Rollo Cartulina ASIA SYMBOL C-14 235 g ancho 25;27/10/2025;CONSUMOS;-2412.0;2412.0;METROS;0.3599307;C14-25;IMPORTACION
CARTULINA;100301824;Rollo Cartulina ASIA SYMBOL C-14 235 g ancho 25;29/10/2025;CONSUMOS;-3605.0;3605.0;METROS;0.537956125;C14-25;IMPORTACION
CARTULINA;100301848;Rollo Cartulina ASIA SYMBOL C-20 325 g ancho 25;10/10/2025;CONSUMOS;-2772.0;2772.0;METROS;0.5720715;C20-25;IMPORTACION
CARTULINA;100301848;Rollo Cartulina ASIA SYMBOL C-20 325 g ancho 25;21/10/2025;CONSUMOS;-5245.0;5245.0;METROS;1.082436875;C20-25;IMPORTACION
CARTULINA;100301848;Rollo Cartulina ASIA SYMBOL C-20 325 g ancho 25;27/10/2025;CONSUMOS;-320.0;320.0;METROS;0.06604;C20-25;IMPORTACION
CARTULINA;100301856;Rollo Cartulina OBAFREE --  C - 18 265 g ancho 23;27/10/2025;CONSUMOS;-21905.0;21905.0;METROS;3.3900178;FOSFORERA;IMPORTACION
CARTULINA;100301871;Cartulina SPARK C-12 200 gr 25 X 38;10/10/2025;CONSUMOS;-200.0;200.0;hoja(s);0.024511;Papesp;LOCAL
CARTULINA;100301886;Rollo Cartulina ASIA SYMBOL C-18 295 g ancho 25 (2989F);14/10/2025;CONSUMOS;-6176.0;6176.0;METROS;1.1569192;C18-25;IMPORTACION
CARTULINA;100301886;Rollo Cartulina ASIA SYMBOL C-18 295 g ancho 25 (2989F);14/10/2025;CONSUMOS;-5476.0;5476.0;METROS;1.0257917;C18-25;IMPORTACION
CARTULINA;100301886;Rollo Cartulina ASIA SYMBOL C-18 295 g ancho 25 (2989F);14/10/2025;CONSUMOS;-1884.0;1884.0;METROS;0.3529203;C18-25;IMPORTACION
CARTULINA;100301886;Rollo Cartulina ASIA SYMBOL C-18 295 g ancho 25 (2989F);14/10/2025;CONSUMOS;-17183.0;17183.0;METROS;3.218805475;C18-25;IMPORTACION
CARTULINA;100301886;Rollo Cartulina ASIA SYMBOL C-18 295 g ancho 25 (2989F);14/10/2025;CONSUMOS;-2197.0;2197.0;METROS;0.411553025;C18-25;IMPORTACION
CARTULINA;100301886;Rollo Cartulina ASIA SYMBOL C-18 295 g ancho 25 (2989F);14/10/2025;CONSUMOS;-55952.0;55952.0;METROS;10.4812084;C18-25;IMPORTACION
CARTULINA;100301886;Rollo Cartulina ASIA SYMBOL C-18 295 g ancho 25 (2989F);14/10/2025;CONSUMOS;-12962.0;12962.0;METROS;2.42810665;C18-25;IMPORTACION
CARTULINA;100301886;Rollo Cartulina ASIA SYMBOL C-18 295 g ancho 25 (2989F);14/10/2025;CONSUMOS;-2652.0;2652.0;METROS;0.4967859;C18-25;IMPORTACION
CARTULINA;100301886;Rollo Cartulina ASIA SYMBOL C-18 295 g ancho 25 (2989F);23/10/2025;CONSUMOS;-10117.0;10117.0;METROS;1.895167025;C18-25;IMPORTACION
CARTULINA;100301886;Rollo Cartulina ASIA SYMBOL C-18 295 g ancho 25 (2989F);23/10/2025;CONSUMOS;-4225.0;4225.0;METROS;0.791448125;C18-25;IMPORTACION
CARTULINA;100301886;Rollo Cartulina ASIA SYMBOL C-18 295 g ancho 25 (2989F);23/10/2025;CONSUMOS;-5875.0;5875.0;METROS;1.100534375;C18-25;IMPORTACION
CARTULINA;100301886;Rollo Cartulina ASIA SYMBOL C-18 295 g ancho 25 (2989F);23/10/2025;CONSUMOS;-562.0;562.0;METROS;0.10527665;C18-25;IMPORTACION
CARTULINA;100301886;Rollo Cartulina ASIA SYMBOL C-18 295 g ancho 25 (2989F);24/10/2025;CONSUMOS;-3687.0;3687.0;METROS;0.690667275;C18-25;IMPORTACION
CARTULINA;100301886;Rollo Cartulina ASIA SYMBOL C-18 295 g ancho 25 (2989F);24/10/2025;CONSUMOS;-4308.0;4308.0;METROS;0.8069961;C18-25;IMPORTACION
CARTULINA;100301886;Rollo Cartulina ASIA SYMBOL C-18 295 g ancho 25 (2989F);29/10/2025;CONSUMOS;-4667.0;4667.0;METROS;0.874245775;C18-25;IMPORTACION
CARTULINA;100301886;Rollo Cartulina ASIA SYMBOL C-18 295 g ancho 25 (2989F);29/10/2025;CONSUMOS;-2241.0;2241.0;METROS;0.419795325;C18-25;IMPORTACION
CARTULINA;100301886;Rollo Cartulina ASIA SYMBOL C-18 295 g ancho 25 (2989F);30/10/2025;CONSUMOS;-2667.0;2667.0;METROS;0.499595775;C18-25;IMPORTACION
CARTULINA;100301887;Rollo Cartulina ASIA SYMBOL C-18 295 g ancho 34 (2989F);24/10/2025;CONSUMOS;-631.0;631.0;METROS;0.160643135;C18-34;IMPORTACION
CARTULINA;100301900;Rollo Cartulina SBS CANDESCE -- C-24 407 g ancho 25 (29-89);2/10/2025;CONSUMOS;-845.0;845.0;METROS;0.218386025;GILDAN;IMPORTACION
CARTULINA;100301908;Rollo Cartulina Nine Dragons C - 13.6 215 g ancho 25 (29-89);6/10/2025;CONSUMOS;-2596.0;2596.0;METROS;0.3544189;C13.6-25;IMPORTACION
CARTULINA;100301908;Rollo Cartulina Nine Dragons C - 13.6 215 g ancho 25 (29-89);6/10/2025;CONSUMOS;-4785.0;4785.0;METROS;0.653272125;C13.6-25;IMPORTACION
CARTULINA;100301908;Rollo Cartulina Nine Dragons C - 13.6 215 g ancho 25 (29-89);6/10/2025;CONSUMOS;-1350.0;1350.0;METROS;0.18430875;C13.6-25;IMPORTACION
CARTULINA;100301908;Rollo Cartulina Nine Dragons C - 13.6 215 g ancho 25 (29-89);9/10/2025;CONSUMOS;-2032.0;2032.0;METROS;0.2774188;C13.6-25;IMPORTACION
CARTULINA;100301908;Rollo Cartulina Nine Dragons C - 13.6 215 g ancho 25 (29-89);15/10/2025;CONSUMOS;-2444.0;2444.0;METROS;0.3336671;C13.6-25;IMPORTACION
CARTULINA;100301908;Rollo Cartulina Nine Dragons C - 13.6 215 g ancho 25 (29-89);29/10/2025;CONSUMOS;-245.0;245.0;METROS;0.033448625;C13.6-25;IMPORTACION
CARTULINA;100301908;Rollo Cartulina Nine Dragons C - 13.6 215 g ancho 25 (29-89);29/10/2025;CONSUMOS;-250.0;250.0;METROS;0.03413125;C13.6-25;IMPORTACION
CARTULINA;100301908;Rollo Cartulina Nine Dragons C - 13.6 215 g ancho 25 (29-89);29/10/2025;CONSUMOS;-288.0;288.0;METROS;0.0393192;C13.6-25;IMPORTACION
CARTULINA;100301910;Rollo Cartulina OBAFREE --  C - 15 230 g ancho 25.5 (2989F);9/10/2025;CONSUMOS;-732.0;732.0;METROS;0.10892892;FOSFORERA;IMPORTACION
CARTULINA;100301910;Rollo Cartulina OBAFREE --  C - 15 230 g ancho 25.5 (2989F);21/10/2025;CONSUMOS;-56808.0;56808.0;METROS;8.45359848;FOSFORERA;IMPORTACION
CARTULINA;100301910;Rollo Cartulina OBAFREE --  C - 15 230 g ancho 25.5 (2989F);23/10/2025;CONSUMOS;-27030.0;27030.0;METROS;4.0223343;FOSFORERA;IMPORTACION
CARTULINA;100301912;Rollo Cartulina ASIA SYMBOL C-16 270 g ancho 25 (2989F);1/10/2025;CONSUMOS;-1443.0;1443.0;METROS;0.24740235;C16-25;IMPORTACION
CARTULINA;100301912;Rollo Cartulina ASIA SYMBOL C-16 270 g ancho 25 (2989F);1/10/2025;CONSUMOS;-1056.0;1056.0;METROS;0.1810512;C16-25;IMPORTACION
CARTULINA;100301912;Rollo Cartulina ASIA SYMBOL C-16 270 g ancho 25 (2989F);1/10/2025;CONSUMOS;-1156.0;1156.0;METROS;0.1981962;C16-25;IMPORTACION
CARTULINA;100301912;Rollo Cartulina ASIA SYMBOL C-16 270 g ancho 25 (2989F);1/10/2025;CONSUMOS;-739.0;739.0;METROS;0.12670155;C16-25;IMPORTACION
CARTULINA;100301912;Rollo Cartulina ASIA SYMBOL C-16 270 g ancho 25 (2989F);1/10/2025;CONSUMOS;-562.0;562.0;METROS;0.0963549;C16-25;IMPORTACION
CARTULINA;100301912;Rollo Cartulina ASIA SYMBOL C-16 270 g ancho 25 (2989F);1/10/2025;CONSUMOS;-1533.0;1533.0;METROS;0.26283285;C16-25;IMPORTACION
CARTULINA;100301912;Rollo Cartulina ASIA SYMBOL C-16 270 g ancho 25 (2989F);9/10/2025;CONSUMOS;-4481.0;4481.0;METROS;0.76826745;C16-25;IMPORTACION
CARTULINA;100301912;Rollo Cartulina ASIA SYMBOL C-16 270 g ancho 25 (2989F);9/10/2025;CONSUMOS;-1805.0;1805.0;METROS;0.30946725;C16-25;IMPORTACION
CARTULINA;100301912;Rollo Cartulina ASIA SYMBOL C-16 270 g ancho 25 (2989F);9/10/2025;CONSUMOS;-3244.0;3244.0;METROS;0.5561838;C16-25;IMPORTACION
CARTULINA;100301912;Rollo Cartulina ASIA SYMBOL C-16 270 g ancho 25 (2989F);9/10/2025;CONSUMOS;-960.0;960.0;METROS;0.164592;C16-25;IMPORTACION
CARTULINA;100301912;Rollo Cartulina ASIA SYMBOL C-16 270 g ancho 25 (2989F);10/10/2025;CONSUMOS;-985.0;985.0;METROS;0.16887825;C16-25;IMPORTACION
CARTULINA;100301912;Rollo Cartulina ASIA SYMBOL C-16 270 g ancho 25 (2989F);10/10/2025;CONSUMOS;-6664.0;6664.0;METROS;1.1425428;C16-25;IMPORTACION
CARTULINA;100301912;Rollo Cartulina ASIA SYMBOL C-16 270 g ancho 25 (2989F);15/10/2025;CONSUMOS;-1765.0;1765.0;METROS;0.30260925;C16-25;IMPORTACION
CARTULINA;100301912;Rollo Cartulina ASIA SYMBOL C-16 270 g ancho 25 (2989F);21/10/2025;CONSUMOS;-837.0;837.0;METROS;0.14350365;C16-25;IMPORTACION
CARTULINA;100301912;Rollo Cartulina ASIA SYMBOL C-16 270 g ancho 25 (2989F);21/10/2025;CONSUMOS;-2333.0;2333.0;METROS;0.39999285;C16-25;IMPORTACION
CARTULINA;100301912;Rollo Cartulina ASIA SYMBOL C-16 270 g ancho 25 (2989F);24/10/2025;CONSUMOS;-1268.0;1268.0;METROS;0.2173986;C16-25;IMPORTACION
CARTULINA;100301912;Rollo Cartulina ASIA SYMBOL C-16 270 g ancho 25 (2989F);24/10/2025;CONSUMOS;-2922.0;2922.0;METROS;0.5009769;C16-25;IMPORTACION
CARTULINA;100301917;Rollo Cartulina Nine Dragons C - 16.3 255 g ancho 25 (29-89);6/10/2025;CONSUMOS;-195.0;195.0;METROS;0.031575375;C16.3-25;IMPORTACION
CARTULINA;100301917;Rollo Cartulina Nine Dragons C - 16.3 255 g ancho 25 (29-89);9/10/2025;CONSUMOS;-6253.0;6253.0;METROS;1.012517025;C16.3-25;IMPORTACION
CARTULINA;100301917;Rollo Cartulina Nine Dragons C - 16.3 255 g ancho 25 (29-89);9/10/2025;CONSUMOS;-345.0;345.0;METROS;0.055864125;C16.3-25;IMPORTACION
CARTULINA;100301917;Rollo Cartulina Nine Dragons C - 16.3 255 g ancho 25 (29-89);9/10/2025;CONSUMOS;-1476.0;1476.0;METROS;0.2390013;C16.3-25;IMPORTACION
CARTULINA;100301917;Rollo Cartulina Nine Dragons C - 16.3 255 g ancho 25 (29-89);9/10/2025;CONSUMOS;-3679.0;3679.0;METROS;0.595722075;C16.3-25;IMPORTACION
CARTULINA;100301917;Rollo Cartulina Nine Dragons C - 16.3 255 g ancho 25 (29-89);15/10/2025;CONSUMOS;-895.0;895.0;METROS;0.144922875;C16.3-25;IMPORTACION
CARTULINA;100301917;Rollo Cartulina Nine Dragons C - 16.3 255 g ancho 25 (29-89);15/10/2025;CONSUMOS;-1651.0;1651.0;METROS;0.267338175;C16.3-25;IMPORTACION
CARTULINA;100301917;Rollo Cartulina Nine Dragons C - 16.3 255 g ancho 25 (29-89);23/10/2025;CONSUMOS;-1163.0;1163.0;METROS;0.188318775;C16.3-25;IMPORTACION
CARTULINA;100301917;Rollo Cartulina Nine Dragons C - 16.3 255 g ancho 25 (29-89);23/10/2025;CONSUMOS;-2346.0;2346.0;METROS;0.37987605;C16.3-25;IMPORTACION
CARTULINA;100301917;Rollo Cartulina Nine Dragons C - 16.3 255 g ancho 25 (29-89);23/10/2025;CONSUMOS;-1216.0;1216.0;METROS;0.1969008;C16.3-25;IMPORTACION
CARTULINA;100301917;Rollo Cartulina Nine Dragons C - 16.3 255 g ancho 25 (29-89);23/10/2025;CONSUMOS;-1745.0;1745.0;METROS;0.282559125;C16.3-25;IMPORTACION
CARTULINA;100301917;Rollo Cartulina Nine Dragons C - 16.3 255 g ancho 25 (29-89);23/10/2025;CONSUMOS;-1451.0;1451.0;METROS;0.234953175;C16.3-25;IMPORTACION
CARTULINA;100301917;Rollo Cartulina Nine Dragons C - 16.3 255 g ancho 25 (29-89);23/10/2025;CONSUMOS;-1499.0;1499.0;METROS;0.242725575;C16.3-25;IMPORTACION
CARTULINA;100301917;Rollo Cartulina Nine Dragons C - 16.3 255 g ancho 25 (29-89);29/10/2025;CONSUMOS;-116.0;116.0;METROS;0.0187833;C16.3-25;IMPORTACION
CARTULINA;100301917;Rollo Cartulina Nine Dragons C - 16.3 255 g ancho 25 (29-89);29/10/2025;CONSUMOS;-5505.0;5505.0;METROS;0.891397125;C16.3-25;IMPORTACION
CARTULINA;100301917;Rollo Cartulina Nine Dragons C - 16.3 255 g ancho 25 (29-89);29/10/2025;CONSUMOS;-8765.0;8765.0;METROS;1.419272625;C16.3-25;IMPORTACION
CARTULINA;100301917;Rollo Cartulina Nine Dragons C - 16.3 255 g ancho 25 (29-89);29/10/2025;CONSUMOS;-4759.0;4759.0;METROS;0.770601075;C16.3-25;IMPORTACION
CARTULINA;100301917;Rollo Cartulina Nine Dragons C - 16.3 255 g ancho 25 (29-89);29/10/2025;CONSUMOS;-8330.0;8330.0;METROS;1.34883525;C16.3-25;IMPORTACION
CARTULINA;100301917;Rollo Cartulina Nine Dragons C - 16.3 255 g ancho 25 (29-89);29/10/2025;CONSUMOS;-660.0;660.0;METROS;0.1068705;C16.3-25;IMPORTACION
CARTULINA;100301917;Rollo Cartulina Nine Dragons C - 16.3 255 g ancho 25 (29-89);29/10/2025;CONSUMOS;-7385.0;7385.0;METROS;1.195816125;C16.3-25;IMPORTACION
CARTULINA;100301917;Rollo Cartulina Nine Dragons C - 16.3 255 g ancho 25 (29-89);29/10/2025;CONSUMOS;-3085.0;3085.0;METROS;0.499538625;C16.3-25;IMPORTACION
CARTULINA;100301918;Rollo Cartulina Nine Dragons C - 16.3 255 g ancho 27 (29-89);9/10/2025;CONSUMOS;-1560.0;1560.0;METROS;0.272493;C16.3-27;IMPORTACION
CARTULINA;100301918;Rollo Cartulina Nine Dragons C - 16.3 255 g ancho 27 (29-89);30/10/2025;CONSUMOS;-124040.0;124040.0;METROS;21.666687;C16.3-27;IMPORTACION
CARTULINA;100301920;Rollo Cartulina Nine Dragons C - 16.3 255 g ancho 35.5 (29-89);1/10/2025;CONSUMOS;-5956.0;5956.0;METROS;1.36842078;C16.3-36;IMPORTACION
CARTULINA;100301926;Rollo Cartulina ASIA SYMBOL C-19 310 g ancho 25 (29-89);9/10/2025;CONSUMOS;-17522.0;17522.0;METROS;3.4492057;C19-25;IMPORTACION
CARTULINA;100301928;Rollo Cartulina Nine Dragons C - 19 305 g ancho 25 (29-89) REGIONAL;6/10/2025;CONSUMOS;-1021.0;1021.0;METROS;0.197742175;C19-25;IMPORTACION
CARTULINA;100301928;Rollo Cartulina Nine Dragons C - 19 305 g ancho 25 (29-89) REGIONAL;13/10/2025;CONSUMOS;-10690.0;10690.0;METROS;2.07038575;C19-25;IMPORTACION
CARTULINA;100301928;Rollo Cartulina Nine Dragons C - 19 305 g ancho 25 (29-89) REGIONAL;13/10/2025;CONSUMOS;-1665.0;1665.0;METROS;0.322468875;C19-25;IMPORTACION
CARTULINA;100301928;Rollo Cartulina Nine Dragons C - 19 305 g ancho 25 (29-89) REGIONAL;13/10/2025;CONSUMOS;-23860.0;23860.0;METROS;4.6210855;C19-25;IMPORTACION
CARTULINA;100301928;Rollo Cartulina Nine Dragons C - 19 305 g ancho 25 (29-89) REGIONAL;13/10/2025;CONSUMOS;-6070.0;6070.0;METROS;1.17560725;C19-25;IMPORTACION
CARTULINA;100301928;Rollo Cartulina Nine Dragons C - 19 305 g ancho 25 (29-89) REGIONAL;13/10/2025;CONSUMOS;-1000.0;1000.0;METROS;0.193675;C19-25;IMPORTACION
CARTULINA;100301928;Rollo Cartulina Nine Dragons C - 19 305 g ancho 25 (29-89) REGIONAL;22/10/2025;CONSUMOS;-3607.0;3607.0;METROS;0.698585725;C19-25;IMPORTACION
CARTULINA;100301928;Rollo Cartulina Nine Dragons C - 19 305 g ancho 25 (29-89) REGIONAL;22/10/2025;CONSUMOS;-18473.0;18473.0;METROS;3.577758275;C19-25;IMPORTACION
CARTULINA;100301928;Rollo Cartulina Nine Dragons C - 19 305 g ancho 25 (29-89) REGIONAL;27/10/2025;CONSUMOS;-55515.0;55515.0;METROS;10.75186763;C19-25;IMPORTACION
CARTULINA 29-89;100304547;Rollo Cartulina Spectra Natural -- C-18 267g ancho 27;9/10/2025;CONSUMOS;-54768.0;54768.0;METROS;10.0284918;BCONSUMOSBO;IMPORTACION
CARTULINA 29-89;100304547;Rollo Cartulina Spectra Natural -- C-18 267g ancho 27;9/10/2025;CONSUMOS;-285.0;285.0;METROS;0.052185951;BCONSUMOSBO;IMPORTACION
CARTULINA 29-89;100304547;Rollo Cartulina Spectra Natural -- C-18 267g ancho 27;27/10/2025;CONSUMOS;-41598.0;41598.0;METROS;7.616951543;BCONSUMOSBO;IMPORTACION
CARTULINA 29-89;100304547;Rollo Cartulina Spectra Natural -- C-18 267g ancho 27;27/10/2025;CONSUMOS;-2631.0;2631.0;METROS;0.481758727;BCONSUMOSBO;IMPORTACION
CARTULINA 29-89;100304547;Rollo Cartulina Spectra Natural -- C-18 267g ancho 27;27/10/2025;CONSUMOS;-2900.0;2900.0;METROS;0.53101494;BCONSUMOSBO;IMPORTACION
CARTULINA 29-89;100304547;Rollo Cartulina Spectra Natural -- C-18 267g ancho 27;30/10/2025;CONSUMOS;2900.0;2900.0;METROS;-0.53101494;BCONSUMOSBO;IMPORTACION
CARTULINA;100304564;Cartulina FBB NINE DRAGONS -- C-12 205 gramos 25 x 38;15/10/2025;CONSUMOS;-70.0;70.0;hoja(s);0.008793321;C12-25;IMPORTACION
CARTULINA;100304564;Cartulina FBB NINE DRAGONS -- C-12 205 gramos 25 x 38;15/10/2025;CONSUMOS;-25710.0;25710.0;hoja(s);3.229661276;C12-25;IMPORTACION
CARTULINA;100304564;Cartulina FBB NINE DRAGONS -- C-12 205 gramos 25 x 38;15/10/2025;CONSUMOS;-160.0;160.0;hoja(s);0.02009902;C12-25;IMPORTACION
CARTULINA;100304564;Cartulina FBB NINE DRAGONS -- C-12 205 gramos 25 x 38;15/10/2025;CONSUMOS;-1100.0;1100.0;hoja(s);0.138180763;C12-25;IMPORTACION
CARTULINA;100304564;Cartulina FBB NINE DRAGONS -- C-12 205 gramos 25 x 38;27/10/2025;CONSUMOS;-29970.0;29970.0;hoja(s);3.764797684;C12-25;IMPORTACION
CARTULINA;100304564;Cartulina FBB NINE DRAGONS -- C-12 205 gramos 25 x 38;30/10/2025;CONSUMOS;-74090.0;74090.0;hoja(s);9.307102449;C12-25;IMPORTACION
CARTULINA;100304565;Rollo Cartulina DEINGRESOSCA FSC --  C - 13.5 225 g ancho 23.125;2/10/2025;CONSUMOS;-3742.0;3742.0;METROS;0.49422465;OLMECA;IMPORTACION
CARTULINA;100304565;Rollo Cartulina DEINGRESOSCA FSC --  C - 13.5 225 g ancho 23.125;2/10/2025;CONSUMOS;-16703.0;16703.0;METROS;2.206048725;OLMECA;IMPORTACION
CARTULINA;100304565;Rollo Cartulina DEINGRESOSCA FSC --  C - 13.5 225 g ancho 23.125;2/10/2025;CONSUMOS;-13121.0;13121.0;METROS;1.732956075;OLMECA;IMPORTACION
CARTULINA;100304565;Rollo Cartulina DEINGRESOSCA FSC --  C - 13.5 225 g ancho 23.125;13/10/2025;CONSUMOS;-16915.0;16915.0;METROS;2.234048625;OLMECA;IMPORTACION
CARTULINA;100304565;Rollo Cartulina DEINGRESOSCA FSC --  C - 13.5 225 g ancho 23.125;13/10/2025;CONSUMOS;-31760.0;31760.0;METROS;4.194702;OLMECA;IMPORTACION
CARTULINA;100304565;Rollo Cartulina DEINGRESOSCA FSC --  C - 13.5 225 g ancho 23.125;13/10/2025;CONSUMOS;-8299.0;8299.0;METROS;1.096090425;OLMECA;IMPORTACION
CARTULINA;100304565;Rollo Cartulina DEINGRESOSCA FSC --  C - 13.5 225 g ancho 23.125;13/10/2025;CONSUMOS;-8390.0;8390.0;METROS;1.10810925;OLMECA;IMPORTACION
CARTULINA;100304565;Rollo Cartulina DEINGRESOSCA FSC --  C - 13.5 225 g ancho 23.125;23/10/2025;CONSUMOS;-8337.0;8337.0;METROS;1.101109275;OLMECA;IMPORTACION
CARTULINA;100304565;Rollo Cartulina DEINGRESOSCA FSC --  C - 13.5 225 g ancho 23.125;23/10/2025;CONSUMOS;-8483.0;8483.0;METROS;1.120392225;OLMECA;IMPORTACION
CARTULINA;100304565;Rollo Cartulina DEINGRESOSCA FSC --  C - 13.5 225 g ancho 23.125;23/10/2025;CONSUMOS;-16008.0;16008.0;METROS;2.1142566;OLMECA;IMPORTACION
CARTULINA;100304565;Rollo Cartulina DEINGRESOSCA FSC --  C - 13.5 225 g ancho 23.125;23/10/2025;CONSUMOS;-16188.0;16188.0;METROS;2.1380301;OLMECA;IMPORTACION
CARTULINA;100304565;Rollo Cartulina DEINGRESOSCA FSC --  C - 13.5 225 g ancho 23.125;23/10/2025;CONSUMOS;-15183.0;15183.0;METROS;2.005294725;OLMECA;IMPORTACION
CARTULINA;100304565;Rollo Cartulina DEINGRESOSCA FSC --  C - 13.5 225 g ancho 23.125;23/10/2025;CONSUMOS;-9079.0;9079.0;METROS;1.199108925;OLMECA;IMPORTACION
CARTULINA;100304642;Rollo Cartulina Nine Dragons C - 19 305 g ancho 29;22/10/2025;CONSUMOS;-890.0;890.0;METROS;0.19995007;C19-29;IMPORTACION
CARTULINA;100304642;Rollo Cartulina Nine Dragons C - 19 305 g ancho 29;22/10/2025;CONSUMOS;-6050.0;6050.0;METROS;1.35921115;C19-29;IMPORTACION
CARTULINA;100304642;Rollo Cartulina Nine Dragons C - 19 305 g ancho 29;22/10/2025;CONSUMOS;-11432.0;11432.0;METROS;2.568347416;C19-29;IMPORTACION
CARTULINA;100304642;Rollo Cartulina Nine Dragons C - 19 305 g ancho 29;22/10/2025;CONSUMOS;-22053.0;22053.0;METROS;4.954493139;C19-29;IMPORTACION
CARTULINA;100304642;Rollo Cartulina Nine Dragons C - 19 305 g ancho 29;22/10/2025;CONSUMOS;-8050.0;8050.0;METROS;1.80853715;C19-29;IMPORTACION
CARTULINA;100304642;Rollo Cartulina Nine Dragons C - 19 305 g ancho 29;27/10/2025;CONSUMOS;-18938.0;18938.0;METROS;4.254667894;C19-29;IMPORTACION
CARTULINA;100304642;Rollo Cartulina Nine Dragons C - 19 305 g ancho 29;27/10/2025;CONSUMOS;-7422.0;7422.0;METROS;1.667448786;C19-29;IMPORTACION
CARTULINA;100304642;Rollo Cartulina Nine Dragons C - 19 305 g ancho 29;27/10/2025;CONSUMOS;-2007.0;2007.0;METROS;0.450898641;C19-29;IMPORTACION
CARTULINA;100304642;Rollo Cartulina Nine Dragons C - 19 305 g ancho 29;27/10/2025;CONSUMOS;-753.0;753.0;METROS;0.169171239;C19-29;IMPORTACION
CARTULINA;100304642;Rollo Cartulina Nine Dragons C - 19 305 g ancho 29;27/10/2025;CONSUMOS;-918.0;918.0;METROS;0.206240634;C19-29;IMPORTACION
CARTULINA;100304642;Rollo Cartulina Nine Dragons C - 19 305 g ancho 29;28/10/2025;CONSUMOS;-2992.0;2992.0;METROS;0.672191696;C19-29;IMPORTACION
CARTULINA 29-89;100305967;Rollo Cartulina Nine Dragons C - 18.3 290 g ancho 29;30/10/2025;CONSUMOS;-635.0;635.0;METROS;0.13564489;C18-29;IMPORTACION
CARTULINA 29-89;100305969;Cartulina FBB DRAGONS -- C-15.7 245 gramos 34.5 x 27;15/10/2025;CONSUMOS;-102950.0;102950.0;PLIEGOS;15.1580288;HONDURAS FOS;IMPORTACION
CARTULINA;100305971;Rollo Cartulina DUPLEX MIRABELL --  C - 16 300 g ancho 25;30/10/2025;CONSUMOS;-754.0;754.0;METROS;0.143637;COLGATE;IMPORTACION
CARTULINA;100305971;Rollo Cartulina DUPLEX MIRABELL --  C - 16 300 g ancho 25;30/10/2025;CONSUMOS;-381.0;381.0;METROS;0.0725805;COLGATE;IMPORTACION
CARTULINA;100305971;Rollo Cartulina DUPLEX MIRABELL --  C - 16 300 g ancho 25;30/10/2025;CONSUMOS;-485.0;485.0;METROS;0.0923925;COLGATE;IMPORTACION
CARTULINA;100305971;Rollo Cartulina DUPLEX MIRABELL --  C - 16 300 g ancho 25;30/10/2025;CONSUMOS;-455.0;455.0;METROS;0.0866775;COLGATE;IMPORTACION
CARTULINA;100305987;Cartulina SPARK C-12 200 gr 30 X 40;10/10/2025;CONSUMOS;-200.0;200.0;PLIEGOS;0.03096768;Spark;LOCAL
CARTULINA;100305996;Cartulina SPARK -- C-16 250 gramos 25 X 38;22/10/2025;CONSUMOS;-9900.0;9900.0;hoja(s);1.51693245;Spark;LOCAL
CARTULINA;100305996;Cartulina SPARK -- C-16 250 gramos 25 X 38;22/10/2025;CONSUMOS;-2700.0;2700.0;hoja(s);0.41370885;Spark;LOCAL
CARTULINA;100305996;Cartulina SPARK -- C-16 250 gramos 25 X 38;29/10/2025;CONSUMOS;-200.0;200.0;hoja(s);0.0306451;Spark;LOCAL
CARTULINA;100305996;Cartulina SPARK -- C-16 250 gramos 25 X 38;29/10/2025;CONSUMOS;-600.0;600.0;hoja(s);0.0919353;Spark;LOCAL
CARTULINA;100305997;Cartulina SPARK -- C-16 250 gramos 25 X 36;22/10/2025;CONSUMOS;-10000.0;10000.0;hoja(s);1.532255;Spark;LOCAL
CARTULINA;100305997;Cartulina SPARK -- C-16 250 gramos 25 X 36;29/10/2025;CONSUMOS;-600.0;600.0;hoja(s);0.0919353;Spark;LOCAL
PAPEL;100600003;Papel Bond 55 gramos -- 26 x 34;7/10/2025;CONSUMOS;-1000.0;1000.0;PLIEGOS;0.0313269;Bond;LOCAL
PAPEL;100600003;Papel Bond 55 gramos -- 26 x 34;7/10/2025;CONSUMOS;1000.0;1000.0;PLIEGOS;-0.0313269;Bond;LOCAL
PAPEL;100600003;Papel Bond 55 gramos -- 26 x 34;10/10/2025;CONSUMOS;-900.0;900.0;PLIEGOS;0.02819421;Bond;LOCAL
PAPEL;100600005;Papel Bond 75 gramos -- 22 x 34;7/10/2025;CONSUMOS;-3000.0;3000.0;PLIEGOS;0.10834965;Bond;LOCAL
PAPEL;100600005;Papel Bond 75 gramos -- 22 x 34;7/10/2025;CONSUMOS;3000.0;3000.0;PLIEGOS;-0.10834965;Bond;LOCAL
PAPEL;100600005;Papel Bond 75 gramos -- 22 x 34;10/10/2025;CONSUMOS;-2500.0;2500.0;PLIEGOS;0.090291375;Bond;LOCAL
PAPEL;100600005;Papel Bond 75 gramos -- 22 x 34;11/10/2025;CONSUMOS;-6000.0;6000.0;PLIEGOS;0.2166993;Bond;LOCAL
PAPEL;100600005;Papel Bond 75 gramos -- 22 x 34;11/10/2025;CONSUMOS;6000.0;6000.0;PLIEGOS;-0.2166993;Bond;LOCAL
PAPEL;100600005;Papel Bond 75 gramos -- 22 x 34;16/10/2025;CONSUMOS;-800.0;800.0;PLIEGOS;0.02889324;Bond;LOCAL
PAPEL;100600005;Papel Bond 75 gramos -- 22 x 34;16/10/2025;CONSUMOS;-6366.0;6366.0;PLIEGOS;0.229917957;Bond;LOCAL
PAPEL;100600005;Papel Bond 75 gramos -- 22 x 34;27/10/2025;CONSUMOS;-7200.0;7200.0;PLIEGOS;0.26003916;Bond;LOCAL
PAPEL;100600005;Papel Bond 75 gramos -- 22 x 34;30/10/2025;CONSUMOS;-100.0;100.0;PLIEGOS;0.003611655;Bond;LOCAL
PAPEL;100600009;Papel Bond 75 gramos -- 26 x 38;22/10/2025;CONSUMOS;-700.0;700.0;PLIEGOS;0.03343725;Bond;LOCAL
PAPEL;100600011;Papel Bond 90 gramos -- 22 x 34;10/10/2025;CONSUMOS;-319.0;319.0;PLIEGOS;0.013825415;Bond;LOCAL
PAPEL;100600013;Papel Bond 90 gramos -- 26 x 34;10/10/2025;CONSUMOS;-1600.0;1600.0;PLIEGOS;0.08201952;Bond;LOCAL
PAPEL;100600013;Papel Bond 90 gramos -- 26 x 34;15/10/2025;CONSUMOS;-1400.0;1400.0;PLIEGOS;0.07176708;Bond;LOCAL
PAPEL;100600013;Papel Bond 90 gramos -- 26 x 34;30/10/2025;CONSUMOS;-74.0;74.0;PLIEGOS;0.003793403;Bond;LOCAL
PAPEL;100600013;Papel Bond 90 gramos -- 26 x 34;30/10/2025;CONSUMOS;-116.0;116.0;PLIEGOS;0.005946415;Bond;LOCAL
PAPEL;100600017;Papel Bond 120 gramos -- 26 x 34;22/10/2025;CONSUMOS;-185.0;185.0;PLIEGOS;0.012644676;Bond;LOCAL
PAPEL;100600017;Papel Bond 120 gramos -- 26 x 34;22/10/2025;CONSUMOS;-94.0;94.0;PLIEGOS;0.006424862;Bond;LOCAL
PAPEL;100600018;Papel Bond 60 gramos -- 21 x 30;10/10/2025;CONSUMOS;-2100.0;2100.0;PLIEGOS;0.051174396;Bond;LOCAL
PAPEL;100600018;Papel Bond 60 gramos -- 21 x 30;11/10/2025;CONSUMOS;-63300.0;63300.0;PLIEGOS;1.542542508;Bond;LOCAL
PAPEL;100600018;Papel Bond 60 gramos -- 21 x 30;11/10/2025;CONSUMOS;63300.0;63300.0;PLIEGOS;-1.542542508;Bond;LOCAL
PAPEL;100600018;Papel Bond 60 gramos -- 21 x 30;15/10/2025;CONSUMOS;-63200.0;63200.0;PLIEGOS;1.540105632;Bond;LOCAL
PAPEL;100600018;Papel Bond 60 gramos -- 21 x 30;15/10/2025;CONSUMOS;-38100.0;38100.0;PLIEGOS;0.928449756;Bond;LOCAL
PAPEL;100600018;Papel Bond 60 gramos -- 21 x 30;27/10/2025;CONSUMOS;-53300.0;53300.0;PLIEGOS;1.298854908;Bond;LOCAL
PAPEL;100600018;Papel Bond 60 gramos -- 21 x 30;27/10/2025;CONSUMOS;-72600.0;72600.0;PLIEGOS;1.769171976;Bond;LOCAL
PAPEL;100600018;Papel Bond 60 gramos -- 21 x 30;27/10/2025;CONSUMOS;-15300.0;15300.0;PLIEGOS;0.372842028;Bond;LOCAL
PAPEL;100600018;Papel Bond 60 gramos -- 21 x 30;27/10/2025;CONSUMOS;15300.0;15300.0;PLIEGOS;-0.372842028;Bond;LOCAL
PAPEL;100600018;Papel Bond 60 gramos -- 21 x 30;30/10/2025;CONSUMOS;-100.0;100.0;PLIEGOS;0.002436876;Bond;LOCAL
PAPEL;100600020;Papel Couche Brillante B-60 -- 90 gramos  25 x 36;27/10/2025;CONSUMOS;-39100.0;39100.0;PLIEGOS;2.04239241;Couche;LOCAL
PAPEL;100600021;Papel Couche Brillante - 1 Cara - B-60 -- 90 gramos  25 x 36;10/10/2025;CONSUMOS;-100.0;100.0;PLIEGOS;0.00522351;Couche;LOCAL
PAPEL;100600021;Papel Couche Brillante - 1 Cara - B-60 -- 90 gramos  25 x 36;10/10/2025;CONSUMOS;-1700.0;1700.0;PLIEGOS;0.08879967;Couche;LOCAL
PAPEL;100600021;Papel Couche Brillante - 1 Cara - B-60 -- 90 gramos  25 x 36;10/10/2025;CONSUMOS;-500.0;500.0;PLIEGOS;0.02611755;Couche;LOCAL
PAPEL;100600021;Papel Couche Brillante - 1 Cara - B-60 -- 90 gramos  25 x 36;10/10/2025;CONSUMOS;-1400.0;1400.0;PLIEGOS;0.07312914;Couche;LOCAL
PAPEL;100600021;Papel Couche Brillante - 1 Cara - B-60 -- 90 gramos  25 x 36;11/10/2025;CONSUMOS;-5000.0;5000.0;PLIEGOS;0.2611755;Couche;LOCAL
PAPEL;100600021;Papel Couche Brillante - 1 Cara - B-60 -- 90 gramos  25 x 36;11/10/2025;CONSUMOS;5000.0;5000.0;PLIEGOS;-0.2611755;Couche;LOCAL
PAPEL;100600021;Papel Couche Brillante - 1 Cara - B-60 -- 90 gramos  25 x 36;15/10/2025;CONSUMOS;-2200.0;2200.0;PLIEGOS;0.11491722;Couche;LOCAL
PAPEL;100600021;Papel Couche Brillante - 1 Cara - B-60 -- 90 gramos  25 x 36;15/10/2025;CONSUMOS;-900.0;900.0;PLIEGOS;0.04701159;Couche;LOCAL
PAPEL;100600021;Papel Couche Brillante - 1 Cara - B-60 -- 90 gramos  25 x 36;15/10/2025;CONSUMOS;-2300.0;2300.0;PLIEGOS;0.12014073;Couche;LOCAL
PAPEL;100600021;Papel Couche Brillante - 1 Cara - B-60 -- 90 gramos  25 x 36;22/10/2025;CONSUMOS;-12100.0;12100.0;PLIEGOS;0.63204471;Couche;LOCAL
PAPEL;100600021;Papel Couche Brillante - 1 Cara - B-60 -- 90 gramos  25 x 36;22/10/2025;CONSUMOS;-2000.0;2000.0;PLIEGOS;0.1044702;Couche;LOCAL
PAPEL;100600021;Papel Couche Brillante - 1 Cara - B-60 -- 90 gramos  25 x 36;22/10/2025;CONSUMOS;-2900.0;2900.0;PLIEGOS;0.15148179;Couche;LOCAL
PAPEL;100600021;Papel Couche Brillante - 1 Cara - B-60 -- 90 gramos  25 x 36;22/10/2025;CONSUMOS;-900.0;900.0;PLIEGOS;0.04701159;Couche;LOCAL
PAPEL;100600021;Papel Couche Brillante - 1 Cara - B-60 -- 90 gramos  25 x 36;27/10/2025;CONSUMOS;-2200.0;2200.0;PLIEGOS;0.11491722;Couche;LOCAL
PAPEL;100600021;Papel Couche Brillante - 1 Cara - B-60 -- 90 gramos  25 x 36;27/10/2025;CONSUMOS;2200.0;2200.0;PLIEGOS;-0.11491722;Couche;LOCAL
PAPEL;100600021;Papel Couche Brillante - 1 Cara - B-60 -- 90 gramos  25 x 36;29/10/2025;CONSUMOS;-500.0;500.0;PLIEGOS;0.02611755;Couche;LOCAL
PAPEL;100600023;Papel Couche Brillante - 1 Cara - B-60 -- 90 gramos  25 x 38;11/10/2025;CONSUMOS;-3000.0;3000.0;PLIEGOS;0.16544925;Couche;LOCAL
PAPEL;100600023;Papel Couche Brillante - 1 Cara - B-60 -- 90 gramos  25 x 38;11/10/2025;CONSUMOS;3000.0;3000.0;PLIEGOS;-0.16544925;Couche;LOCAL
PAPEL;100600023;Papel Couche Brillante - 1 Cara - B-60 -- 90 gramos  25 x 38;15/10/2025;CONSUMOS;-1800.0;1800.0;PLIEGOS;0.09926955;Couche;LOCAL
PAPEL;100600023;Papel Couche Brillante - 1 Cara - B-60 -- 90 gramos  25 x 38;27/10/2025;CONSUMOS;-1850.0;1850.0;PLIEGOS;0.102027038;Couche;LOCAL
PAPEL;100600024;Papel Couche Brillante B-60 -- 90 gramos  30 x 40;30/10/2025;CONSUMOS;-6600.0;6600.0;PLIEGOS;0.459870048;Couche;LOCAL
PAPEL;100600026;Papel Couche Brillante B-70 -- 105 gramos  25 x 36;22/10/2025;CONSUMOS;-6600.0;6600.0;PLIEGOS;0.40221027;Couche;LOCAL
PAPEL;100600026;Papel Couche Brillante B-70 -- 105 gramos  25 x 36;27/10/2025;CONSUMOS;-63400.0;63400.0;PLIEGOS;3.86365623;Couche;LOCAL
PAPEL;100600026;Papel Couche Brillante B-70 -- 105 gramos  25 x 36;27/10/2025;CONSUMOS;-5300.0;5300.0;PLIEGOS;0.322987035;Couche;LOCAL
PAPEL;100600029;Papel Couche Brillante B-80 -- 115 gramos  25 x 36;27/10/2025;CONSUMOS;-1700.0;1700.0;PLIEGOS;0.113466245;Couche;LOCAL
PAPEL;100600030;Papel Couche Brillante B-80 -- 115 gramos  30 x40;7/10/2025;CONSUMOS;-8250.0;8250.0;PLIEGOS;0.581370281;Couche;LOCAL
PAPEL;100600030;Papel Couche Brillante B-80 -- 115 gramos  30 x40;7/10/2025;CONSUMOS;8250.0;8250.0;PLIEGOS;-0.581370281;Couche;LOCAL
PAPEL;100600030;Papel Couche Brillante B-80 -- 115 gramos  30 x40;10/10/2025;CONSUMOS;-2800.0;2800.0;PLIEGOS;0.19731355;Couche;LOCAL
PAPEL;100600030;Papel Couche Brillante B-80 -- 115 gramos  30 x40;10/10/2025;CONSUMOS;-2600.0;2600.0;PLIEGOS;0.183219725;Couche;LOCAL
PAPEL;100600030;Papel Couche Brillante B-80 -- 115 gramos  30 x40;10/10/2025;CONSUMOS;-1700.0;1700.0;PLIEGOS;0.119797513;Couche;LOCAL
PAPEL;100600030;Papel Couche Brillante B-80 -- 115 gramos  30 x40;10/10/2025;CONSUMOS;-413.0;413.0;PLIEGOS;0.029103749;Couche;LOCAL
PAPEL;100600030;Papel Couche Brillante B-80 -- 115 gramos  30 x40;16/10/2025;CONSUMOS;-300.0;300.0;PLIEGOS;0.021140738;Couche;LOCAL
PAPEL;100600032;Papel Couche Brillante B-100 -- 140 gramos  25 x 36;7/10/2025;CONSUMOS;-7000.0;7000.0;PLIEGOS;0.5687822;Couche;LOCAL
PAPEL;100600032;Papel Couche Brillante B-100 -- 140 gramos  25 x 36;7/10/2025;CONSUMOS;7000.0;7000.0;PLIEGOS;-0.5687822;Couche;LOCAL
PAPEL;100600032;Papel Couche Brillante B-100 -- 140 gramos  25 x 36;10/10/2025;CONSUMOS;-4000.0;4000.0;PLIEGOS;0.3250184;Couche;LOCAL
PAPEL;100600032;Papel Couche Brillante B-100 -- 140 gramos  25 x 36;10/10/2025;CONSUMOS;-3000.0;3000.0;PLIEGOS;0.2437638;Couche;LOCAL
PAPEL;100600032;Papel Couche Brillante B-100 -- 140 gramos  25 x 36;22/10/2025;CONSUMOS;-7200.0;7200.0;PLIEGOS;0.58503312;Couche;LOCAL
PAPEL;100600032;Papel Couche Brillante B-100 -- 140 gramos  25 x 36;22/10/2025;CONSUMOS;-1900.0;1900.0;PLIEGOS;0.15438374;Couche;LOCAL
PAPEL;100600032;Papel Couche Brillante B-100 -- 140 gramos  25 x 36;22/10/2025;CONSUMOS;-9300.0;9300.0;PLIEGOS;0.75566778;Couche;LOCAL
PAPEL;100600032;Papel Couche Brillante B-100 -- 140 gramos  25 x 36;27/10/2025;CONSUMOS;-3100.0;3100.0;PLIEGOS;0.25188926;Couche;LOCAL
PAPEL;100600032;Papel Couche Brillante B-100 -- 140 gramos  25 x 36;27/10/2025;CONSUMOS;-3900.0;3900.0;PLIEGOS;0.31689294;Couche;LOCAL
PAPEL;100600032;Papel Couche Brillante B-100 -- 140 gramos  25 x 36;27/10/2025;CONSUMOS;-2100.0;2100.0;PLIEGOS;0.17063466;Couche;LOCAL
PAPEL;100600032;Papel Couche Brillante B-100 -- 140 gramos  25 x 36;29/10/2025;CONSUMOS;-200.0;200.0;PLIEGOS;0.01625092;Couche;LOCAL
PAPEL;100600033;Papel Couche Brillante B-100 -- 140 gramos  25 x 38;7/10/2025;CONSUMOS;-7000.0;7000.0;PLIEGOS;0.6005195;Couche;LOCAL
PAPEL;100600033;Papel Couche Brillante B-100 -- 140 gramos  25 x 38;7/10/2025;CONSUMOS;7000.0;7000.0;PLIEGOS;-0.6005195;Couche;LOCAL
PAPEL;100600033;Papel Couche Brillante B-100 -- 140 gramos  25 x 38;10/10/2025;CONSUMOS;-200.0;200.0;PLIEGOS;0.0171577;Couche;LOCAL
PAPEL;100600033;Papel Couche Brillante B-100 -- 140 gramos  25 x 38;10/10/2025;CONSUMOS;-2200.0;2200.0;PLIEGOS;0.1887347;Couche;LOCAL
PAPEL;100600033;Papel Couche Brillante B-100 -- 140 gramos  25 x 38;10/10/2025;CONSUMOS;-3400.0;3400.0;PLIEGOS;0.2916809;Couche;LOCAL
PAPEL;100600033;Papel Couche Brillante B-100 -- 140 gramos  25 x 38;10/10/2025;CONSUMOS;-4700.0;4700.0;PLIEGOS;0.40320595;Couche;LOCAL
PAPEL;100600033;Papel Couche Brillante B-100 -- 140 gramos  25 x 38;10/10/2025;CONSUMOS;-48.0;48.0;PLIEGOS;0.004117848;Couche;LOCAL
PAPEL;100600033;Papel Couche Brillante B-100 -- 140 gramos  25 x 38;22/10/2025;CONSUMOS;-345.0;345.0;PLIEGOS;0.029597033;Couche;LOCAL
PAPEL;100600033;Papel Couche Brillante B-100 -- 140 gramos  25 x 38;22/10/2025;CONSUMOS;-1600.0;1600.0;PLIEGOS;0.1372616;Couche;LOCAL
PAPEL;100600033;Papel Couche Brillante B-100 -- 140 gramos  25 x 38;27/10/2025;CONSUMOS;-3500.0;3500.0;PLIEGOS;0.30025975;Couche;LOCAL
PAPEL;100600033;Papel Couche Brillante B-100 -- 140 gramos  25 x 38;27/10/2025;CONSUMOS;3500.0;3500.0;PLIEGOS;-0.30025975;Couche;LOCAL
PAPEL;100600033;Papel Couche Brillante B-100 -- 140 gramos  25 x 38;30/10/2025;CONSUMOS;-1757.0;1757.0;PLIEGOS;0.150730395;Couche;LOCAL
PAPEL;100600034;Papel Couche Brillante B-100 -- 140 gramos  30 x 40;7/10/2025;CONSUMOS;-500.0;500.0;PLIEGOS;0.05419344;Couche;LOCAL
PAPEL;100600034;Papel Couche Brillante B-100 -- 140 gramos  30 x 40;7/10/2025;CONSUMOS;500.0;500.0;PLIEGOS;-0.05419344;Couche;LOCAL
PAPEL;100600034;Papel Couche Brillante B-100 -- 140 gramos  30 x 40;10/10/2025;CONSUMOS;-400.0;400.0;PLIEGOS;0.043354752;Couche;LOCAL
PAPEL;100600034;Papel Couche Brillante B-100 -- 140 gramos  30 x 40;10/10/2025;CONSUMOS;-800.0;800.0;PLIEGOS;0.086709504;Couche;LOCAL
PAPEL;100600034;Papel Couche Brillante B-100 -- 140 gramos  30 x 40;30/10/2025;CONSUMOS;-600.0;600.0;PLIEGOS;0.065032128;Couche;LOCAL
PAPEL;100600043;Papel Bond 75 gramos -- 26 x 38;22/10/2025;CONSUMOS;-500.0;500.0;PLIEGOS;0.023903178;Bond;LOCAL
PAPEL;100600045;Papel Couche Brillante B-80 -- 115 gramos  30 x 40;7/10/2025;CONSUMOS;-7500.0;7500.0;PLIEGOS;0.6677406;Couche;LOCAL
PAPEL;100600045;Papel Couche Brillante B-80 -- 115 gramos  30 x 40;7/10/2025;CONSUMOS;7500.0;7500.0;PLIEGOS;-0.6677406;Couche;LOCAL
PAPEL;100600045;Papel Couche Brillante B-80 -- 115 gramos  30 x 40;7/10/2025;CONSUMOS;-7750.0;7750.0;PLIEGOS;0.68999862;Couche;LOCAL
PAPEL;100600045;Papel Couche Brillante B-80 -- 115 gramos  30 x 40;7/10/2025;CONSUMOS;7750.0;7750.0;PLIEGOS;-0.68999862;Couche;LOCAL
PAPEL;100600045;Papel Couche Brillante B-80 -- 115 gramos  30 x 40;10/10/2025;CONSUMOS;-7000.0;7000.0;PLIEGOS;0.62322456;Couche;LOCAL
PAPEL;100600045;Papel Couche Brillante B-80 -- 115 gramos  30 x 40;10/10/2025;CONSUMOS;-300.0;300.0;PLIEGOS;0.026709624;Couche;LOCAL
PAPEL;100600045;Papel Couche Brillante B-80 -- 115 gramos  30 x 40;10/10/2025;CONSUMOS;-412.0;412.0;PLIEGOS;0.036681217;Couche;LOCAL
PAPEL;100600045;Papel Couche Brillante B-80 -- 115 gramos  30 x 40;10/10/2025;CONSUMOS;-38.0;38.0;PLIEGOS;0.003383219;Couche;LOCAL
PAPEL;100600045;Papel Couche Brillante B-80 -- 115 gramos  30 x 40;10/10/2025;CONSUMOS;-2800.0;2800.0;PLIEGOS;0.249289824;Couche;LOCAL
PAPEL;100600045;Papel Couche Brillante B-80 -- 115 gramos  30 x 40;10/10/2025;CONSUMOS;-700.0;700.0;PLIEGOS;0.062322456;Couche;LOCAL
PAPEL;100600045;Papel Couche Brillante B-80 -- 115 gramos  30 x 40;10/10/2025;CONSUMOS;-500.0;500.0;PLIEGOS;0.04451604;Couche;LOCAL
PAPEL;100600045;Papel Couche Brillante B-80 -- 115 gramos  30 x 40;10/10/2025;CONSUMOS;-3400.0;3400.0;PLIEGOS;0.302709072;Couche;LOCAL
PAPEL;100600045;Papel Couche Brillante B-80 -- 115 gramos  30 x 40;27/10/2025;CONSUMOS;-3000.0;3000.0;PLIEGOS;0.26709624;Couche;LOCAL
PAPEL;100600045;Papel Couche Brillante B-80 -- 115 gramos  30 x 40;30/10/2025;CONSUMOS;-4500.0;4500.0;PLIEGOS;0.40064436;Couche;LOCAL
PAPEL;100600089;Papel Bond 80 gramos -- 26 x 36;15/10/2025;CONSUMOS;-100.0;100.0;PLIEGOS;0.00482592;Bond;LOCAL
PAPEL;100600093;Cartulina Husky C-8 -- 200 gramos 25 x 38;10/10/2025;CONSUMOS;-800.0;800.0;PLIEGOS;0.098044;C8-25H;LOCAL
PAPEL;100600102;Rollo Cartulina BRIGHT --  C - 16 245 g ancho 25;9/10/2025;CONSUMOS;-561.0;561.0;METROS;0.087277575;BAYER;IMPORTACION
PAPEL;100600104;Rollo Cartulina CMPC RC --  C - 17 255 g ancho 23;28/10/2025;CONSUMOS;-60155.0;60155.0;METROS;8.9582826;CMPC RC;IMPORTACION
PAPEL;100600137;Rollo Cartulina POPLAR --  C - 14 220 g ancho 28.5;9/10/2025;CONSUMOS;-7389.0;7389.0;METROS;1.17529434;C14-29;IMPORTACION
PAPEL;100600137;Rollo Cartulina POPLAR --  C - 14 220 g ancho 28.5;21/10/2025;CONSUMOS;-5330.0;5330.0;METROS;0.8477898;C14-29;IMPORTACION
PAPEL;100600143;Rollo Cartulina FBB OBAFREE FSC MIXTO --  C - 13.5 225 g ancho 24.5;7/10/2025;CONSUMOS;-778.0;778.0;METROS;0.1088811;OLMECA;IMPORTACION
PAPEL;100600143;Rollo Cartulina FBB OBAFREE FSC MIXTO --  C - 13.5 225 g ancho 24.5;7/10/2025;CONSUMOS;-62274.0;62274.0;METROS;8.7152463;OLMECA;IMPORTACION
PAPEL;100600143;Rollo Cartulina FBB OBAFREE FSC MIXTO --  C - 13.5 225 g ancho 24.5;7/10/2025;CONSUMOS;-18957.0;18957.0;METROS;2.65303215;OLMECA;IMPORTACION
PAPEL;100600154;Papel Bond 75 gramos -- 26 x 34;22/10/2025;CONSUMOS;-220000.0;220000.0;PLIEGOS;9.41030376;Bond;LOCAL
PAPEL;100600162;Rollo Cartulina FBB OBAFREE FSC MIXTO --  C - 13.5 225 g ancho 23.149;2/10/2025;CONSUMOS;-2995.0;2995.0;METROS;0.3962385;OLMECA;IMPORTACION
PAPEL;100600162;Rollo Cartulina FBB OBAFREE FSC MIXTO --  C - 13.5 225 g ancho 23.149;2/10/2025;CONSUMOS;-2051.0;2051.0;METROS;0.2713473;OLMECA;IMPORTACION
PAPEL;100600162;Rollo Cartulina FBB OBAFREE FSC MIXTO --  C - 13.5 225 g ancho 23.149;2/10/2025;CONSUMOS;-2980.0;2980.0;METROS;0.394254;OLMECA;IMPORTACION
PAPEL;100600162;Rollo Cartulina FBB OBAFREE FSC MIXTO --  C - 13.5 225 g ancho 23.149;13/10/2025;CONSUMOS;-6856.0;6856.0;METROS;0.9070488;OLMECA;IMPORTACION
CARTULINA;100300002;Cartulina Husky -- C-8 190 gramos 25 x 38;14/11/2025;INGRESOS;300.0;300.0;hoja(s);0.034928175;C8-25H;LOCAL
CARTULINA;100300005;Cartulina Husky -- C-10 230 gramos 25 x 38;14/11/2025;INGRESOS;15300.0;15300.0;hoja(s);2.156355225;C10-25H;LOCAL
CARTULINA;100300009;Cartulina Husky -- C-12 270 gramos 25 x 38;4/11/2025;INGRESOS;2000.0;2000.0;hoja(s);0.3308985;C12-25H;LOCAL
CARTULINA;100300011;Cartulina Husky -- C-14 300 gramos 25 x 38;11/11/2025;INGRESOS;1500.0;1500.0;hoja(s);0.27574875;C14-25H;LOCAL
CARTULINA;100300013;Cartulina Husky -- C-16 350 gramos 25 x 38;4/11/2025;INGRESOS;1400.0;1400.0;hoja(s);0.30025975;C16-25H;LOCAL
CARTULINA;100300013;Cartulina Husky -- C-16 350 gramos 25 x 38;4/11/2025;INGRESOS;1400.0;1400.0;hoja(s);0.30025975;C16-25H;LOCAL
CARTULINA;100300013;Cartulina Husky -- C-16 350 gramos 25 x 38;4/11/2025;INGRESOS;5000.0;5000.0;hoja(s);1.07235625;C16-25H;LOCAL
CARTULINA;100300014;Cartulina Husky -- C-18 400 gramos 25 x 38;11/11/2025;INGRESOS;100.0;100.0;hoja(s);0.024511;C18-25H;LOCAL
CARTULINA;100300704;Cartulina FBB Zenith LOCAL -- C-16 270 gramos 25 x 36;4/11/2025;INGRESOS;600.0;600.0;hoja(s);0.09402318;C16-25;LOCAL
CARTULINA;100300704;Cartulina FBB Zenith LOCAL -- C-16 270 gramos 25 x 36;10/11/2025;INGRESOS;3800.0;3800.0;hoja(s);0.59548014;C16-25;LOCAL
CARTULINA;100300704;Cartulina FBB Zenith LOCAL -- C-16 270 gramos 25 x 36;14/11/2025;INGRESOS;6500.0;6500.0;hoja(s);1.01858445;C16-25;LOCAL
CARTULINA;100300704;Cartulina FBB Zenith LOCAL -- C-16 270 gramos 25 x 36;20/11/2025;INGRESOS;3500.0;3500.0;hoja(s);0.54846855;C16-25;LOCAL
CARTULINA;100300996;Cartulina FBB Zenith LOCAL -- C-18 295 gramos 25 x 36;4/11/2025;INGRESOS;2800.0;2800.0;hoja(s);0.47940214;C18-25;LOCAL
CARTULINA;100300996;Cartulina FBB Zenith LOCAL -- C-18 295 gramos 25 x 36;10/11/2025;INGRESOS;5300.0;5300.0;hoja(s);0.907439765;C18-25;LOCAL
CARTULINA;100300996;Cartulina FBB Zenith LOCAL -- C-18 295 gramos 25 x 36;19/11/2025;INGRESOS;1200.0;1200.0;hoja(s);0.20545806;C18-25;LOCAL
CARTULINA;100301001;Cartulina FBB Zenith LOCAL -- C-18 295 gramos 25 x 38;19/11/2025;INGRESOS;700.0;700.0;hoja(s);0.126538038;C18-25;LOCAL
CARTULINA;100301046;Cartulina FBB Zenith LOCAL -- C-18 295 gramos 30 x 40;10/11/2025;INGRESOS;1200.0;1200.0;hoja(s);0.274063968;C18-30;LOCAL
CARTULINA;100301919;Rollo Cartulina Nine Dragons C - 16.3 255 g ancho 29 (29-89);11/11/2025;INGRESOS;55005.0;55005.0;METROS;10.3233384;C16.3-29;IMPORTACION
CARTULINA;100301919;Rollo Cartulina Nine Dragons C - 16.3 255 g ancho 29 (29-89);11/11/2025;INGRESOS;0.0;0.0;METROS;0.0;C16.3-29;IMPORTACION
CARTULINA;100301924;Rollo Cartulina Nine Dragons C - 18.3 290 g ancho 25;11/11/2025;INGRESOS;246910.0;246910.0;METROS;45.4684765;C18-25;IMPORTACION
CARTULINA;100301924;Rollo Cartulina Nine Dragons C - 18.3 290 g ancho 25;11/11/2025;INGRESOS;0.0;0.0;METROS;0.0;C18-25;IMPORTACION
CARTULINA;100301928;Rollo Cartulina Nine Dragons C - 19 305 g ancho 25 (29-89) REGIONAL;11/11/2025;INGRESOS;60240.0;60240.0;METROS;11.666982;C19-25;IMPORTACION
CARTULINA;100301928;Rollo Cartulina Nine Dragons C - 19 305 g ancho 25 (29-89) REGIONAL;11/11/2025;INGRESOS;0.0;0.0;METROS;0.0;C19-25;IMPORTACION
CARTULINA;100304510;Cartulina FBB DUPLEX MIRABELL -- C-17 320 gramos  22 x 38.5;7/11/2025;INGRESOS;0.0;0.0;PLIEGOS;0.0;COLGATE-150;IMPORTACION
CARTULINA;100304565;Rollo Cartulina DEINGRESOSCA FSC --  C - 13.5 225 g ancho 23.125;26/11/2025;INGRESOS;293616.0;293616.0;METROS;38.7793332;OLMECA;IMPORTACION
CARTULINA;100304565;Rollo Cartulina DEINGRESOSCA FSC --  C - 13.5 225 g ancho 23.125;27/11/2025;INGRESOS;296016.0;296016.0;METROS;39.0963132;OLMECA;IMPORTACION
CARTULINA;100304640;Rollo Cartulina OBAFREE --  C-15 230 g ancho 25.5;11/11/2025;INGRESOS;125974.0;125974.0;METROS;18.76647275;FOSFORERA;IMPORTACION
CARTULINA;100304640;Rollo Cartulina OBAFREE --  C-15 230 g ancho 25.5;11/11/2025;INGRESOS;0.0;0.0;METROS;0.0;FOSFORERA;IMPORTACION
CARTULINA;100304640;Rollo Cartulina OBAFREE --  C-15 230 g ancho 25.5;26/11/2025;INGRESOS;118422.0;118422.0;METROS;17.64144376;FOSFORERA;IMPORTACION
CARTULINA;100305974;Rollo Cartulina ASIA SYMBOL C-12 215 g ancho 25.75;26/11/2025;INGRESOS;161700.0;161700.0;METROS;22.73837528;C12-25.75;IMPORTACION
CARTULINA;100305981;Cartulina FBB DUPLEX MIRABELL -- C-16 300 gramos  28 x 34;7/11/2025;INGRESOS;0.0;0.0;PLIEGOS;0.0;COLGATE-75;IMPORTACION
CARTULINA;100305982;Cartulina FBB DUPLEX MIRABELL -- C-16 300 gramos  20 x 32.5;7/11/2025;INGRESOS;0.0;0.0;PLIEGOS;0.0;COLGATE-100;IMPORTACION
CARTULINA;100305983;Cartulina FBB DUPLEX MIRABELL -- C-16 300 gramos  25.5 x 36.5;7/11/2025;INGRESOS;0.0;0.0;PLIEGOS;0.0;COLGATE-50;IMPORTACION
CARTULINA;100305984;Cartulina FBB DUPLEX MIRABELL -- C-16 300 gramos  25 x 34;7/11/2025;INGRESOS;0.0;0.0;PLIEGOS;0.0;COLGATE-22;IMPORTACION
CARTULINA;100305985;Cartulina FBB DUPLEX MIRABELL -- C-17 320 gramos  21.5 x 35;7/11/2025;INGRESOS;0.0;0.0;PLIEGOS;0.0;COLGATE-125;IMPORTACION
CARTULINA;100305996;Cartulina SPARK -- C-16 250 gramos 25 X 38;4/11/2025;INGRESOS;2600.0;2600.0;hoja(s);0.3983863;Spark;LOCAL
CARTULINA;100305997;Cartulina SPARK -- C-16 250 gramos 25 X 36;4/11/2025;INGRESOS;100.0;100.0;hoja(s);0.01532255;Spark;LOCAL
CARTULINA;100306002;Cartulina FBB DRAGONS YA ESTÁ -- C-16.3 255 gramos  39.5 x 25;7/11/2025;INGRESOS;0.0;0.0;PLIEGOS;0.0;YA ESTA;IMPORTACION
CARTULINA;100306002;Cartulina FBB DRAGONS YA ESTÁ -- C-16.3 255 gramos  39.5 x 25;26/11/2025;INGRESOS;286000.0;286000.0;PLIEGOS;46.46337482;YA ESTA;IMPORTACION
CARTULINA;100306002;Cartulina FBB DRAGONS YA ESTÁ -- C-16.3 255 gramos  39.5 x 25;26/11/2025;INGRESOS;0.0;0.0;PLIEGOS;0.0;YA ESTA;IMPORTACION
PAPEL;100600005;Papel Bond 75 gramos -- 22 x 34;4/11/2025;INGRESOS;8000.0;8000.0;PLIEGOS;0.2889324;Bond;LOCAL
PAPEL;100600011;Papel Bond 90 gramos -- 22 x 34;18/11/2025;INGRESOS;500.0;500.0;PLIEGOS;0.02166993;Bond;LOCAL
PAPEL;100600012;Papel Bond 90 gramos -- 24 x 36;13/11/2025;INGRESOS;1500.0;1500.0;PLIEGOS;0.07514451;Bond;LOCAL
PAPEL;100600012;Papel Bond 90 gramos -- 24 x 36;19/11/2025;INGRESOS;500.0;500.0;PLIEGOS;0.02504817;Bond;LOCAL
PAPEL;100600015;Papel Bond 120 gramos -- 22 x 34;4/11/2025;INGRESOS;1000.0;1000.0;PLIEGOS;0.05778648;Bond;LOCAL
PAPEL;100600017;Papel Bond 120 gramos -- 26 x 34;11/11/2025;INGRESOS;1250.0;1250.0;PLIEGOS;0.085437;Bond;LOCAL
PAPEL;100600021;Papel Couche Brillante - 1 Cara - B-60 -- 90 gramos  25 x 36;4/11/2025;INGRESOS;1000.0;1000.0;PLIEGOS;0.0522351;Couche;LOCAL
PAPEL;100600021;Papel Couche Brillante - 1 Cara - B-60 -- 90 gramos  25 x 36;11/11/2025;INGRESOS;500.0;500.0;PLIEGOS;0.02611755;Couche;LOCAL
PAPEL;100600021;Papel Couche Brillante - 1 Cara - B-60 -- 90 gramos  25 x 36;19/11/2025;INGRESOS;14000.0;14000.0;PLIEGOS;0.7312914;Couche;LOCAL
PAPEL;100600023;Papel Couche Brillante - 1 Cara - B-60 -- 90 gramos  25 x 38;11/11/2025;INGRESOS;9500.0;9500.0;PLIEGOS;0.523922625;Couche;LOCAL
PAPEL;100600023;Papel Couche Brillante - 1 Cara - B-60 -- 90 gramos  25 x 38;18/11/2025;INGRESOS;30750.0;30750.0;PLIEGOS;1.695854813;Couche;LOCAL
PAPEL;100600026;Papel Couche Brillante B-70 -- 105 gramos  25 x 36;19/11/2025;INGRESOS;63250.0;63250.0;PLIEGOS;3.854515088;Couche;LOCAL
PAPEL;100600026;Papel Couche Brillante B-70 -- 105 gramos  25 x 36;19/11/2025;INGRESOS;3250.0;3250.0;PLIEGOS;0.198058088;Couche;LOCAL
PAPEL;100600030;Papel Couche Brillante B-80 -- 115 gramos  30 x40;10/11/2025;INGRESOS;10250.0;10250.0;PLIEGOS;0.722308531;Couche;LOCAL
PAPEL;100600032;Papel Couche Brillante B-100 -- 140 gramos  25 x 36;11/11/2025;INGRESOS;500.0;500.0;PLIEGOS;0.0406273;Couche;LOCAL
PAPEL;100600032;Papel Couche Brillante B-100 -- 140 gramos  25 x 36;19/11/2025;INGRESOS;9250.0;9250.0;PLIEGOS;0.75160505;Couche;LOCAL
PAPEL;100600033;Papel Couche Brillante B-100 -- 140 gramos  25 x 38;20/11/2025;INGRESOS;2500.0;2500.0;PLIEGOS;0.21447125;Couche;LOCAL
PAPEL;100600034;Papel Couche Brillante B-100 -- 140 gramos  30 x 40;11/11/2025;INGRESOS;500.0;500.0;PLIEGOS;0.05419344;Couche;LOCAL
PAPEL;100600034;Papel Couche Brillante B-100 -- 140 gramos  30 x 40;11/11/2025;INGRESOS;500.0;500.0;PLIEGOS;0.05419344;Couche;LOCAL
PAPEL;100600043;Papel Bond 75 gramos -- 26 x 38;4/11/2025;INGRESOS;500.0;500.0;PLIEGOS;0.023903178;Bond;LOCAL
PAPEL;100600043;Papel Bond 75 gramos -- 26 x 38;11/11/2025;INGRESOS;1500.0;1500.0;PLIEGOS;0.071709534;Bond;LOCAL
PAPEL;100600043;Papel Bond 75 gramos -- 26 x 38;19/11/2025;INGRESOS;18500.0;18500.0;PLIEGOS;0.884417586;Bond;LOCAL
PAPEL;100600043;Papel Bond 75 gramos -- 26 x 38;25/11/2025;INGRESOS;1000.0;1000.0;PLIEGOS;0.047806356;Bond;LOCAL
PAPEL;100600086;Cartulina Index -- 140 gramos  26 x 34;11/11/2025;INGRESOS;500.0;500.0;PLIEGOS;0.0398706;Varios;IMPORTACION
PAPEL;100600155;Papel Bond 75 gramos -- 23 x 36;18/11/2025;INGRESOS;4500.0;4500.0;PLIEGOS;0.180289962;Bond;LOCAL
PAPEL;100600164;Papel Bond 55 gramos -- 21 x 32;13/11/2025;INGRESOS;51000.0;51000.0;PLIEGOS;1.216100794;Bond;LOCAL
PAPEL;100600164;Papel Bond 55 gramos -- 21 x 32;18/11/2025;INGRESOS;38500.0;38500.0;PLIEGOS;0.918036874;Bond;LOCAL
CARTULINA;100300002;Cartulina Husky -- C-8 190 gramos 25 x 38;12/11/2025;CONSUMOS;-312.0;312.0;hoja(s);0.036325302;C8-25H;LOCAL
CARTULINA;100300002;Cartulina Husky -- C-8 190 gramos 25 x 38;17/11/2025;CONSUMOS;-54.0;54.0;hoja(s);0.006287072;C8-25H;LOCAL
CARTULINA;100300005;Cartulina Husky -- C-10 230 gramos 25 x 38;17/11/2025;CONSUMOS;-15300.0;15300.0;hoja(s);2.156355225;C10-25H;LOCAL
CARTULINA;100300005;Cartulina Husky -- C-10 230 gramos 25 x 38;27/11/2025;CONSUMOS;-1300.0;1300.0;hoja(s);0.183219725;C10-25H;LOCAL
CARTULINA;100300007;Cartulina Husky -- C-12 270 gramos 25 x 41.5 (29-89);17/11/2025;CONSUMOS;-600.0;600.0;hoja(s);0.10842498;C12-25H;LOCAL
CARTULINA;100300007;Cartulina Husky -- C-12 270 gramos 25 x 41.5 (29-89);26/11/2025;CONSUMOS;-10850.0;10850.0;hoja(s);1.960685055;C12-25H;LOCAL
CARTULINA;100300008;Cartulina Husky -- C-12 270 gramos 25 x 36;8/11/2025;CONSUMOS;-100.0;100.0;hoja(s);0.01567053;C12-25H;LOCAL
CARTULINA;100300008;Cartulina Husky -- C-12 270 gramos 25 x 36;12/11/2025;CONSUMOS;-30.0;30.0;hoja(s);0.004701159;C12-25H;LOCAL
CARTULINA;100300008;Cartulina Husky -- C-12 270 gramos 25 x 36;12/11/2025;CONSUMOS;-30.0;30.0;hoja(s);0.004701159;C12-25H;LOCAL
CARTULINA;100300008;Cartulina Husky -- C-12 270 gramos 25 x 36;12/11/2025;CONSUMOS;-40.0;40.0;hoja(s);0.006268212;C12-25H;LOCAL
CARTULINA;100300009;Cartulina Husky -- C-12 270 gramos 25 x 38;8/11/2025;CONSUMOS;-100.0;100.0;hoja(s);0.016544925;C12-25H;LOCAL
CARTULINA;100300009;Cartulina Husky -- C-12 270 gramos 25 x 38;26/11/2025;CONSUMOS;-100.0;100.0;hoja(s);0.016544925;C12-25H;LOCAL
CARTULINA;100300009;Cartulina Husky -- C-12 270 gramos 25 x 38;26/11/2025;CONSUMOS;-100.0;100.0;hoja(s);0.016544925;C12-25H;LOCAL
CARTULINA;100300009;Cartulina Husky -- C-12 270 gramos 25 x 38;26/11/2025;CONSUMOS;-800.0;800.0;hoja(s);0.1323594;C12-25H;LOCAL
CARTULINA;100300009;Cartulina Husky -- C-12 270 gramos 25 x 38;26/11/2025;CONSUMOS;-800.0;800.0;hoja(s);0.1323594;C12-25H;LOCAL
CARTULINA;100300011;Cartulina Husky -- C-14 300 gramos 25 x 38;12/11/2025;CONSUMOS;-600.0;600.0;hoja(s);0.1102995;C14-25H;LOCAL
CARTULINA;100300011;Cartulina Husky -- C-14 300 gramos 25 x 38;12/11/2025;CONSUMOS;-300.0;300.0;hoja(s);0.05514975;C14-25H;LOCAL
CARTULINA;100300011;Cartulina Husky -- C-14 300 gramos 25 x 38;17/11/2025;CONSUMOS;-1500.0;1500.0;hoja(s);0.27574875;C14-25H;LOCAL
CARTULINA;100300013;Cartulina Husky -- C-16 350 gramos 25 x 38;4/11/2025;CONSUMOS;-400.0;400.0;hoja(s);0.0857885;C16-25H;LOCAL
CARTULINA;100300013;Cartulina Husky -- C-16 350 gramos 25 x 38;8/11/2025;CONSUMOS;-400.0;400.0;hoja(s);0.0857885;C16-25H;LOCAL
CARTULINA;100300013;Cartulina Husky -- C-16 350 gramos 25 x 38;8/11/2025;CONSUMOS;-100.0;100.0;hoja(s);0.021447125;C16-25H;LOCAL
CARTULINA;100300013;Cartulina Husky -- C-16 350 gramos 25 x 38;12/11/2025;CONSUMOS;-400.0;400.0;hoja(s);0.0857885;C16-25H;LOCAL
CARTULINA;100300013;Cartulina Husky -- C-16 350 gramos 25 x 38;17/11/2025;CONSUMOS;-120.0;120.0;hoja(s);0.02573655;C16-25H;LOCAL
CARTULINA;100300013;Cartulina Husky -- C-16 350 gramos 25 x 38;27/11/2025;CONSUMOS;-1400.0;1400.0;hoja(s);0.30025975;C16-25H;LOCAL
CARTULINA;100300014;Cartulina Husky -- C-18 400 gramos 25 x 38;17/11/2025;CONSUMOS;-400.0;400.0;hoja(s);0.098044;C18-25H;LOCAL
CARTULINA;100300298;Cartulina FBB Zenith LOCAL -- C-14 235 gramos 25 x 38;26/11/2025;CONSUMOS;-2100.0;2100.0;hoja(s);0.302404463;C14-25;LOCAL
CARTULINA;100300298;Cartulina FBB Zenith LOCAL -- C-14 235 gramos 25 x 38;26/11/2025;CONSUMOS;-3000.0;3000.0;hoja(s);0.432006375;C14-25;LOCAL
CARTULINA;100300704;Cartulina FBB Zenith LOCAL -- C-16 270 gramos 25 x 36;12/11/2025;CONSUMOS;-3800.0;3800.0;hoja(s);0.59548014;C16-25;LOCAL
CARTULINA;100300704;Cartulina FBB Zenith LOCAL -- C-16 270 gramos 25 x 36;12/11/2025;CONSUMOS;-600.0;600.0;hoja(s);0.09402318;C16-25;LOCAL
CARTULINA;100300704;Cartulina FBB Zenith LOCAL -- C-16 270 gramos 25 x 36;26/11/2025;CONSUMOS;-3800.0;3800.0;hoja(s);0.59548014;C16-25;LOCAL
CARTULINA;100300704;Cartulina FBB Zenith LOCAL -- C-16 270 gramos 25 x 36;26/11/2025;CONSUMOS;-3500.0;3500.0;hoja(s);0.54846855;C16-25;LOCAL
CARTULINA;100300754;Cartulina FBB Zenith LOCAL -- C-16 270 gramos 30 x 40;12/11/2025;CONSUMOS;-100.0;100.0;hoja(s);0.020903184;C16-30;LOCAL
CARTULINA;100300996;Cartulina FBB Zenith LOCAL -- C-18 295 gramos 25 x 36;12/11/2025;CONSUMOS;-2800.0;2800.0;hoja(s);0.47940214;C18-25;LOCAL
CARTULINA;100300996;Cartulina FBB Zenith LOCAL -- C-18 295 gramos 25 x 36;17/11/2025;CONSUMOS;-5300.0;5300.0;hoja(s);0.907439765;C18-25;LOCAL
CARTULINA;100300996;Cartulina FBB Zenith LOCAL -- C-18 295 gramos 25 x 36;26/11/2025;CONSUMOS;-1200.0;1200.0;hoja(s);0.20545806;C18-25;LOCAL
CARTULINA;100301001;Cartulina FBB Zenith LOCAL -- C-18 295 gramos 25 x 38;26/11/2025;CONSUMOS;-700.0;700.0;hoja(s);0.126538038;C18-25;LOCAL
CARTULINA;100301046;Cartulina FBB Zenith LOCAL -- C-18 295 gramos 30 x 40;12/11/2025;CONSUMOS;-1200.0;1200.0;hoja(s);0.274063968;C18-30;LOCAL
CARTULINA;100301356;Rollo Cartulina ASIA SYMBOL C-16 270 g ancho 25;24/11/2025;CONSUMOS;-946.0;946.0;METROS;0.1621917;C16-25;IMPORTACION
CARTULINA;100301356;Rollo Cartulina ASIA SYMBOL C-16 270 g ancho 25;24/11/2025;CONSUMOS;-517.0;517.0;METROS;0.08863965;C16-25;IMPORTACION
CARTULINA;100301356;Rollo Cartulina ASIA SYMBOL C-16 270 g ancho 25;25/11/2025;CONSUMOS;-904.0;904.0;METROS;0.1549908;C16-25;IMPORTACION
CARTULINA;100301356;Rollo Cartulina ASIA SYMBOL C-16 270 g ancho 25;27/11/2025;CONSUMOS;-2350.0;2350.0;METROS;0.4029075;C16-25;IMPORTACION
CARTULINA;100301356;Rollo Cartulina ASIA SYMBOL C-16 270 g ancho 25;27/11/2025;CONSUMOS;-1485.0;1485.0;METROS;0.25460325;C16-25;IMPORTACION
CARTULINA;100301356;Rollo Cartulina ASIA SYMBOL C-16 270 g ancho 25;27/11/2025;CONSUMOS;-635.0;635.0;METROS;0.10887075;C16-25;IMPORTACION
CARTULINA;100301356;Rollo Cartulina ASIA SYMBOL C-16 270 g ancho 25;27/11/2025;CONSUMOS;-2474.0;2474.0;METROS;0.4241673;C16-25;IMPORTACION
CARTULINA;100301824;Rollo Cartulina ASIA SYMBOL C-14 235 g ancho 25;5/11/2025;CONSUMOS;-3444.0;3444.0;METROS;0.5139309;C14-25;IMPORTACION
CARTULINA;100301824;Rollo Cartulina ASIA SYMBOL C-14 235 g ancho 25;5/11/2025;CONSUMOS;-5268.0;5268.0;METROS;0.7861173;C14-25;IMPORTACION
CARTULINA;100301824;Rollo Cartulina ASIA SYMBOL C-14 235 g ancho 25;7/11/2025;CONSUMOS;-13076.0;13076.0;METROS;1.9512661;C14-25;IMPORTACION
CARTULINA;100301824;Rollo Cartulina ASIA SYMBOL C-14 235 g ancho 25;17/11/2025;CONSUMOS;-2230.0;2230.0;METROS;0.33277175;C14-25;IMPORTACION
CARTULINA;100301824;Rollo Cartulina ASIA SYMBOL C-14 235 g ancho 25;17/11/2025;CONSUMOS;-13580.0;13580.0;METROS;2.0264755;C14-25;IMPORTACION
CARTULINA;100301824;Rollo Cartulina ASIA SYMBOL C-14 235 g ancho 25;17/11/2025;CONSUMOS;-11903.0;11903.0;METROS;1.776225175;C14-25;IMPORTACION
CARTULINA;100301824;Rollo Cartulina ASIA SYMBOL C-14 235 g ancho 25;17/11/2025;CONSUMOS;-993.0;993.0;METROS;0.148180425;C14-25;IMPORTACION
CARTULINA;100301824;Rollo Cartulina ASIA SYMBOL C-14 235 g ancho 25;20/11/2025;CONSUMOS;-6683.0;6683.0;METROS;0.997270675;C14-25;IMPORTACION
CARTULINA;100301824;Rollo Cartulina ASIA SYMBOL C-14 235 g ancho 25;20/11/2025;CONSUMOS;-5505.0;5505.0;METROS;0.821483625;C14-25;IMPORTACION
CARTULINA;100301824;Rollo Cartulina ASIA SYMBOL C-14 235 g ancho 25;20/11/2025;CONSUMOS;-14568.0;14568.0;METROS;2.1739098;C14-25;IMPORTACION
CARTULINA;100301824;Rollo Cartulina ASIA SYMBOL C-14 235 g ancho 25;20/11/2025;CONSUMOS;-465.0;465.0;METROS;0.069389625;C14-25;IMPORTACION
CARTULINA;100301824;Rollo Cartulina ASIA SYMBOL C-14 235 g ancho 25;20/11/2025;CONSUMOS;-3042.0;3042.0;METROS;0.45394245;C14-25;IMPORTACION
CARTULINA;100301824;Rollo Cartulina ASIA SYMBOL C-14 235 g ancho 25;20/11/2025;CONSUMOS;-3268.0;3268.0;METROS;0.4876673;C14-25;IMPORTACION
CARTULINA;100301848;Rollo Cartulina ASIA SYMBOL C-20 325 g ancho 25;27/11/2025;CONSUMOS;-1573.0;1573.0;METROS;0.324627875;C20-25;IMPORTACION
CARTULINA;100301856;Rollo Cartulina OBAFREE --  C - 18 265 g ancho 23;18/11/2025;CONSUMOS;-12515.0;12515.0;METROS;1.9368214;FOSFORERA;IMPORTACION
CARTULINA;100301856;Rollo Cartulina OBAFREE --  C - 18 265 g ancho 23;24/11/2025;CONSUMOS;-1738.0;1738.0;METROS;0.26897288;FOSFORERA;IMPORTACION
CARTULINA;100301856;Rollo Cartulina OBAFREE --  C - 18 265 g ancho 23;27/11/2025;CONSUMOS;-892.0;892.0;METROS;0.13804592;FOSFORERA;IMPORTACION
CARTULINA;100301856;Rollo Cartulina OBAFREE --  C - 18 265 g ancho 23;27/11/2025;CONSUMOS;-710.0;710.0;METROS;0.1098796;FOSFORERA;IMPORTACION
CARTULINA;100301856;Rollo Cartulina OBAFREE --  C - 18 265 g ancho 23;27/11/2025;CONSUMOS;-875.0;875.0;METROS;0.135415;FOSFORERA;IMPORTACION
CARTULINA;100301856;Rollo Cartulina OBAFREE --  C - 18 265 g ancho 23;27/11/2025;CONSUMOS;-4771.0;4771.0;METROS;0.73835996;FOSFORERA;IMPORTACION
CARTULINA;100301882;Rollo Cartulina ASIA SYMBOL C-14 235 g ancho 25 (2989F);17/11/2025;CONSUMOS;-6886.0;6886.0;METROS;1.02756335;C14-25;IMPORTACION
CARTULINA;100301885;Rollo Cartulina ASIA SYMBOL C-16 270 g ancho 29 (2989F);24/11/2025;CONSUMOS;-209.0;209.0;METROS;0.04153248;C16-29;IMPORTACION
CARTULINA;100301885;Rollo Cartulina ASIA SYMBOL C-16 270 g ancho 29 (2989F);24/11/2025;CONSUMOS;-1469.0;1469.0;METROS;0.29191968;C16-29;IMPORTACION
CARTULINA;100301885;Rollo Cartulina ASIA SYMBOL C-16 270 g ancho 29 (2989F);24/11/2025;CONSUMOS;-1962.0;1962.0;METROS;0.38988864;C16-29;IMPORTACION
CARTULINA;100301885;Rollo Cartulina ASIA SYMBOL C-16 270 g ancho 29 (2989F);24/11/2025;CONSUMOS;-1897.0;1897.0;METROS;0.37697184;C16-29;IMPORTACION
CARTULINA;100301886;Rollo Cartulina ASIA SYMBOL C-18 295 g ancho 25 (2989F);7/11/2025;CONSUMOS;-8979.0;8979.0;METROS;1.681991175;C18-25;IMPORTACION
CARTULINA;100301886;Rollo Cartulina ASIA SYMBOL C-18 295 g ancho 25 (2989F);7/11/2025;CONSUMOS;-9065.0;9065.0;METROS;1.698101125;C18-25;IMPORTACION
CARTULINA;100301886;Rollo Cartulina ASIA SYMBOL C-18 295 g ancho 25 (2989F);7/11/2025;CONSUMOS;-13988.0;13988.0;METROS;2.6203021;C18-25;IMPORTACION
CARTULINA;100301886;Rollo Cartulina ASIA SYMBOL C-18 295 g ancho 25 (2989F);14/11/2025;CONSUMOS;-5864.0;5864.0;METROS;1.0984738;C18-25;IMPORTACION
CARTULINA;100301886;Rollo Cartulina ASIA SYMBOL C-18 295 g ancho 25 (2989F);17/11/2025;CONSUMOS;-1564.0;1564.0;METROS;0.2929763;C18-25;IMPORTACION
CARTULINA;100301886;Rollo Cartulina ASIA SYMBOL C-18 295 g ancho 25 (2989F);18/11/2025;CONSUMOS;-2812.0;2812.0;METROS;0.5267579;C18-25;IMPORTACION
CARTULINA;100301886;Rollo Cartulina ASIA SYMBOL C-18 295 g ancho 25 (2989F);26/11/2025;CONSUMOS;-15952.0;15952.0;METROS;2.9882084;C18-25;IMPORTACION
CARTULINA;100301886;Rollo Cartulina ASIA SYMBOL C-18 295 g ancho 25 (2989F);26/11/2025;CONSUMOS;-7094.0;7094.0;METROS;1.32888355;C18-25;IMPORTACION
CARTULINA;100301886;Rollo Cartulina ASIA SYMBOL C-18 295 g ancho 25 (2989F);26/11/2025;CONSUMOS;-3868.0;3868.0;METROS;0.7245731;C18-25;IMPORTACION
CARTULINA;100301900;Rollo Cartulina SBS CANDESCE -- C-24 407 g ancho 25 (29-89);18/11/2025;CONSUMOS;-1375.0;1375.0;METROS;0.355361875;GILDAN;IMPORTACION
CARTULINA;100301900;Rollo Cartulina SBS CANDESCE -- C-24 407 g ancho 25 (29-89);27/11/2025;CONSUMOS;-3080.0;3080.0;METROS;0.7960106;GILDAN;IMPORTACION
CARTULINA;100301904;Rollo Cartulina ASIA SYMBOL C-14 235 g ancho 28.5 (2989F);17/11/2025;CONSUMOS;-986.0;986.0;METROS;0.16752633;C14-29;IMPORTACION
CARTULINA;100301905;Rollo Cartulina ASIA SYMBOL C-12 215 g ancho 25 (29-89);26/11/2025;CONSUMOS;-1668.0;1668.0;METROS;0.2277237;C12-25;IMPORTACION
CARTULINA;100301908;Rollo Cartulina Nine Dragons C - 13.6 215 g ancho 25 (29-89);14/11/2025;CONSUMOS;-870.0;870.0;METROS;0.11877675;C13.6-25;IMPORTACION
CARTULINA;100301908;Rollo Cartulina Nine Dragons C - 13.6 215 g ancho 25 (29-89);14/11/2025;CONSUMOS;-470.0;470.0;METROS;0.06416675;C13.6-25;IMPORTACION
CARTULINA;100301908;Rollo Cartulina Nine Dragons C - 13.6 215 g ancho 25 (29-89);14/11/2025;CONSUMOS;-1267.0;1267.0;METROS;0.172977175;C13.6-25;IMPORTACION
CARTULINA;100301908;Rollo Cartulina Nine Dragons C - 13.6 215 g ancho 25 (29-89);14/11/2025;CONSUMOS;-8045.0;8045.0;METROS;1.098343625;C13.6-25;IMPORTACION
CARTULINA;100301908;Rollo Cartulina Nine Dragons C - 13.6 215 g ancho 25 (29-89);18/11/2025;CONSUMOS;-12980.0;12980.0;METROS;1.7720945;C13.6-25;IMPORTACION
CARTULINA;100301908;Rollo Cartulina Nine Dragons C - 13.6 215 g ancho 25 (29-89);20/11/2025;CONSUMOS;-3295.0;3295.0;METROS;0.449849875;C13.6-25;IMPORTACION
CARTULINA;100301908;Rollo Cartulina Nine Dragons C - 13.6 215 g ancho 25 (29-89);20/11/2025;CONSUMOS;-9580.0;9580.0;METROS;1.3079095;C13.6-25;IMPORTACION
CARTULINA;100301908;Rollo Cartulina Nine Dragons C - 13.6 215 g ancho 25 (29-89);20/11/2025;CONSUMOS;-4001.0;4001.0;METROS;0.546236525;C13.6-25;IMPORTACION
CARTULINA;100301908;Rollo Cartulina Nine Dragons C - 13.6 215 g ancho 25 (29-89);20/11/2025;CONSUMOS;-881.0;881.0;METROS;0.120278525;C13.6-25;IMPORTACION
CARTULINA;100301908;Rollo Cartulina Nine Dragons C - 13.6 215 g ancho 25 (29-89);20/11/2025;CONSUMOS;-9108.0;9108.0;METROS;1.2434697;C13.6-25;IMPORTACION
CARTULINA;100301908;Rollo Cartulina Nine Dragons C - 13.6 215 g ancho 25 (29-89);25/11/2025;CONSUMOS;-1844.0;1844.0;METROS;0.2517521;C13.6-25;IMPORTACION
CARTULINA;100301910;Rollo Cartulina OBAFREE --  C - 15 230 g ancho 25.5 (2989F);5/11/2025;CONSUMOS;-35076.0;35076.0;METROS;5.21965956;FOSFORERA;IMPORTACION
CARTULINA;100301910;Rollo Cartulina OBAFREE --  C - 15 230 g ancho 25.5 (2989F);18/11/2025;CONSUMOS;-21973.0;21973.0;METROS;3.26980213;FOSFORERA;IMPORTACION
CARTULINA;100301910;Rollo Cartulina OBAFREE --  C - 15 230 g ancho 25.5 (2989F);18/11/2025;CONSUMOS;-43754.0;43754.0;METROS;6.51103274;FOSFORERA;IMPORTACION
CARTULINA;100301910;Rollo Cartulina OBAFREE --  C - 15 230 g ancho 25.5 (2989F);18/11/2025;CONSUMOS;-26376.0;26376.0;METROS;3.92501256;FOSFORERA;IMPORTACION
CARTULINA;100301910;Rollo Cartulina OBAFREE --  C - 15 230 g ancho 25.5 (2989F);24/11/2025;CONSUMOS;-52602.0;52602.0;METROS;7.82770362;FOSFORERA;IMPORTACION
CARTULINA;100301912;Rollo Cartulina ASIA SYMBOL C-16 270 g ancho 25 (2989F);5/11/2025;CONSUMOS;-7802.0;7802.0;METROS;1.3376529;C16-25;IMPORTACION
CARTULINA;100301912;Rollo Cartulina ASIA SYMBOL C-16 270 g ancho 25 (2989F);5/11/2025;CONSUMOS;-6149.0;6149.0;METROS;1.05424605;C16-25;IMPORTACION
CARTULINA;100301912;Rollo Cartulina ASIA SYMBOL C-16 270 g ancho 25 (2989F);24/11/2025;CONSUMOS;-2103.0;2103.0;METROS;0.36055935;C16-25;IMPORTACION
CARTULINA;100301912;Rollo Cartulina ASIA SYMBOL C-16 270 g ancho 25 (2989F);24/11/2025;CONSUMOS;-2191.0;2191.0;METROS;0.37564695;C16-25;IMPORTACION
CARTULINA;100301912;Rollo Cartulina ASIA SYMBOL C-16 270 g ancho 25 (2989F);24/11/2025;CONSUMOS;-1196.0;1196.0;METROS;0.2050542;C16-25;IMPORTACION
CARTULINA;100301912;Rollo Cartulina ASIA SYMBOL C-16 270 g ancho 25 (2989F);24/11/2025;CONSUMOS;-1770.0;1770.0;METROS;0.3034665;C16-25;IMPORTACION
CARTULINA;100301912;Rollo Cartulina ASIA SYMBOL C-16 270 g ancho 25 (2989F);24/11/2025;CONSUMOS;-1888.0;1888.0;METROS;0.3236976;C16-25;IMPORTACION
CARTULINA;100301912;Rollo Cartulina ASIA SYMBOL C-16 270 g ancho 25 (2989F);24/11/2025;CONSUMOS;-975.0;975.0;METROS;0.16716375;C16-25;IMPORTACION
CARTULINA;100301912;Rollo Cartulina ASIA SYMBOL C-16 270 g ancho 25 (2989F);24/11/2025;CONSUMOS;-2156.0;2156.0;METROS;0.3696462;C16-25;IMPORTACION
CARTULINA;100301912;Rollo Cartulina ASIA SYMBOL C-16 270 g ancho 25 (2989F);24/11/2025;CONSUMOS;-1820.0;1820.0;METROS;0.312039;C16-25;IMPORTACION
CARTULINA;100301912;Rollo Cartulina ASIA SYMBOL C-16 270 g ancho 25 (2989F);24/11/2025;CONSUMOS;-2075.0;2075.0;METROS;0.35575875;C16-25;IMPORTACION
CARTULINA;100301912;Rollo Cartulina ASIA SYMBOL C-16 270 g ancho 25 (2989F);24/11/2025;CONSUMOS;-2290.0;2290.0;METROS;0.3926205;C16-25;IMPORTACION
CARTULINA;100301912;Rollo Cartulina ASIA SYMBOL C-16 270 g ancho 25 (2989F);24/11/2025;CONSUMOS;-1525.0;1525.0;METROS;0.26146125;C16-25;IMPORTACION
CARTULINA;100301912;Rollo Cartulina ASIA SYMBOL C-16 270 g ancho 25 (2989F);24/11/2025;CONSUMOS;-3336.0;3336.0;METROS;0.5719572;C16-25;IMPORTACION
CARTULINA;100301912;Rollo Cartulina ASIA SYMBOL C-16 270 g ancho 25 (2989F);24/11/2025;CONSUMOS;-2288.0;2288.0;METROS;0.3922776;C16-25;IMPORTACION
CARTULINA;100301912;Rollo Cartulina ASIA SYMBOL C-16 270 g ancho 25 (2989F);24/11/2025;CONSUMOS;-3320.0;3320.0;METROS;0.569214;C16-25;IMPORTACION
CARTULINA;100301912;Rollo Cartulina ASIA SYMBOL C-16 270 g ancho 25 (2989F);24/11/2025;CONSUMOS;-1556.0;1556.0;METROS;0.2667762;C16-25;IMPORTACION
CARTULINA;100301912;Rollo Cartulina ASIA SYMBOL C-16 270 g ancho 25 (2989F);24/11/2025;CONSUMOS;-2156.0;2156.0;METROS;0.3696462;C16-25;IMPORTACION
CARTULINA;100301912;Rollo Cartulina ASIA SYMBOL C-16 270 g ancho 25 (2989F);24/11/2025;CONSUMOS;-2261.0;2261.0;METROS;0.38764845;C16-25;IMPORTACION
CARTULINA;100301912;Rollo Cartulina ASIA SYMBOL C-16 270 g ancho 25 (2989F);24/11/2025;CONSUMOS;-663.0;663.0;METROS;0.11367135;C16-25;IMPORTACION
CARTULINA;100301912;Rollo Cartulina ASIA SYMBOL C-16 270 g ancho 25 (2989F);24/11/2025;CONSUMOS;-11028.0;11028.0;METROS;1.8907506;C16-25;IMPORTACION
CARTULINA;100301912;Rollo Cartulina ASIA SYMBOL C-16 270 g ancho 25 (2989F);24/11/2025;CONSUMOS;-1611.0;1611.0;METROS;0.27620595;C16-25;IMPORTACION
CARTULINA;100301912;Rollo Cartulina ASIA SYMBOL C-16 270 g ancho 25 (2989F);24/11/2025;CONSUMOS;-336.0;336.0;METROS;0.0576072;C16-25;IMPORTACION
CARTULINA;100301912;Rollo Cartulina ASIA SYMBOL C-16 270 g ancho 25 (2989F);27/11/2025;CONSUMOS;-385.0;385.0;METROS;0.06600825;C16-25;IMPORTACION
CARTULINA;100301912;Rollo Cartulina ASIA SYMBOL C-16 270 g ancho 25 (2989F);27/11/2025;CONSUMOS;-2075.0;2075.0;METROS;0.35575875;C16-25;IMPORTACION
CARTULINA;100301912;Rollo Cartulina ASIA SYMBOL C-16 270 g ancho 25 (2989F);27/11/2025;CONSUMOS;-456.0;456.0;METROS;0.0781812;C16-25;IMPORTACION
CARTULINA;100301913;Rollo Cartulina BRIGHT --  C - 16 245 g ancho 25 (2989F);26/11/2025;CONSUMOS;-300.0;300.0;METROS;0.0466725;BAYER;IMPORTACION
CARTULINA;100301913;Rollo Cartulina BRIGHT --  C - 16 245 g ancho 25 (2989F);26/11/2025;CONSUMOS;-366.0;366.0;METROS;0.05694045;BAYER;IMPORTACION
CARTULINA;100301913;Rollo Cartulina BRIGHT --  C - 16 245 g ancho 25 (2989F);27/11/2025;CONSUMOS;-33473.0;33473.0;METROS;5.207561975;BAYER;IMPORTACION
CARTULINA;100301917;Rollo Cartulina Nine Dragons C - 16.3 255 g ancho 25 (29-89);7/11/2025;CONSUMOS;-825.0;825.0;METROS;0.133588125;C16.3-25;IMPORTACION
CARTULINA;100301917;Rollo Cartulina Nine Dragons C - 16.3 255 g ancho 25 (29-89);12/11/2025;CONSUMOS;-840.0;840.0;METROS;0.136017;C16.3-25;IMPORTACION
CARTULINA;100301917;Rollo Cartulina Nine Dragons C - 16.3 255 g ancho 25 (29-89);12/11/2025;CONSUMOS;-1283.0;1283.0;METROS;0.207749775;C16.3-25;IMPORTACION
CARTULINA;100301917;Rollo Cartulina Nine Dragons C - 16.3 255 g ancho 25 (29-89);12/11/2025;CONSUMOS;-2875.0;2875.0;METROS;0.465534375;C16.3-25;IMPORTACION
CARTULINA;100301917;Rollo Cartulina Nine Dragons C - 16.3 255 g ancho 25 (29-89);12/11/2025;CONSUMOS;-759.0;759.0;METROS;0.122901075;C16.3-25;IMPORTACION
CARTULINA;100301917;Rollo Cartulina Nine Dragons C - 16.3 255 g ancho 25 (29-89);12/11/2025;CONSUMOS;-657.0;657.0;METROS;0.106384725;C16.3-25;IMPORTACION
CARTULINA;100301917;Rollo Cartulina Nine Dragons C - 16.3 255 g ancho 25 (29-89);14/11/2025;CONSUMOS;-694.0;694.0;METROS;0.11237595;C16.3-25;IMPORTACION
CARTULINA;100301917;Rollo Cartulina Nine Dragons C - 16.3 255 g ancho 25 (29-89);24/11/2025;CONSUMOS;-1165.0;1165.0;METROS;0.188642625;C16.3-25;IMPORTACION
CARTULINA;100301917;Rollo Cartulina Nine Dragons C - 16.3 255 g ancho 25 (29-89);24/11/2025;CONSUMOS;-637.0;637.0;METROS;0.103146225;C16.3-25;IMPORTACION
CARTULINA;100301917;Rollo Cartulina Nine Dragons C - 16.3 255 g ancho 25 (29-89);24/11/2025;CONSUMOS;-1796.0;1796.0;METROS;0.2908173;C16.3-25;IMPORTACION
CARTULINA;100301917;Rollo Cartulina Nine Dragons C - 16.3 255 g ancho 25 (29-89);24/11/2025;CONSUMOS;-2255.0;2255.0;METROS;0.365140875;C16.3-25;IMPORTACION
CARTULINA;100301917;Rollo Cartulina Nine Dragons C - 16.3 255 g ancho 25 (29-89);24/11/2025;CONSUMOS;-1051.0;1051.0;METROS;0.170183175;C16.3-25;IMPORTACION
CARTULINA;100301917;Rollo Cartulina Nine Dragons C - 16.3 255 g ancho 25 (29-89);24/11/2025;CONSUMOS;-3543.0;3543.0;METROS;0.573700275;C16.3-25;IMPORTACION
CARTULINA;100301917;Rollo Cartulina Nine Dragons C - 16.3 255 g ancho 25 (29-89);24/11/2025;CONSUMOS;-3916.0;3916.0;METROS;0.6340983;C16.3-25;IMPORTACION
CARTULINA;100301917;Rollo Cartulina Nine Dragons C - 16.3 255 g ancho 25 (29-89);24/11/2025;CONSUMOS;-549.0;549.0;METROS;0.088896825;C16.3-25;IMPORTACION
CARTULINA;100301917;Rollo Cartulina Nine Dragons C - 16.3 255 g ancho 25 (29-89);24/11/2025;CONSUMOS;-2155.0;2155.0;METROS;0.348948375;C16.3-25;IMPORTACION
CARTULINA;100301917;Rollo Cartulina Nine Dragons C - 16.3 255 g ancho 25 (29-89);26/11/2025;CONSUMOS;-2026.0;2026.0;METROS;0.32806005;C16.3-25;IMPORTACION
CARTULINA;100301917;Rollo Cartulina Nine Dragons C - 16.3 255 g ancho 25 (29-89);26/11/2025;CONSUMOS;-8994.0;8994.0;METROS;1.45635345;C16.3-25;IMPORTACION
CARTULINA;100301917;Rollo Cartulina Nine Dragons C - 16.3 255 g ancho 25 (29-89);27/11/2025;CONSUMOS;-1130.0;1130.0;METROS;0.18297525;C16.3-25;IMPORTACION
CARTULINA;100301919;Rollo Cartulina Nine Dragons C - 16.3 255 g ancho 29 (29-89);17/11/2025;CONSUMOS;-1660.0;1660.0;METROS;0.3115488;C16.3-29;IMPORTACION
CARTULINA;100301919;Rollo Cartulina Nine Dragons C - 16.3 255 g ancho 29 (29-89);17/11/2025;CONSUMOS;-492.0;492.0;METROS;0.09233856;C16.3-29;IMPORTACION
CARTULINA;100301919;Rollo Cartulina Nine Dragons C - 16.3 255 g ancho 29 (29-89);24/11/2025;CONSUMOS;-4576.0;4576.0;METROS;0.85882368;C16.3-29;IMPORTACION
CARTULINA;100301919;Rollo Cartulina Nine Dragons C - 16.3 255 g ancho 29 (29-89);25/11/2025;CONSUMOS;-726.0;726.0;METROS;0.13625568;C16.3-29;IMPORTACION
CARTULINA;100301920;Rollo Cartulina Nine Dragons C - 16.3 255 g ancho 35.5 (29-89);26/11/2025;CONSUMOS;-4693.0;4693.0;METROS;1.078240215;C16.3-35.5;IMPORTACION
CARTULINA;100301922;Rollo Cartulina ASIA SYMBOL C-18 295 g ancho 29 (2989F);7/11/2025;CONSUMOS;-17922.0;17922.0;METROS;3.89122464;C18-29;IMPORTACION
CARTULINA;100301922;Rollo Cartulina ASIA SYMBOL C-18 295 g ancho 29 (2989F);18/11/2025;CONSUMOS;-4481.0;4481.0;METROS;0.97291472;C18-29;IMPORTACION
CARTULINA;100301924;Rollo Cartulina Nine Dragons C - 18.3 290 g ancho 25;18/11/2025;CONSUMOS;-2297.0;2297.0;METROS;0.42299255;C18-25;IMPORTACION
CARTULINA;100301924;Rollo Cartulina Nine Dragons C - 18.3 290 g ancho 25;20/11/2025;CONSUMOS;-1094.0;1094.0;METROS;0.2014601;C18-25;IMPORTACION
CARTULINA;100301926;Rollo Cartulina ASIA SYMBOL C-19 310 g ancho 25 (29-89);20/11/2025;CONSUMOS;-1515.0;1515.0;METROS;0.29822775;C19-25;IMPORTACION
CARTULINA;100301928;Rollo Cartulina Nine Dragons C - 19 305 g ancho 25 (29-89) REGIONAL;18/11/2025;CONSUMOS;-11898.0;11898.0;METROS;2.30434515;C19-25;IMPORTACION
CARTULINA;100301928;Rollo Cartulina Nine Dragons C - 19 305 g ancho 25 (29-89) REGIONAL;18/11/2025;CONSUMOS;-5607.0;5607.0;METROS;1.085935725;C19-25;IMPORTACION
CARTULINA;100301928;Rollo Cartulina Nine Dragons C - 19 305 g ancho 25 (29-89) REGIONAL;18/11/2025;CONSUMOS;-7649.0;7649.0;METROS;1.481420075;C19-25;IMPORTACION
CARTULINA;100301928;Rollo Cartulina Nine Dragons C - 19 305 g ancho 25 (29-89) REGIONAL;18/11/2025;CONSUMOS;-6446.0;6446.0;METROS;1.24842905;C19-25;IMPORTACION
CARTULINA;100301928;Rollo Cartulina Nine Dragons C - 19 305 g ancho 25 (29-89) REGIONAL;20/11/2025;CONSUMOS;-5096.0;5096.0;METROS;0.9869678;C19-25;IMPORTACION
CARTULINA;100301928;Rollo Cartulina Nine Dragons C - 19 305 g ancho 25 (29-89) REGIONAL;20/11/2025;CONSUMOS;-2259.0;2259.0;METROS;0.437511825;C19-25;IMPORTACION
CARTULINA;100301928;Rollo Cartulina Nine Dragons C - 19 305 g ancho 25 (29-89) REGIONAL;20/11/2025;CONSUMOS;-2060.0;2060.0;METROS;0.3989705;C19-25;IMPORTACION
CARTULINA;100301928;Rollo Cartulina Nine Dragons C - 19 305 g ancho 25 (29-89) REGIONAL;20/11/2025;CONSUMOS;-5477.0;5477.0;METROS;1.060757975;C19-25;IMPORTACION
CARTULINA;100301928;Rollo Cartulina Nine Dragons C - 19 305 g ancho 25 (29-89) REGIONAL;24/11/2025;CONSUMOS;-6583.0;6583.0;METROS;1.274962525;C19-25;IMPORTACION
CARTULINA;100301930;Rollo Cartulina ASIA SYMBOL C-20 325 g ancho 29 (2989F);24/11/2025;CONSUMOS;-1711.0;1711.0;METROS;0.4092712;C20-29;IMPORTACION
CARTULINA;100301931;Rollo Cartulina Policote 1PE0/15 C-13.5 225g ancho 23.5 REGIONAL;17/11/2025;CONSUMOS;-42564.0;42564.0;METROS;5.7078324;POLICOTE;IMPORTACION
CARTULINA 29-89;100304547;Rollo Cartulina Spectra Natural -- C-18 267g ancho 27;7/11/2025;CONSUMOS;-79011.0;79011.0;METROS;14.46759359;BCONSUMOSBO;IMPORTACION
CARTULINA 29-89;100304547;Rollo Cartulina Spectra Natural -- C-18 267g ancho 27;7/11/2025;CONSUMOS;-5102.0;5102.0;METROS;0.934220077;BCONSUMOSBO;IMPORTACION
CARTULINA;100304560;Rollo Cartulina FBB FSC MIXTO KING PAPER--  C - 13.6 225 g ancho 36.5;12/11/2025;CONSUMOS;-38252.0;38252.0;METROS;7.9784109;POLICOTE;IMPORTACION
CARTULINA;100304560;Rollo Cartulina FBB FSC MIXTO KING PAPER--  C - 13.6 225 g ancho 36.5;24/11/2025;CONSUMOS;-1345.0;1345.0;METROS;0.280533375;POLICOTE;IMPORTACION
CARTULINA;100304563;Rollo Cartulina Nine Dragons C - 12 205 g ancho 25 (29-89);20/11/2025;CONSUMOS;-22020.0;22020.0;METROS;2.8664535;C12-25;IMPORTACION
CARTULINA;100304564;Cartulina FBB NINE DRAGONS -- C-12 205 gramos 25 x 38;8/11/2025;CONSUMOS;-1295.0;1295.0;hoja(s);0.162676443;C12-25;IMPORTACION
CARTULINA;100304564;Cartulina FBB NINE DRAGONS -- C-12 205 gramos 25 x 38;8/11/2025;CONSUMOS;-995.0;995.0;hoja(s);0.124990781;C12-25;IMPORTACION
CARTULINA;100304564;Cartulina FBB NINE DRAGONS -- C-12 205 gramos 25 x 38;26/11/2025;CONSUMOS;-1100.0;1100.0;hoja(s);0.138180763;C12-25;IMPORTACION
CARTULINA;100304564;Cartulina FBB NINE DRAGONS -- C-12 205 gramos 25 x 38;26/11/2025;CONSUMOS;-660.0;660.0;hoja(s);0.082908458;C12-25;IMPORTACION
CARTULINA;100304564;Cartulina FBB NINE DRAGONS -- C-12 205 gramos 25 x 38;26/11/2025;CONSUMOS;-51610.0;51610.0;hoja(s);6.483190139;C12-25;IMPORTACION
CARTULINA;100304565;Rollo Cartulina DEINGRESOSCA FSC --  C - 13.5 225 g ancho 23.125;5/11/2025;CONSUMOS;-16225.0;16225.0;METROS;2.142916875;OLMECA;IMPORTACION
CARTULINA;100304565;Rollo Cartulina DEINGRESOSCA FSC --  C - 13.5 225 g ancho 23.125;14/11/2025;CONSUMOS;-629.0;629.0;METROS;0.083075175;OLMECA;IMPORTACION
CARTULINA;100304565;Rollo Cartulina DEINGRESOSCA FSC --  C - 13.5 225 g ancho 23.125;14/11/2025;CONSUMOS;-1398.0;1398.0;METROS;0.18464085;OLMECA;IMPORTACION
CARTULINA;100304565;Rollo Cartulina DEINGRESOSCA FSC --  C - 13.5 225 g ancho 23.125;14/11/2025;CONSUMOS;-8713.0;8713.0;METROS;1.150769475;OLMECA;IMPORTACION
CARTULINA;100304565;Rollo Cartulina DEINGRESOSCA FSC --  C - 13.5 225 g ancho 23.125;14/11/2025;CONSUMOS;-8436.0;8436.0;METROS;1.1141847;OLMECA;IMPORTACION
CARTULINA;100304565;Rollo Cartulina DEINGRESOSCA FSC --  C - 13.5 225 g ancho 23.125;14/11/2025;CONSUMOS;-23629.0;23629.0;METROS;3.120800175;OLMECA;IMPORTACION
CARTULINA;100304565;Rollo Cartulina DEINGRESOSCA FSC --  C - 13.5 225 g ancho 23.125;14/11/2025;CONSUMOS;-31578.0;31578.0;METROS;4.17066435;OLMECA;IMPORTACION
CARTULINA;100304565;Rollo Cartulina DEINGRESOSCA FSC --  C - 13.5 225 g ancho 23.125;25/11/2025;CONSUMOS;-31442.0;31442.0;METROS;4.15270215;OLMECA;IMPORTACION
CARTULINA;100304565;Rollo Cartulina DEINGRESOSCA FSC --  C - 13.5 225 g ancho 23.125;25/11/2025;CONSUMOS;-16714.0;16714.0;METROS;2.20750155;OLMECA;IMPORTACION
CARTULINA;100304642;Rollo Cartulina Nine Dragons C - 19 305 g ancho 29;5/11/2025;CONSUMOS;-2303.0;2303.0;METROS;0.517398889;C19-29;IMPORTACION
CARTULINA;100304642;Rollo Cartulina Nine Dragons C - 19 305 g ancho 29;18/11/2025;CONSUMOS;-17792.0;17792.0;METROS;3.997204096;C19-29;IMPORTACION
CARTULINA 29-89;100305967;Rollo Cartulina Nine Dragons C - 18.3 290 g ancho 29;18/11/2025;CONSUMOS;-9522.0;9522.0;METROS;2.034032508;C18-29;IMPORTACION
CARTULINA 29-89;100305967;Rollo Cartulina Nine Dragons C - 18.3 290 g ancho 29;18/11/2025;CONSUMOS;-18168.0;18168.0;METROS;3.880939152;C18-29;IMPORTACION
CARTULINA 29-89;100305967;Rollo Cartulina Nine Dragons C - 18.3 290 g ancho 29;20/11/2025;CONSUMOS;-2485.0;2485.0;METROS;0.53083079;C18-29;IMPORTACION
CARTULINA 29-89;100305967;Rollo Cartulina Nine Dragons C - 18.3 290 g ancho 29;26/11/2025;CONSUMOS;-785.0;785.0;METROS;0.16768699;C18-29;IMPORTACION
CARTULINA;100305981;Cartulina FBB DUPLEX MIRABELL -- C-16 300 gramos  28 x 34;26/11/2025;CONSUMOS;-102005.0;102005.0;PLIEGOS;18.79520628;COLGATE-75;IMPORTACION
CARTULINA;100305982;Cartulina FBB DUPLEX MIRABELL -- C-16 300 gramos  20 x 32.5;26/11/2025;CONSUMOS;-111305.0;111305.0;PLIEGOS;14.00285909;COLGATE-100;IMPORTACION
CARTULINA;100305982;Cartulina FBB DUPLEX MIRABELL -- C-16 300 gramos  20 x 32.5;26/11/2025;CONSUMOS;-4000.0;4000.0;PLIEGOS;0.5032248;COLGATE-100;IMPORTACION
CARTULINA;100305982;Cartulina FBB DUPLEX MIRABELL -- C-16 300 gramos  20 x 32.5;26/11/2025;CONSUMOS;-14105.0;14105.0;PLIEGOS;1.774496451;COLGATE-100;IMPORTACION
CARTULINA;100305984;Cartulina FBB DUPLEX MIRABELL -- C-16 300 gramos  25 x 34;26/11/2025;CONSUMOS;-25905.0;25905.0;PLIEGOS;4.261781799;COLGATE-22;IMPORTACION
CARTULINA;100305996;Cartulina SPARK -- C-16 250 gramos 25 X 38;27/11/2025;CONSUMOS;-2600.0;2600.0;hoja(s);0.3983863;Spark;LOCAL
CARTULINA;100305997;Cartulina SPARK -- C-16 250 gramos 25 X 36;12/11/2025;CONSUMOS;-100.0;100.0;hoja(s);0.0145161;Spark;LOCAL
CARTULINA;100306002;Cartulina FBB DRAGONS YA ESTÁ -- C-16.3 255 gramos  39.5 x 25;26/11/2025;CONSUMOS;-92855.0;92855.0;PLIEGOS;15.08516318;YA ESTA;IMPORTACION
CARTULINA;100306002;Cartulina FBB DRAGONS YA ESTÁ -- C-16.3 255 gramos  39.5 x 25;27/11/2025;CONSUMOS;-8240.0;8240.0;PLIEGOS;1.338665065;YA ESTA;IMPORTACION
PAPEL;100600005;Papel Bond 75 gramos -- 22 x 34;12/11/2025;CONSUMOS;-8000.0;8000.0;PLIEGOS;0.2889324;Bond;LOCAL
PAPEL;100600011;Papel Bond 90 gramos -- 22 x 34;17/11/2025;CONSUMOS;-665.0;665.0;PLIEGOS;0.028821007;Bond;LOCAL
PAPEL;100600011;Papel Bond 90 gramos -- 22 x 34;19/11/2025;CONSUMOS;-635.0;635.0;PLIEGOS;0.027520811;Bond;LOCAL
PAPEL;100600011;Papel Bond 90 gramos -- 22 x 34;19/11/2025;CONSUMOS;-400.0;400.0;PLIEGOS;0.017335944;Bond;LOCAL
PAPEL;100600011;Papel Bond 90 gramos -- 22 x 34;20/11/2025;CONSUMOS;-800.0;800.0;PLIEGOS;0.034671888;Bond;LOCAL
PAPEL;100600012;Papel Bond 90 gramos -- 24 x 36;20/11/2025;CONSUMOS;-300.0;300.0;PLIEGOS;0.015028902;Bond;LOCAL
PAPEL;100600012;Papel Bond 90 gramos -- 24 x 36;20/11/2025;CONSUMOS;-400.0;400.0;PLIEGOS;0.020038536;Bond;LOCAL
PAPEL;100600012;Papel Bond 90 gramos -- 24 x 36;27/11/2025;CONSUMOS;-500.0;500.0;PLIEGOS;0.02504817;Bond;LOCAL
PAPEL;100600013;Papel Bond 90 gramos -- 26 x 34;12/11/2025;CONSUMOS;-57.0;57.0;PLIEGOS;0.002921945;Bond;LOCAL
PAPEL;100600013;Papel Bond 90 gramos -- 26 x 34;17/11/2025;CONSUMOS;-362.0;362.0;PLIEGOS;0.018556916;Bond;LOCAL
PAPEL;100600013;Papel Bond 90 gramos -- 26 x 34;17/11/2025;CONSUMOS;-363.0;363.0;PLIEGOS;0.018608179;Bond;LOCAL
PAPEL;100600015;Papel Bond 120 gramos -- 22 x 34;12/11/2025;CONSUMOS;-700.0;700.0;PLIEGOS;0.040450536;Bond;LOCAL
PAPEL;100600017;Papel Bond 120 gramos -- 26 x 34;17/11/2025;CONSUMOS;-1250.0;1250.0;PLIEGOS;0.085437;Bond;LOCAL
PAPEL;100600018;Papel Bond 60 gramos -- 21 x 30;12/11/2025;CONSUMOS;-2600.0;2600.0;PLIEGOS;0.063358776;Bond;LOCAL
PAPEL;100600018;Papel Bond 60 gramos -- 21 x 30;20/11/2025;CONSUMOS;-12200.0;12200.0;PLIEGOS;0.297298872;Bond;LOCAL
PAPEL;100600021;Papel Couche Brillante - 1 Cara - B-60 -- 90 gramos  25 x 36;4/11/2025;CONSUMOS;-900.0;900.0;PLIEGOS;0.04701159;Couche;LOCAL
PAPEL;100600021;Papel Couche Brillante - 1 Cara - B-60 -- 90 gramos  25 x 36;20/11/2025;CONSUMOS;-14000.0;14000.0;PLIEGOS;0.7312914;Couche;LOCAL
PAPEL;100600023;Papel Couche Brillante - 1 Cara - B-60 -- 90 gramos  25 x 38;19/11/2025;CONSUMOS;-9300.0;9300.0;PLIEGOS;0.512892675;Couche;LOCAL
PAPEL;100600023;Papel Couche Brillante - 1 Cara - B-60 -- 90 gramos  25 x 38;19/11/2025;CONSUMOS;-29400.0;29400.0;PLIEGOS;1.62140265;Couche;LOCAL
PAPEL;100600023;Papel Couche Brillante - 1 Cara - B-60 -- 90 gramos  25 x 38;20/11/2025;CONSUMOS;-1100.0;1100.0;PLIEGOS;0.060664725;Couche;LOCAL
PAPEL;100600026;Papel Couche Brillante B-70 -- 105 gramos  25 x 36;20/11/2025;CONSUMOS;-3250.0;3250.0;PLIEGOS;0.198058088;Couche;LOCAL
PAPEL;100600026;Papel Couche Brillante B-70 -- 105 gramos  25 x 36;20/11/2025;CONSUMOS;-63250.0;63250.0;PLIEGOS;3.854515088;Couche;LOCAL
PAPEL;100600030;Papel Couche Brillante B-80 -- 115 gramos  30 x40;12/11/2025;CONSUMOS;-10200.0;10200.0;PLIEGOS;0.718785075;Couche;LOCAL
PAPEL;100600030;Papel Couche Brillante B-80 -- 115 gramos  30 x40;26/11/2025;CONSUMOS;-52.0;52.0;PLIEGOS;0.003664395;Couche;LOCAL
PAPEL;100600032;Papel Couche Brillante B-100 -- 140 gramos  25 x 36;8/11/2025;CONSUMOS;-200.0;200.0;PLIEGOS;0.01625092;Couche;LOCAL
PAPEL;100600032;Papel Couche Brillante B-100 -- 140 gramos  25 x 36;17/11/2025;CONSUMOS;-500.0;500.0;PLIEGOS;0.0406273;Couche;LOCAL
PAPEL;100600032;Papel Couche Brillante B-100 -- 140 gramos  25 x 36;20/11/2025;CONSUMOS;-3100.0;3100.0;PLIEGOS;0.25188926;Couche;LOCAL
PAPEL;100600032;Papel Couche Brillante B-100 -- 140 gramos  25 x 36;26/11/2025;CONSUMOS;-500.0;500.0;PLIEGOS;0.0406273;Couche;LOCAL
PAPEL;100600032;Papel Couche Brillante B-100 -- 140 gramos  25 x 36;27/11/2025;CONSUMOS;-3900.0;3900.0;PLIEGOS;0.31689294;Couche;LOCAL
PAPEL;100600032;Papel Couche Brillante B-100 -- 140 gramos  25 x 36;27/11/2025;CONSUMOS;-1600.0;1600.0;PLIEGOS;0.13000736;Couche;LOCAL
PAPEL;100600033;Papel Couche Brillante B-100 -- 140 gramos  25 x 38;4/11/2025;CONSUMOS;-600.0;600.0;PLIEGOS;0.0514731;Couche;LOCAL
PAPEL;100600033;Papel Couche Brillante B-100 -- 140 gramos  25 x 38;8/11/2025;CONSUMOS;-200.0;200.0;PLIEGOS;0.0171577;Couche;LOCAL
PAPEL;100600033;Papel Couche Brillante B-100 -- 140 gramos  25 x 38;17/11/2025;CONSUMOS;-108.0;108.0;PLIEGOS;0.009265158;Couche;LOCAL
PAPEL;100600033;Papel Couche Brillante B-100 -- 140 gramos  25 x 38;20/11/2025;CONSUMOS;-1800.0;1800.0;PLIEGOS;0.1544193;Couche;LOCAL
PAPEL;100600034;Papel Couche Brillante B-100 -- 140 gramos  30 x 40;26/11/2025;CONSUMOS;-1000.0;1000.0;PLIEGOS;0.10838688;Couche;LOCAL
PAPEL;100600043;Papel Bond 75 gramos -- 26 x 38;12/11/2025;CONSUMOS;-100.0;100.0;PLIEGOS;0.004780636;Bond;LOCAL
PAPEL;100600043;Papel Bond 75 gramos -- 26 x 38;17/11/2025;CONSUMOS;-1400.0;1400.0;PLIEGOS;0.066928898;Bond;LOCAL
PAPEL;100600043;Papel Bond 75 gramos -- 26 x 38;20/11/2025;CONSUMOS;-18400.0;18400.0;PLIEGOS;0.87963695;Bond;LOCAL
PAPEL;100600043;Papel Bond 75 gramos -- 26 x 38;26/11/2025;CONSUMOS;-900.0;900.0;PLIEGOS;0.04302572;Bond;LOCAL
PAPEL;100600043;Papel Bond 75 gramos -- 26 x 38;26/11/2025;CONSUMOS;-100.0;100.0;PLIEGOS;0.004780636;Bond;LOCAL
PAPEL;100600045;Papel Couche Brillante B-80 -- 115 gramos  30 x 40;4/11/2025;CONSUMOS;-1300.0;1300.0;PLIEGOS;0.115741704;Couche;LOCAL
PAPEL;100600045;Papel Couche Brillante B-80 -- 115 gramos  30 x 40;26/11/2025;CONSUMOS;-212.0;212.0;PLIEGOS;0.018874801;Couche;LOCAL
PAPEL;100600045;Papel Couche Brillante B-80 -- 115 gramos  30 x 40;27/11/2025;CONSUMOS;-48.0;48.0;PLIEGOS;0.00427354;Couche;LOCAL
PAPEL;100600068;Cartulina FBB Zenith --  C-22 330 gramos  25 x 38;12/11/2025;CONSUMOS;-5900.0;5900.0;PLIEGOS;1.193320194;C22-25;LOCAL
PAPEL;100600086;Cartulina Index -- 140 gramos  26 x 34;17/11/2025;CONSUMOS;-400.0;400.0;PLIEGOS;0.03189648;Varios;IMPORTACION
PAPEL;100600102;Rollo Cartulina BRIGHT --  C - 16 245 g ancho 25;5/11/2025;CONSUMOS;-3561.0;3561.0;METROS;0.554002575;BAYER;IMPORTACION
PAPEL;100600102;Rollo Cartulina BRIGHT --  C - 16 245 g ancho 25;25/11/2025;CONSUMOS;-27410.0;27410.0;METROS;4.26431075;BAYER;IMPORTACION
PAPEL;100600102;Rollo Cartulina BRIGHT --  C - 16 245 g ancho 25;26/11/2025;CONSUMOS;-369.0;369.0;METROS;0.057407175;BAYER;IMPORTACION
PAPEL;100600102;Rollo Cartulina BRIGHT --  C - 16 245 g ancho 25;26/11/2025;CONSUMOS;-390.0;390.0;METROS;0.06067425;BAYER;IMPORTACION
PAPEL;100600102;Rollo Cartulina BRIGHT --  C - 16 245 g ancho 25;26/11/2025;CONSUMOS;-501.0;501.0;METROS;0.077943075;BAYER;IMPORTACION
PAPEL;100600102;Rollo Cartulina BRIGHT --  C - 16 245 g ancho 25;26/11/2025;CONSUMOS;-510.0;510.0;METROS;0.07934325;BAYER;IMPORTACION
PAPEL;100600102;Rollo Cartulina BRIGHT --  C - 16 245 g ancho 25;26/11/2025;CONSUMOS;-153.0;153.0;METROS;0.023802975;BAYER;IMPORTACION
PAPEL;100600104;Rollo Cartulina CMPC RC --  C - 17 255 g ancho 23;17/11/2025;CONSUMOS;-14746.0;14746.0;METROS;2.19597432;CMPC RC;IMPORTACION
PAPEL;100600137;Rollo Cartulina POPLAR --  C - 14 220 g ancho 28.5;5/11/2025;CONSUMOS;-1100.0;1100.0;METROS;0.174966;C14-29;IMPORTACION
PAPEL;100600143;Rollo Cartulina FBB OBAFREE FSC MIXTO --  C - 13.5 225 g ancho 24.5;25/11/2025;CONSUMOS;-9451.0;9451.0;METROS;1.32266745;OLMECA;IMPORTACION
PAPEL;100600143;Rollo Cartulina FBB OBAFREE FSC MIXTO --  C - 13.5 225 g ancho 24.5;25/11/2025;CONSUMOS;-9315.0;9315.0;METROS;1.30363425;OLMECA;IMPORTACION
PAPEL;100600143;Rollo Cartulina FBB OBAFREE FSC MIXTO --  C - 13.5 225 g ancho 24.5;25/11/2025;CONSUMOS;-8810.0;8810.0;METROS;1.2329595;OLMECA;IMPORTACION
PAPEL;100600143;Rollo Cartulina FBB OBAFREE FSC MIXTO --  C - 13.5 225 g ancho 24.5;25/11/2025;CONSUMOS;-16131.0;16131.0;METROS;2.25753345;OLMECA;IMPORTACION
PAPEL;100600143;Rollo Cartulina FBB OBAFREE FSC MIXTO --  C - 13.5 225 g ancho 24.5;25/11/2025;CONSUMOS;-16117.0;16117.0;METROS;2.25557415;OLMECA;IMPORTACION
PAPEL;100600143;Rollo Cartulina FBB OBAFREE FSC MIXTO --  C - 13.5 225 g ancho 24.5;26/11/2025;CONSUMOS;-8733.0;8733.0;METROS;1.22218335;OLMECA;IMPORTACION
PAPEL;100600155;Papel Bond 75 gramos -- 23 x 36;19/11/2025;CONSUMOS;-4500.0;4500.0;PLIEGOS;0.180289962;Bond;LOCAL
PAPEL;100600164;Papel Bond 55 gramos -- 21 x 32;19/11/2025;CONSUMOS;-38100.0;38100.0;PLIEGOS;0.908498828;bond;LOCAL
PAPEL;100600164;Papel Bond 55 gramos -- 21 x 32;20/11/2025;CONSUMOS;-51400.0;51400.0;PLIEGOS;1.225638839;bond;LOCAL
PAPEL;120700010;Papel ININGRESOSGO 6MIL SYNTHETIC 13 X 19;8/11/2025;CONSUMOS;-230.0;230.0;hoja(s);0.0;inINGRESOSgo;IMPORTACION
PAPEL;120700010;Papel ININGRESOSGO 6MIL SYNTHETIC 13 X 19;27/11/2025;CONSUMOS;-185.0;185.0;hoja(s);0.0;inINGRESOSgo;IMPORTACION
CARTULINA;100300001;Cartulina Husky -- C-8 200 gramos 25 x 36;5/12/2025;INGRESOS;900.0;900.0;hoja(s);0.1044702;C8-25H;LOCAL
CARTULINA;100300001;Cartulina Husky -- C-8 200 gramos 25 x 36;20/12/2025;INGRESOS;900.0;900.0;hoja(s);0.1044702;C8-25H;LOCAL
CARTULINA;100300002;Cartulina Husky -- C-8 190 gramos 25 x 38;2/12/2025;INGRESOS;1800.0;1800.0;hoja(s);0.20956905;C8-25H;LOCAL
CARTULINA;100300002;Cartulina Husky -- C-8 190 gramos 25 x 38;2/12/2025;INGRESOS;800.0;800.0;hoja(s);0.0931418;C8-25H;LOCAL
CARTULINA;100300002;Cartulina Husky -- C-8 190 gramos 25 x 38;29/12/2025;INGRESOS;600.0;600.0;hoja(s);0.06985635;C8-25H;LOCAL
CARTULINA;100300009;Cartulina Husky -- C-12 270 gramos 25 x 38;2/12/2025;INGRESOS;300.0;300.0;hoja(s);0.049634775;C12-25H;LOCAL
CARTULINA;100300009;Cartulina Husky -- C-12 270 gramos 25 x 38;5/12/2025;INGRESOS;400.0;400.0;hoja(s);0.0661797;C12-25H;LOCAL
CARTULINA;100300009;Cartulina Husky -- C-12 270 gramos 25 x 38;15/12/2025;INGRESOS;1000.0;1000.0;hoja(s);0.16544925;C12-25H;LOCAL
CARTULINA;100300011;Cartulina Husky -- C-14 300 gramos 25 x 38;20/12/2025;INGRESOS;500.0;500.0;hoja(s);0.09191625;C14-25H;LOCAL
CARTULINA;100300012;Cartulina Husky -- C-14 300 gramos 30 x 40;15/12/2025;INGRESOS;3100.0;3100.0;hoja(s);0.71999856;C14-30H;LOCAL
CARTULINA;100300012;Cartulina Husky -- C-14 300 gramos 30 x 40;17/12/2025;INGRESOS;1900.0;1900.0;hoja(s);0.44128944;C14-30H;LOCAL
CARTULINA;100300012;Cartulina Husky -- C-14 300 gramos 30 x 40;17/12/2025;INGRESOS;1500.0;1500.0;hoja(s);0.3483864;C14-30H;LOCAL
CARTULINA;100300704;Cartulina FBB Zenith LOCAL -- C-16 270 gramos 25 x 36;2/12/2025;INGRESOS;1000.0;1000.0;hoja(s);0.1567053;C16-25;LOCAL
CARTULINA;100301001;Cartulina FBB Zenith LOCAL -- C-18 295 gramos 25 x 38;2/12/2025;INGRESOS;1000.0;1000.0;hoja(s);0.180768625;C18-25;LOCAL
CARTULINA;100301343;Cartulina FBB Zenith LOCAL -- C-22 360 gramos 25 x 38;3/12/2025;INGRESOS;1200.0;1200.0;hoja(s);0.2647188;C22-25;LOCAL
CARTULINA;100301924;Rollo Cartulina Nine Dragons C - 18.3 290 g ancho 25;11/12/2025;INGRESOS;308360.0;308360.0;METROS;56.784494;C18-25-COSC;IMPORTACION
CARTULINA;100301924;Rollo Cartulina Nine Dragons C - 18.3 290 g ancho 25;15/12/2025;INGRESOS;0.0;0.0;METROS;0.0;C18-25-COSC;IMPORTACION
CARTULINA;100304565;Rollo Cartulina DEINGRESOSCA FSC --  C - 13.5 225 g ancho 23.125;4/12/2025;INGRESOS;0.0;0.0;METROS;0.0;OLMECA;IMPORTACION
CARTULINA;100304640;Rollo Cartulina OBAFREE --  C-15 230 g ancho 25.5;4/12/2025;INGRESOS;0.0;0.0;METROS;0.0;FOSFORERA;IMPORTACION
CARTULINA 29-89;100305967;Rollo Cartulina Nine Dragons C - 18.3 290 g ancho 29;11/12/2025;INGRESOS;38250.0;38250.0;METROS;8.1707355;C18-29-COSC;IMPORTACION
CARTULINA 29-89;100305967;Rollo Cartulina Nine Dragons C - 18.3 290 g ancho 29;15/12/2025;INGRESOS;0.0;0.0;METROS;0.0;C18-29-COSC;IMPORTACION
CARTULINA;100305974;Rollo Cartulina ASIA SYMBOL C-12 215 g ancho 25.75;4/12/2025;INGRESOS;0.0;0.0;METROS;0.0;C12-25.75;IMPORTACION
CARTULINA;100305982;Cartulina FBB DUPLEX MIRABELL -- C-16 300 gramos  20 x 32.5;30/12/2025;INGRESOS;129907.0;129907.0;PLIEGOS;16.34310602;COLGATE-100;IMPORTACION
CARTULINA;100305983;Cartulina FBB DUPLEX MIRABELL -- C-16 300 gramos  25.5 x 36.5;30/12/2025;INGRESOS;123925.0;123925.0;PLIEGOS;22.32444446;COLGATE-50;IMPORTACION
CARTULINA;100305984;Cartulina FBB DUPLEX MIRABELL -- C-16 300 gramos  25 x 34;30/12/2025;INGRESOS;173005.0;173005.0;PLIEGOS;28.46205598;COLGATE-22;IMPORTACION
CARTULINA;100305996;Cartulina SPARK -- C-16 250 gramos 25 X 38;20/12/2025;INGRESOS;9500.0;9500.0;hoja(s);1.45564225;Spark;LOCAL
CARTULINA;100305997;Cartulina SPARK -- C-16 250 gramos 25 X 36;20/12/2025;INGRESOS;25700.0;25700.0;hoja(s);3.7306377;Spark;LOCAL
CARTULINA;100306002;Cartulina FBB DRAGONS YA ESTÁ -- C-16.3 255 gramos  39.5 x 25;29/12/2025;INGRESOS;143000.0;143000.0;PLIEGOS;23.23168741;YA ESTA;IMPORTACION
CARTULINA;100306136;Cartulina Husky -- C-16 350 gramos 30 X 40;22/12/2025;INGRESOS;8000.0;8000.0;hoja(s);2.17456512;C16-30H;LOCAL
PAPEL;100600005;Papel Bond 75 gramos -- 22 x 34;15/12/2025;INGRESOS;10000.0;10000.0;PLIEGOS;0.3611655;Bond;LOCAL
PAPEL;100600005;Papel Bond 75 gramos -- 22 x 34;17/12/2025;INGRESOS;2500.0;2500.0;PLIEGOS;0.090291375;Bond;LOCAL
PAPEL;100600011;Papel Bond 90 gramos -- 22 x 34;15/12/2025;INGRESOS;2500.0;2500.0;PLIEGOS;0.10834965;Bond;LOCAL
PAPEL;100600013;Papel Bond 90 gramos -- 26 x 34;22/12/2025;INGRESOS;5000.0;5000.0;PLIEGOS;0.256311;Bond;LOCAL
PAPEL;100600015;Papel Bond 120 gramos -- 22 x 34;16/12/2025;INGRESOS;3500.0;3500.0;PLIEGOS;0.20225268;Bond;LOCAL
PAPEL;100600017;Papel Bond 120 gramos -- 26 x 34;2/12/2025;INGRESOS;3500.0;3500.0;PLIEGOS;0.2392236;Bond;LOCAL
PAPEL;100600017;Papel Bond 120 gramos -- 26 x 34;5/12/2025;INGRESOS;1000.0;1000.0;PLIEGOS;0.0683496;Bond;LOCAL
PAPEL;100600017;Papel Bond 120 gramos -- 26 x 34;29/12/2025;INGRESOS;2500.0;2500.0;PLIEGOS;0.170874;Bond;LOCAL
PAPEL;100600018;Papel Bond 60 gramos -- 21 x 30;12/12/2025;INGRESOS;101000.0;101000.0;PLIEGOS;2.46124476;Bond;LOCAL
PAPEL;100600020;Papel Couche Brillante B-60 -- 90 gramos  25 x 36;5/12/2025;INGRESOS;35750.0;35750.0;PLIEGOS;1.867404825;Couche;LOCAL
PAPEL;100600020;Papel Couche Brillante B-60 -- 90 gramos  25 x 36;20/12/2025;INGRESOS;36500.0;36500.0;PLIEGOS;1.90658115;Couche;LOCAL
PAPEL;100600021;Papel Couche Brillante - 1 Cara - B-60 -- 90 gramos  25 x 36;2/12/2025;INGRESOS;4250.0;4250.0;PLIEGOS;0.221999175;Couche;LOCAL
PAPEL;100600021;Papel Couche Brillante - 1 Cara - B-60 -- 90 gramos  25 x 36;12/12/2025;INGRESOS;1500.0;1500.0;PLIEGOS;0.07835265;Couche;LOCAL
PAPEL;100600023;Papel Couche Brillante - 1 Cara - B-60 -- 90 gramos  25 x 38;2/12/2025;INGRESOS;3750.0;3750.0;PLIEGOS;0.206811563;Couche;LOCAL
PAPEL;100600023;Papel Couche Brillante - 1 Cara - B-60 -- 90 gramos  25 x 38;11/12/2025;INGRESOS;1000.0;1000.0;PLIEGOS;0.05514975;Couche;LOCAL
PAPEL;100600023;Papel Couche Brillante - 1 Cara - B-60 -- 90 gramos  25 x 38;15/12/2025;INGRESOS;2000.0;2000.0;PLIEGOS;0.1102995;Couche;LOCAL
PAPEL;100600023;Papel Couche Brillante - 1 Cara - B-60 -- 90 gramos  25 x 38;23/12/2025;INGRESOS;19250.0;19250.0;PLIEGOS;1.061632688;Couche;LOCAL
PAPEL;100600026;Papel Couche Brillante B-70 -- 105 gramos  25 x 36;5/12/2025;INGRESOS;5000.0;5000.0;PLIEGOS;0.30470475;Couche;LOCAL
PAPEL;100600026;Papel Couche Brillante B-70 -- 105 gramos  25 x 36;18/12/2025;INGRESOS;66250.0;66250.0;PLIEGOS;4.037337938;Couche;LOCAL
PAPEL;100600026;Papel Couche Brillante B-70 -- 105 gramos  25 x 36;20/12/2025;INGRESOS;5000.0;5000.0;PLIEGOS;0.30470475;Couche;LOCAL
PAPEL;100600026;Papel Couche Brillante B-70 -- 105 gramos  25 x 36;20/12/2025;INGRESOS;71000.0;71000.0;PLIEGOS;4.32680745;Couche;LOCAL
PAPEL;100600029;Papel Couche Brillante B-80 -- 115 gramos  25 x 36;5/12/2025;INGRESOS;1500.0;1500.0;PLIEGOS;0.100117275;Couche;LOCAL
PAPEL;100600029;Papel Couche Brillante B-80 -- 115 gramos  25 x 36;5/12/2025;INGRESOS;1000.0;1000.0;PLIEGOS;0.06674485;Couche;LOCAL
PAPEL;100600029;Papel Couche Brillante B-80 -- 115 gramos  25 x 36;20/12/2025;INGRESOS;1750.0;1750.0;PLIEGOS;0.116803488;Couche;LOCAL
PAPEL;100600029;Papel Couche Brillante B-80 -- 115 gramos  25 x 36;23/12/2025;INGRESOS;1500.0;1500.0;PLIEGOS;0.100117275;Couche;LOCAL
PAPEL;100600030;Papel Couche Brillante B-80 -- 115 gramos  30 x40;2/12/2025;INGRESOS;4500.0;4500.0;PLIEGOS;0.317111063;Couche;LOCAL
PAPEL;100600030;Papel Couche Brillante B-80 -- 115 gramos  30 x40;11/12/2025;INGRESOS;1000.0;1000.0;PLIEGOS;0.070469125;Couche;LOCAL
PAPEL;100600031;Papel Couche Brillante B-80 -- 115 gramos  30 x 40;2/12/2025;INGRESOS;3500.0;3500.0;PLIEGOS;0.31161228;Couche;LOCAL
PAPEL;100600032;Papel Couche Brillante B-100 -- 140 gramos  25 x 36;2/12/2025;INGRESOS;1750.0;1750.0;PLIEGOS;0.14219555;Couche;LOCAL
PAPEL;100600032;Papel Couche Brillante B-100 -- 140 gramos  25 x 36;2/12/2025;INGRESOS;500.0;500.0;PLIEGOS;0.0406273;Couche;LOCAL
PAPEL;100600032;Papel Couche Brillante B-100 -- 140 gramos  25 x 36;5/12/2025;INGRESOS;1750.0;1750.0;PLIEGOS;0.14219555;Couche;LOCAL
PAPEL;100600032;Papel Couche Brillante B-100 -- 140 gramos  25 x 36;12/12/2025;INGRESOS;500.0;500.0;PLIEGOS;0.0406273;Couche;LOCAL
PAPEL;100600032;Papel Couche Brillante B-100 -- 140 gramos  25 x 36;16/12/2025;INGRESOS;500.0;500.0;PLIEGOS;0.0406273;Couche;LOCAL
PAPEL;100600032;Papel Couche Brillante B-100 -- 140 gramos  25 x 36;18/12/2025;INGRESOS;9250.0;9250.0;PLIEGOS;0.75160505;Couche;LOCAL
PAPEL;100600032;Papel Couche Brillante B-100 -- 140 gramos  25 x 36;23/12/2025;INGRESOS;6000.0;6000.0;PLIEGOS;0.4875276;Couche;LOCAL
PAPEL;100600032;Papel Couche Brillante B-100 -- 140 gramos  25 x 36;29/12/2025;INGRESOS;750.0;750.0;PLIEGOS;0.06094095;Couche;LOCAL
PAPEL;100600034;Papel Couche Brillante B-100 -- 140 gramos  30 x 40;18/12/2025;INGRESOS;2750.0;2750.0;PLIEGOS;0.29806392;Couche;LOCAL
PAPEL;100600043;Papel Bond 75 gramos -- 26 x 38;2/12/2025;INGRESOS;1500.0;1500.0;PLIEGOS;0.071709534;Bond;LOCAL
PAPEL;100600043;Papel Bond 75 gramos -- 26 x 38;5/12/2025;INGRESOS;16000.0;16000.0;PLIEGOS;0.764901696;Bond;LOCAL
PAPEL;100600043;Papel Bond 75 gramos -- 26 x 38;5/12/2025;INGRESOS;500.0;500.0;PLIEGOS;0.023903178;Bond;LOCAL
PAPEL;100600043;Papel Bond 75 gramos -- 26 x 38;12/12/2025;INGRESOS;1500.0;1500.0;PLIEGOS;0.071709534;Bond;LOCAL
PAPEL;100600043;Papel Bond 75 gramos -- 26 x 38;15/12/2025;INGRESOS;3000.0;3000.0;PLIEGOS;0.143419068;Bond;LOCAL
PAPEL;100600043;Papel Bond 75 gramos -- 26 x 38;16/12/2025;INGRESOS;2000.0;2000.0;PLIEGOS;0.095612712;Bond;LOCAL
PAPEL;100600043;Papel Bond 75 gramos -- 26 x 38;20/12/2025;INGRESOS;2000.0;2000.0;PLIEGOS;0.095612712;Bond;LOCAL
PAPEL;100600043;Papel Bond 75 gramos -- 26 x 38;20/12/2025;INGRESOS;5500.0;5500.0;PLIEGOS;0.262934958;Bond;LOCAL
PAPEL;100600045;Papel Couche Brillante B-80 -- 115 gramos  30 x 40;16/12/2025;INGRESOS;1750.0;1750.0;PLIEGOS;0.15580614;Couche;LOCAL
PAPEL;100600093;Cartulina Husky C-8 -- 200 gramos 25 x 38;12/12/2025;INGRESOS;1200.0;1200.0;PLIEGOS;0.147066;C8-25H;LOCAL
PAPEL;100600096;Papel Bond 80 gramos -- 26 x 38;2/12/2025;INGRESOS;42000.0;42000.0;PLIEGOS;2.139984;Bond;LOCAL
PAPEL;100600101;Papel Bond 60 gramos -- 22 x 34;17/12/2025;INGRESOS;76500.0;76500.0;PLIEGOS;2.21033286;Bond;LOCAL
PAPEL;100600102;Rollo Cartulina BRIGHT --  C - 16 245 g ancho 25;30/12/2025;INGRESOS;46218.0;46218.0;METROS;7.19036535;BAYER-25;IMPORTACION
PAPEL;100600106;Papel Bond 60 gramos -- 26 x 34;23/12/2025;INGRESOS;76500.0;76500.0;PLIEGOS;2.6143722;Bond;LOCAL
PAPEL;100600135;Rollo Cartulina BRIGHT     C - 16 245 g ancho 23;30/12/2025;INGRESOS;75872.0;75872.0;METROS;10.85576576;BAYER-23;IMPORTACION
CARTULINA;100300001;Cartulina Husky -- C-8 200 gramos 25 x 36;10/12/2025;CONSUMOS;-900.0;900.0;hoja(s);0.1044702;C8-25H;LOCAL
CARTULINA;100300001;Cartulina Husky -- C-8 200 gramos 25 x 36;23/12/2025;CONSUMOS;-900.0;900.0;hoja(s);0.1044702;C8-25H;LOCAL
CARTULINA;100300002;Cartulina Husky -- C-8 190 gramos 25 x 38;3/12/2025;CONSUMOS;-800.0;800.0;hoja(s);0.0931418;C8-25H;LOCAL
CARTULINA;100300002;Cartulina Husky -- C-8 190 gramos 25 x 38;3/12/2025;CONSUMOS;-230.0;230.0;hoja(s);0.026778268;C8-25H;LOCAL
CARTULINA;100300002;Cartulina Husky -- C-8 190 gramos 25 x 38;3/12/2025;CONSUMOS;-1800.0;1800.0;hoja(s);0.20956905;C8-25H;LOCAL
CARTULINA;100300002;Cartulina Husky -- C-8 190 gramos 25 x 38;29/12/2025;CONSUMOS;-600.0;600.0;hoja(s);0.06985635;C8-25H;LOCAL
CARTULINA;100300005;Cartulina Husky -- C-10 230 gramos 25 x 38;10/12/2025;CONSUMOS;-410.0;410.0;hoja(s);0.057784683;C10-25H;LOCAL
CARTULINA;100300008;Cartulina Husky -- C-12 270 gramos 25 x 36;1/12/2025;CONSUMOS;-252.0;252.0;hoja(s);0.039489736;C12-25H;LOCAL
CARTULINA;100300008;Cartulina Husky -- C-12 270 gramos 25 x 36;17/12/2025;CONSUMOS;-248.0;248.0;hoja(s);0.038862914;C12-25H;LOCAL
CARTULINA;100300009;Cartulina Husky -- C-12 270 gramos 25 x 38;10/12/2025;CONSUMOS;-145.0;145.0;hoja(s);0.023990141;C12-25H;LOCAL
CARTULINA;100300009;Cartulina Husky -- C-12 270 gramos 25 x 38;10/12/2025;CONSUMOS;-100.0;100.0;hoja(s);0.016544925;C12-25H;LOCAL
CARTULINA;100300009;Cartulina Husky -- C-12 270 gramos 25 x 38;10/12/2025;CONSUMOS;-300.0;300.0;hoja(s);0.049634775;C12-25H;LOCAL
CARTULINA;100300009;Cartulina Husky -- C-12 270 gramos 25 x 38;17/12/2025;CONSUMOS;-80.0;80.0;hoja(s);0.01323594;C12-25H;LOCAL
CARTULINA;100300011;Cartulina Husky -- C-14 300 gramos 25 x 38;23/12/2025;CONSUMOS;-200.0;200.0;hoja(s);0.0367665;C14-25H;LOCAL
CARTULINA;100300012;Cartulina Husky -- C-14 300 gramos 30 x 40;17/12/2025;CONSUMOS;-3100.0;3100.0;hoja(s);0.71999856;C14-30H;LOCAL
CARTULINA;100300012;Cartulina Husky -- C-14 300 gramos 30 x 40;17/12/2025;CONSUMOS;-1100.0;1100.0;hoja(s);0.25548336;C14-30H;LOCAL
CARTULINA;100300012;Cartulina Husky -- C-14 300 gramos 30 x 40;17/12/2025;CONSUMOS;-1900.0;1900.0;hoja(s);0.44128944;C14-30H;LOCAL
CARTULINA;100300013;Cartulina Husky -- C-16 350 gramos 25 x 38;10/12/2025;CONSUMOS;-1700.0;1700.0;hoja(s);0.364601125;C16-25H;LOCAL
CARTULINA;100300013;Cartulina Husky -- C-16 350 gramos 25 x 38;10/12/2025;CONSUMOS;-600.0;600.0;hoja(s);0.12868275;C16-25H;LOCAL
CARTULINA;100300013;Cartulina Husky -- C-16 350 gramos 25 x 38;10/12/2025;CONSUMOS;-1400.0;1400.0;hoja(s);0.30025975;C16-25H;LOCAL
CARTULINA;100300013;Cartulina Husky -- C-16 350 gramos 25 x 38;10/12/2025;CONSUMOS;-145.0;145.0;hoja(s);0.031098331;C16-25H;LOCAL
CARTULINA;100300013;Cartulina Husky -- C-16 350 gramos 25 x 38;17/12/2025;CONSUMOS;-155.0;155.0;hoja(s);0.033243044;C16-25H;LOCAL
CARTULINA;100300013;Cartulina Husky -- C-16 350 gramos 25 x 38;23/12/2025;CONSUMOS;-62.0;62.0;hoja(s);0.013297218;C16-25H;LOCAL
CARTULINA;100300013;Cartulina Husky -- C-16 350 gramos 25 x 38;29/12/2025;CONSUMOS;-118.0;118.0;hoja(s);0.025307608;C16-25H;LOCAL
CARTULINA;100300158;Cartulina FBB Zenith LOCAL -- C-12 215 gramos 25 x 36;17/12/2025;CONSUMOS;-100.0;100.0;hoja(s);0.012478385;C12-25;LOCAL
CARTULINA;100300298;Cartulina FBB Zenith LOCAL -- C-14 235 gramos 25 x 38;3/12/2025;CONSUMOS;-1400.0;1400.0;hoja(s);0.201602975;C14-25;LOCAL
CARTULINA;100300298;Cartulina FBB Zenith LOCAL -- C-14 235 gramos 25 x 38;10/12/2025;CONSUMOS;-100.0;100.0;hoja(s);0.014400213;C14-25;LOCAL
CARTULINA;100300298;Cartulina FBB Zenith LOCAL -- C-14 235 gramos 25 x 38;10/12/2025;CONSUMOS;-2600.0;2600.0;hoja(s);0.374405525;C14-25;LOCAL
CARTULINA;100300298;Cartulina FBB Zenith LOCAL -- C-14 235 gramos 25 x 38;23/12/2025;CONSUMOS;-4900.0;4900.0;hoja(s);0.705610413;C14-25;LOCAL
CARTULINA;100300298;Cartulina FBB Zenith LOCAL -- C-14 235 gramos 25 x 38;26/12/2025;CONSUMOS;-3900.0;3900.0;hoja(s);0.561608288;C14-25;LOCAL
CARTULINA;100300298;Cartulina FBB Zenith LOCAL -- C-14 235 gramos 25 x 38;29/12/2025;CONSUMOS;-31000.0;31000.0;hoja(s);4.464065875;C14-25;LOCAL
CARTULINA;100300704;Cartulina FBB Zenith LOCAL -- C-16 270 gramos 25 x 36;3/12/2025;CONSUMOS;-3300.0;3300.0;hoja(s);0.51712749;C16-25;LOCAL
CARTULINA;100301001;Cartulina FBB Zenith LOCAL -- C-18 295 gramos 25 x 38;3/12/2025;CONSUMOS;-800.0;800.0;hoja(s);0.1446149;C18-25;LOCAL
CARTULINA;100301356;Rollo Cartulina ASIA SYMBOL C-16 270 g ancho 25;2/12/2025;CONSUMOS;-720.0;720.0;METROS;0.123444;C16-25;IMPORTACION
CARTULINA;100301356;Rollo Cartulina ASIA SYMBOL C-16 270 g ancho 25;2/12/2025;CONSUMOS;-519.0;519.0;METROS;0.08898255;C16-25;IMPORTACION
CARTULINA;100301356;Rollo Cartulina ASIA SYMBOL C-16 270 g ancho 25;17/12/2025;CONSUMOS;-10446.0;10446.0;METROS;1.7909667;C16-25;IMPORTACION
CARTULINA;100301356;Rollo Cartulina ASIA SYMBOL C-16 270 g ancho 25;17/12/2025;CONSUMOS;-955.0;955.0;METROS;0.16373475;C16-25;IMPORTACION
CARTULINA;100301356;Rollo Cartulina ASIA SYMBOL C-16 270 g ancho 25;17/12/2025;CONSUMOS;-1520.0;1520.0;METROS;0.260604;C16-25;IMPORTACION
CARTULINA;100301356;Rollo Cartulina ASIA SYMBOL C-16 270 g ancho 25;17/12/2025;CONSUMOS;-1558.0;1558.0;METROS;0.2671191;C16-25;IMPORTACION
CARTULINA;100301356;Rollo Cartulina ASIA SYMBOL C-16 270 g ancho 25;29/12/2025;CONSUMOS;-2982.0;2982.0;METROS;0.5112639;C16-25;IMPORTACION
CARTULINA;100301356;Rollo Cartulina ASIA SYMBOL C-16 270 g ancho 25;29/12/2025;CONSUMOS;-1642.0;1642.0;METROS;0.2815209;C16-25;IMPORTACION
CARTULINA;100301356;Rollo Cartulina ASIA SYMBOL C-16 270 g ancho 25;29/12/2025;CONSUMOS;-1789.0;1789.0;METROS;0.30672405;C16-25;IMPORTACION
CARTULINA;100301356;Rollo Cartulina ASIA SYMBOL C-16 270 g ancho 25;29/12/2025;CONSUMOS;-2108.0;2108.0;METROS;0.3614166;C16-25;IMPORTACION
CARTULINA;100301356;Rollo Cartulina ASIA SYMBOL C-16 270 g ancho 25;29/12/2025;CONSUMOS;-1228.0;1228.0;METROS;0.2105406;C16-25;IMPORTACION
CARTULINA;100301356;Rollo Cartulina ASIA SYMBOL C-16 270 g ancho 25;29/12/2025;CONSUMOS;-2496.0;2496.0;METROS;0.4279392;C16-25;IMPORTACION
CARTULINA;100301356;Rollo Cartulina ASIA SYMBOL C-16 270 g ancho 25;29/12/2025;CONSUMOS;-660.0;660.0;METROS;0.113157;C16-25;IMPORTACION
CARTULINA;100301356;Rollo Cartulina ASIA SYMBOL C-16 270 g ancho 25;29/12/2025;CONSUMOS;-7363.0;7363.0;METROS;1.26238635;C16-25;IMPORTACION
CARTULINA;100301356;Rollo Cartulina ASIA SYMBOL C-16 270 g ancho 25;29/12/2025;CONSUMOS;-1322.0;1322.0;METROS;0.2266569;C16-25;IMPORTACION
CARTULINA;100301356;Rollo Cartulina ASIA SYMBOL C-16 270 g ancho 25;29/12/2025;CONSUMOS;-899.0;899.0;METROS;0.15413355;C16-25;IMPORTACION
CARTULINA;100301356;Rollo Cartulina ASIA SYMBOL C-16 270 g ancho 25;29/12/2025;CONSUMOS;-3294.0;3294.0;METROS;0.5647563;C16-25;IMPORTACION
CARTULINA;100301356;Rollo Cartulina ASIA SYMBOL C-16 270 g ancho 25;29/12/2025;CONSUMOS;-3531.0;3531.0;METROS;0.60538995;C16-25;IMPORTACION
CARTULINA;100301356;Rollo Cartulina ASIA SYMBOL C-16 270 g ancho 25;29/12/2025;CONSUMOS;-3995.0;3995.0;METROS;0.68494275;C16-25;IMPORTACION
CARTULINA;100301356;Rollo Cartulina ASIA SYMBOL C-16 270 g ancho 25;29/12/2025;CONSUMOS;-1678.0;1678.0;METROS;0.2876931;C16-25;IMPORTACION
CARTULINA;100301356;Rollo Cartulina ASIA SYMBOL C-16 270 g ancho 25;29/12/2025;CONSUMOS;-3750.0;3750.0;METROS;0.6429375;C16-25;IMPORTACION
CARTULINA;100301357;Rollo Cartulina ASIA SYMBOL C-18 295 g ancho 25;17/12/2025;CONSUMOS;-13996.0;13996.0;METROS;2.6218007;C18-25;IMPORTACION
CARTULINA;100301357;Rollo Cartulina ASIA SYMBOL C-18 295 g ancho 25;17/12/2025;CONSUMOS;-735.0;735.0;METROS;0.137683875;C18-25;IMPORTACION
CARTULINA;100301357;Rollo Cartulina ASIA SYMBOL C-18 295 g ancho 25;17/12/2025;CONSUMOS;-1101.0;1101.0;METROS;0.206244825;C18-25;IMPORTACION
CARTULINA;100301357;Rollo Cartulina ASIA SYMBOL C-18 295 g ancho 25;17/12/2025;CONSUMOS;-1731.0;1731.0;METROS;0.324259575;C18-25;IMPORTACION
CARTULINA;100301357;Rollo Cartulina ASIA SYMBOL C-18 295 g ancho 25;17/12/2025;CONSUMOS;-1322.0;1322.0;METROS;0.24764365;C18-25;IMPORTACION
CARTULINA;100301357;Rollo Cartulina ASIA SYMBOL C-18 295 g ancho 25;26/12/2025;CONSUMOS;-16064.0;16064.0;METROS;3.0091888;C18-25;IMPORTACION
CARTULINA;100301357;Rollo Cartulina ASIA SYMBOL C-18 295 g ancho 25;29/12/2025;CONSUMOS;-6831.0;6831.0;METROS;1.279617075;C18-25;IMPORTACION
CARTULINA;100301357;Rollo Cartulina ASIA SYMBOL C-18 295 g ancho 25;29/12/2025;CONSUMOS;-17394.0;17394.0;METROS;3.25833105;C18-25;IMPORTACION
CARTULINA;100301357;Rollo Cartulina ASIA SYMBOL C-18 295 g ancho 25;29/12/2025;CONSUMOS;-5227.0;5227.0;METROS;0.979147775;C18-25;IMPORTACION
CARTULINA;100301824;Rollo Cartulina ASIA SYMBOL C-14 235 g ancho 25;2/12/2025;CONSUMOS;-2648.0;2648.0;METROS;0.3951478;C14-25;IMPORTACION
CARTULINA;100301824;Rollo Cartulina ASIA SYMBOL C-14 235 g ancho 25;2/12/2025;CONSUMOS;-1141.0;1141.0;METROS;0.170265725;C14-25;IMPORTACION
CARTULINA;100301824;Rollo Cartulina ASIA SYMBOL C-14 235 g ancho 25;5/12/2025;CONSUMOS;-9249.0;9249.0;METROS;1.380182025;C14-25;IMPORTACION
CARTULINA;100301824;Rollo Cartulina ASIA SYMBOL C-14 235 g ancho 25;5/12/2025;CONSUMOS;-2877.0;2877.0;METROS;0.429320325;C14-25;IMPORTACION
CARTULINA;100301824;Rollo Cartulina ASIA SYMBOL C-14 235 g ancho 25;11/12/2025;CONSUMOS;-107.0;107.0;METROS;0.015967075;C14-25;IMPORTACION
CARTULINA;100301824;Rollo Cartulina ASIA SYMBOL C-14 235 g ancho 25;11/12/2025;CONSUMOS;-7036.0;7036.0;METROS;1.0499471;C14-25;IMPORTACION
CARTULINA;100301824;Rollo Cartulina ASIA SYMBOL C-14 235 g ancho 25;11/12/2025;CONSUMOS;-4768.0;4768.0;METROS;0.7115048;C14-25;IMPORTACION
CARTULINA;100301824;Rollo Cartulina ASIA SYMBOL C-14 235 g ancho 25;11/12/2025;CONSUMOS;-5737.0;5737.0;METROS;0.856103825;C14-25;IMPORTACION
CARTULINA;100301824;Rollo Cartulina ASIA SYMBOL C-14 235 g ancho 25;11/12/2025;CONSUMOS;-3796.0;3796.0;METROS;0.5664581;C14-25;IMPORTACION
CARTULINA;100301824;Rollo Cartulina ASIA SYMBOL C-14 235 g ancho 25;15/12/2025;CONSUMOS;-978.0;978.0;METROS;0.14594205;C14-25;IMPORTACION
CARTULINA;100301824;Rollo Cartulina ASIA SYMBOL C-14 235 g ancho 25;26/12/2025;CONSUMOS;-3444.0;3444.0;METROS;0.5139309;C14-25;IMPORTACION
CARTULINA;100301848;Rollo Cartulina ASIA SYMBOL C-20 325 g ancho 25;11/12/2025;CONSUMOS;-12651.0;12651.0;METROS;2.610850125;C20-25;IMPORTACION
CARTULINA;100301848;Rollo Cartulina ASIA SYMBOL C-20 325 g ancho 25;15/12/2025;CONSUMOS;-1605.0;1605.0;METROS;0.331231875;C20-25;IMPORTACION
CARTULINA;100301848;Rollo Cartulina ASIA SYMBOL C-20 325 g ancho 25;26/12/2025;CONSUMOS;-7123.0;7123.0;METROS;1.470009125;C20-25;IMPORTACION
CARTULINA;100301848;Rollo Cartulina ASIA SYMBOL C-20 325 g ancho 25;26/12/2025;CONSUMOS;-3400.0;3400.0;METROS;0.701675;C20-25;IMPORTACION
CARTULINA;100301848;Rollo Cartulina ASIA SYMBOL C-20 325 g ancho 25;26/12/2025;CONSUMOS;-4177.0;4177.0;METROS;0.862028375;C20-25;IMPORTACION
CARTULINA;100301848;Rollo Cartulina ASIA SYMBOL C-20 325 g ancho 25;26/12/2025;CONSUMOS;-10192.0;10192.0;METROS;2.103374;C20-25;IMPORTACION
CARTULINA;100301851;Rollo Cartulina ALASKA BRIGHT --  C - 16 270 g ancho 28.5;11/12/2025;CONSUMOS;-2338.0;2338.0;METROS;0.45703224;C16-29;IMPORTACION
CARTULINA;100301856;Rollo Cartulina OBAFREE --  C - 18 265 g ancho 23;11/12/2025;CONSUMOS;-17150.0;17150.0;METROS;2.654134;FOSFORERA;IMPORTACION
CARTULINA;100301882;Rollo Cartulina ASIA SYMBOL C-14 235 g ancho 25 (2989F);11/12/2025;CONSUMOS;-13772.0;13772.0;METROS;2.0551267;C14-25;IMPORTACION
CARTULINA;100301882;Rollo Cartulina ASIA SYMBOL C-14 235 g ancho 25 (2989F);11/12/2025;CONSUMOS;-4663.0;4663.0;METROS;0.695836175;C14-25;IMPORTACION
CARTULINA;100301882;Rollo Cartulina ASIA SYMBOL C-14 235 g ancho 25 (2989F);11/12/2025;CONSUMOS;-39128.0;39128.0;METROS;5.8388758;C14-25;IMPORTACION
CARTULINA;100301882;Rollo Cartulina ASIA SYMBOL C-14 235 g ancho 25 (2989F);11/12/2025;CONSUMOS;-952.0;952.0;METROS;0.1420622;C14-25;IMPORTACION
CARTULINA;100301886;Rollo Cartulina ASIA SYMBOL C-18 295 g ancho 25 (2989F);2/12/2025;CONSUMOS;-3545.0;3545.0;METROS;0.664067125;C18-25;IMPORTACION
CARTULINA;100301886;Rollo Cartulina ASIA SYMBOL C-18 295 g ancho 25 (2989F);2/12/2025;CONSUMOS;-2791.0;2791.0;METROS;0.522824075;C18-25;IMPORTACION
CARTULINA;100301886;Rollo Cartulina ASIA SYMBOL C-18 295 g ancho 25 (2989F);2/12/2025;CONSUMOS;-4489.0;4489.0;METROS;0.840901925;C18-25;IMPORTACION
CARTULINA;100301886;Rollo Cartulina ASIA SYMBOL C-18 295 g ancho 25 (2989F);2/12/2025;CONSUMOS;-1051.0;1051.0;METROS;0.196878575;C18-25;IMPORTACION
CARTULINA;100301886;Rollo Cartulina ASIA SYMBOL C-18 295 g ancho 25 (2989F);4/12/2025;CONSUMOS;-1109.0;1109.0;METROS;0.207743425;C18-25;IMPORTACION
CARTULINA;100301886;Rollo Cartulina ASIA SYMBOL C-18 295 g ancho 25 (2989F);4/12/2025;CONSUMOS;-202.0;202.0;METROS;0.03783965;C18-25;IMPORTACION
CARTULINA;100301886;Rollo Cartulina ASIA SYMBOL C-18 295 g ancho 25 (2989F);4/12/2025;CONSUMOS;-2456.0;2456.0;METROS;0.4600702;C18-25;IMPORTACION
CARTULINA;100301892;Rollo Cartulina ASIA SYMBOL C-12 215 g ancho 25;10/12/2025;CONSUMOS;-2775.0;2775.0;METROS;0.378856875;C12-25;IMPORTACION
CARTULINA;100301892;Rollo Cartulina ASIA SYMBOL C-12 215 g ancho 25;10/12/2025;CONSUMOS;-7040.0;7040.0;METROS;0.961136;C12-25;IMPORTACION
CARTULINA;100301892;Rollo Cartulina ASIA SYMBOL C-12 215 g ancho 25;11/12/2025;CONSUMOS;-693.0;693.0;METROS;0.094611825;C12-25;IMPORTACION
CARTULINA;100301892;Rollo Cartulina ASIA SYMBOL C-12 215 g ancho 25;26/12/2025;CONSUMOS;-52873.0;52873.0;METROS;7.218486325;C12-25;IMPORTACION
CARTULINA;100301905;Rollo Cartulina ASIA SYMBOL C-12 215 g ancho 25 (29-89);2/12/2025;CONSUMOS;-3289.0;3289.0;METROS;0.449030725;C12-25;IMPORTACION
CARTULINA;100301906;Rollo Cartulina ASIA SYMBOL C-12 215 g ancho 27 (29-89);26/12/2025;CONSUMOS;-23414.0;23414.0;METROS;3.44829685;C12-27;IMPORTACION
CARTULINA;100301907;Rollo Cartulina ASIA SYMBOL C-12 215 g ancho 29 (29-89);26/12/2025;CONSUMOS;-90098.0;90098.0;METROS;14.25710752;C12-29;IMPORTACION
CARTULINA;100301908;Rollo Cartulina Nine Dragons C - 13.6 215 g ancho 25 (29-89);4/12/2025;CONSUMOS;-926.0;926.0;METROS;0.12642215;C13.6-25;IMPORTACION
CARTULINA;100301908;Rollo Cartulina Nine Dragons C - 13.6 215 g ancho 25 (29-89);4/12/2025;CONSUMOS;-3390.0;3390.0;METROS;0.46281975;C13.6-25;IMPORTACION
CARTULINA;100301908;Rollo Cartulina Nine Dragons C - 13.6 215 g ancho 25 (29-89);4/12/2025;CONSUMOS;-410.0;410.0;METROS;0.05597525;C13.6-25;IMPORTACION
CARTULINA;100301908;Rollo Cartulina Nine Dragons C - 13.6 215 g ancho 25 (29-89);11/12/2025;CONSUMOS;-1370.0;1370.0;METROS;0.18703925;C13.6-25;IMPORTACION
CARTULINA;100301908;Rollo Cartulina Nine Dragons C - 13.6 215 g ancho 25 (29-89);15/12/2025;CONSUMOS;-2280.0;2280.0;METROS;0.311277;C13.6-25;IMPORTACION
CARTULINA;100301908;Rollo Cartulina Nine Dragons C - 13.6 215 g ancho 25 (29-89);15/12/2025;CONSUMOS;-1485.0;1485.0;METROS;0.202739625;C13.6-25;IMPORTACION
CARTULINA;100301910;Rollo Cartulina OBAFREE --  C - 15 230 g ancho 25.5 (2989F);10/12/2025;CONSUMOS;-26381.0;26381.0;METROS;3.92575661;FOSFORERA;IMPORTACION
CARTULINA;100301910;Rollo Cartulina OBAFREE --  C - 15 230 g ancho 25.5 (2989F);10/12/2025;CONSUMOS;-41956.0;41956.0;METROS;6.24347236;FOSFORERA;IMPORTACION
CARTULINA;100301912;Rollo Cartulina ASIA SYMBOL C-16 270 g ancho 25 (2989F);2/12/2025;CONSUMOS;-1083.0;1083.0;METROS;0.18568035;C16-25;IMPORTACION
CARTULINA;100301912;Rollo Cartulina ASIA SYMBOL C-16 270 g ancho 25 (2989F);2/12/2025;CONSUMOS;-50.0;50.0;METROS;0.0085725;C16-25;IMPORTACION
CARTULINA;100301912;Rollo Cartulina ASIA SYMBOL C-16 270 g ancho 25 (2989F);5/12/2025;CONSUMOS;-1583.0;1583.0;METROS;0.27140535;C16-25;IMPORTACION
CARTULINA;100301912;Rollo Cartulina ASIA SYMBOL C-16 270 g ancho 25 (2989F);5/12/2025;CONSUMOS;-1230.0;1230.0;METROS;0.2108835;C16-25;IMPORTACION
CARTULINA;100301912;Rollo Cartulina ASIA SYMBOL C-16 270 g ancho 25 (2989F);5/12/2025;CONSUMOS;-1162.0;1162.0;METROS;0.1992249;C16-25;IMPORTACION
CARTULINA;100301912;Rollo Cartulina ASIA SYMBOL C-16 270 g ancho 25 (2989F);5/12/2025;CONSUMOS;-20148.0;20148.0;METROS;3.4543746;C16-25;IMPORTACION
CARTULINA;100301912;Rollo Cartulina ASIA SYMBOL C-16 270 g ancho 25 (2989F);5/12/2025;CONSUMOS;-3307.0;3307.0;METROS;0.56698515;C16-25;IMPORTACION
CARTULINA;100301912;Rollo Cartulina ASIA SYMBOL C-16 270 g ancho 25 (2989F);11/12/2025;CONSUMOS;-484.0;484.0;METROS;0.0829818;C16-25;IMPORTACION
CARTULINA;100301912;Rollo Cartulina ASIA SYMBOL C-16 270 g ancho 25 (2989F);11/12/2025;CONSUMOS;-696.0;696.0;METROS;0.1193292;C16-25;IMPORTACION
CARTULINA;100301912;Rollo Cartulina ASIA SYMBOL C-16 270 g ancho 25 (2989F);11/12/2025;CONSUMOS;-1005.0;1005.0;METROS;0.17230725;C16-25;IMPORTACION
CARTULINA;100301912;Rollo Cartulina ASIA SYMBOL C-16 270 g ancho 25 (2989F);11/12/2025;CONSUMOS;-9489.0;9489.0;METROS;1.62688905;C16-25;IMPORTACION
CARTULINA;100301917;Rollo Cartulina Nine Dragons C - 16.3 255 g ancho 25 (29-89);2/12/2025;CONSUMOS;-291.0;291.0;METROS;0.047120175;C16.3-25;IMPORTACION
CARTULINA;100301917;Rollo Cartulina Nine Dragons C - 16.3 255 g ancho 25 (29-89);2/12/2025;CONSUMOS;-675.0;675.0;METROS;0.109299375;C16.3-25;IMPORTACION
CARTULINA;100301917;Rollo Cartulina Nine Dragons C - 16.3 255 g ancho 25 (29-89);2/12/2025;CONSUMOS;-1301.0;1301.0;METROS;0.210664425;C16.3-25;IMPORTACION
CARTULINA;100301917;Rollo Cartulina Nine Dragons C - 16.3 255 g ancho 25 (29-89);2/12/2025;CONSUMOS;-1543.0;1543.0;METROS;0.249850275;C16.3-25;IMPORTACION
CARTULINA;100301917;Rollo Cartulina Nine Dragons C - 16.3 255 g ancho 25 (29-89);5/12/2025;CONSUMOS;-670.0;670.0;METROS;0.10848975;C16.3-25;IMPORTACION
CARTULINA;100301917;Rollo Cartulina Nine Dragons C - 16.3 255 g ancho 25 (29-89);10/12/2025;CONSUMOS;-870.0;870.0;METROS;0.14087475;C16.3-25;IMPORTACION
CARTULINA;100301917;Rollo Cartulina Nine Dragons C - 16.3 255 g ancho 25 (29-89);10/12/2025;CONSUMOS;-8850.0;8850.0;METROS;1.43303625;C16.3-25;IMPORTACION
CARTULINA;100301917;Rollo Cartulina Nine Dragons C - 16.3 255 g ancho 25 (29-89);10/12/2025;CONSUMOS;-18629.0;18629.0;METROS;3.016500825;C16.3-25;IMPORTACION
CARTULINA;100301917;Rollo Cartulina Nine Dragons C - 16.3 255 g ancho 25 (29-89);10/12/2025;CONSUMOS;-415.0;415.0;METROS;0.067198875;C16.3-25;IMPORTACION
CARTULINA;100301917;Rollo Cartulina Nine Dragons C - 16.3 255 g ancho 25 (29-89);17/12/2025;CONSUMOS;-12697.0;12697.0;METROS;2.055961725;C16.3-25;IMPORTACION
CARTULINA;100301917;Rollo Cartulina Nine Dragons C - 16.3 255 g ancho 25 (29-89);17/12/2025;CONSUMOS;-2759.0;2759.0;METROS;0.446751075;C16.3-25;IMPORTACION
CARTULINA;100301917;Rollo Cartulina Nine Dragons C - 16.3 255 g ancho 25 (29-89);17/12/2025;CONSUMOS;-360.0;360.0;METROS;0.058293;C16.3-25;IMPORTACION
CARTULINA;100301917;Rollo Cartulina Nine Dragons C - 16.3 255 g ancho 25 (29-89);26/12/2025;CONSUMOS;-8159.0;8159.0;METROS;1.321146075;C16.3-25;IMPORTACION
CARTULINA;100301917;Rollo Cartulina Nine Dragons C - 16.3 255 g ancho 25 (29-89);26/12/2025;CONSUMOS;-3211.0;3211.0;METROS;0.519941175;C16.3-25;IMPORTACION
CARTULINA;100301919;Rollo Cartulina Nine Dragons C - 16.3 255 g ancho 29 (29-89);11/12/2025;CONSUMOS;-960.0;960.0;METROS;0.1801728;C16.3-29;IMPORTACION
CARTULINA;100301919;Rollo Cartulina Nine Dragons C - 16.3 255 g ancho 29 (29-89);15/12/2025;CONSUMOS;-7436.0;7436.0;METROS;1.39558848;C16.3-29;IMPORTACION
CARTULINA;100301922;Rollo Cartulina ASIA SYMBOL C-18 295 g ancho 29 (2989F);8/12/2025;CONSUMOS;-2069.0;2069.0;METROS;0.44922128;C18-29;IMPORTACION
CARTULINA;100301924;Rollo Cartulina Nine Dragons C - 18.3 290 g ancho 25;3/12/2025;CONSUMOS;-81555.0;81555.0;METROS;15.01835325;C18-25-COSC;IMPORTACION
CARTULINA;100301924;Rollo Cartulina Nine Dragons C - 18.3 290 g ancho 25;3/12/2025;CONSUMOS;-51879.0;51879.0;METROS;9.55351785;C18-25-COSC;IMPORTACION
CARTULINA;100301924;Rollo Cartulina Nine Dragons C - 18.3 290 g ancho 25;29/12/2025;CONSUMOS;-110085.0;110085.0;METROS;20.27215275;C18-25-COSC;IMPORTACION
CARTULINA;100301924;Rollo Cartulina Nine Dragons C - 18.3 290 g ancho 25;29/12/2025;CONSUMOS;-108765.0;108765.0;METROS;20.02907475;C18-25-COSC;IMPORTACION
CARTULINA;100301924;Rollo Cartulina Nine Dragons C - 18.3 290 g ancho 25;29/12/2025;CONSUMOS;-755.0;755.0;METROS;0.13903325;C18-25-COSC;IMPORTACION
CARTULINA;100301926;Rollo Cartulina ASIA SYMBOL C-19 310 g ancho 25 (29-89);11/12/2025;CONSUMOS;-681.0;681.0;METROS;0.13405485;C19-25;IMPORTACION
CARTULINA;100301926;Rollo Cartulina ASIA SYMBOL C-19 310 g ancho 25 (29-89);26/12/2025;CONSUMOS;-11368.0;11368.0;METROS;2.2377908;C19-25;IMPORTACION
CARTULINA;100301926;Rollo Cartulina ASIA SYMBOL C-19 310 g ancho 25 (29-89);29/12/2025;CONSUMOS;-17641.0;17641.0;METROS;3.47263085;C19-25;IMPORTACION
CARTULINA;100301928;Rollo Cartulina Nine Dragons C - 19 305 g ancho 25 (29-89) REGIONAL;4/12/2025;CONSUMOS;-414.0;414.0;METROS;0.08018145;C19-25;IMPORTACION
CARTULINA;100301928;Rollo Cartulina Nine Dragons C - 19 305 g ancho 25 (29-89) REGIONAL;4/12/2025;CONSUMOS;-2296.0;2296.0;METROS;0.4446778;C19-25;IMPORTACION
CARTULINA;100301928;Rollo Cartulina Nine Dragons C - 19 305 g ancho 25 (29-89) REGIONAL;15/12/2025;CONSUMOS;-2443.0;2443.0;METROS;0.473148025;C19-25;IMPORTACION
CARTULINA;100301930;Rollo Cartulina ASIA SYMBOL C-20 325 g ancho 29 (2989F);2/12/2025;CONSUMOS;-1551.0;1551.0;METROS;0.3709992;C20-29;IMPORTACION
CARTULINA;100301934;Cartulina FBB NINE DRAGONS -- C-16.3 255 gramos 27 x 34.5 (29-89);10/12/2025;CONSUMOS;-28215.0;28215.0;hoja(s);3.470792045;C16.3-27;IMPORTACION
CARTULINA;100301936;Rollo Cartulina ASIA SYMBOL C-14 235 g ancho 25 (29-89) REGIONAL;15/12/2025;CONSUMOS;-3519.0;3519.0;METROS;0.525122775;C14-25;IMPORTACION
CARTULINA;100301936;Rollo Cartulina ASIA SYMBOL C-14 235 g ancho 25 (29-89) REGIONAL;29/12/2025;CONSUMOS;-676.0;676.0;METROS;0.1008761;C14-25;IMPORTACION
CARTULINA;100301936;Rollo Cartulina ASIA SYMBOL C-14 235 g ancho 25 (29-89) REGIONAL;29/12/2025;CONSUMOS;-5912.0;5912.0;METROS;0.8822182;C14-25;IMPORTACION
CARTULINA;100304510;Cartulina FBB DUPLEX MIRABELL -- C-17 320 gramos  22 x 38.5;10/12/2025;CONSUMOS;-51910.0;51910.0;PLIEGOS;9.077198878;COLGATE-150;IMPORTACION
CARTULINA;100304541;Rollo Cartulina ASIA SYMBOL C-12 230 g ancho 25;29/12/2025;CONSUMOS;-6033.0;6033.0;METROS;0.88111965;C12-25;IMPORTACION
CARTULINA;100304541;Rollo Cartulina ASIA SYMBOL C-12 230 g ancho 25;29/12/2025;CONSUMOS;-1775.0;1775.0;METROS;0.25923875;C12-25;IMPORTACION
CARTULINA 29-89;100304547;Rollo Cartulina Spectra Natural -- C-18 267g ancho 27;29/12/2025;CONSUMOS;-25391.0;25391.0;METROS;4.649310463;BCONSUMOSBO;IMPORTACION
CARTULINA;100304563;Rollo Cartulina Nine Dragons C - 12 205 g ancho 25 (29-89);26/12/2025;CONSUMOS;-34299.0;34299.0;METROS;4.464872325;C12-25;IMPORTACION
CARTULINA;100304564;Cartulina FBB NINE DRAGONS -- C-12 205 gramos 25 x 38;23/12/2025;CONSUMOS;-1030.0;1030.0;hoja(s);0.129387441;C12-25;IMPORTACION
CARTULINA;100304565;Rollo Cartulina DEINGRESOSCA FSC --  C - 13.5 225 g ancho 23.125;8/12/2025;CONSUMOS;-8367.0;8367.0;METROS;1.105071525;OLMECA;IMPORTACION
CARTULINA;100304565;Rollo Cartulina DEINGRESOSCA FSC --  C - 13.5 225 g ancho 23.125;8/12/2025;CONSUMOS;-23585.0;23585.0;METROS;3.114988875;OLMECA;IMPORTACION
CARTULINA;100304565;Rollo Cartulina DEINGRESOSCA FSC --  C - 13.5 225 g ancho 23.125;8/12/2025;CONSUMOS;-8335.0;8335.0;METROS;1.100845125;OLMECA;IMPORTACION
CARTULINA;100304565;Rollo Cartulina DEINGRESOSCA FSC --  C - 13.5 225 g ancho 23.125;8/12/2025;CONSUMOS;-8249.0;8249.0;METROS;1.089486675;OLMECA;IMPORTACION
CARTULINA;100304565;Rollo Cartulina DEINGRESOSCA FSC --  C - 13.5 225 g ancho 23.125;8/12/2025;CONSUMOS;-15959.0;15959.0;METROS;2.107784925;OLMECA;IMPORTACION
CARTULINA;100304565;Rollo Cartulina DEINGRESOSCA FSC --  C - 13.5 225 g ancho 23.125;8/12/2025;CONSUMOS;-16325.0;16325.0;METROS;2.156124375;OLMECA;IMPORTACION
CARTULINA;100304565;Rollo Cartulina DEINGRESOSCA FSC --  C - 13.5 225 g ancho 23.125;10/12/2025;CONSUMOS;-16407.0;16407.0;METROS;2.166954525;OLMECA;IMPORTACION
CARTULINA;100304565;Rollo Cartulina DEINGRESOSCA FSC --  C - 13.5 225 g ancho 23.125;10/12/2025;CONSUMOS;-8582.0;8582.0;METROS;1.13346765;OLMECA;IMPORTACION
CARTULINA;100304565;Rollo Cartulina DEINGRESOSCA FSC --  C - 13.5 225 g ancho 23.125;10/12/2025;CONSUMOS;-16750.0;16750.0;METROS;2.21225625;OLMECA;IMPORTACION
CARTULINA;100304565;Rollo Cartulina DEINGRESOSCA FSC --  C - 13.5 225 g ancho 23.125;10/12/2025;CONSUMOS;-16682.0;16682.0;METROS;2.20327515;OLMECA;IMPORTACION
CARTULINA;100304565;Rollo Cartulina DEINGRESOSCA FSC --  C - 13.5 225 g ancho 23.125;10/12/2025;CONSUMOS;-8464.0;8464.0;METROS;1.1178828;OLMECA;IMPORTACION
CARTULINA;100304565;Rollo Cartulina DEINGRESOSCA FSC --  C - 13.5 225 g ancho 23.125;10/12/2025;CONSUMOS;-8493.0;8493.0;METROS;1.121712975;OLMECA;IMPORTACION
CARTULINA;100304565;Rollo Cartulina DEINGRESOSCA FSC --  C - 13.5 225 g ancho 23.125;15/12/2025;CONSUMOS;-7802.0;7802.0;METROS;1.03044915;OLMECA;IMPORTACION
CARTULINA;100304565;Rollo Cartulina DEINGRESOSCA FSC --  C - 13.5 225 g ancho 23.125;15/12/2025;CONSUMOS;-8348.0;8348.0;METROS;1.1025621;OLMECA;IMPORTACION
CARTULINA;100304565;Rollo Cartulina DEINGRESOSCA FSC --  C - 13.5 225 g ancho 23.125;15/12/2025;CONSUMOS;-8183.0;8183.0;METROS;1.080769725;OLMECA;IMPORTACION
CARTULINA;100304565;Rollo Cartulina DEINGRESOSCA FSC --  C - 13.5 225 g ancho 23.125;15/12/2025;CONSUMOS;-8225.0;8225.0;METROS;1.086316875;OLMECA;IMPORTACION
CARTULINA;100304565;Rollo Cartulina DEINGRESOSCA FSC --  C - 13.5 225 g ancho 23.125;15/12/2025;CONSUMOS;-8238.0;8238.0;METROS;1.08803385;OLMECA;IMPORTACION
CARTULINA;100304565;Rollo Cartulina DEINGRESOSCA FSC --  C - 13.5 225 g ancho 23.125;15/12/2025;CONSUMOS;-16608.0;16608.0;METROS;2.1935016;OLMECA;IMPORTACION
CARTULINA;100304565;Rollo Cartulina DEINGRESOSCA FSC --  C - 13.5 225 g ancho 23.125;26/12/2025;CONSUMOS;-8150.0;8150.0;METROS;1.07641125;OLMECA;IMPORTACION
CARTULINA;100304565;Rollo Cartulina DEINGRESOSCA FSC --  C - 13.5 225 g ancho 23.125;26/12/2025;CONSUMOS;-22482.0;22482.0;METROS;2.96931015;OLMECA;IMPORTACION
CARTULINA;100304639;Rollo Cartulina BRIGHT --  C - 16 245 g ancho 25;15/12/2025;CONSUMOS;-10956.0;10956.0;METROS;1.7044797;BAYER;IMPORTACION
CARTULINA;100304640;Rollo Cartulina OBAFREE --  C-15 230 g ancho 25.5;10/12/2025;CONSUMOS;-10864.0;10864.0;METROS;1.618420944;FOSFORERA;IMPORTACION
CARTULINA;100304640;Rollo Cartulina OBAFREE --  C-15 230 g ancho 25.5;26/12/2025;CONSUMOS;-22103.0;22103.0;METROS;3.292706013;FOSFORERA;IMPORTACION
CARTULINA;100304640;Rollo Cartulina OBAFREE --  C-15 230 g ancho 25.5;26/12/2025;CONSUMOS;-4488.0;4488.0;METROS;0.668581848;FOSFORERA;IMPORTACION
CARTULINA 29-89;100305967;Rollo Cartulina Nine Dragons C - 18.3 290 g ancho 29;3/12/2025;CONSUMOS;-4410.0;4410.0;METROS;0.94203774;C18-29-COSC;IMPORTACION
CARTULINA 29-89;100305967;Rollo Cartulina Nine Dragons C - 18.3 290 g ancho 29;3/12/2025;CONSUMOS;-68813.0;68813.0;METROS;14.69942018;C18-29-COSC;IMPORTACION
CARTULINA 29-89;100305967;Rollo Cartulina Nine Dragons C - 18.3 290 g ancho 29;3/12/2025;CONSUMOS;-911.0;911.0;METROS;0.194602354;C18-29-COSC;IMPORTACION
CARTULINA 29-89;100305967;Rollo Cartulina Nine Dragons C - 18.3 290 g ancho 29;29/12/2025;CONSUMOS;-937.0;937.0;METROS;0.200156318;C18-29-COSC;IMPORTACION
CARTULINA;100305974;Rollo Cartulina ASIA SYMBOL C-12 215 g ancho 25.75;26/12/2025;CONSUMOS;-27185.0;27185.0;METROS;3.822775089;C12-25.75;IMPORTACION
CARTULINA;100305981;Cartulina FBB DUPLEX MIRABELL -- C-16 300 gramos  28 x 34;10/12/2025;CONSUMOS;-118240.0;118240.0;PLIEGOS;21.78662998;COLGATE-75;IMPORTACION
CARTULINA;100305983;Cartulina FBB DUPLEX MIRABELL -- C-16 300 gramos  25.5 x 36.5;10/12/2025;CONSUMOS;-16170.0;16170.0;PLIEGOS;2.912941432;COLGATE-50;IMPORTACION
CARTULINA;100305983;Cartulina FBB DUPLEX MIRABELL -- C-16 300 gramos  25.5 x 36.5;23/12/2025;CONSUMOS;-34878.0;34878.0;PLIEGOS;6.283090369;COLGATE-50;IMPORTACION
CARTULINA;100305983;Cartulina FBB DUPLEX MIRABELL -- C-16 300 gramos  25.5 x 36.5;23/12/2025;CONSUMOS;-36600.0;36600.0;PLIEGOS;6.593299717;COLGATE-50;IMPORTACION
CARTULINA;100305984;Cartulina FBB DUPLEX MIRABELL -- C-16 300 gramos  25 x 34;23/12/2025;CONSUMOS;-3098.0;3098.0;PLIEGOS;0.509669948;COLGATE-22;IMPORTACION
CARTULINA;100305985;Cartulina FBB DUPLEX MIRABELL -- C-17 320 gramos  21.5 x 35;10/12/2025;CONSUMOS;-64365.0;64365.0;PLIEGOS;9.999394195;COLGATE-125;IMPORTACION
CARTULINA;100305996;Cartulina SPARK -- C-16 250 gramos 25 X 38;26/12/2025;CONSUMOS;-9500.0;9500.0;hoja(s);0.0;Spark;LOCAL
CARTULINA;100305997;Cartulina SPARK -- C-16 250 gramos 25 X 36;23/12/2025;CONSUMOS;-7500.0;7500.0;hoja(s);0.0;Spark;LOCAL
CARTULINA;100305999;Rollo Cartulina Nine Dragons C - 19 305 g ancho 24;15/12/2025;CONSUMOS;-4660.0;4660.0;METROS;0.86642448;C19-25;IMPORTACION
CARTULINA;100306002;Cartulina FBB DRAGONS YA ESTÁ -- C-16.3 255 gramos  39.5 x 25;23/12/2025;CONSUMOS;-38140.0;38140.0;PLIEGOS;6.196199704;YA ESTA;IMPORTACION
CARTULINA;100306136;Cartulina Husky -- C-16 350 gramos 30 X 40;23/12/2025;CONSUMOS;-3400.0;3400.0;hoja(s);0.92128848;C16-30H;LOCAL
CARTULINA;100306136;Cartulina Husky -- C-16 350 gramos 30 X 40;23/12/2025;CONSUMOS;-4200.0;4200.0;hoja(s);1.13806224;C16-30H;LOCAL
PAPEL;100600005;Papel Bond 75 gramos -- 22 x 34;17/12/2025;CONSUMOS;-10000.0;10000.0;PLIEGOS;0.3611655;Bond;LOCAL
PAPEL;100600005;Papel Bond 75 gramos -- 22 x 34;23/12/2025;CONSUMOS;-2600.0;2600.0;PLIEGOS;0.09390303;Bond;LOCAL
PAPEL;100600011;Papel Bond 90 gramos -- 22 x 34;17/12/2025;CONSUMOS;-2000.0;2000.0;PLIEGOS;0.08667972;Bond;LOCAL
PAPEL;100600011;Papel Bond 90 gramos -- 22 x 34;17/12/2025;CONSUMOS;-180.0;180.0;PLIEGOS;0.007801175;Bond;LOCAL
PAPEL;100600011;Papel Bond 90 gramos -- 22 x 34;17/12/2025;CONSUMOS;-320.0;320.0;PLIEGOS;0.013868755;Bond;LOCAL
PAPEL;100600012;Papel Bond 90 gramos -- 24 x 36;1/12/2025;CONSUMOS;-53.0;53.0;PLIEGOS;0.002655106;Bond;LOCAL
PAPEL;100600012;Papel Bond 90 gramos -- 24 x 36;1/12/2025;CONSUMOS;-50.0;50.0;PLIEGOS;0.002504817;Bond;LOCAL
PAPEL;100600012;Papel Bond 90 gramos -- 24 x 36;1/12/2025;CONSUMOS;-55.0;55.0;PLIEGOS;0.002755299;Bond;LOCAL
PAPEL;100600012;Papel Bond 90 gramos -- 24 x 36;10/12/2025;CONSUMOS;-165.0;165.0;PLIEGOS;0.008265896;Bond;LOCAL
PAPEL;100600012;Papel Bond 90 gramos -- 24 x 36;17/12/2025;CONSUMOS;-83.0;83.0;PLIEGOS;0.004157996;Bond;LOCAL
PAPEL;100600013;Papel Bond 90 gramos -- 26 x 34;23/12/2025;CONSUMOS;-306.0;306.0;PLIEGOS;0.015686233;Bond;LOCAL
PAPEL;100600013;Papel Bond 90 gramos -- 26 x 34;23/12/2025;CONSUMOS;-146.0;146.0;PLIEGOS;0.007484281;Bond;LOCAL
PAPEL;100600015;Papel Bond 120 gramos -- 22 x 34;1/12/2025;CONSUMOS;-300.0;300.0;PLIEGOS;0.017335944;Bond;LOCAL
PAPEL;100600015;Papel Bond 120 gramos -- 22 x 34;17/12/2025;CONSUMOS;-3200.0;3200.0;PLIEGOS;0.184916736;Bond;LOCAL
PAPEL;100600017;Papel Bond 120 gramos -- 26 x 34;3/12/2025;CONSUMOS;-2900.0;2900.0;PLIEGOS;0.19821384;Bond;LOCAL
PAPEL;100600017;Papel Bond 120 gramos -- 26 x 34;3/12/2025;CONSUMOS;-525.0;525.0;PLIEGOS;0.03588354;Bond;LOCAL
PAPEL;100600017;Papel Bond 120 gramos -- 26 x 34;10/12/2025;CONSUMOS;-1075.0;1075.0;PLIEGOS;0.07347582;Bond;LOCAL
PAPEL;100600018;Papel Bond 60 gramos -- 21 x 30;17/12/2025;CONSUMOS;-101000.0;101000.0;PLIEGOS;2.46124476;Bond;LOCAL
PAPEL;100600020;Papel Couche Brillante B-60 -- 90 gramos  25 x 36;10/12/2025;CONSUMOS;-35800.0;35800.0;PLIEGOS;1.87001658;Couche;LOCAL
PAPEL;100600020;Papel Couche Brillante B-60 -- 90 gramos  25 x 36;24/12/2025;CONSUMOS;-36500.0;36500.0;PLIEGOS;1.90658115;Couche;LOCAL
PAPEL;100600021;Papel Couche Brillante - 1 Cara - B-60 -- 90 gramos  25 x 36;3/12/2025;CONSUMOS;-1400.0;1400.0;PLIEGOS;0.07312914;Couche;LOCAL
PAPEL;100600021;Papel Couche Brillante - 1 Cara - B-60 -- 90 gramos  25 x 36;3/12/2025;CONSUMOS;-2900.0;2900.0;PLIEGOS;0.15148179;Couche;LOCAL
PAPEL;100600021;Papel Couche Brillante - 1 Cara - B-60 -- 90 gramos  25 x 36;17/12/2025;CONSUMOS;-1325.0;1325.0;PLIEGOS;0.069211508;Couche;LOCAL
PAPEL;100600021;Papel Couche Brillante - 1 Cara - B-60 -- 90 gramos  25 x 36;23/12/2025;CONSUMOS;-1000.0;1000.0;PLIEGOS;0.0522351;Couche;LOCAL
PAPEL;100600021;Papel Couche Brillante - 1 Cara - B-60 -- 90 gramos  25 x 36;23/12/2025;CONSUMOS;-1000.0;1000.0;PLIEGOS;0.0522351;Couche;LOCAL
PAPEL;100600022;Papel Couche Brillante B-60 -- 90 gramos  25 x 38;26/12/2025;CONSUMOS;-500.0;500.0;PLIEGOS;0.027574875;Couche;LOCAL
PAPEL;100600022;Papel Couche Brillante B-60 -- 90 gramos  25 x 38;26/12/2025;CONSUMOS;-500.0;500.0;PLIEGOS;0.027574875;Couche;LOCAL
PAPEL;100600023;Papel Couche Brillante - 1 Cara - B-60 -- 90 gramos  25 x 38;3/12/2025;CONSUMOS;-2700.0;2700.0;PLIEGOS;0.148904325;Couche;LOCAL
PAPEL;100600023;Papel Couche Brillante - 1 Cara - B-60 -- 90 gramos  25 x 38;3/12/2025;CONSUMOS;-1000.0;1000.0;PLIEGOS;0.05514975;Couche;LOCAL
PAPEL;100600023;Papel Couche Brillante - 1 Cara - B-60 -- 90 gramos  25 x 38;17/12/2025;CONSUMOS;-800.0;800.0;PLIEGOS;0.0441198;Couche;LOCAL
PAPEL;100600023;Papel Couche Brillante - 1 Cara - B-60 -- 90 gramos  25 x 38;17/12/2025;CONSUMOS;-600.0;600.0;PLIEGOS;0.03308985;Couche;LOCAL
PAPEL;100600026;Papel Couche Brillante B-70 -- 105 gramos  25 x 36;10/12/2025;CONSUMOS;-4800.0;4800.0;PLIEGOS;0.29251656;Couche;LOCAL
PAPEL;100600026;Papel Couche Brillante B-70 -- 105 gramos  25 x 36;23/12/2025;CONSUMOS;-62800.0;62800.0;PLIEGOS;3.82709166;Couche;LOCAL
PAPEL;100600026;Papel Couche Brillante B-70 -- 105 gramos  25 x 36;23/12/2025;CONSUMOS;-3000.0;3000.0;PLIEGOS;0.18282285;Couche;LOCAL
PAPEL;100600026;Papel Couche Brillante B-70 -- 105 gramos  25 x 36;23/12/2025;CONSUMOS;-4600.0;4600.0;PLIEGOS;0.28032837;Couche;LOCAL
PAPEL;100600026;Papel Couche Brillante B-70 -- 105 gramos  25 x 36;23/12/2025;CONSUMOS;-2700.0;2700.0;PLIEGOS;0.164540565;Couche;LOCAL
PAPEL;100600026;Papel Couche Brillante B-70 -- 105 gramos  25 x 36;23/12/2025;CONSUMOS;-4900.0;4900.0;PLIEGOS;0.298610655;Couche;LOCAL
PAPEL;100600026;Papel Couche Brillante B-70 -- 105 gramos  25 x 36;26/12/2025;CONSUMOS;-250.0;250.0;PLIEGOS;0.015235238;Couche;LOCAL
PAPEL;100600029;Papel Couche Brillante B-80 -- 115 gramos  25 x 36;6/12/2025;CONSUMOS;-1000.0;1000.0;PLIEGOS;0.06674485;Couche;LOCAL
PAPEL;100600029;Papel Couche Brillante B-80 -- 115 gramos  25 x 36;6/12/2025;CONSUMOS;1000.0;1000.0;PLIEGOS;-0.06674485;Couche;LOCAL
PAPEL;100600029;Papel Couche Brillante B-80 -- 115 gramos  25 x 36;10/12/2025;CONSUMOS;-900.0;900.0;PLIEGOS;0.060070365;Couche;LOCAL
PAPEL;100600029;Papel Couche Brillante B-80 -- 115 gramos  25 x 36;10/12/2025;CONSUMOS;-1500.0;1500.0;PLIEGOS;0.100117275;Couche;LOCAL
PAPEL;100600029;Papel Couche Brillante B-80 -- 115 gramos  25 x 36;17/12/2025;CONSUMOS;-400.0;400.0;PLIEGOS;0.02669794;Couche;LOCAL
PAPEL;100600029;Papel Couche Brillante B-80 -- 115 gramos  25 x 36;23/12/2025;CONSUMOS;-1600.0;1600.0;PLIEGOS;0.10679176;Couche;LOCAL
PAPEL;100600030;Papel Couche Brillante B-80 -- 115 gramos  30 x40;3/12/2025;CONSUMOS;-3500.0;3500.0;PLIEGOS;0.246641938;Couche;LOCAL
PAPEL;100600030;Papel Couche Brillante B-80 -- 115 gramos  30 x40;10/12/2025;CONSUMOS;-1600.0;1600.0;PLIEGOS;0.1127506;Couche;LOCAL
PAPEL;100600030;Papel Couche Brillante B-80 -- 115 gramos  30 x40;10/12/2025;CONSUMOS;-202.0;202.0;PLIEGOS;0.014234763;Couche;LOCAL
PAPEL;100600030;Papel Couche Brillante B-80 -- 115 gramos  30 x40;10/12/2025;CONSUMOS;-20.0;20.0;PLIEGOS;0.001409383;Couche;LOCAL
PAPEL;100600030;Papel Couche Brillante B-80 -- 115 gramos  30 x40;10/12/2025;CONSUMOS;-113.0;113.0;PLIEGOS;0.007963011;Couche;LOCAL
PAPEL;100600030;Papel Couche Brillante B-80 -- 115 gramos  30 x40;12/12/2025;CONSUMOS;-1000.0;1000.0;PLIEGOS;0.070469125;Couche;LOCAL
PAPEL;100600031;Papel Couche Brillante B-80 -- 115 gramos  30 x 40;10/12/2025;CONSUMOS;-187.0;187.0;PLIEGOS;0.016648999;Couche;LOCAL
PAPEL;100600031;Papel Couche Brillante B-80 -- 115 gramos  30 x 40;12/12/2025;CONSUMOS;-500.0;500.0;PLIEGOS;0.04451604;Couche;LOCAL
PAPEL;100600031;Papel Couche Brillante B-80 -- 115 gramos  30 x 40;17/12/2025;CONSUMOS;-2813.0;2813.0;PLIEGOS;0.250447241;Couche;LOCAL
PAPEL;100600032;Papel Couche Brillante B-100 -- 140 gramos  25 x 36;3/12/2025;CONSUMOS;-600.0;600.0;PLIEGOS;0.04875276;Couche;LOCAL
PAPEL;100600032;Papel Couche Brillante B-100 -- 140 gramos  25 x 36;3/12/2025;CONSUMOS;-1800.0;1800.0;PLIEGOS;0.14625828;Couche;LOCAL
PAPEL;100600032;Papel Couche Brillante B-100 -- 140 gramos  25 x 36;10/12/2025;CONSUMOS;-1600.0;1600.0;PLIEGOS;0.13000736;Couche;LOCAL
PAPEL;100600032;Papel Couche Brillante B-100 -- 140 gramos  25 x 36;12/12/2025;CONSUMOS;-150.0;150.0;PLIEGOS;0.01218819;Couche;LOCAL
PAPEL;100600032;Papel Couche Brillante B-100 -- 140 gramos  25 x 36;17/12/2025;CONSUMOS;-500.0;500.0;PLIEGOS;0.0406273;Couche;LOCAL
PAPEL;100600032;Papel Couche Brillante B-100 -- 140 gramos  25 x 36;23/12/2025;CONSUMOS;-3100.0;3100.0;PLIEGOS;0.25188926;Couche;LOCAL
PAPEL;100600032;Papel Couche Brillante B-100 -- 140 gramos  25 x 36;23/12/2025;CONSUMOS;-1600.0;1600.0;PLIEGOS;0.13000736;Couche;LOCAL
PAPEL;100600032;Papel Couche Brillante B-100 -- 140 gramos  25 x 36;24/12/2025;CONSUMOS;-4500.0;4500.0;PLIEGOS;0.3656457;Couche;LOCAL
PAPEL;100600032;Papel Couche Brillante B-100 -- 140 gramos  25 x 36;26/12/2025;CONSUMOS;-600.0;600.0;PLIEGOS;0.04875276;Couche;LOCAL
PAPEL;100600033;Papel Couche Brillante B-100 -- 140 gramos  25 x 38;10/12/2025;CONSUMOS;-550.0;550.0;PLIEGOS;0.047183675;Couche;LOCAL
PAPEL;100600033;Papel Couche Brillante B-100 -- 140 gramos  25 x 38;12/12/2025;CONSUMOS;-46.0;46.0;PLIEGOS;0.003946271;Couche;LOCAL
PAPEL;100600033;Papel Couche Brillante B-100 -- 140 gramos  25 x 38;17/12/2025;CONSUMOS;-196.0;196.0;PLIEGOS;0.016814546;Couche;LOCAL
PAPEL;100600033;Papel Couche Brillante B-100 -- 140 gramos  25 x 38;17/12/2025;CONSUMOS;-200.0;200.0;PLIEGOS;0.0171577;Couche;LOCAL
PAPEL;100600033;Papel Couche Brillante B-100 -- 140 gramos  25 x 38;23/12/2025;CONSUMOS;-100.0;100.0;PLIEGOS;0.00857885;Couche;LOCAL
PAPEL;100600033;Papel Couche Brillante B-100 -- 140 gramos  25 x 38;24/12/2025;CONSUMOS;-1500.0;1500.0;PLIEGOS;0.12868275;Couche;LOCAL
PAPEL;100600033;Papel Couche Brillante B-100 -- 140 gramos  25 x 38;24/12/2025;CONSUMOS;-400.0;400.0;PLIEGOS;0.0343154;Couche;LOCAL
PAPEL;100600033;Papel Couche Brillante B-100 -- 140 gramos  25 x 38;26/12/2025;CONSUMOS;-50.0;50.0;PLIEGOS;0.004289425;Couche;LOCAL
PAPEL;100600034;Papel Couche Brillante B-100 -- 140 gramos  30 x 40;12/12/2025;CONSUMOS;-204.0;204.0;PLIEGOS;0.022110924;Couche;LOCAL
PAPEL;100600034;Papel Couche Brillante B-100 -- 140 gramos  30 x 40;23/12/2025;CONSUMOS;-2600.0;2600.0;PLIEGOS;0.281805888;Couche;LOCAL
PAPEL;100600043;Papel Bond 75 gramos -- 26 x 38;1/12/2025;CONSUMOS;-100.0;100.0;PLIEGOS;0.004780636;Bond;LOCAL
PAPEL;100600043;Papel Bond 75 gramos -- 26 x 38;3/12/2025;CONSUMOS;-1300.0;1300.0;PLIEGOS;0.062148263;Bond;LOCAL
PAPEL;100600043;Papel Bond 75 gramos -- 26 x 38;3/12/2025;CONSUMOS;-700.0;700.0;PLIEGOS;0.033464449;Bond;LOCAL
PAPEL;100600043;Papel Bond 75 gramos -- 26 x 38;6/12/2025;CONSUMOS;-500.0;500.0;PLIEGOS;0.023903178;Bond;LOCAL
PAPEL;100600043;Papel Bond 75 gramos -- 26 x 38;6/12/2025;CONSUMOS;500.0;500.0;PLIEGOS;-0.023903178;Bond;LOCAL
PAPEL;100600043;Papel Bond 75 gramos -- 26 x 38;10/12/2025;CONSUMOS;-10500.0;10500.0;PLIEGOS;0.501966738;Bond;LOCAL
PAPEL;100600043;Papel Bond 75 gramos -- 26 x 38;10/12/2025;CONSUMOS;-5500.0;5500.0;PLIEGOS;0.262934958;Bond;LOCAL
PAPEL;100600043;Papel Bond 75 gramos -- 26 x 38;12/12/2025;CONSUMOS;-300.0;300.0;PLIEGOS;0.014341907;Bond;LOCAL
PAPEL;100600043;Papel Bond 75 gramos -- 26 x 38;17/12/2025;CONSUMOS;-1800.0;1800.0;PLIEGOS;0.086051441;Bond;LOCAL
PAPEL;100600043;Papel Bond 75 gramos -- 26 x 38;17/12/2025;CONSUMOS;-2800.0;2800.0;PLIEGOS;0.133857797;Bond;LOCAL
PAPEL;100600043;Papel Bond 75 gramos -- 26 x 38;23/12/2025;CONSUMOS;-1600.0;1600.0;PLIEGOS;0.07649017;Bond;LOCAL
PAPEL;100600043;Papel Bond 75 gramos -- 26 x 38;26/12/2025;CONSUMOS;-6500.0;6500.0;PLIEGOS;0.310741314;Bond;LOCAL
PAPEL;100600043;Papel Bond 75 gramos -- 26 x 38;26/12/2025;CONSUMOS;-400.0;400.0;PLIEGOS;0.019122542;Bond;LOCAL
PAPEL;100600045;Papel Couche Brillante B-80 -- 115 gramos  30 x 40;10/12/2025;CONSUMOS;-290.0;290.0;PLIEGOS;0.025819303;Couche;LOCAL
PAPEL;100600045;Papel Couche Brillante B-80 -- 115 gramos  30 x 40;17/12/2025;CONSUMOS;-1750.0;1750.0;PLIEGOS;0.15580614;Couche;LOCAL
PAPEL;100600068;Cartulina FBB Zenith --  C-22 330 gramos  25 x 38;3/12/2025;CONSUMOS;-1200.0;1200.0;PLIEGOS;0.242709192;C22-25;LOCAL
PAPEL;100600089;Papel Bond 80 gramos -- 26 x 36;12/12/2025;CONSUMOS;-3000.0;3000.0;PLIEGOS;0.1447776;Bond;LOCAL
PAPEL;100600093;Cartulina Husky C-8 -- 200 gramos 25 x 38;10/12/2025;CONSUMOS;-100.0;100.0;PLIEGOS;0.0122555;C8-25H;LOCAL
PAPEL;100600093;Cartulina Husky C-8 -- 200 gramos 25 x 38;17/12/2025;CONSUMOS;-1200.0;1200.0;PLIEGOS;0.147066;C8-25H;LOCAL
PAPEL;100600096;Papel Bond 80 gramos -- 26 x 38;3/12/2025;CONSUMOS;-38500.0;38500.0;PLIEGOS;1.961652;Bond;LOCAL
PAPEL;100600096;Papel Bond 80 gramos -- 26 x 38;3/12/2025;CONSUMOS;-3400.0;3400.0;PLIEGOS;0.1732368;Bond;LOCAL
PAPEL;100600101;Papel Bond 60 gramos -- 22 x 34;23/12/2025;CONSUMOS;-76500.0;76500.0;PLIEGOS;2.21033286;Bond;LOCAL
PAPEL;100600130;Rollo Cartulina POPLAR --  C - 16 255 g ancho 22;29/12/2025;CONSUMOS;-4718.0;4718.0;METROS;0.67132422;C16-22;IMPORTACION
PAPEL;100600143;Rollo Cartulina FBB OBAFREE FSC MIXTO --  C - 13.5 225 g ancho 24.5;12/12/2025;CONSUMOS;-16157.0;16157.0;METROS;2.26117215;OLMECA;IMPORTACION
PAPEL;100600143;Rollo Cartulina FBB OBAFREE FSC MIXTO --  C - 13.5 225 g ancho 24.5;12/12/2025;CONSUMOS;-31308.0;31308.0;METROS;4.3815546;OLMECA;IMPORTACION
PAPEL;100600143;Rollo Cartulina FBB OBAFREE FSC MIXTO --  C - 13.5 225 g ancho 24.5;12/12/2025;CONSUMOS;-16229.0;16229.0;METROS;2.27124855;OLMECA;IMPORTACION
PAPEL;100600143;Rollo Cartulina FBB OBAFREE FSC MIXTO --  C - 13.5 225 g ancho 24.5;15/12/2025;CONSUMOS;-23729.0;23729.0;METROS;3.32087355;OLMECA;IMPORTACION
CARTULINA;100300001;Cartulina Husky -- C-8 200 gramos 25 x 36;13/01/2026;INGRESOS;1100.0;1100.0;hoja(s);0.1276858;C8-25H;LOCAL
CARTULINA;100300001;Cartulina Husky -- C-8 200 gramos 25 x 36;13/01/2026;INGRESOS;1500.0;1500.0;hoja(s);0.174117;C8-25H;LOCAL
CARTULINA;100300005;Cartulina Husky -- C-10 230 gramos 25 x 38;28/01/2026;INGRESOS;26000.0;26000.0;hoja(s);3.6643945;C10-25H;LOCAL
CARTULINA;100300009;Cartulina Husky -- C-12 270 gramos 25 x 38;16/01/2026;INGRESOS;1200.0;1200.0;hoja(s);0.1985391;C12-25H;LOCAL
CARTULINA;100300011;Cartulina Husky -- C-14 300 gramos 25 x 38;20/01/2026;INGRESOS;3500.0;3500.0;hoja(s);0.64341375;C14-25H;LOCAL
CARTULINA;100300012;Cartulina Husky -- C-14 300 gramos 30 x 40;27/01/2026;INGRESOS;5000.0;5000.0;hoja(s);1.161288;C14-30H;LOCAL
CARTULINA;100300013;Cartulina Husky -- C-16 350 gramos 25 x 38;22/01/2026;INGRESOS;2500.0;2500.0;hoja(s);0.536178125;C16-25H;LOCAL
CARTULINA;100300704;Cartulina FBB Zenith LOCAL -- C-16 270 gramos 25 x 36;5/01/2026;INGRESOS;1600.0;1600.0;hoja(s);0.25072848;C16-25;LOCAL
CARTULINA;100300996;Cartulina FBB Zenith LOCAL -- C-18 295 gramos 25 x 36;20/01/2026;INGRESOS;1100.0;1100.0;hoja(s);0.188336555;C18-25;LOCAL
CARTULINA;100301855;Rollo Cartulina Nine Dragons C - 16 255 g ancho 28.5;29/01/2026;INGRESOS;120330.0;120330.0;METROS;19.48443525;C16-29;IMPORTACION
CARTULINA;100301855;Rollo Cartulina Nine Dragons C - 16 255 g ancho 28.5;29/01/2026;INGRESOS;0.0;0.0;METROS;0.0;C16-29;IMPORTACION
CARTULINA;100304526;Cartulina SPARK C-18 270 gr 25 X 36;28/01/2026;INGRESOS;300.0;300.0;PLIEGOS;0.04701159;Spark;LOCAL
CARTULINA 29-89;100304547;Rollo Cartulina Spectra Natural -- C-18 267g ancho 27;7/01/2026;INGRESOS;107082.0;107082.0;METROS;19.60763511;BCONSUMOSBO;IMPORTACION
CARTULINA 29-89;100304547;Rollo Cartulina Spectra Natural -- C-18 267g ancho 27;7/01/2026;INGRESOS;0.0;0.0;METROS;0.0;BCONSUMOSBO;IMPORTACION
CARTULINA 29-89;100304547;Rollo Cartulina Spectra Natural -- C-18 267g ancho 27;30/01/2026;INGRESOS;105237.0;105237.0;METROS;19.26979974;BCONSUMOSBO;IMPORTACION
CARTULINA;100304565;Rollo Cartulina DEINGRESOSCA FSC --  C - 13.5 225 g ancho 23.125;7/01/2026;INGRESOS;0.0;0.0;METROS;0.0;OLMECA;IMPORTACION
CARTULINA;100304640;Rollo Cartulina OBAFREE --  C-15 230 g ancho 25.5;29/01/2026;INGRESOS;129792.0;129792.0;METROS;19.33524403;FOSFORERA;IMPORTACION
CARTULINA;100304640;Rollo Cartulina OBAFREE --  C-15 230 g ancho 25.5;29/01/2026;INGRESOS;0.0;0.0;METROS;0.0;FOSFORERA;IMPORTACION
CARTULINA 29-89;100305969;Cartulina FBB DRAGONS -- C-15.7 245 gramos 34.5 x 27;29/01/2026;INGRESOS;156000.0;156000.0;PLIEGOS;22.96894116;HONDURAS FOS;IMPORTACION
CARTULINA 29-89;100305969;Cartulina FBB DRAGONS -- C-15.7 245 gramos 34.5 x 27;29/01/2026;INGRESOS;0.0;0.0;PLIEGOS;0.0;HONDURAS FOS;IMPORTACION
CARTULINA;100305982;Cartulina FBB DUPLEX MIRABELL -- C-16 300 gramos  20 x 32.5;7/01/2026;INGRESOS;0.0;0.0;PLIEGOS;0.0;COLGATE-100;IMPORTACION
CARTULINA;100305983;Cartulina FBB DUPLEX MIRABELL -- C-16 300 gramos  25.5 x 36.5;7/01/2026;INGRESOS;0.0;0.0;PLIEGOS;0.0;COLGATE-50;IMPORTACION
CARTULINA;100305984;Cartulina FBB DUPLEX MIRABELL -- C-16 300 gramos  25 x 34;7/01/2026;INGRESOS;0.0;0.0;PLIEGOS;0.0;COLGATE-22;IMPORTACION
CARTULINA;100306002;Cartulina FBB DRAGONS YA ESTÁ -- C-16.3 255 gramos  39.5 x 25;7/01/2026;INGRESOS;0.0;0.0;PLIEGOS;0.0;YA ESTA;IMPORTACION
CARTULINA;100306136;Cartulina Husky -- C-16 350 gramos 30 X 40;27/01/2026;INGRESOS;400.0;400.0;hoja(s);0.10838688;C16-30H;LOCAL
CARTULINA;100306141;Cartulina SPARK C-20 295 gr 25 X 36;20/01/2026;INGRESOS;2300.0;2300.0;PLIEGOS;0.393966954;Spark;LOCAL
PAPEL;100600003;Papel Bond 55 gramos -- 26 x 34;28/01/2026;INGRESOS;3500.0;3500.0;PLIEGOS;0.10964415;Bond;LOCAL
PAPEL;100600005;Papel Bond 75 gramos -- 22 x 34;14/01/2026;INGRESOS;6000.0;6000.0;PLIEGOS;0.2166993;Bond;LOCAL
PAPEL;100600006;Papel Bond 75 gramos -- 26 x 34;28/01/2026;INGRESOS;26500.0;26500.0;PLIEGOS;1.13204025;Bond;LOCAL
PAPEL;100600007;Papel Bond 75 gramos -- 26 x 34;27/01/2026;INGRESOS;3500.0;3500.0;PLIEGOS;0.149709378;Bond;LOCAL
PAPEL;100600009;Papel Bond 75 gramos -- 26 x 38;27/01/2026;INGRESOS;2000.0;2000.0;PLIEGOS;0.095535;Bond;LOCAL
PAPEL;100600015;Papel Bond 120 gramos -- 22 x 34;27/01/2026;INGRESOS;1000.0;1000.0;PLIEGOS;0.05778648;Bond;LOCAL
PAPEL;100600015;Papel Bond 120 gramos -- 22 x 34;28/01/2026;INGRESOS;2000.0;2000.0;PLIEGOS;0.11557296;Bond;LOCAL
PAPEL;100600018;Papel Bond 60 gramos -- 21 x 30;5/01/2026;INGRESOS;25500.0;25500.0;PLIEGOS;0.62140338;Bond;LOCAL
PAPEL;100600018;Papel Bond 60 gramos -- 21 x 30;22/01/2026;INGRESOS;103000.0;103000.0;PLIEGOS;2.50998228;Bond;LOCAL
PAPEL;100600020;Papel Couche Brillante B-60 -- 90 gramos  25 x 36;13/01/2026;INGRESOS;40750.0;40750.0;PLIEGOS;2.128580325;Couche;LOCAL
PAPEL;100600021;Papel Couche Brillante - 1 Cara - B-60 -- 90 gramos  25 x 36;14/01/2026;INGRESOS;3250.0;3250.0;PLIEGOS;0.169764075;Couche;LOCAL
PAPEL;100600021;Papel Couche Brillante - 1 Cara - B-60 -- 90 gramos  25 x 36;16/01/2026;INGRESOS;10000.0;10000.0;PLIEGOS;0.522351;Couche;LOCAL
PAPEL;100600021;Papel Couche Brillante - 1 Cara - B-60 -- 90 gramos  25 x 36;22/01/2026;INGRESOS;11750.0;11750.0;PLIEGOS;0.613762425;Couche;LOCAL
PAPEL;100600021;Papel Couche Brillante - 1 Cara - B-60 -- 90 gramos  25 x 36;27/01/2026;INGRESOS;1000.0;1000.0;PLIEGOS;0.0522351;Couche;LOCAL
PAPEL;100600021;Papel Couche Brillante - 1 Cara - B-60 -- 90 gramos  25 x 36;28/01/2026;INGRESOS;1750.0;1750.0;PLIEGOS;0.091411425;Couche;LOCAL
PAPEL;100600023;Papel Couche Brillante - 1 Cara - B-60 -- 90 gramos  25 x 38;5/01/2026;INGRESOS;2500.0;2500.0;PLIEGOS;0.137874375;Couche;LOCAL
PAPEL;100600023;Papel Couche Brillante - 1 Cara - B-60 -- 90 gramos  25 x 38;22/01/2026;INGRESOS;1000.0;1000.0;PLIEGOS;0.05514975;Couche;LOCAL
PAPEL;100600023;Papel Couche Brillante - 1 Cara - B-60 -- 90 gramos  25 x 38;28/01/2026;INGRESOS;11000.0;11000.0;PLIEGOS;0.60664725;Couche;LOCAL
PAPEL;100600026;Papel Couche Brillante B-70 -- 105 gramos  25 x 36;15/01/2026;INGRESOS;20000.0;20000.0;PLIEGOS;1.218819;Couche;LOCAL
PAPEL;100600029;Papel Couche Brillante B-80 -- 115 gramos  25 x 36;13/01/2026;INGRESOS;1000.0;1000.0;PLIEGOS;0.06674485;Couche;LOCAL
PAPEL;100600029;Papel Couche Brillante B-80 -- 115 gramos  25 x 36;13/01/2026;INGRESOS;2000.0;2000.0;PLIEGOS;0.1334897;Couche;LOCAL
PAPEL;100600029;Papel Couche Brillante B-80 -- 115 gramos  25 x 36;14/01/2026;INGRESOS;3500.0;3500.0;PLIEGOS;0.233606975;Couche;LOCAL
PAPEL;100600029;Papel Couche Brillante B-80 -- 115 gramos  25 x 36;28/01/2026;INGRESOS;2000.0;2000.0;PLIEGOS;0.1334897;Couche;LOCAL
PAPEL;100600030;Papel Couche Brillante B-80 -- 115 gramos  25 x 38;27/01/2026;INGRESOS;8000.0;8000.0;PLIEGOS;0.563753;Couche;LOCAL
PAPEL;100600032;Papel Couche Brillante B-100 -- 140 gramos  25 x 36;5/01/2026;INGRESOS;500.0;500.0;PLIEGOS;0.0406273;Couche;LOCAL
PAPEL;100600032;Papel Couche Brillante B-100 -- 140 gramos  25 x 36;13/01/2026;INGRESOS;5000.0;5000.0;PLIEGOS;0.406273;Couche;LOCAL
PAPEL;100600032;Papel Couche Brillante B-100 -- 140 gramos  25 x 36;15/01/2026;INGRESOS;10000.0;10000.0;PLIEGOS;0.812546;Couche;LOCAL
PAPEL;100600032;Papel Couche Brillante B-100 -- 140 gramos  25 x 36;27/01/2026;INGRESOS;13500.0;13500.0;PLIEGOS;1.0969371;Couche;LOCAL
PAPEL;100600033;Papel Couche Brillante B-100 -- 140 gramos  25 x 38;16/01/2026;INGRESOS;7250.0;7250.0;PLIEGOS;0.621966625;Couche;LOCAL
PAPEL;100600034;Papel Couche Brillante B-100 -- 140 gramos  30 x 40;13/01/2026;INGRESOS;2500.0;2500.0;PLIEGOS;0.2709672;Couche;LOCAL
PAPEL;100600043;Papel Bond 75 gramos -- 26 x 38;5/01/2026;INGRESOS;4000.0;4000.0;PLIEGOS;0.191225424;Bond;LOCAL
PAPEL;100600043;Papel Bond 75 gramos -- 26 x 38;5/01/2026;INGRESOS;9000.0;9000.0;PLIEGOS;0.430257204;Bond;LOCAL
PAPEL;100600043;Papel Bond 75 gramos -- 26 x 38;5/01/2026;INGRESOS;2500.0;2500.0;PLIEGOS;0.11951589;Bond;LOCAL
PAPEL;100600043;Papel Bond 75 gramos -- 26 x 38;22/01/2026;INGRESOS;7000.0;7000.0;PLIEGOS;0.334644492;Bond;LOCAL
PAPEL;100600043;Papel Bond 75 gramos -- 26 x 38;27/01/2026;INGRESOS;7000.0;7000.0;PLIEGOS;0.334644492;Bond;LOCAL
PAPEL;100600045;Papel Couche Brillante B-80 -- 115 gramos  30 x 40;5/01/2026;INGRESOS;3500.0;3500.0;PLIEGOS;0.31161228;Couche;LOCAL
PAPEL;100600045;Papel Couche Brillante B-80 -- 115 gramos  30 x 40;13/01/2026;INGRESOS;750.0;750.0;PLIEGOS;0.06677406;Couche;LOCAL
PAPEL;100600045;Papel Couche Brillante B-80 -- 115 gramos  30 x 40;20/01/2026;INGRESOS;4000.0;4000.0;PLIEGOS;0.35612832;Couche;LOCAL
PAPEL;100600045;Papel Couche Brillante B-80 -- 115 gramos  30 x 40;28/01/2026;INGRESOS;5000.0;5000.0;PLIEGOS;0.4451604;Couche;LOCAL
PAPEL;100600102;Rollo Cartulina BRIGHT --  C - 16 245 g ancho 25;7/01/2026;INGRESOS;0.0;0.0;METROS;0.0;BAYER-25;IMPORTACION
PAPEL;100600135;Rollo Cartulina BRIGHT     C - 16 245 g ancho 23;7/01/2026;INGRESOS;0.0;0.0;METROS;0.0;BAYER-23;IMPORTACION
CARTULINA;100300001;Cartulina Husky -- C-8 200 gramos 25 x 36;16/01/2026;CONSUMOS;-1100.0;1100.0;hoja(s);0.1276858;C8-25H;LOCAL
CARTULINA;100300001;Cartulina Husky -- C-8 200 gramos 25 x 36;16/01/2026;CONSUMOS;-1500.0;1500.0;hoja(s);0.174117;C8-25H;LOCAL
CARTULINA;100300005;Cartulina Husky -- C-10 230 gramos 25 x 38;28/01/2026;CONSUMOS;-26000.0;26000.0;hoja(s);3.6643945;C10-25H;LOCAL
CARTULINA;100300007;Cartulina Husky -- C-12 270 gramos 25 x 41.5 (29-89);28/01/2026;CONSUMOS;-3285.0;3285.0;hoja(s);0.593626766;C12-25H;LOCAL
CARTULINA;100300007;Cartulina Husky -- C-12 270 gramos 25 x 41.5 (29-89);29/01/2026;CONSUMOS;-40.0;40.0;hoja(s);0.007228332;C12-25H;LOCAL
CARTULINA;100300009;Cartulina Husky -- C-12 270 gramos 25 x 38;19/01/2026;CONSUMOS;-1300.0;1300.0;hoja(s);0.215084025;C12-25H;LOCAL
CARTULINA;100300009;Cartulina Husky -- C-12 270 gramos 25 x 38;28/01/2026;CONSUMOS;-180.0;180.0;hoja(s);0.029780865;C12-25H;LOCAL
CARTULINA;100300011;Cartulina Husky -- C-14 300 gramos 25 x 38;7/01/2026;CONSUMOS;-166.0;166.0;hoja(s);0.030516195;C14-25H;LOCAL
CARTULINA;100300011;Cartulina Husky -- C-14 300 gramos 25 x 38;7/01/2026;CONSUMOS;-70.0;70.0;hoja(s);0.012868275;C14-25H;LOCAL
CARTULINA;100300011;Cartulina Husky -- C-14 300 gramos 25 x 38;16/01/2026;CONSUMOS;-200.0;200.0;hoja(s);0.0367665;C14-25H;LOCAL
CARTULINA;100300011;Cartulina Husky -- C-14 300 gramos 25 x 38;19/01/2026;CONSUMOS;-135.0;135.0;hoja(s);0.024817388;C14-25H;LOCAL
CARTULINA;100300011;Cartulina Husky -- C-14 300 gramos 25 x 38;24/01/2026;CONSUMOS;-700.0;700.0;hoja(s);0.12868275;C14-25H;LOCAL
CARTULINA;100300011;Cartulina Husky -- C-14 300 gramos 25 x 38;24/01/2026;CONSUMOS;-2100.0;2100.0;hoja(s);0.38604825;C14-25H;LOCAL
CARTULINA;100300011;Cartulina Husky -- C-14 300 gramos 25 x 38;24/01/2026;CONSUMOS;-700.0;700.0;hoja(s);0.12868275;C14-25H;LOCAL
CARTULINA;100300011;Cartulina Husky -- C-14 300 gramos 25 x 38;26/01/2026;CONSUMOS;-14.0;14.0;hoja(s);0.002573655;C14-25H;LOCAL
CARTULINA;100300012;Cartulina Husky -- C-14 300 gramos 30 x 40;27/01/2026;CONSUMOS;-5000.0;5000.0;hoja(s);1.161288;C14-30H;LOCAL
CARTULINA;100300012;Cartulina Husky -- C-14 300 gramos 30 x 40;27/01/2026;CONSUMOS;5000.0;5000.0;hoja(s);-1.161288;C14-30H;LOCAL
CARTULINA;100300012;Cartulina Husky -- C-14 300 gramos 30 x 40;28/01/2026;CONSUMOS;-822.0;822.0;hoja(s);0.190915747;C14-30H;LOCAL
CARTULINA;100300013;Cartulina Husky -- C-16 350 gramos 25 x 38;7/01/2026;CONSUMOS;-400.0;400.0;hoja(s);0.0857885;C16-25H;LOCAL
CARTULINA;100300013;Cartulina Husky -- C-16 350 gramos 25 x 38;19/01/2026;CONSUMOS;-26.0;26.0;hoja(s);0.005576253;C16-25H;LOCAL
CARTULINA;100300013;Cartulina Husky -- C-16 350 gramos 25 x 38;24/01/2026;CONSUMOS;-400.0;400.0;hoja(s);0.0857885;C16-25H;LOCAL
CARTULINA;100300013;Cartulina Husky -- C-16 350 gramos 25 x 38;24/01/2026;CONSUMOS;-400.0;400.0;hoja(s);0.0857885;C16-25H;LOCAL
CARTULINA;100300158;Cartulina FBB Zenith LOCAL -- C-12 215 gramos 25 x 36;29/01/2026;CONSUMOS;-145.0;145.0;hoja(s);0.018093658;C12-25;LOCAL
CARTULINA;100300158;Cartulina FBB Zenith LOCAL -- C-12 215 gramos 25 x 36;29/01/2026;CONSUMOS;-123.0;123.0;hoja(s);0.015348414;C12-25;LOCAL
CARTULINA;100300296;Cartulina FBB Zenith LOCAL -- C-14 235 gramos 25 x 36;26/01/2026;CONSUMOS;-4740.0;4740.0;hoja(s);0.646496421;C14-25;LOCAL
CARTULINA;100300296;Cartulina FBB Zenith LOCAL -- C-14 235 gramos 25 x 36;28/01/2026;CONSUMOS;-860.0;860.0;hoja(s);0.117296819;C14-25;LOCAL
CARTULINA;100300298;Cartulina FBB Zenith LOCAL -- C-14 235 gramos 25 x 38;7/01/2026;CONSUMOS;-2300.0;2300.0;hoja(s);0.331204888;C14-25;LOCAL
CARTULINA;100300298;Cartulina FBB Zenith LOCAL -- C-14 235 gramos 25 x 38;26/01/2026;CONSUMOS;-2875.0;2875.0;hoja(s);0.414006109;C14-25;LOCAL
CARTULINA;100300298;Cartulina FBB Zenith LOCAL -- C-14 235 gramos 25 x 38;28/01/2026;CONSUMOS;-910.0;910.0;hoja(s);0.131041934;C14-25;LOCAL
CARTULINA;100300558;Cartulina FBB Poplar -- C-16 255 gramos 25 x 38;8/01/2026;CONSUMOS;-1880.0;1880.0;hoja(s);0.293764335;C16-25;IMPORTACION
CARTULINA;100300558;Cartulina FBB Poplar -- C-16 255 gramos 25 x 38;8/01/2026;CONSUMOS;-1195.0;1195.0;hoja(s);0.186727862;C16-25;IMPORTACION
CARTULINA;100300558;Cartulina FBB Poplar -- C-16 255 gramos 25 x 38;8/01/2026;CONSUMOS;-1195.0;1195.0;hoja(s);0.186727862;C16-25;IMPORTACION
CARTULINA;100300558;Cartulina FBB Poplar -- C-16 255 gramos 25 x 38;10/01/2026;CONSUMOS;-30.0;30.0;hoja(s);0.004687729;C16-25;IMPORTACION
CARTULINA;100300704;Cartulina FBB Zenith LOCAL -- C-16 270 gramos 25 x 36;29/01/2026;CONSUMOS;-200.0;200.0;hoja(s);0.03134106;C16-25;LOCAL
CARTULINA;100300996;Cartulina FBB Zenith LOCAL -- C-18 295 gramos 25 x 36;24/01/2026;CONSUMOS;-1100.0;1100.0;hoja(s);0.188336555;C18-25;LOCAL
CARTULINA;100301356;Rollo Cartulina ASIA SYMBOL C-16 270 g ancho 25;6/01/2026;CONSUMOS;-7620.0;7620.0;METROS;1.306449;C16-25;IMPORTACION
CARTULINA;100301356;Rollo Cartulina ASIA SYMBOL C-16 270 g ancho 25;6/01/2026;CONSUMOS;-2209.0;2209.0;METROS;0.37873305;C16-25;IMPORTACION
CARTULINA;100301356;Rollo Cartulina ASIA SYMBOL C-16 270 g ancho 25;6/01/2026;CONSUMOS;-9233.0;9233.0;METROS;1.58299785;C16-25;IMPORTACION
CARTULINA;100301356;Rollo Cartulina ASIA SYMBOL C-16 270 g ancho 25;6/01/2026;CONSUMOS;-1859.0;1859.0;METROS;0.31872555;C16-25;IMPORTACION
CARTULINA;100301356;Rollo Cartulina ASIA SYMBOL C-16 270 g ancho 25;6/01/2026;CONSUMOS;-2174.0;2174.0;METROS;0.3727323;C16-25;IMPORTACION
CARTULINA;100301356;Rollo Cartulina ASIA SYMBOL C-16 270 g ancho 25;6/01/2026;CONSUMOS;-4800.0;4800.0;METROS;0.82296;C16-25;IMPORTACION
CARTULINA;100301356;Rollo Cartulina ASIA SYMBOL C-16 270 g ancho 25;12/01/2026;CONSUMOS;-725.0;725.0;METROS;0.12430125;C16-25;IMPORTACION
CARTULINA;100301356;Rollo Cartulina ASIA SYMBOL C-16 270 g ancho 25;12/01/2026;CONSUMOS;-1285.0;1285.0;METROS;0.22031325;C16-25;IMPORTACION
CARTULINA;100301356;Rollo Cartulina ASIA SYMBOL C-16 270 g ancho 25;14/01/2026;CONSUMOS;-195.0;195.0;METROS;0.03343275;C16-25;IMPORTACION
CARTULINA;100301356;Rollo Cartulina ASIA SYMBOL C-16 270 g ancho 25;14/01/2026;CONSUMOS;-1046.0;1046.0;METROS;0.1793367;C16-25;IMPORTACION
CARTULINA;100301356;Rollo Cartulina ASIA SYMBOL C-16 270 g ancho 25;21/01/2026;CONSUMOS;-1359.0;1359.0;METROS;0.23300055;C16-25;IMPORTACION
CARTULINA;100301356;Rollo Cartulina ASIA SYMBOL C-16 270 g ancho 25;26/01/2026;CONSUMOS;-1560.0;1560.0;METROS;0.267462;C16-25;IMPORTACION
CARTULINA;100301356;Rollo Cartulina ASIA SYMBOL C-16 270 g ancho 25;26/01/2026;CONSUMOS;-2121.0;2121.0;METROS;0.36364545;C16-25;IMPORTACION
CARTULINA;100301356;Rollo Cartulina ASIA SYMBOL C-16 270 g ancho 25;26/01/2026;CONSUMOS;-1493.0;1493.0;METROS;0.25597485;C16-25;IMPORTACION
CARTULINA;100301356;Rollo Cartulina ASIA SYMBOL C-16 270 g ancho 25;26/01/2026;CONSUMOS;-941.0;941.0;METROS;0.16133445;C16-25;IMPORTACION
CARTULINA;100301356;Rollo Cartulina ASIA SYMBOL C-16 270 g ancho 25;26/01/2026;CONSUMOS;-885.0;885.0;METROS;0.15173325;C16-25;IMPORTACION
CARTULINA;100301356;Rollo Cartulina ASIA SYMBOL C-16 270 g ancho 25;28/01/2026;CONSUMOS;-2278.0;2278.0;METROS;0.3905631;C16-25;IMPORTACION
CARTULINA;100301356;Rollo Cartulina ASIA SYMBOL C-16 270 g ancho 25;29/01/2026;CONSUMOS;-5439.0;5439.0;METROS;0.93251655;C16-25;IMPORTACION
CARTULINA;100301356;Rollo Cartulina ASIA SYMBOL C-16 270 g ancho 25;29/01/2026;CONSUMOS;-1626.0;1626.0;METROS;0.2787777;C16-25;IMPORTACION
CARTULINA;100301356;Rollo Cartulina ASIA SYMBOL C-16 270 g ancho 25;29/01/2026;CONSUMOS;-1218.0;1218.0;METROS;0.2088261;C16-25;IMPORTACION
CARTULINA;100301356;Rollo Cartulina ASIA SYMBOL C-16 270 g ancho 25;29/01/2026;CONSUMOS;-1023.0;1023.0;METROS;0.17539335;C16-25;IMPORTACION
CARTULINA;100301356;Rollo Cartulina ASIA SYMBOL C-16 270 g ancho 25;29/01/2026;CONSUMOS;-2266.0;2266.0;METROS;0.3885057;C16-25;IMPORTACION
CARTULINA;100301356;Rollo Cartulina ASIA SYMBOL C-16 270 g ancho 25;29/01/2026;CONSUMOS;-3769.0;3769.0;METROS;0.64619505;C16-25;IMPORTACION
CARTULINA;100301356;Rollo Cartulina ASIA SYMBOL C-16 270 g ancho 25;29/01/2026;CONSUMOS;-1077.0;1077.0;METROS;0.18465165;C16-25;IMPORTACION
CARTULINA;100301356;Rollo Cartulina ASIA SYMBOL C-16 270 g ancho 25;29/01/2026;CONSUMOS;-3859.0;3859.0;METROS;0.66162555;C16-25;IMPORTACION
CARTULINA;100301356;Rollo Cartulina ASIA SYMBOL C-16 270 g ancho 25;29/01/2026;CONSUMOS;-760.0;760.0;METROS;0.130302;C16-25;IMPORTACION
CARTULINA;100301356;Rollo Cartulina ASIA SYMBOL C-16 270 g ancho 25;29/01/2026;CONSUMOS;-2239.0;2239.0;METROS;0.38387655;C16-25;IMPORTACION
CARTULINA;100301356;Rollo Cartulina ASIA SYMBOL C-16 270 g ancho 25;29/01/2026;CONSUMOS;-1260.0;1260.0;METROS;0.216027;C16-25;IMPORTACION
CARTULINA;100301356;Rollo Cartulina ASIA SYMBOL C-16 270 g ancho 25;29/01/2026;CONSUMOS;-1503.0;1503.0;METROS;0.25768935;C16-25;IMPORTACION
CARTULINA;100301356;Rollo Cartulina ASIA SYMBOL C-16 270 g ancho 25;29/01/2026;CONSUMOS;-6697.0;6697.0;METROS;1.14820065;C16-25;IMPORTACION
CARTULINA;100301356;Rollo Cartulina ASIA SYMBOL C-16 270 g ancho 25;29/01/2026;CONSUMOS;-2222.0;2222.0;METROS;0.3809619;C16-25;IMPORTACION
CARTULINA;100301356;Rollo Cartulina ASIA SYMBOL C-16 270 g ancho 25;29/01/2026;CONSUMOS;-843.0;843.0;METROS;0.14453235;C16-25;IMPORTACION
CARTULINA;100301356;Rollo Cartulina ASIA SYMBOL C-16 270 g ancho 25;29/01/2026;CONSUMOS;-1737.0;1737.0;METROS;0.29780865;C16-25;IMPORTACION
CARTULINA;100301357;Rollo Cartulina ASIA SYMBOL C-18 295 g ancho 25;6/01/2026;CONSUMOS;-16748.0;16748.0;METROS;3.1373191;C18-25;IMPORTACION
CARTULINA;100301357;Rollo Cartulina ASIA SYMBOL C-18 295 g ancho 25;6/01/2026;CONSUMOS;-2945.0;2945.0;METROS;0.551672125;C18-25;IMPORTACION
CARTULINA;100301357;Rollo Cartulina ASIA SYMBOL C-18 295 g ancho 25;6/01/2026;CONSUMOS;-2431.0;2431.0;METROS;0.455387075;C18-25;IMPORTACION
CARTULINA;100301357;Rollo Cartulina ASIA SYMBOL C-18 295 g ancho 25;6/01/2026;CONSUMOS;-6938.0;6938.0;METROS;1.29966085;C18-25;IMPORTACION
CARTULINA;100301357;Rollo Cartulina ASIA SYMBOL C-18 295 g ancho 25;6/01/2026;CONSUMOS;-2182.0;2182.0;METROS;0.40874315;C18-25;IMPORTACION
CARTULINA;100301357;Rollo Cartulina ASIA SYMBOL C-18 295 g ancho 25;6/01/2026;CONSUMOS;-3265.0;3265.0;METROS;0.611616125;C18-25;IMPORTACION
CARTULINA;100301357;Rollo Cartulina ASIA SYMBOL C-18 295 g ancho 25;6/01/2026;CONSUMOS;-2326.0;2326.0;METROS;0.43571795;C18-25;IMPORTACION
CARTULINA;100301357;Rollo Cartulina ASIA SYMBOL C-18 295 g ancho 25;6/01/2026;CONSUMOS;-1916.0;1916.0;METROS;0.3589147;C18-25;IMPORTACION
CARTULINA;100301357;Rollo Cartulina ASIA SYMBOL C-18 295 g ancho 25;7/01/2026;CONSUMOS;-3480.0;3480.0;METROS;0.651891;C18-25;IMPORTACION
CARTULINA;100301357;Rollo Cartulina ASIA SYMBOL C-18 295 g ancho 25;12/01/2026;CONSUMOS;-1583.0;1583.0;METROS;0.296535475;C18-25;IMPORTACION
CARTULINA;100301357;Rollo Cartulina ASIA SYMBOL C-18 295 g ancho 25;14/01/2026;CONSUMOS;-22511.0;22511.0;METROS;4.216873075;C18-25;IMPORTACION
CARTULINA;100301357;Rollo Cartulina ASIA SYMBOL C-18 295 g ancho 25;14/01/2026;CONSUMOS;-20136.0;20136.0;METROS;3.7719762;C18-25;IMPORTACION
CARTULINA;100301357;Rollo Cartulina ASIA SYMBOL C-18 295 g ancho 25;14/01/2026;CONSUMOS;-7416.0;7416.0;METROS;1.3892022;C18-25;IMPORTACION
CARTULINA;100301357;Rollo Cartulina ASIA SYMBOL C-18 295 g ancho 25;16/01/2026;CONSUMOS;-6131.0;6131.0;METROS;1.148489575;C18-25;IMPORTACION
CARTULINA;100301357;Rollo Cartulina ASIA SYMBOL C-18 295 g ancho 25;16/01/2026;CONSUMOS;-17442.0;17442.0;METROS;3.26732265;C18-25;IMPORTACION
CARTULINA;100301357;Rollo Cartulina ASIA SYMBOL C-18 295 g ancho 25;16/01/2026;CONSUMOS;-165.0;165.0;METROS;0.030908625;C18-25;IMPORTACION
CARTULINA;100301357;Rollo Cartulina ASIA SYMBOL C-18 295 g ancho 25;20/01/2026;CONSUMOS;-1086.0;1086.0;METROS;0.20343495;C18-25;IMPORTACION
CARTULINA;100301357;Rollo Cartulina ASIA SYMBOL C-18 295 g ancho 25;20/01/2026;CONSUMOS;-2514.0;2514.0;METROS;0.47093505;C18-25;IMPORTACION
CARTULINA;100301357;Rollo Cartulina ASIA SYMBOL C-18 295 g ancho 25;20/01/2026;CONSUMOS;-1021.0;1021.0;METROS;0.191258825;C18-25;IMPORTACION
CARTULINA;100301357;Rollo Cartulina ASIA SYMBOL C-18 295 g ancho 25;20/01/2026;CONSUMOS;-4210.0;4210.0;METROS;0.78863825;C18-25;IMPORTACION
CARTULINA;100301357;Rollo Cartulina ASIA SYMBOL C-18 295 g ancho 25;26/01/2026;CONSUMOS;-3796.0;3796.0;METROS;0.7110857;C18-25;IMPORTACION
CARTULINA;100301357;Rollo Cartulina ASIA SYMBOL C-18 295 g ancho 25;26/01/2026;CONSUMOS;-11722.0;11722.0;METROS;2.19582365;C18-25;IMPORTACION
CARTULINA;100301357;Rollo Cartulina ASIA SYMBOL C-18 295 g ancho 25;26/01/2026;CONSUMOS;-1766.0;1766.0;METROS;0.33081595;C18-25;IMPORTACION
CARTULINA;100301357;Rollo Cartulina ASIA SYMBOL C-18 295 g ancho 25;28/01/2026;CONSUMOS;-720.0;720.0;METROS;0.134874;C18-25;IMPORTACION
CARTULINA;100301357;Rollo Cartulina ASIA SYMBOL C-18 295 g ancho 25;28/01/2026;CONSUMOS;-1564.0;1564.0;METROS;0.2929763;C18-25;IMPORTACION
CARTULINA;100301357;Rollo Cartulina ASIA SYMBOL C-18 295 g ancho 25;28/01/2026;CONSUMOS;-3615.0;3615.0;METROS;0.677179875;C18-25;IMPORTACION
CARTULINA;100301357;Rollo Cartulina ASIA SYMBOL C-18 295 g ancho 25;28/01/2026;CONSUMOS;-6887.0;6887.0;METROS;1.290107275;C18-25;IMPORTACION
CARTULINA;100301357;Rollo Cartulina ASIA SYMBOL C-18 295 g ancho 25;29/01/2026;CONSUMOS;-5114.0;5114.0;METROS;0.95798005;C18-25;IMPORTACION
CARTULINA;100301357;Rollo Cartulina ASIA SYMBOL C-18 295 g ancho 25;29/01/2026;CONSUMOS;-4582.0;4582.0;METROS;0.85832315;C18-25;IMPORTACION
CARTULINA;100301357;Rollo Cartulina ASIA SYMBOL C-18 295 g ancho 25;29/01/2026;CONSUMOS;-1804.0;1804.0;METROS;0.3379343;C18-25;IMPORTACION
CARTULINA;100301824;Rollo Cartulina ASIA SYMBOL C-14 235 g ancho 25;26/01/2026;CONSUMOS;-2683.0;2683.0;METROS;0.400370675;C14-25;IMPORTACION
CARTULINA;100301824;Rollo Cartulina ASIA SYMBOL C-14 235 g ancho 25;26/01/2026;CONSUMOS;-165.0;165.0;METROS;0.024622125;C14-25;IMPORTACION
CARTULINA;100301824;Rollo Cartulina ASIA SYMBOL C-14 235 g ancho 25;26/01/2026;CONSUMOS;-231.0;231.0;METROS;0.034470975;C14-25;IMPORTACION
CARTULINA;100301825;Rollo Cartulina ASIA SYMBOL C-16 270 g ancho 28.5;12/01/2026;CONSUMOS;-237.0;237.0;METROS;0.04626477;C16-29;IMPORTACION
CARTULINA;100301825;Rollo Cartulina ASIA SYMBOL C-16 270 g ancho 28.5;12/01/2026;CONSUMOS;-900.0;900.0;METROS;0.175689;C16-29;IMPORTACION
CARTULINA;100301825;Rollo Cartulina ASIA SYMBOL C-16 270 g ancho 28.5;12/01/2026;CONSUMOS;-1636.0;1636.0;METROS;0.31936356;C16-29;IMPORTACION
CARTULINA;100301834;Rollo Cartulina ASIA SYMBOL C-16 270 g ancho 29;13/01/2026;CONSUMOS;-1948.0;1948.0;METROS;0.38710656;C16-29;IMPORTACION
CARTULINA;100301834;Rollo Cartulina ASIA SYMBOL C-16 270 g ancho 29;26/01/2026;CONSUMOS;-1791.0;1791.0;METROS;0.35590752;C16-29;IMPORTACION
CARTULINA;100301834;Rollo Cartulina ASIA SYMBOL C-16 270 g ancho 29;26/01/2026;CONSUMOS;-330.0;330.0;METROS;0.0655776;C16-29;IMPORTACION
CARTULINA;100301834;Rollo Cartulina ASIA SYMBOL C-16 270 g ancho 29;28/01/2026;CONSUMOS;-4501.0;4501.0;METROS;0.89443872;C16-29;IMPORTACION
CARTULINA;100301834;Rollo Cartulina ASIA SYMBOL C-16 270 g ancho 29;28/01/2026;CONSUMOS;-9662.0;9662.0;METROS;1.92003264;C16-29;IMPORTACION
CARTULINA;100301835;Rollo Cartulina ASIA SYMBOL C-18 295 g ancho 29;14/01/2026;CONSUMOS;-4596.0;4596.0;METROS;0.99788352;C18-29;IMPORTACION
CARTULINA;100301835;Rollo Cartulina ASIA SYMBOL C-18 295 g ancho 29;14/01/2026;CONSUMOS;-4420.0;4420.0;METROS;0.9596704;C18-29;IMPORTACION
CARTULINA;100301848;Rollo Cartulina ASIA SYMBOL C-20 325 g ancho 25;6/01/2026;CONSUMOS;-15659.0;15659.0;METROS;3.231626125;C20-25;IMPORTACION
CARTULINA;100301848;Rollo Cartulina ASIA SYMBOL C-20 325 g ancho 25;6/01/2026;CONSUMOS;-2150.0;2150.0;METROS;0.44370625;C20-25;IMPORTACION
CARTULINA;100301848;Rollo Cartulina ASIA SYMBOL C-20 325 g ancho 25;7/01/2026;CONSUMOS;-9306.0;9306.0;METROS;1.92052575;C20-25;IMPORTACION
CARTULINA;100301848;Rollo Cartulina ASIA SYMBOL C-20 325 g ancho 25;7/01/2026;CONSUMOS;-325.0;325.0;METROS;0.067071875;C20-25;IMPORTACION
CARTULINA;100301848;Rollo Cartulina ASIA SYMBOL C-20 325 g ancho 25;16/01/2026;CONSUMOS;-8934.0;8934.0;METROS;1.84375425;C20-25;IMPORTACION
CARTULINA;100301848;Rollo Cartulina ASIA SYMBOL C-20 325 g ancho 25;21/01/2026;CONSUMOS;-2329.0;2329.0;METROS;0.480647375;C20-25;IMPORTACION
CARTULINA;100301848;Rollo Cartulina ASIA SYMBOL C-20 325 g ancho 25;27/01/2026;CONSUMOS;-1010.0;1010.0;METROS;0.20843875;C20-25;IMPORTACION
CARTULINA;100301848;Rollo Cartulina ASIA SYMBOL C-20 325 g ancho 25;27/01/2026;CONSUMOS;-565.0;565.0;METROS;0.116601875;C20-25;IMPORTACION
CARTULINA;100301848;Rollo Cartulina ASIA SYMBOL C-20 325 g ancho 25;27/01/2026;CONSUMOS;-612.0;612.0;METROS;0.1263015;C20-25;IMPORTACION
CARTULINA;100301848;Rollo Cartulina ASIA SYMBOL C-20 325 g ancho 25;28/01/2026;CONSUMOS;-406.0;406.0;METROS;0.08378825;C20-25;IMPORTACION
CARTULINA;100301848;Rollo Cartulina ASIA SYMBOL C-20 325 g ancho 25;28/01/2026;CONSUMOS;-770.0;770.0;METROS;0.15890875;C20-25;IMPORTACION
CARTULINA;100301850;Rollo Cartulina ASIA SYMBOL C-18 295 g ancho 24.6;27/01/2026;CONSUMOS;-515.0;515.0;METROS;0.094953125;C18-25;IMPORTACION
CARTULINA;100301851;Rollo Cartulina ALASKA BRIGHT --  C - 16 270 g ancho 28.5;28/01/2026;CONSUMOS;-5076.0;5076.0;METROS;0.99225648;C16-29;IMPORTACION
CARTULINA;100301856;Rollo Cartulina OBAFREE --  C - 18 265 g ancho 23;21/01/2026;CONSUMOS;-22158.0;22158.0;METROS;3.42917208;C18-23;IMPORTACION
CARTULINA;100301900;Rollo Cartulina SBS CANDESCE -- C-24 407 g ancho 25 (29-89);16/01/2026;CONSUMOS;-1191.0;1191.0;METROS;0.307807995;GILDAN;IMPORTACION
CARTULINA;100301900;Rollo Cartulina SBS CANDESCE -- C-24 407 g ancho 25 (29-89);27/01/2026;CONSUMOS;-1534.0;1534.0;METROS;0.39645463;GILDAN;IMPORTACION
CARTULINA;100301907;Rollo Cartulina ASIA SYMBOL C-12 215 g ancho 29 (29-89);27/01/2026;CONSUMOS;-542.0;542.0;METROS;0.08576608;C12-29;IMPORTACION
CARTULINA;100301908;Rollo Cartulina Nine Dragons C - 13.6 215 g ancho 25 (29-89);14/01/2026;CONSUMOS;-800.0;800.0;METROS;0.10922;C13.6-25;IMPORTACION
CARTULINA;100301908;Rollo Cartulina Nine Dragons C - 13.6 215 g ancho 25 (29-89);14/01/2026;CONSUMOS;-575.0;575.0;METROS;0.078501875;C13.6-25;IMPORTACION
CARTULINA;100301908;Rollo Cartulina Nine Dragons C - 13.6 215 g ancho 25 (29-89);14/01/2026;CONSUMOS;-2556.0;2556.0;METROS;0.3489579;C13.6-25;IMPORTACION
CARTULINA;100301908;Rollo Cartulina Nine Dragons C - 13.6 215 g ancho 25 (29-89);14/01/2026;CONSUMOS;-6994.0;6994.0;METROS;0.95485585;C13.6-25;IMPORTACION
CARTULINA;100301908;Rollo Cartulina Nine Dragons C - 13.6 215 g ancho 25 (29-89);14/01/2026;CONSUMOS;-7820.0;7820.0;METROS;1.0676255;C13.6-25;IMPORTACION
CARTULINA;100301908;Rollo Cartulina Nine Dragons C - 13.6 215 g ancho 25 (29-89);14/01/2026;CONSUMOS;-6435.0;6435.0;METROS;0.878538375;C13.6-25;IMPORTACION
CARTULINA;100301908;Rollo Cartulina Nine Dragons C - 13.6 215 g ancho 25 (29-89);14/01/2026;CONSUMOS;-1337.0;1337.0;METROS;0.182533925;C13.6-25;IMPORTACION
CARTULINA;100301908;Rollo Cartulina Nine Dragons C - 13.6 215 g ancho 25 (29-89);21/01/2026;CONSUMOS;-3389.0;3389.0;METROS;0.462683225;C13.6-25;IMPORTACION
CARTULINA;100301908;Rollo Cartulina Nine Dragons C - 13.6 215 g ancho 25 (29-89);21/01/2026;CONSUMOS;-394.0;394.0;METROS;0.05379085;C13.6-25;IMPORTACION
CARTULINA;100301908;Rollo Cartulina Nine Dragons C - 13.6 215 g ancho 25 (29-89);29/01/2026;CONSUMOS;-480.0;480.0;METROS;0.065532;C13.6-25;IMPORTACION
CARTULINA;100301908;Rollo Cartulina Nine Dragons C - 13.6 215 g ancho 25 (29-89);29/01/2026;CONSUMOS;-965.0;965.0;METROS;0.131746625;C13.6-25;IMPORTACION
CARTULINA;100301917;Rollo Cartulina Nine Dragons C - 16.3 255 g ancho 25 (29-89);6/01/2026;CONSUMOS;-2903.0;2903.0;METROS;0.470068275;C16.3-25;IMPORTACION
CARTULINA;100301917;Rollo Cartulina Nine Dragons C - 16.3 255 g ancho 25 (29-89);6/01/2026;CONSUMOS;-4623.0;4623.0;METROS;0.748579275;C16.3-25;IMPORTACION
CARTULINA;100301917;Rollo Cartulina Nine Dragons C - 16.3 255 g ancho 25 (29-89);6/01/2026;CONSUMOS;-2009.0;2009.0;METROS;0.325307325;C16.3-25;IMPORTACION
CARTULINA;100301917;Rollo Cartulina Nine Dragons C - 16.3 255 g ancho 25 (29-89);6/01/2026;CONSUMOS;-11359.0;11359.0;METROS;1.839306075;C16.3-25;IMPORTACION
CARTULINA;100301917;Rollo Cartulina Nine Dragons C - 16.3 255 g ancho 25 (29-89);6/01/2026;CONSUMOS;-5796.0;5796.0;METROS;0.9385173;C16.3-25;IMPORTACION
CARTULINA;100301917;Rollo Cartulina Nine Dragons C - 16.3 255 g ancho 25 (29-89);6/01/2026;CONSUMOS;-1820.0;1820.0;METROS;0.2947035;C16.3-25;IMPORTACION
CARTULINA;100301917;Rollo Cartulina Nine Dragons C - 16.3 255 g ancho 25 (29-89);6/01/2026;CONSUMOS;-2681.0;2681.0;METROS;0.434120925;C16.3-25;IMPORTACION
CARTULINA;100301917;Rollo Cartulina Nine Dragons C - 16.3 255 g ancho 25 (29-89);12/01/2026;CONSUMOS;-923.0;923.0;METROS;0.149456775;C16.3-25;IMPORTACION
CARTULINA;100301917;Rollo Cartulina Nine Dragons C - 16.3 255 g ancho 25 (29-89);12/01/2026;CONSUMOS;-1845.0;1845.0;METROS;0.298751625;C16.3-25;IMPORTACION
CARTULINA;100301917;Rollo Cartulina Nine Dragons C - 16.3 255 g ancho 25 (29-89);14/01/2026;CONSUMOS;-945.0;945.0;METROS;0.153019125;C16.3-25;IMPORTACION
CARTULINA;100301917;Rollo Cartulina Nine Dragons C - 16.3 255 g ancho 25 (29-89);14/01/2026;CONSUMOS;-185.0;185.0;METROS;0.029956125;C16.3-25;IMPORTACION
CARTULINA;100301917;Rollo Cartulina Nine Dragons C - 16.3 255 g ancho 25 (29-89);14/01/2026;CONSUMOS;-433.0;433.0;METROS;0.070113525;C16.3-25;IMPORTACION
CARTULINA;100301917;Rollo Cartulina Nine Dragons C - 16.3 255 g ancho 25 (29-89);20/01/2026;CONSUMOS;-5539.0;5539.0;METROS;0.896902575;C16.3-25;IMPORTACION
CARTULINA;100301917;Rollo Cartulina Nine Dragons C - 16.3 255 g ancho 25 (29-89);20/01/2026;CONSUMOS;-1769.0;1769.0;METROS;0.286445325;C16.3-25;IMPORTACION
CARTULINA;100301917;Rollo Cartulina Nine Dragons C - 16.3 255 g ancho 25 (29-89);28/01/2026;CONSUMOS;-410.0;410.0;METROS;0.06638925;C16.3-25;IMPORTACION
CARTULINA;100301924;Rollo Cartulina Nine Dragons C - 18.3 290 g ancho 25;12/01/2026;CONSUMOS;-912.0;912.0;METROS;0.1679448;C18-25-COSC;IMPORTACION
CARTULINA;100301924;Rollo Cartulina Nine Dragons C - 18.3 290 g ancho 25;13/01/2026;CONSUMOS;-1894.0;1894.0;METROS;0.3487801;C18-25-COSC;IMPORTACION
CARTULINA;100301924;Rollo Cartulina Nine Dragons C - 18.3 290 g ancho 25;16/01/2026;CONSUMOS;-2294.0;2294.0;METROS;0.4224401;C18-25-COSC;IMPORTACION
CARTULINA;100301926;Rollo Cartulina ASIA SYMBOL C-19 310 g ancho 25 (29-89);12/01/2026;CONSUMOS;-2514.0;2514.0;METROS;0.4948809;C19-25;IMPORTACION
CARTULINA;100301926;Rollo Cartulina ASIA SYMBOL C-19 310 g ancho 25 (29-89);16/01/2026;CONSUMOS;-1498.0;1498.0;METROS;0.2948813;C19-25;IMPORTACION
CARTULINA;100301926;Rollo Cartulina ASIA SYMBOL C-19 310 g ancho 25 (29-89);20/01/2026;CONSUMOS;-2198.0;2198.0;METROS;0.4326763;C19-25;IMPORTACION
CARTULINA;100301926;Rollo Cartulina ASIA SYMBOL C-19 310 g ancho 25 (29-89);20/01/2026;CONSUMOS;-8606.0;8606.0;METROS;1.6940911;C19-25;IMPORTACION
CARTULINA;100301926;Rollo Cartulina ASIA SYMBOL C-19 310 g ancho 25 (29-89);20/01/2026;CONSUMOS;-4590.0;4590.0;METROS;0.9035415;C19-25;IMPORTACION
CARTULINA;100301926;Rollo Cartulina ASIA SYMBOL C-19 310 g ancho 25 (29-89);23/01/2026;CONSUMOS;-27984.0;27984.0;METROS;5.5086504;C19-25;IMPORTACION
CARTULINA;100301926;Rollo Cartulina ASIA SYMBOL C-19 310 g ancho 25 (29-89);23/01/2026;CONSUMOS;-21818.0;21818.0;METROS;4.2948733;C19-25;IMPORTACION
CARTULINA;100301926;Rollo Cartulina ASIA SYMBOL C-19 310 g ancho 25 (29-89);27/01/2026;CONSUMOS;-5393.0;5393.0;METROS;1.06161205;C19-25;IMPORTACION
CARTULINA;100301926;Rollo Cartulina ASIA SYMBOL C-19 310 g ancho 25 (29-89);27/01/2026;CONSUMOS;-2387.0;2387.0;METROS;0.46988095;C19-25;IMPORTACION
CARTULINA;100301926;Rollo Cartulina ASIA SYMBOL C-19 310 g ancho 25 (29-89);27/01/2026;CONSUMOS;-5666.0;5666.0;METROS;1.1153521;C19-25;IMPORTACION
CARTULINA;100301926;Rollo Cartulina ASIA SYMBOL C-19 310 g ancho 25 (29-89);29/01/2026;CONSUMOS;-5375.0;5375.0;METROS;1.05806875;C19-25;IMPORTACION
CARTULINA;100301928;Rollo Cartulina Nine Dragons C - 19 305 g ancho 25 (29-89) REGIONAL;23/01/2026;CONSUMOS;-600.0;600.0;METROS;0.116205;C19-25;IMPORTACION
CARTULINA;100301936;Rollo Cartulina ASIA SYMBOL C-14 235 g ancho 25 (29-89) REGIONAL;7/01/2026;CONSUMOS;-2678.0;2678.0;METROS;0.39962455;C14-25;IMPORTACION
CARTULINA;100301936;Rollo Cartulina ASIA SYMBOL C-14 235 g ancho 25 (29-89) REGIONAL;7/01/2026;CONSUMOS;-2989.0;2989.0;METROS;0.446033525;C14-25;IMPORTACION
CARTULINA;100301936;Rollo Cartulina ASIA SYMBOL C-14 235 g ancho 25 (29-89) REGIONAL;7/01/2026;CONSUMOS;-7655.0;7655.0;METROS;1.142317375;C14-25;IMPORTACION
CARTULINA;100301936;Rollo Cartulina ASIA SYMBOL C-14 235 g ancho 25 (29-89) REGIONAL;7/01/2026;CONSUMOS;-30477.0;30477.0;METROS;4.547930325;C14-25;IMPORTACION
CARTULINA;100301936;Rollo Cartulina ASIA SYMBOL C-14 235 g ancho 25 (29-89) REGIONAL;8/01/2026;CONSUMOS;-1409.0;1409.0;METROS;0.210258025;C14-25;IMPORTACION
CARTULINA;100301936;Rollo Cartulina ASIA SYMBOL C-14 235 g ancho 25 (29-89) REGIONAL;8/01/2026;CONSUMOS;-1624.0;1624.0;METROS;0.2423414;C14-25;IMPORTACION
CARTULINA;100301936;Rollo Cartulina ASIA SYMBOL C-14 235 g ancho 25 (29-89) REGIONAL;8/01/2026;CONSUMOS;-1300.0;1300.0;METROS;0.1939925;C14-25;IMPORTACION
CARTULINA;100301936;Rollo Cartulina ASIA SYMBOL C-14 235 g ancho 25 (29-89) REGIONAL;8/01/2026;CONSUMOS;-488.0;488.0;METROS;0.0728218;C14-25;IMPORTACION
CARTULINA;100301936;Rollo Cartulina ASIA SYMBOL C-14 235 g ancho 25 (29-89) REGIONAL;8/01/2026;CONSUMOS;-4140.0;4140.0;METROS;0.6177915;C14-25;IMPORTACION
CARTULINA;100301936;Rollo Cartulina ASIA SYMBOL C-14 235 g ancho 25 (29-89) REGIONAL;21/01/2026;CONSUMOS;-1750.0;1750.0;METROS;0.26114375;C14-25;IMPORTACION
CARTULINA;100301936;Rollo Cartulina ASIA SYMBOL C-14 235 g ancho 25 (29-89) REGIONAL;26/01/2026;CONSUMOS;-2553.0;2553.0;METROS;0.380971425;C14-25;IMPORTACION
CARTULINA;100301936;Rollo Cartulina ASIA SYMBOL C-14 235 g ancho 25 (29-89) REGIONAL;26/01/2026;CONSUMOS;-10540.0;10540.0;METROS;1.5728315;C14-25;IMPORTACION
CARTULINA;100304510;Cartulina FBB DUPLEX MIRABELL -- C-17 320 gramos  22 x 38.5;16/01/2026;CONSUMOS;-51845.0;51845.0;PLIEGOS;9.065832707;COLGATE-150;IMPORTACION
CARTULINA;100304526;Cartulina SPARK C-18 270 gr 25 X 36;29/01/2026;CONSUMOS;-300.0;300.0;PLIEGOS;0.04701159;Spark;LOCAL
CARTULINA;100304532;Rollo Cartulina APP C - 19 305 g ancho 25;27/01/2026;CONSUMOS;-2265.0;2265.0;METROS;0.438673875;C19-25;IMPORTACION
CARTULINA;100304533;Rollo Cartulina APP C - 19 305 g ancho 29;23/01/2026;CONSUMOS;-1119.0;1119.0;METROS;0.25119312;C19-29;IMPORTACION
CARTULINA;100304546;Rollo Cartulina DUPLEX MIRABELL --  C - 17 320 g ancho 21.5;16/01/2026;CONSUMOS;-10237.0;10237.0;METROS;1.788936224;COLGATE-125;IMPORTACION
CARTULINA 29-89;100304547;Rollo Cartulina Spectra Natural -- C-18 267g ancho 27;8/01/2026;CONSUMOS;-58133.0;58133.0;METROS;10.64465224;BCONSUMOSBO;IMPORTACION
CARTULINA 29-89;100304547;Rollo Cartulina Spectra Natural -- C-18 267g ancho 27;8/01/2026;CONSUMOS;-12.0;12.0;METROS;0.002197303;BCONSUMOSBO;IMPORTACION
CARTULINA 29-89;100304547;Rollo Cartulina Spectra Natural -- C-18 267g ancho 27;27/01/2026;CONSUMOS;-48937.0;48937.0;METROS;8.960785558;BCONSUMOSBO;IMPORTACION
CARTULINA;100304558;Rollo Cartulina FBB MIXTO KING PAPER--  C - 13.6 225 g ancho 23.5;14/01/2026;CONSUMOS;-43158.0;43158.0;METROS;5.7874878;POLICOTE;IMPORTACION
CARTULINA;100304558;Rollo Cartulina FBB MIXTO KING PAPER--  C - 13.6 225 g ancho 23.5;14/01/2026;CONSUMOS;-45941.0;45941.0;METROS;6.1606881;POLICOTE;IMPORTACION
CARTULINA;100304559;Rollo Cartulina FBB MIXTO KING PAPER--  C - 13.6 225 g ancho 36;14/01/2026;CONSUMOS;-7125.0;7125.0;METROS;1.46525625;POLICOTE;IMPORTACION
CARTULINA;100304559;Rollo Cartulina FBB MIXTO KING PAPER--  C - 13.6 225 g ancho 36;14/01/2026;CONSUMOS;-23616.0;23616.0;METROS;4.8566304;POLICOTE;IMPORTACION
CARTULINA;100304560;Rollo Cartulina FBB MIXTO KING PAPER--  C - 13.6 225 g ancho 36.5;13/01/2026;CONSUMOS;-93709.0;93709.0;METROS;19.54535468;POLICOTE;IMPORTACION
CARTULINA;100304560;Rollo Cartulina FBB MIXTO KING PAPER--  C - 13.6 225 g ancho 36.5;14/01/2026;CONSUMOS;-4780.0;4780.0;METROS;0.9969885;POLICOTE;IMPORTACION
CARTULINA;100304563;Rollo Cartulina Nine Dragons C - 12 205 g ancho 25 (29-89);27/01/2026;CONSUMOS;-157771.0;157771.0;METROS;20.53783993;C12-25;IMPORTACION
CARTULINA;100304563;Rollo Cartulina Nine Dragons C - 12 205 g ancho 25 (29-89);27/01/2026;CONSUMOS;-810.0;810.0;METROS;0.10544175;C12-25;IMPORTACION
CARTULINA;100304563;Rollo Cartulina Nine Dragons C - 12 205 g ancho 25 (29-89);29/01/2026;CONSUMOS;-555.0;555.0;METROS;0.072247125;C12-25;IMPORTACION
CARTULINA;100304565;Rollo Cartulina DEINGRESOSCA FSC --  C - 13.5 225 g ancho 23.125;6/01/2026;CONSUMOS;-16490.0;16490.0;METROS;2.17791675;OLMECA;IMPORTACION
CARTULINA;100304565;Rollo Cartulina DEINGRESOSCA FSC --  C - 13.5 225 g ancho 23.125;6/01/2026;CONSUMOS;-7343.0;7343.0;METROS;0.969826725;OLMECA;IMPORTACION
CARTULINA;100304565;Rollo Cartulina DEINGRESOSCA FSC --  C - 13.5 225 g ancho 23.125;6/01/2026;CONSUMOS;-9095.0;9095.0;METROS;1.201222125;OLMECA;IMPORTACION
CARTULINA;100304565;Rollo Cartulina DEINGRESOSCA FSC --  C - 13.5 225 g ancho 23.125;6/01/2026;CONSUMOS;-32585.0;32585.0;METROS;4.303663875;OLMECA;IMPORTACION
CARTULINA;100304565;Rollo Cartulina DEINGRESOSCA FSC --  C - 13.5 225 g ancho 23.125;16/01/2026;CONSUMOS;-7930.0;7930.0;METROS;1.04735475;OLMECA;IMPORTACION
CARTULINA;100304565;Rollo Cartulina DEINGRESOSCA FSC --  C - 13.5 225 g ancho 23.125;16/01/2026;CONSUMOS;-15952.0;15952.0;METROS;2.1068604;OLMECA;IMPORTACION
CARTULINA;100304565;Rollo Cartulina DEINGRESOSCA FSC --  C - 13.5 225 g ancho 23.125;20/01/2026;CONSUMOS;-4976.0;4976.0;METROS;0.6572052;OLMECA;IMPORTACION
CARTULINA;100304565;Rollo Cartulina DEINGRESOSCA FSC --  C - 13.5 225 g ancho 23.125;23/01/2026;CONSUMOS;-8187.0;8187.0;METROS;1.081298025;OLMECA;IMPORTACION
CARTULINA;100304565;Rollo Cartulina DEINGRESOSCA FSC --  C - 13.5 225 g ancho 23.125;23/01/2026;CONSUMOS;-8282.0;8282.0;METROS;1.09384515;OLMECA;IMPORTACION
CARTULINA;100304565;Rollo Cartulina DEINGRESOSCA FSC --  C - 13.5 225 g ancho 23.125;27/01/2026;CONSUMOS;-5617.0;5617.0;METROS;0.741865275;OLMECA;IMPORTACION
CARTULINA;100304565;Rollo Cartulina DEINGRESOSCA FSC --  C - 13.5 225 g ancho 23.125;27/01/2026;CONSUMOS;-10609.0;10609.0;METROS;1.401183675;OLMECA;IMPORTACION
CARTULINA;100304565;Rollo Cartulina DEINGRESOSCA FSC --  C - 13.5 225 g ancho 23.125;27/01/2026;CONSUMOS;-7985.0;7985.0;METROS;1.054618875;OLMECA;IMPORTACION
CARTULINA;100304619;Rollo Cartulina BRIGHT   --  C-16 245 g ancho 23;19/01/2026;CONSUMOS;75872.0;75872.0;METROS;-10.85948349;BAYER-23;IMPORTACION
CARTULINA;100304619;Rollo Cartulina BRIGHT   --  C-16 245 g ancho 23;19/01/2026;CONSUMOS;30189.0;30189.0;METROS;-4.320921381;BAYER-23;IMPORTACION
CARTULINA;100304619;Rollo Cartulina BRIGHT   --  C-16 245 g ancho 23;26/01/2026;CONSUMOS;-32699.0;32699.0;METROS;4.680175171;BAYER-23;IMPORTACION
CARTULINA;100304625;Rollo Cartulina ASIA SYMBOL C-14 235 g ancho 28.5;16/01/2026;CONSUMOS;-895.0;895.0;METROS;0.152254268;C14-29;IMPORTACION
CARTULINA;100304627;Rollo Cartulina ASIA SYMBOL C-20 325 g ancho 29;12/01/2026;CONSUMOS;-1091.0;1091.0;METROS;0.261179945;C20-29;IMPORTACION
CARTULINA;100304627;Rollo Cartulina ASIA SYMBOL C-20 325 g ancho 29;12/01/2026;CONSUMOS;-822.0;822.0;METROS;0.19678269;C20-29;IMPORTACION
CARTULINA;100304627;Rollo Cartulina ASIA SYMBOL C-20 325 g ancho 29;12/01/2026;CONSUMOS;-4289.0;4289.0;METROS;1.026765155;C20-29;IMPORTACION
CARTULINA;100304639;Rollo Cartulina BRIGHT --  C - 16 245 g ancho 25;19/01/2026;CONSUMOS;3364.0;3364.0;METROS;-0.5233543;BAYER-25;IMPORTACION
CARTULINA;100304639;Rollo Cartulina BRIGHT --  C - 16 245 g ancho 25;19/01/2026;CONSUMOS;46218.0;46218.0;METROS;-7.19036535;BAYER-25;IMPORTACION
CARTULINA;100304640;Rollo Cartulina OBAFREE --  C-15 230 g ancho 25.5;6/01/2026;CONSUMOS;-17636.0;17636.0;METROS;2.627252556;FOSFORERA;IMPORTACION
CARTULINA;100304640;Rollo Cartulina OBAFREE --  C-15 230 g ancho 25.5;16/01/2026;CONSUMOS;-1555.0;1555.0;METROS;0.231649905;FOSFORERA;IMPORTACION
CARTULINA;100304640;Rollo Cartulina OBAFREE --  C-15 230 g ancho 25.5;21/01/2026;CONSUMOS;-117889.0;117889.0;METROS;17.56204222;FOSFORERA;IMPORTACION
CARTULINA;100304640;Rollo Cartulina OBAFREE --  C-15 230 g ancho 25.5;21/01/2026;CONSUMOS;-44915.0;44915.0;METROS;6.691032465;FOSFORERA;IMPORTACION
CARTULINA;100304640;Rollo Cartulina OBAFREE --  C-15 230 g ancho 25.5;21/01/2026;CONSUMOS;-9516.0;9516.0;METROS;1.417608036;FOSFORERA;IMPORTACION
CARTULINA;100304640;Rollo Cartulina OBAFREE --  C-15 230 g ancho 25.5;21/01/2026;CONSUMOS;-28408.0;28408.0;METROS;4.231968168;FOSFORERA;IMPORTACION
CARTULINA;100304640;Rollo Cartulina OBAFREE --  C-15 230 g ancho 25.5;23/01/2026;CONSUMOS;-871.0;871.0;METROS;0.129753741;FOSFORERA;IMPORTACION
CARTULINA;100304640;Rollo Cartulina OBAFREE --  C-15 230 g ancho 25.5;23/01/2026;CONSUMOS;-871.0;871.0;METROS;0.129753741;FOSFORERA;IMPORTACION
CARTULINA 29-89;100305967;Rollo Cartulina Nine Dragons C - 18.3 290 g ancho 29;7/01/2026;CONSUMOS;-8619.0;8619.0;METROS;1.841139066;C18-29-COSC;IMPORTACION
CARTULINA;100305981;Cartulina FBB DUPLEX MIRABELL -- C-16 300 gramos  28 x 34;8/01/2026;CONSUMOS;-117990.0;117990.0;PLIEGOS;21.74056555;COLGATE-75;IMPORTACION
CARTULINA;100305981;Cartulina FBB DUPLEX MIRABELL -- C-16 300 gramos  28 x 34;19/01/2026;CONSUMOS;-90675.0;90675.0;PLIEGOS;16.70756658;COLGATE-75;IMPORTACION
CARTULINA;100305982;Cartulina FBB DUPLEX MIRABELL -- C-16 300 gramos  20 x 32.5;10/01/2026;CONSUMOS;-78800.0;78800.0;PLIEGOS;9.91352856;COLGATE-100;IMPORTACION
CARTULINA;100305983;Cartulina FBB DUPLEX MIRABELL -- C-16 300 gramos  25.5 x 36.5;10/01/2026;CONSUMOS;-380.0;380.0;PLIEGOS;0.068455024;COLGATE-50;IMPORTACION
CARTULINA;100305983;Cartulina FBB DUPLEX MIRABELL -- C-16 300 gramos  25.5 x 36.5;19/01/2026;CONSUMOS;-37585.0;37585.0;PLIEGOS;6.770742346;COLGATE-50;IMPORTACION
CARTULINA;100305983;Cartulina FBB DUPLEX MIRABELL -- C-16 300 gramos  25.5 x 36.5;28/01/2026;CONSUMOS;-775.0;775.0;PLIEGOS;0.139612221;COLGATE-50;IMPORTACION
CARTULINA;100305984;Cartulina FBB DUPLEX MIRABELL -- C-16 300 gramos  25 x 34;24/01/2026;CONSUMOS;-13150.0;13150.0;PLIEGOS;2.16338277;COLGATE-22;IMPORTACION
CARTULINA;100305989;Cartulina FBB DUPLEX MIRABELL -- C-17 320 gramos  21.5 x 35.5;16/01/2026;CONSUMOS;-42334.0;42334.0;PLIEGOS;6.670732568;COLGATE-125;IMPORTACION
CARTULINA;100305997;Cartulina SPARK -- C-16 250 gramos 25 X 36;7/01/2026;CONSUMOS;-10300.0;10300.0;hoja(s);1.4951583;Spark;LOCAL
CARTULINA;100305997;Cartulina SPARK -- C-16 250 gramos 25 X 36;16/01/2026;CONSUMOS;-6300.0;6300.0;hoja(s);0.9145143;Spark;LOCAL
CARTULINA;100305997;Cartulina SPARK -- C-16 250 gramos 25 X 36;29/01/2026;CONSUMOS;-300.0;300.0;hoja(s);0.0435483;Spark;LOCAL
CARTULINA;100305999;Rollo Cartulina Nine Dragons C - 19 305 g ancho 24;23/01/2026;CONSUMOS;-2677.0;2677.0;METROS;0.497729256;C19-24;IMPORTACION
CARTULINA;100306002;Cartulina FBB DRAGONS YA ESTÁ -- C-16.3 255 gramos  39.5 x 25;16/01/2026;CONSUMOS;-64600.0;64600.0;PLIEGOS;10.49487417;YA ESTA;IMPORTACION
CARTULINA;100306136;Cartulina Husky -- C-16 350 gramos 30 X 40;7/01/2026;CONSUMOS;-300.0;300.0;hoja(s);0.08129016;C16-30H;LOCAL
CARTULINA;100306136;Cartulina Husky -- C-16 350 gramos 30 X 40;28/01/2026;CONSUMOS;-400.0;400.0;hoja(s);0.10838688;C16-30H;LOCAL
CARTULINA;100306141;Cartulina SPARK C-20 295 gr 25 X 36;24/01/2026;CONSUMOS;-700.0;700.0;PLIEGOS;0.119902986;Spark;LOCAL
CARTULINA;100306141;Cartulina SPARK C-20 295 gr 25 X 36;24/01/2026;CONSUMOS;-800.0;800.0;PLIEGOS;0.137031984;Spark;LOCAL
CARTULINA;100306141;Cartulina SPARK C-20 295 gr 25 X 36;24/01/2026;CONSUMOS;-800.0;800.0;PLIEGOS;0.137031984;Spark;LOCAL
PAPEL;100600005;Papel Bond 75 gramos -- 22 x 34;16/01/2026;CONSUMOS;-5800.0;5800.0;PLIEGOS;0.20947599;Bond;LOCAL
PAPEL;100600007;Papel Bond 75 gramos -- 26 x 34;28/01/2026;CONSUMOS;-700.0;700.0;PLIEGOS;0.029941876;Bond;LOCAL
PAPEL;100600007;Papel Bond 75 gramos -- 26 x 34;28/01/2026;CONSUMOS;-700.0;700.0;PLIEGOS;0.029941876;Bond;LOCAL
PAPEL;100600007;Papel Bond 75 gramos -- 26 x 34;28/01/2026;CONSUMOS;-700.0;700.0;PLIEGOS;0.029941876;Bond;LOCAL
PAPEL;100600007;Papel Bond 75 gramos -- 26 x 34;28/01/2026;CONSUMOS;-1100.0;1100.0;PLIEGOS;0.047051519;Bond;LOCAL
PAPEL;100600012;Papel Bond 90 gramos -- 24 x 36;29/01/2026;CONSUMOS;-394.0;394.0;PLIEGOS;0.019737958;Bond;LOCAL
PAPEL;100600013;Papel Bond 90 gramos -- 26 x 34;7/01/2026;CONSUMOS;-166.0;166.0;PLIEGOS;0.008509525;Bond;LOCAL
PAPEL;100600013;Papel Bond 90 gramos -- 26 x 34;10/01/2026;CONSUMOS;-27.0;27.0;PLIEGOS;0.001384079;Bond;LOCAL
PAPEL;100600013;Papel Bond 90 gramos -- 26 x 34;10/01/2026;CONSUMOS;-620.0;620.0;PLIEGOS;0.031782564;Bond;LOCAL
PAPEL;100600015;Papel Bond 120 gramos -- 22 x 34;28/01/2026;CONSUMOS;-1000.0;1000.0;PLIEGOS;0.05778648;Bond;LOCAL
PAPEL;100600017;Papel Bond 120 gramos -- 26 x 34;16/01/2026;CONSUMOS;-2300.0;2300.0;PLIEGOS;0.15720408;Bond;LOCAL
PAPEL;100600018;Papel Bond 60 gramos -- 21 x 30;7/01/2026;CONSUMOS;-25600.0;25600.0;PLIEGOS;0.623840256;Bond;LOCAL
PAPEL;100600018;Papel Bond 60 gramos -- 21 x 30;24/01/2026;CONSUMOS;-49500.0;49500.0;PLIEGOS;1.20625362;Bond;LOCAL
PAPEL;100600018;Papel Bond 60 gramos -- 21 x 30;28/01/2026;CONSUMOS;-53200.0;53200.0;PLIEGOS;1.296418032;Bond;LOCAL
PAPEL;100600020;Papel Couche Brillante B-60 -- 90 gramos  25 x 36;16/01/2026;CONSUMOS;-40600.0;40600.0;PLIEGOS;2.12074506;Couche;LOCAL
PAPEL;100600021;Papel Couche Brillante - 1 Cara - B-60 -- 90 gramos  25 x 36;16/01/2026;CONSUMOS;-3250.0;3250.0;PLIEGOS;0.169764075;Couche;LOCAL
PAPEL;100600021;Papel Couche Brillante - 1 Cara - B-60 -- 90 gramos  25 x 36;19/01/2026;CONSUMOS;-1600.0;1600.0;PLIEGOS;0.08357616;Couche;LOCAL
PAPEL;100600021;Papel Couche Brillante - 1 Cara - B-60 -- 90 gramos  25 x 36;19/01/2026;CONSUMOS;-2300.0;2300.0;PLIEGOS;0.12014073;Couche;LOCAL
PAPEL;100600021;Papel Couche Brillante - 1 Cara - B-60 -- 90 gramos  25 x 36;19/01/2026;CONSUMOS;-1900.0;1900.0;PLIEGOS;0.09924669;Couche;LOCAL
PAPEL;100600021;Papel Couche Brillante - 1 Cara - B-60 -- 90 gramos  25 x 36;24/01/2026;CONSUMOS;-3000.0;3000.0;PLIEGOS;0.1567053;Couche;LOCAL
PAPEL;100600021;Papel Couche Brillante - 1 Cara - B-60 -- 90 gramos  25 x 36;24/01/2026;CONSUMOS;-1300.0;1300.0;PLIEGOS;0.06790563;Couche;LOCAL
PAPEL;100600021;Papel Couche Brillante - 1 Cara - B-60 -- 90 gramos  25 x 36;24/01/2026;CONSUMOS;-3200.0;3200.0;PLIEGOS;0.16715232;Couche;LOCAL
PAPEL;100600021;Papel Couche Brillante - 1 Cara - B-60 -- 90 gramos  25 x 36;24/01/2026;CONSUMOS;-1800.0;1800.0;PLIEGOS;0.09402318;Couche;LOCAL
PAPEL;100600021;Papel Couche Brillante - 1 Cara - B-60 -- 90 gramos  25 x 36;24/01/2026;CONSUMOS;-2400.0;2400.0;PLIEGOS;0.12536424;Couche;LOCAL
PAPEL;100600021;Papel Couche Brillante - 1 Cara - B-60 -- 90 gramos  25 x 36;24/01/2026;CONSUMOS;-1000.0;1000.0;PLIEGOS;0.0522351;Couche;LOCAL
PAPEL;100600021;Papel Couche Brillante - 1 Cara - B-60 -- 90 gramos  25 x 36;28/01/2026;CONSUMOS;-1000.0;1000.0;PLIEGOS;0.0522351;Couche;LOCAL
PAPEL;100600021;Papel Couche Brillante - 1 Cara - B-60 -- 90 gramos  25 x 36;28/01/2026;CONSUMOS;-1600.0;1600.0;PLIEGOS;0.08357616;Couche;LOCAL
PAPEL;100600023;Papel Couche Brillante - 1 Cara - B-60 -- 90 gramos  25 x 38;7/01/2026;CONSUMOS;-1500.0;1500.0;PLIEGOS;0.082724625;Couche;LOCAL
PAPEL;100600023;Papel Couche Brillante - 1 Cara - B-60 -- 90 gramos  25 x 38;7/01/2026;CONSUMOS;-800.0;800.0;PLIEGOS;0.0441198;Couche;LOCAL
PAPEL;100600023;Papel Couche Brillante - 1 Cara - B-60 -- 90 gramos  25 x 38;10/01/2026;CONSUMOS;-19100.0;19100.0;PLIEGOS;1.053360225;Couche;LOCAL
PAPEL;100600023;Papel Couche Brillante - 1 Cara - B-60 -- 90 gramos  25 x 38;19/01/2026;CONSUMOS;-1200.0;1200.0;PLIEGOS;0.0661797;Couche;LOCAL
PAPEL;100600023;Papel Couche Brillante - 1 Cara - B-60 -- 90 gramos  25 x 38;28/01/2026;CONSUMOS;-1000.0;1000.0;PLIEGOS;0.05514975;Couche;LOCAL
PAPEL;100600023;Papel Couche Brillante - 1 Cara - B-60 -- 90 gramos  25 x 38;28/01/2026;CONSUMOS;-3500.0;3500.0;PLIEGOS;0.193024125;Couche;LOCAL
PAPEL;100600023;Papel Couche Brillante - 1 Cara - B-60 -- 90 gramos  25 x 38;28/01/2026;CONSUMOS;-900.0;900.0;PLIEGOS;0.049634775;Couche;LOCAL
PAPEL;100600023;Papel Couche Brillante - 1 Cara - B-60 -- 90 gramos  25 x 38;28/01/2026;CONSUMOS;-5200.0;5200.0;PLIEGOS;0.2867787;Couche;LOCAL
PAPEL;100600026;Papel Couche Brillante B-70 -- 105 gramos  25 x 36;16/01/2026;CONSUMOS;-5400.0;5400.0;PLIEGOS;0.32908113;Couche;LOCAL
PAPEL;100600026;Papel Couche Brillante B-70 -- 105 gramos  25 x 36;16/01/2026;CONSUMOS;-5400.0;5400.0;PLIEGOS;0.32908113;Couche;LOCAL
PAPEL;100600026;Papel Couche Brillante B-70 -- 105 gramos  25 x 36;24/01/2026;CONSUMOS;-66600.0;66600.0;PLIEGOS;4.05866727;Couche;LOCAL
PAPEL;100600026;Papel Couche Brillante B-70 -- 105 gramos  25 x 36;24/01/2026;CONSUMOS;-6000.0;6000.0;PLIEGOS;0.3656457;Couche;LOCAL
PAPEL;100600026;Papel Couche Brillante B-70 -- 105 gramos  25 x 36;28/01/2026;CONSUMOS;-1400.0;1400.0;PLIEGOS;0.08531733;Couche;LOCAL
PAPEL;100600029;Papel Couche Brillante B-80 -- 115 gramos  25 x 36;7/01/2026;CONSUMOS;-1400.0;1400.0;PLIEGOS;0.09344279;Couche;LOCAL
PAPEL;100600029;Papel Couche Brillante B-80 -- 115 gramos  25 x 36;16/01/2026;CONSUMOS;-900.0;900.0;PLIEGOS;0.060070365;Couche;LOCAL
PAPEL;100600029;Papel Couche Brillante B-80 -- 115 gramos  25 x 36;16/01/2026;CONSUMOS;-1800.0;1800.0;PLIEGOS;0.12014073;Couche;LOCAL
PAPEL;100600029;Papel Couche Brillante B-80 -- 115 gramos  25 x 36;16/01/2026;CONSUMOS;-3600.0;3600.0;PLIEGOS;0.24028146;Couche;LOCAL
PAPEL;100600029;Papel Couche Brillante B-80 -- 115 gramos  25 x 36;28/01/2026;CONSUMOS;-2000.0;2000.0;PLIEGOS;0.1334897;Couche;LOCAL
PAPEL;100600029;Papel Couche Brillante B-80 -- 115 gramos  25 x 36;29/01/2026;CONSUMOS;-200.0;200.0;PLIEGOS;0.01334897;Couche;LOCAL
PAPEL;100600030;Papel Couche Brillante B-80 -- 115 gramos  25 x 38;28/01/2026;CONSUMOS;-600.0;600.0;PLIEGOS;0.042281475;Couche;LOCAL
PAPEL;100600032;Papel Couche Brillante B-100 -- 140 gramos  25 x 36;7/01/2026;CONSUMOS;-125.0;125.0;PLIEGOS;0.010156825;Couche;LOCAL
PAPEL;100600032;Papel Couche Brillante B-100 -- 140 gramos  25 x 36;10/01/2026;CONSUMOS;-38.0;38.0;PLIEGOS;0.003087675;Couche;LOCAL
PAPEL;100600032;Papel Couche Brillante B-100 -- 140 gramos  25 x 36;10/01/2026;CONSUMOS;-64.0;64.0;PLIEGOS;0.005200294;Couche;LOCAL
PAPEL;100600032;Papel Couche Brillante B-100 -- 140 gramos  25 x 36;10/01/2026;CONSUMOS;-102.0;102.0;PLIEGOS;0.008287969;Couche;LOCAL
PAPEL;100600032;Papel Couche Brillante B-100 -- 140 gramos  25 x 36;13/01/2026;CONSUMOS;-3000.0;3000.0;PLIEGOS;0.2437638;Couche;LOCAL
PAPEL;100600032;Papel Couche Brillante B-100 -- 140 gramos  25 x 36;16/01/2026;CONSUMOS;-1800.0;1800.0;PLIEGOS;0.14625828;Couche;LOCAL
PAPEL;100600032;Papel Couche Brillante B-100 -- 140 gramos  25 x 36;24/01/2026;CONSUMOS;-3500.0;3500.0;PLIEGOS;0.2843911;Couche;LOCAL
PAPEL;100600032;Papel Couche Brillante B-100 -- 140 gramos  25 x 36;26/01/2026;CONSUMOS;-4200.0;4200.0;PLIEGOS;0.34126932;Couche;LOCAL
PAPEL;100600032;Papel Couche Brillante B-100 -- 140 gramos  25 x 36;26/01/2026;CONSUMOS;-2300.0;2300.0;PLIEGOS;0.18688558;Couche;LOCAL
PAPEL;100600032;Papel Couche Brillante B-100 -- 140 gramos  25 x 36;28/01/2026;CONSUMOS;-13300.0;13300.0;PLIEGOS;1.08068618;Couche;LOCAL
PAPEL;100600032;Papel Couche Brillante B-100 -- 140 gramos  25 x 36;29/01/2026;CONSUMOS;-3871.0;3871.0;PLIEGOS;0.314536557;Couche;LOCAL
PAPEL;100600033;Papel Couche Brillante B-100 -- 140 gramos  25 x 38;24/01/2026;CONSUMOS;-6000.0;6000.0;PLIEGOS;0.514731;Couche;LOCAL
PAPEL;100600033;Papel Couche Brillante B-100 -- 140 gramos  25 x 38;24/01/2026;CONSUMOS;-88.0;88.0;PLIEGOS;0.007549388;Couche;LOCAL
PAPEL;100600033;Papel Couche Brillante B-100 -- 140 gramos  25 x 38;24/01/2026;CONSUMOS;-23.0;23.0;PLIEGOS;0.001973136;Couche;LOCAL
PAPEL;100600033;Papel Couche Brillante B-100 -- 140 gramos  25 x 38;24/01/2026;CONSUMOS;-280.0;280.0;PLIEGOS;0.02402078;Couche;LOCAL
PAPEL;100600033;Papel Couche Brillante B-100 -- 140 gramos  25 x 38;24/01/2026;CONSUMOS;-60.0;60.0;PLIEGOS;0.00514731;Couche;LOCAL
PAPEL;100600033;Papel Couche Brillante B-100 -- 140 gramos  25 x 38;26/01/2026;CONSUMOS;-55.0;55.0;PLIEGOS;0.004718368;Couche;LOCAL
PAPEL;100600034;Papel Couche Brillante B-100 -- 140 gramos  30 x 40;16/01/2026;CONSUMOS;-1500.0;1500.0;PLIEGOS;0.16258032;Couche;LOCAL
PAPEL;100600034;Papel Couche Brillante B-100 -- 140 gramos  30 x 40;16/01/2026;CONSUMOS;-900.0;900.0;PLIEGOS;0.097548192;Couche;LOCAL
PAPEL;100600043;Papel Bond 75 gramos -- 26 x 38;7/01/2026;CONSUMOS;-5300.0;5300.0;PLIEGOS;0.253373687;Bond;LOCAL
PAPEL;100600043;Papel Bond 75 gramos -- 26 x 38;7/01/2026;CONSUMOS;-1800.0;1800.0;PLIEGOS;0.086051441;Bond;LOCAL
PAPEL;100600043;Papel Bond 75 gramos -- 26 x 38;7/01/2026;CONSUMOS;-700.0;700.0;PLIEGOS;0.033464449;Bond;LOCAL
PAPEL;100600043;Papel Bond 75 gramos -- 26 x 38;7/01/2026;CONSUMOS;-3700.0;3700.0;PLIEGOS;0.176883517;Bond;LOCAL
PAPEL;100600043;Papel Bond 75 gramos -- 26 x 38;10/01/2026;CONSUMOS;-1300.0;1300.0;PLIEGOS;0.062148263;Bond;LOCAL
PAPEL;100600043;Papel Bond 75 gramos -- 26 x 38;10/01/2026;CONSUMOS;-100.0;100.0;PLIEGOS;0.004780636;Bond;LOCAL
PAPEL;100600043;Papel Bond 75 gramos -- 26 x 38;10/01/2026;CONSUMOS;-1600.0;1600.0;PLIEGOS;0.07649017;Bond;LOCAL
PAPEL;100600043;Papel Bond 75 gramos -- 26 x 38;24/01/2026;CONSUMOS;-100.0;100.0;PLIEGOS;0.004780636;Bond;LOCAL
PAPEL;100600043;Papel Bond 75 gramos -- 26 x 38;24/01/2026;CONSUMOS;-6800.0;6800.0;PLIEGOS;0.325083221;Bond;LOCAL
PAPEL;100600043;Papel Bond 75 gramos -- 26 x 38;26/01/2026;CONSUMOS;-1200.0;1200.0;PLIEGOS;0.057367627;Bond;LOCAL
PAPEL;100600043;Papel Bond 75 gramos -- 26 x 38;28/01/2026;CONSUMOS;-6800.0;6800.0;PLIEGOS;0.325083221;Bond;LOCAL
PAPEL;100600043;Papel Bond 75 gramos -- 26 x 38;28/01/2026;CONSUMOS;-1200.0;1200.0;PLIEGOS;0.057367627;Bond;LOCAL
PAPEL;100600045;Papel Couche Brillante B-80 -- 115 gramos  30 x 40;7/01/2026;CONSUMOS;-3500.0;3500.0;PLIEGOS;0.31161228;Couche;LOCAL
PAPEL;100600045;Papel Couche Brillante B-80 -- 115 gramos  30 x 40;16/01/2026;CONSUMOS;-400.0;400.0;PLIEGOS;0.035612832;Couche;LOCAL
PAPEL;100600045;Papel Couche Brillante B-80 -- 115 gramos  30 x 40;16/01/2026;CONSUMOS;-350.0;350.0;PLIEGOS;0.031161228;Couche;LOCAL
PAPEL;100600045;Papel Couche Brillante B-80 -- 115 gramos  30 x 40;24/01/2026;CONSUMOS;-4000.0;4000.0;PLIEGOS;0.35612832;Couche;LOCAL
PAPEL;100600045;Papel Couche Brillante B-80 -- 115 gramos  30 x 40;29/01/2026;CONSUMOS;-700.0;700.0;PLIEGOS;0.062322456;Couche;LOCAL
PAPEL;100600045;Papel Couche Brillante B-80 -- 115 gramos  30 x 40;29/01/2026;CONSUMOS;-3000.0;3000.0;PLIEGOS;0.26709624;Couche;LOCAL
PAPEL;100600045;Papel Couche Brillante B-80 -- 115 gramos  30 x 40;29/01/2026;CONSUMOS;-1100.0;1100.0;PLIEGOS;0.097935288;Couche;LOCAL
PAPEL;100600068;Cartulina FBB Zenith --  C-22 330 gramos  25 x 38;28/01/2026;CONSUMOS;-1700.0;1700.0;PLIEGOS;0.343838022;C22-25;LOCAL
PAPEL;100600089;Papel Bond 80 gramos -- 26 x 36;10/01/2026;CONSUMOS;-3100.0;3100.0;PLIEGOS;0.14960352;Bond;LOCAL
PAPEL;100600094;Rollo Cartulina CMPC RC --  C - 18 265 g ancho 25;29/01/2026;CONSUMOS;-27163.0;27163.0;METROS;4.570853825;CMPC RC;IMPORTACION
PAPEL;100600102;Rollo Cartulina BRIGHT --  C - 16 245 g ancho 25;19/01/2026;CONSUMOS;-3364.0;3364.0;METROS;0.5233543;BAYER-25;IMPORTACION
PAPEL;100600102;Rollo Cartulina BRIGHT --  C - 16 245 g ancho 25;19/01/2026;CONSUMOS;-46218.0;46218.0;METROS;7.19036535;BAYER-25;IMPORTACION
PAPEL;100600106;Papel Bond 60 gramos -- 26 x 34;10/01/2026;CONSUMOS;-7000.0;7000.0;PLIEGOS;0.2392236;Bond;LOCAL
PAPEL;100600106;Papel Bond 60 gramos -- 26 x 34;28/01/2026;CONSUMOS;-49500.0;49500.0;PLIEGOS;1.6916526;Bond;LOCAL
PAPEL;100600116;Rollo Cartulina BRIGHT --  C - 16 245 g ancho 29;26/01/2026;CONSUMOS;-3188.0;3188.0;METROS;0.57486016;BAYER-29;IMPORTACION
PAPEL;100600116;Rollo Cartulina BRIGHT --  C - 16 245 g ancho 29;27/01/2026;CONSUMOS;-12974.0;12974.0;METROS;2.33947168;BAYER-29;IMPORTACION
PAPEL;100600119;Rollo Cartulina OBAFREE --  C - 16 245 g ancho 35.5;27/01/2026;CONSUMOS;-545.0;545.0;METROS;0.120306025;C16-35.5;IMPORTACION
PAPEL;100600130;Rollo Cartulina POPLAR --  C - 16 255 g ancho 22;28/01/2026;CONSUMOS;-2935.0;2935.0;METROS;0.41762115;C16-22;IMPORTACION
PAPEL;100600135;Rollo Cartulina BRIGHT     C - 16 245 g ancho 23;19/01/2026;CONSUMOS;-75872.0;75872.0;METROS;10.85576576;BAYER-23;IMPORTACION
PAPEL;100600135;Rollo Cartulina BRIGHT     C - 16 245 g ancho 23;19/01/2026;CONSUMOS;-30189.0;30189.0;METROS;4.31944212;BAYER-23;IMPORTACION
Cartulina;100300001;Cartulina Husky -- C-8 200 gramos 25 x 36;4/02/2026;INGRESOS;1000.0;1000.0;hoja(s);0.116078;C8-25H;LOCAL
Cartulina;100300001;Cartulina Husky -- C-8 200 gramos 25 x 36;24/02/2026;INGRESOS;1000.0;1000.0;hoja(s);0.116078;C8-25H;LOCAL
Cartulina;100300012;Cartulina Husky -- C-14 300 gramos 30 x 40;20/02/2026;INGRESOS;4000.0;4000.0;hoja(s);0.9290304;C14-30H;LOCAL
Cartulina;100300013;Cartulina Husky -- C-16 350 gramos 25 x 38;20/02/2026;INGRESOS;3500.0;3500.0;hoja(s);0.750649375;C16-25H;LOCAL
Cartulina;100300996;Cartulina FBB Zenith LOCAL -- C-18 295 gramos 25 x 36;3/02/2026;INGRESOS;4500.0;4500.0;hoja(s);0.770467725;C18-25;LOCAL
Cartulina;100300996;Cartulina FBB Zenith LOCAL -- C-18 295 gramos 25 x 36;11/02/2026;INGRESOS;3100.0;3100.0;hoja(s);0.530766655;C18-25;LOCAL
Cartulina;100300996;Cartulina FBB Zenith LOCAL -- C-18 295 gramos 25 x 36;12/02/2026;INGRESOS;5000.0;5000.0;hoja(s);0.85607525;C18-25;LOCAL
Cartulina;100301871;Cartulina SPARK C-12 200 gr 25 X 38;3/02/2026;INGRESOS;200.0;200.0;hoja(s);0.024511;Papesp;LOCAL
Cartulina;100304510;Cartulina FBB DUPLEX MIRABELL -- C-17 320 gramos  22 x 38.5;19/02/2026;INGRESOS;92766.0;92766.0;PLIEGOS;16.22144926;COLGATE-150;IMPORTACION
Cartulina;100304510;Cartulina FBB DUPLEX MIRABELL -- C-17 320 gramos  22 x 38.5;19/02/2026;INGRESOS;0.0;0.0;PLIEGOS;0.0;COLGATE-150;IMPORTACION
Cartulina;100304530;Cartulina SPARK C-20 295 gr 30 X 40;24/02/2026;INGRESOS;7200.0;7200.0;PLIEGOS;1.644383808;Spark;LOCAL
Cartulina;100304547;Rollo Cartulina Spectra Natural -- C-18 267g ancho 27;9/02/2026;INGRESOS;0.0;0.0;METROS;0.0;BCONSUMOSBO;IMPORTACION
Cartulina;100304565;Rollo Cartulina DEINGRESOSCA FSC --  C - 13.5 225 g ancho 23.125;10/02/2026;INGRESOS;288332.0;288332.0;METROS;38.0814489;OLMECA;IMPORTACION
Cartulina;100304565;Rollo Cartulina DEINGRESOSCA FSC --  C - 13.5 225 g ancho 23.125;11/02/2026;INGRESOS;0.0;0.0;METROS;0.0;OLMECA;IMPORTACION
Cartulina;100304640;Rollo Cartulina OBAFREE --  C-15 230 g ancho 25.5;10/02/2026;INGRESOS;128526.0;128526.0;METROS;19.14664675;FOSFORERA;IMPORTACION
Cartulina;100304640;Rollo Cartulina OBAFREE --  C-15 230 g ancho 25.5;10/02/2026;INGRESOS;0.0;0.0;METROS;0.0;FOSFORERA;IMPORTACION
Cartulina;100305969;Cartulina FBB DRAGONS -- C-15.7 245 gramos 34.5 x 27;10/02/2026;INGRESOS;159300.0;159300.0;PLIEGOS;23.45482261;HONDURAS FOS;IMPORTACION
Cartulina;100305969;Cartulina FBB DRAGONS -- C-15.7 245 gramos 34.5 x 27;11/02/2026;INGRESOS;0.0;0.0;PLIEGOS;0.0;HONDURAS FOS;IMPORTACION
Cartulina;100305985;Cartulina FBB DUPLEX MIRABELL -- C-17 320 gramos  21.5 x 35;19/02/2026;INGRESOS;44315.0;44315.0;PLIEGOS;6.884535908;COLGATE-125;IMPORTACION
Cartulina;100305985;Cartulina FBB DUPLEX MIRABELL -- C-17 320 gramos  21.5 x 35;19/02/2026;INGRESOS;0.0;0.0;PLIEGOS;0.0;COLGATE-125;IMPORTACION
Cartulina;100305987;Cartulina SPARK C-12 200 gr 30 X 40;3/02/2026;INGRESOS;200.0;200.0;PLIEGOS;0.03096768;Spark;LOCAL
Cartulina;100306131;Rollo Cartulina FBB PROTO C1S -- C-24 396 g ancho 30.5;26/02/2026;INGRESOS;17172.0;17172.0;METROS;5.268046766;GILDAN;IMPORTACION
Cartulina;100306132;Rollo Cartulina FBB PROTO C1S -- C-24 396 g ancho 29;26/02/2026;INGRESOS;36813.0;36813.0;METROS;10.7381165;GILDAN;IMPORTACION
Cartulina;100306133;Rollo Cartulina FBB PROTO C1S -- C-24 396 g ancho 28.5;26/02/2026;INGRESOS;88157.0;88157.0;METROS;25.27147351;GILDAN;IMPORTACION
Cartulina;100306134;Rollo Cartulina FBB PROTO C1S -- C-24 396 g ancho 26.5;26/02/2026;INGRESOS;131545.0;131545.0;METROS;35.06300404;GILDAN;IMPORTACION
Cartulina;100306136;Cartulina Husky -- C-16 350 gramos 30 X 40;4/02/2026;INGRESOS;8000.0;8000.0;hoja(s);2.1677376;C16-30H;LOCAL
Cartulina;100306136;Cartulina Husky -- C-16 350 gramos 30 X 40;25/02/2026;INGRESOS;100.0;100.0;hoja(s);0.02709672;C16-30H;LOCAL
Cartulina;100306141;Cartulina SPARK C-20 295 gr 25 X 36;3/02/2026;INGRESOS;700.0;700.0;PLIEGOS;0.119902986;Spark;LOCAL
Papel;100600006;Papel Bond 75 gramos -- 26 x 34;3/02/2026;INGRESOS;2000.0;2000.0;PLIEGOS;0.085437;Bond;LOCAL
Papel;100600008;Papel Bond 75 gramos -- 26 x 36;17/02/2026;INGRESOS;7500.0;7500.0;PLIEGOS;0.33967674;Bond;LOCAL
Papel;100600009;Papel Bond 75 gramos -- 26 x 38;3/02/2026;INGRESOS;5500.0;5500.0;PLIEGOS;0.26272125;Bond;LOCAL
Papel;100600009;Papel Bond 75 gramos -- 26 x 38;17/02/2026;INGRESOS;2500.0;2500.0;PLIEGOS;0.11941875;Bond;LOCAL
Papel;100600012;Papel Bond 90 gramos -- 24 x 36;24/02/2026;INGRESOS;3500.0;3500.0;PLIEGOS;0.17533719;Bond;LOCAL
Papel;100600020;Papel Couche Brillante B-60 -- 90 gramos  25 x 36;4/02/2026;INGRESOS;39500.0;39500.0;PLIEGOS;2.06328645;Couche;LOCAL
Papel;100600020;Papel Couche Brillante B-60 -- 90 gramos  25 x 36;24/02/2026;INGRESOS;30000.0;30000.0;PLIEGOS;1.567053;Couche;LOCAL
Papel;100600021;Papel Couche Brillante - 1 Cara - B-60 -- 90 gramos  25 x 36;17/02/2026;INGRESOS;3250.0;3250.0;PLIEGOS;0.169764075;Couche;LOCAL
Papel;100600021;Papel Couche Brillante - 1 Cara - B-60 -- 90 gramos  25 x 36;25/02/2026;INGRESOS;5750.0;5750.0;PLIEGOS;0.300351825;Couche;LOCAL
Papel;100600023;Papel Couche Brillante - 1 Cara - B-60 -- 90 gramos  25 x 38;25/02/2026;INGRESOS;4750.0;4750.0;PLIEGOS;0.261961313;Couche;LOCAL
Papel;100600026;Papel Couche Brillante B-70 -- 105 gramos  25 x 36;4/02/2026;INGRESOS;8000.0;8000.0;PLIEGOS;0.4875276;Couche;LOCAL
Papel;100600026;Papel Couche Brillante B-70 -- 105 gramos  25 x 36;11/02/2026;INGRESOS;32750.0;32750.0;PLIEGOS;1.995816113;Couche;LOCAL
Papel;100600026;Papel Couche Brillante B-70 -- 105 gramos  25 x 36;17/02/2026;INGRESOS;77000.0;77000.0;PLIEGOS;4.69245315;Couche;LOCAL
Papel;100600026;Papel Couche Brillante B-70 -- 105 gramos  25 x 36;24/02/2026;INGRESOS;5250.0;5250.0;PLIEGOS;0.319939988;Couche;LOCAL
Papel;100600029;Papel Couche Brillante B-80 -- 115 gramos  25 x 36;4/02/2026;INGRESOS;1750.0;1750.0;PLIEGOS;0.116803488;Couche;LOCAL
Papel;100600029;Papel Couche Brillante B-80 -- 115 gramos  25 x 36;17/02/2026;INGRESOS;1500.0;1500.0;PLIEGOS;0.100117275;Couche;LOCAL
Papel;100600029;Papel Couche Brillante B-80 -- 115 gramos  25 x 36;24/02/2026;INGRESOS;3500.0;3500.0;PLIEGOS;0.233606975;Couche;LOCAL
Papel;100600032;Papel Couche Brillante B-100 -- 140 gramos  25 x 36;9/02/2026;INGRESOS;3500.0;3500.0;PLIEGOS;0.2843911;Couche;LOCAL
Papel;100600032;Papel Couche Brillante B-100 -- 140 gramos  25 x 36;11/02/2026;INGRESOS;1000.0;1000.0;PLIEGOS;0.0812546;Couche;LOCAL
Papel;100600032;Papel Couche Brillante B-100 -- 140 gramos  25 x 36;17/02/2026;INGRESOS;3750.0;3750.0;PLIEGOS;0.30470475;Couche;LOCAL
Papel;100600032;Papel Couche Brillante B-100 -- 140 gramos  25 x 36;17/02/2026;INGRESOS;8250.0;8250.0;PLIEGOS;0.67035045;Couche;LOCAL
Papel;100600032;Papel Couche Brillante B-100 -- 140 gramos  25 x 36;18/02/2026;INGRESOS;20000.0;20000.0;PLIEGOS;1.625092;Couche;LOCAL
Papel;100600032;Papel Couche Brillante B-100 -- 140 gramos  25 x 36;24/02/2026;INGRESOS;1250.0;1250.0;PLIEGOS;0.10156825;Couche;LOCAL
Papel;100600033;Papel Couche Brillante B-100 -- 140 gramos  25 x 38;10/02/2026;INGRESOS;250.0;250.0;PLIEGOS;0.021447125;Couche;LOCAL
Papel;100600033;Papel Couche Brillante B-100 -- 140 gramos  25 x 38;20/02/2026;INGRESOS;750.0;750.0;PLIEGOS;0.064341375;Couche;LOCAL
Papel;100600034;Papel Couche Brillante B-100 -- 140 gramos  30 x 40;24/02/2026;INGRESOS;750.0;750.0;PLIEGOS;0.08129016;Couche;LOCAL
Papel;100600043;Papel Bond 75 gramos -- 26 x 38;17/02/2026;INGRESOS;8500.0;8500.0;PLIEGOS;0.406354026;Bond;LOCAL
Papel;100600043;Papel Bond 75 gramos -- 26 x 38;20/02/2026;INGRESOS;1500.0;1500.0;PLIEGOS;0.071709534;Bond;LOCAL
Papel;100600045;Papel Couche Brillante B-80 -- 115 gramos  30 x 40;25/02/2026;INGRESOS;13000.0;13000.0;PLIEGOS;1.15741704;Couche;LOCAL
Cartulina;100700009;Cartulina Kraft -- C-15 225 gramos 38 x 23;9/02/2026;INGRESOS;80000.0;80000.0;hoja(s);10.14965712;Kraft;IMPORTACION
Cartulina;100301356;Rollo Cartulina ASIA SYMBOL C-16 270 g ancho 25;3/02/2026;CONSUMOS;-1881.0;1881.0;METROS;0.32249745;C16-25;IMPORTACION
Cartulina;100301356;Rollo Cartulina ASIA SYMBOL C-16 270 g ancho 25;3/02/2026;CONSUMOS;-2305.0;2305.0;METROS;0.39519225;C16-25;IMPORTACION
Cartulina;100301357;Rollo Cartulina ASIA SYMBOL C-18 295 g ancho 25;3/02/2026;CONSUMOS;-3783.0;3783.0;METROS;0.708650475;C18-25;IMPORTACION
Cartulina;100301357;Rollo Cartulina ASIA SYMBOL C-18 295 g ancho 25;3/02/2026;CONSUMOS;-11700.0;11700.0;METROS;2.1917025;C18-25;IMPORTACION
Cartulina;100301357;Rollo Cartulina ASIA SYMBOL C-18 295 g ancho 25;3/02/2026;CONSUMOS;-1621.0;1621.0;METROS;0.303653825;C18-25;IMPORTACION
Cartulina;100301357;Rollo Cartulina ASIA SYMBOL C-18 295 g ancho 25;3/02/2026;CONSUMOS;-2598.0;2598.0;METROS;0.48667035;C18-25;IMPORTACION
Cartulina;100301357;Rollo Cartulina ASIA SYMBOL C-18 295 g ancho 25;3/02/2026;CONSUMOS;-2661.0;2661.0;METROS;0.498471825;C18-25;IMPORTACION
Cartulina;100301824;Rollo Cartulina ASIA SYMBOL C-14 235 g ancho 25;3/02/2026;CONSUMOS;-690.0;690.0;METROS;0.10296525;C14-25;IMPORTACION
Cartulina;100301824;Rollo Cartulina ASIA SYMBOL C-14 235 g ancho 25;3/02/2026;CONSUMOS;-6450.0;6450.0;METROS;0.96250125;C14-25;IMPORTACION
Cartulina;100301824;Rollo Cartulina ASIA SYMBOL C-14 235 g ancho 25;3/02/2026;CONSUMOS;-1002.0;1002.0;METROS;0.14952345;C14-25;IMPORTACION
Cartulina;100301824;Rollo Cartulina ASIA SYMBOL C-14 235 g ancho 25;3/02/2026;CONSUMOS;-170.0;170.0;METROS;0.02536825;C14-25;IMPORTACION
Cartulina;100301824;Rollo Cartulina ASIA SYMBOL C-14 235 g ancho 25;3/02/2026;CONSUMOS;-899.0;899.0;METROS;0.134153275;C14-25;IMPORTACION
Cartulina;100301848;Rollo Cartulina ASIA SYMBOL C-20 325 g ancho 25;3/02/2026;CONSUMOS;-2228.0;2228.0;METROS;0.4598035;C20-25;IMPORTACION
Cartulina;100301848;Rollo Cartulina ASIA SYMBOL C-20 325 g ancho 25;3/02/2026;CONSUMOS;-8188.0;8188.0;METROS;1.6897985;C20-25;IMPORTACION
Cartulina;100301848;Rollo Cartulina ASIA SYMBOL C-20 325 g ancho 25;3/02/2026;CONSUMOS;-4013.0;4013.0;METROS;0.828182875;C20-25;IMPORTACION
Cartulina;100301856;Rollo Cartulina OBAFREE --  C - 18 265 g ancho 23;3/02/2026;CONSUMOS;-775.0;775.0;METROS;0.119939;C18-23;IMPORTACION
Cartulina;100301917;Rollo Cartulina Nine Dragons C - 16.3 255 g ancho 25 (29-89);3/02/2026;CONSUMOS;-1216.0;1216.0;METROS;0.1969008;C16.3-25;IMPORTACION
Cartulina;100301917;Rollo Cartulina Nine Dragons C - 16.3 255 g ancho 25 (29-89);3/02/2026;CONSUMOS;-2056.0;2056.0;METROS;0.3329178;C16.3-25;IMPORTACION
Cartulina;100301917;Rollo Cartulina Nine Dragons C - 16.3 255 g ancho 25 (29-89);3/02/2026;CONSUMOS;-4558.0;4558.0;METROS;0.73805415;C16.3-25;IMPORTACION
Cartulina;100301936;Rollo Cartulina ASIA SYMBOL C-14 235 g ancho 25 (29-89) REGIONAL;3/02/2026;CONSUMOS;-1933.0;1933.0;METROS;0.288451925;C14-25;IMPORTACION
Cartulina;100304619;Rollo Cartulina BRIGHT   --  C-16 245 g ancho 23;3/02/2026;CONSUMOS;-810.0;810.0;METROS;0.11593449;BAY-C16-23;IMPORTACION
Cartulina;100304627;Rollo Cartulina ASIA SYMBOL C-20 325 g ancho 29;3/02/2026;CONSUMOS;-1136.0;1136.0;METROS;0.27195272;C20-29;IMPORTACION
Cartulina;100304627;Rollo Cartulina ASIA SYMBOL C-20 325 g ancho 29;3/02/2026;CONSUMOS;-1384.0;1384.0;METROS;0.33132268;C20-29;IMPORTACION
Cartulina;100306003;Rollo Cartulina Nine Dragons C - 16.3 255 g ancho 28.5;3/02/2026;CONSUMOS;-15565.0;15565.0;METROS;2.873213393;C16.3-28.5;IMPORTACION
Cartulina;100301357;Rollo Cartulina ASIA SYMBOL C-18 295 g ancho 25;4/02/2026;CONSUMOS;-6926.0;6926.0;METROS;1.29741295;C18-25;IMPORTACION
Cartulina;100301908;Rollo Cartulina Nine Dragons C - 13.6 215 g ancho 25 (29-89);4/02/2026;CONSUMOS;-21330.0;21330.0;METROS;2.91207825;C13.6-25;IMPORTACION
Cartulina;100301908;Rollo Cartulina Nine Dragons C - 13.6 215 g ancho 25 (29-89);4/02/2026;CONSUMOS;-1016.0;1016.0;METROS;0.1387094;C13.6-25;IMPORTACION
Cartulina;100301920;Rollo Cartulina Nine Dragons C - 16.3 255 g ancho 35.5 (29-89);4/02/2026;CONSUMOS;-3952.0;3952.0;METROS;0.90799176;C16.3-35.5;IMPORTACION
Cartulina;100301920;Rollo Cartulina Nine Dragons C - 16.3 255 g ancho 35.5 (29-89);4/02/2026;CONSUMOS;-250.0;250.0;METROS;0.05743875;C16.3-35.5;IMPORTACION
Cartulina;100301928;Rollo Cartulina Nine Dragons C - 19 305 g ancho 25 (29-89) REGIONAL;4/02/2026;CONSUMOS;-405.0;405.0;METROS;0.078438375;C19-25;IMPORTACION
Cartulina;100304541;Rollo Cartulina ASIA SYMBOL C-12 230 g ancho 25;4/02/2026;CONSUMOS;-333.0;333.0;METROS;0.04863465;C12-25;IMPORTACION
Cartulina;100304541;Rollo Cartulina ASIA SYMBOL C-12 230 g ancho 25;4/02/2026;CONSUMOS;-1893.0;1893.0;METROS;0.27647265;C12-25;IMPORTACION
Cartulina;100304541;Rollo Cartulina ASIA SYMBOL C-12 230 g ancho 25;4/02/2026;CONSUMOS;-1260.0;1260.0;METROS;0.184023;C12-25;IMPORTACION
Cartulina;100304565;Rollo Cartulina DEINGRESOSCA FSC --  C - 13.5 225 g ancho 23.125;4/02/2026;CONSUMOS;-16882.0;16882.0;METROS;2.22969015;OLMECA;IMPORTACION
Cartulina;100304565;Rollo Cartulina DEINGRESOSCA FSC --  C - 13.5 225 g ancho 23.125;4/02/2026;CONSUMOS;-15391.0;15391.0;METROS;2.032766325;OLMECA;IMPORTACION
Cartulina;100304565;Rollo Cartulina DEINGRESOSCA FSC --  C - 13.5 225 g ancho 23.125;4/02/2026;CONSUMOS;-150.0;150.0;METROS;0.01981125;OLMECA;IMPORTACION
Cartulina;100300001;Cartulina Husky -- C-8 200 gramos 25 x 36;5/02/2026;CONSUMOS;-1000.0;1000.0;hoja(s);0.116078;C8-25H;LOCAL
Cartulina;100300007;Cartulina Husky -- C-12 270 gramos 25 x 41.5 (29-89);5/02/2026;CONSUMOS;-1900.0;1900.0;hoja(s);0.34334577;C12-25H;LOCAL
Cartulina;100300996;Cartulina FBB Zenith LOCAL -- C-18 295 gramos 25 x 36;5/02/2026;CONSUMOS;-4500.0;4500.0;hoja(s);0.770467725;C18-25;LOCAL
Cartulina;100301356;Rollo Cartulina ASIA SYMBOL C-16 270 g ancho 25;5/02/2026;CONSUMOS;-7169.0;7169.0;METROS;1.22912505;C16-25;IMPORTACION
Cartulina;100301357;Rollo Cartulina ASIA SYMBOL C-18 295 g ancho 25;5/02/2026;CONSUMOS;-2452.0;2452.0;METROS;0.4593209;C18-25;IMPORTACION
Cartulina;100301871;Cartulina SPARK C-12 200 gr 25 X 38;5/02/2026;CONSUMOS;-200.0;200.0;hoja(s);0.024511;Papesp;LOCAL
Cartulina;100301908;Rollo Cartulina Nine Dragons C - 13.6 215 g ancho 25 (29-89);5/02/2026;CONSUMOS;-2566.0;2566.0;METROS;0.35032315;C13.6-25;IMPORTACION
Cartulina;100301917;Rollo Cartulina Nine Dragons C - 16.3 255 g ancho 25 (29-89);5/02/2026;CONSUMOS;-3461.0;3461.0;METROS;0.560422425;C16.3-25;IMPORTACION
Cartulina;100304565;Rollo Cartulina DEINGRESOSCA FSC --  C - 13.5 225 g ancho 23.125;5/02/2026;CONSUMOS;-3828.0;3828.0;METROS;0.5055831;OLMECA;IMPORTACION
Cartulina;100304640;Rollo Cartulina OBAFREE --  C-15 230 g ancho 25.5;5/02/2026;CONSUMOS;-22723.0;22723.0;METROS;3.385068033;FOSFORERA;IMPORTACION
Cartulina;100304640;Rollo Cartulina OBAFREE --  C-15 230 g ancho 25.5;5/02/2026;CONSUMOS;-26793.0;26793.0;METROS;3.991380003;FOSFORERA;IMPORTACION
Cartulina;100304640;Rollo Cartulina OBAFREE --  C-15 230 g ancho 25.5;5/02/2026;CONSUMOS;-27037.0;27037.0;METROS;4.027728927;FOSFORERA;IMPORTACION
Cartulina;100304640;Rollo Cartulina OBAFREE --  C-15 230 g ancho 25.5;5/02/2026;CONSUMOS;-53987.0;53987.0;METROS;8.042497377;FOSFORERA;IMPORTACION
Cartulina;100305983;Cartulina FBB DUPLEX MIRABELL -- C-16 300 gramos  25.5 x 36.5;5/02/2026;CONSUMOS;-355.0;355.0;PLIEGOS;0.063951404;COLGATE-50;IMPORTACION
Cartulina;100305987;Cartulina SPARK C-12 200 gr 30 X 40;5/02/2026;CONSUMOS;-200.0;200.0;PLIEGOS;0.03096768;Spark;LOCAL
Cartulina;100306002;Cartulina FBB DRAGONS YA ESTÁ -- C-16.3 255 gramos  39.5 x 25;5/02/2026;CONSUMOS;-26300.0;26300.0;PLIEGOS;4.272680971;YA ESTA;IMPORTACION
Cartulina;100306136;Cartulina Husky -- C-16 350 gramos 30 X 40;5/02/2026;CONSUMOS;-3600.0;3600.0;hoja(s);0.97548192;C16-30H;LOCAL
Cartulina;100306136;Cartulina Husky -- C-16 350 gramos 30 X 40;5/02/2026;CONSUMOS;-4300.0;4300.0;hoja(s);1.16515896;C16-30H;LOCAL
Papel;100600003;Papel Bond 55 gramos -- 26 x 34;5/02/2026;CONSUMOS;-2100.0;2100.0;PLIEGOS;0.06578649;Bond;LOCAL
Papel;100600003;Papel Bond 55 gramos -- 26 x 34;5/02/2026;CONSUMOS;-1300.0;1300.0;PLIEGOS;0.04072497;Bond;LOCAL
Papel;100600006;Papel Bond 75 gramos -- 26 x 34;5/02/2026;CONSUMOS;-26300.0;26300.0;PLIEGOS;1.12349655;Bond;LOCAL
Papel;100600006;Papel Bond 75 gramos -- 26 x 34;5/02/2026;CONSUMOS;-1900.0;1900.0;PLIEGOS;0.08116515;Bond;LOCAL
Papel;100600009;Papel Bond 75 gramos -- 26 x 38;5/02/2026;CONSUMOS;-5100.0;5100.0;PLIEGOS;0.24361425;Bond;LOCAL
Papel;100600013;Papel Bond 90 gramos -- 26 x 34;5/02/2026;CONSUMOS;-1500.0;1500.0;PLIEGOS;0.0768933;Bond;LOCAL
Papel;100600015;Papel Bond 120 gramos -- 22 x 34;5/02/2026;CONSUMOS;-1800.0;1800.0;PLIEGOS;0.104015664;Bond;LOCAL
Papel;100600020;Papel Couche Brillante B-60 -- 90 gramos  25 x 36;5/02/2026;CONSUMOS;-1100.0;1100.0;PLIEGOS;0.05745861;Couche;LOCAL
Papel;100600020;Papel Couche Brillante B-60 -- 90 gramos  25 x 36;5/02/2026;CONSUMOS;-39250.0;39250.0;PLIEGOS;2.050227675;Couche;LOCAL
Papel;100600026;Papel Couche Brillante B-70 -- 105 gramos  25 x 36;5/02/2026;CONSUMOS;-7800.0;7800.0;PLIEGOS;0.47533941;Couche;LOCAL
Papel;100600029;Papel Couche Brillante B-80 -- 115 gramos  25 x 36;5/02/2026;CONSUMOS;-1700.0;1700.0;PLIEGOS;0.113466245;Couche;LOCAL
Papel;100600032;Papel Couche Brillante B-100 -- 140 gramos  25 x 36;5/02/2026;CONSUMOS;-1188.0;1188.0;PLIEGOS;0.096530465;Couche;LOCAL
Papel;100600032;Papel Couche Brillante B-100 -- 140 gramos  25 x 36;5/02/2026;CONSUMOS;-1700.0;1700.0;PLIEGOS;0.13813282;Couche;LOCAL
Papel;100600033;Papel Couche Brillante B-100 -- 140 gramos  25 x 38;5/02/2026;CONSUMOS;-994.0;994.0;PLIEGOS;0.085273769;Couche;LOCAL
Cartulina;100301924;Rollo Cartulina Nine Dragons C - 18.3 290 g ancho 25;6/02/2026;CONSUMOS;-8980.0;8980.0;METROS;1.653667;C18-25-COSC;IMPORTACION
Cartulina;100600094;Rollo Cartulina CMPC RC --  C - 18 265 g ancho 25;6/02/2026;CONSUMOS;-3134.0;3134.0;METROS;0.52737385;CMPC RC;IMPORTACION
Cartulina;100600094;Rollo Cartulina CMPC RC --  C - 18 265 g ancho 25;6/02/2026;CONSUMOS;-3354.0;3354.0;METROS;0.56439435;CMPC RC;IMPORTACION
Cartulina;100301908;Rollo Cartulina Nine Dragons C - 13.6 215 g ancho 25 (29-89);9/02/2026;CONSUMOS;-3409.0;3409.0;METROS;0.465413725;C13.6-25;IMPORTACION
Cartulina;100301909;Rollo Cartulina Nine Dragons C - 13.6 215 g ancho 30 (29-89);9/02/2026;CONSUMOS;-2161.0;2161.0;METROS;0.35403663;C13.6-30;IMPORTACION
Cartulina;100301909;Rollo Cartulina Nine Dragons C - 13.6 215 g ancho 30 (29-89);9/02/2026;CONSUMOS;-12920.0;12920.0;METROS;2.1166836;C13.6-30;IMPORTACION
Cartulina;100301909;Rollo Cartulina Nine Dragons C - 13.6 215 g ancho 30 (29-89);9/02/2026;CONSUMOS;-2114.0;2114.0;METROS;0.34633662;C13.6-30;IMPORTACION
Cartulina;100301920;Rollo Cartulina Nine Dragons C - 16.3 255 g ancho 35.5 (29-89);9/02/2026;CONSUMOS;-5806.0;5806.0;METROS;1.33395753;C16.3-35.5;IMPORTACION
Cartulina;100300012;Cartulina Husky -- C-14 300 gramos 30 x 40;10/02/2026;CONSUMOS;-300.0;300.0;hoja(s);0.06967728;C14-30H;LOCAL
Cartulina;100300013;Cartulina Husky -- C-16 350 gramos 25 x 38;10/02/2026;CONSUMOS;-65.0;65.0;hoja(s);0.013940631;C16-25H;LOCAL
Cartulina;100300013;Cartulina Husky -- C-16 350 gramos 25 x 38;10/02/2026;CONSUMOS;-188.0;188.0;hoja(s);0.040320595;C16-25H;LOCAL
Cartulina;100300013;Cartulina Husky -- C-16 350 gramos 25 x 38;10/02/2026;CONSUMOS;-7.0;7.0;hoja(s);0.001501299;C16-25H;LOCAL
Cartulina;100300298;Cartulina FBB Zenith LOCAL -- C-14 235 gramos 25 x 38;10/02/2026;CONSUMOS;-3965.0;3965.0;hoja(s);0.570968426;C14-25;LOCAL
Cartulina;100301356;Rollo Cartulina ASIA SYMBOL C-16 270 g ancho 25;10/02/2026;CONSUMOS;-1520.0;1520.0;METROS;0.260604;C16-25;IMPORTACION
Cartulina;100305984;Cartulina FBB DUPLEX MIRABELL -- C-16 300 gramos  25 x 34;10/02/2026;CONSUMOS;-42855.0;42855.0;PLIEGOS;7.050324609;COLGATE-22;IMPORTACION
Papel;100600009;Papel Bond 75 gramos -- 26 x 38;10/02/2026;CONSUMOS;-1600.0;1600.0;PLIEGOS;0.076428;Bond;LOCAL
Papel;100600013;Papel Bond 90 gramos -- 26 x 34;10/02/2026;CONSUMOS;-169.0;169.0;PLIEGOS;0.008663312;Bond;LOCAL
Papel;100600013;Papel Bond 90 gramos -- 26 x 34;10/02/2026;CONSUMOS;-410.0;410.0;PLIEGOS;0.021017502;Bond;LOCAL
Papel;100600021;Papel Couche Brillante - 1 Cara - B-60 -- 90 gramos  25 x 36;10/02/2026;CONSUMOS;-1000.0;1000.0;PLIEGOS;0.0522351;Couche;LOCAL
Papel;100600023;Papel Couche Brillante - 1 Cara - B-60 -- 90 gramos  25 x 38;10/02/2026;CONSUMOS;-800.0;800.0;PLIEGOS;0.0441198;Couche;LOCAL
Papel;100600030;Papel Couche Brillante B-80 -- 115 gramos  25 x 38;10/02/2026;CONSUMOS;-42.0;42.0;PLIEGOS;0.002959703;Couche;LOCAL
Papel;100600032;Papel Couche Brillante B-100 -- 140 gramos  25 x 36;10/02/2026;CONSUMOS;-3871.0;3871.0;PLIEGOS;0.314536557;Couche;LOCAL
Cartulina;100301824;Rollo Cartulina ASIA SYMBOL C-14 235 g ancho 25;11/02/2026;CONSUMOS;-1917.0;1917.0;METROS;0.286064325;C14-25;IMPORTACION
Cartulina;100301824;Rollo Cartulina ASIA SYMBOL C-14 235 g ancho 25;11/02/2026;CONSUMOS;-598.0;598.0;METROS;0.08923655;C14-25;IMPORTACION
Cartulina;100301824;Rollo Cartulina ASIA SYMBOL C-14 235 g ancho 25;11/02/2026;CONSUMOS;-524.0;524.0;METROS;0.0781939;C14-25;IMPORTACION
Cartulina;100301848;Rollo Cartulina ASIA SYMBOL C-20 325 g ancho 25;11/02/2026;CONSUMOS;-7057.0;7057.0;METROS;1.456388375;C20-25;IMPORTACION
Cartulina;100301926;Rollo Cartulina ASIA SYMBOL C-19 310 g ancho 25 (29-89);11/02/2026;CONSUMOS;-1824.0;1824.0;METROS;0.3590544;C19-25;IMPORTACION
Cartulina;100301926;Rollo Cartulina ASIA SYMBOL C-19 310 g ancho 25 (29-89);11/02/2026;CONSUMOS;-24656.0;24656.0;METROS;4.8535336;C19-25;IMPORTACION
Cartulina;100301936;Rollo Cartulina ASIA SYMBOL C-14 235 g ancho 25 (29-89) REGIONAL;11/02/2026;CONSUMOS;-1004.0;1004.0;METROS;0.1498219;C14-25;IMPORTACION
Cartulina;100304565;Rollo Cartulina DEINGRESOSCA FSC --  C - 13.5 225 g ancho 23.125;11/02/2026;CONSUMOS;-15536.0;15536.0;METROS;2.0519172;OLMECA;IMPORTACION
Cartulina;100304565;Rollo Cartulina DEINGRESOSCA FSC --  C - 13.5 225 g ancho 23.125;11/02/2026;CONSUMOS;-8526.0;8526.0;METROS;1.12607145;OLMECA;IMPORTACION
Cartulina;100304565;Rollo Cartulina DEINGRESOSCA FSC --  C - 13.5 225 g ancho 23.125;11/02/2026;CONSUMOS;-15583.0;15583.0;METROS;2.058124725;OLMECA;IMPORTACION
Cartulina;100304565;Rollo Cartulina DEINGRESOSCA FSC --  C - 13.5 225 g ancho 23.125;11/02/2026;CONSUMOS;-7987.0;7987.0;METROS;1.054883025;OLMECA;IMPORTACION
Cartulina;100304565;Rollo Cartulina DEINGRESOSCA FSC --  C - 13.5 225 g ancho 23.125;11/02/2026;CONSUMOS;-8169.0;8169.0;METROS;1.078920675;OLMECA;IMPORTACION
Cartulina;100304565;Rollo Cartulina DEINGRESOSCA FSC --  C - 13.5 225 g ancho 23.125;11/02/2026;CONSUMOS;-16025.0;16025.0;METROS;2.116501875;OLMECA;IMPORTACION
Cartulina;100304565;Rollo Cartulina DEINGRESOSCA FSC --  C - 13.5 225 g ancho 23.125;11/02/2026;CONSUMOS;-7917.0;7917.0;METROS;1.045637775;OLMECA;IMPORTACION
Cartulina;100305999;Rollo Cartulina Nine Dragons C - 19 305 g ancho 24;11/02/2026;CONSUMOS;-2293.0;2293.0;METROS;0.426332904;C19-24;IMPORTACION
Cartulina;100300298;Cartulina FBB Zenith LOCAL -- C-14 235 gramos 25 x 38;12/02/2026;CONSUMOS;-1500.0;1500.0;hoja(s);0.216003188;C14-25;LOCAL
Cartulina;100300704;Cartulina FBB Zenith LOCAL -- C-16 270 gramos 25 x 36;12/02/2026;CONSUMOS;-900.0;900.0;hoja(s);0.14103477;C16-25;LOCAL
Cartulina;100300996;Cartulina FBB Zenith LOCAL -- C-18 295 gramos 25 x 36;12/02/2026;CONSUMOS;-2000.0;2000.0;hoja(s);0.3424301;C18-25;LOCAL
Cartulina;100300996;Cartulina FBB Zenith LOCAL -- C-18 295 gramos 25 x 36;12/02/2026;CONSUMOS;-1000.0;1000.0;hoja(s);0.17121505;C18-25;LOCAL
Cartulina;100300996;Cartulina FBB Zenith LOCAL -- C-18 295 gramos 25 x 36;12/02/2026;CONSUMOS;-700.0;700.0;hoja(s);0.119850535;C18-25;LOCAL
Cartulina;100300996;Cartulina FBB Zenith LOCAL -- C-18 295 gramos 25 x 36;12/02/2026;CONSUMOS;-4000.0;4000.0;hoja(s);0.6848602;C18-25;LOCAL
Cartulina;100301001;Cartulina FBB Zenith LOCAL -- C-18 295 gramos 25 x 38;12/02/2026;CONSUMOS;-100.0;100.0;hoja(s);0.018076863;C18-25;LOCAL
Cartulina;100301824;Rollo Cartulina ASIA SYMBOL C-14 235 g ancho 25;12/02/2026;CONSUMOS;-507.0;507.0;METROS;0.075657075;C14-25;IMPORTACION
Cartulina;100301909;Rollo Cartulina Nine Dragons C - 13.6 215 g ancho 30 (29-89);12/02/2026;CONSUMOS;-2221.0;2221.0;METROS;0.36386643;C13.6-30;IMPORTACION
Cartulina;100301926;Rollo Cartulina ASIA SYMBOL C-19 310 g ancho 25 (29-89);12/02/2026;CONSUMOS;-2974.0;2974.0;METROS;0.5854319;C19-25;IMPORTACION
Cartulina;100304547;Rollo Cartulina Spectra Natural -- C-18 267g ancho 27;12/02/2026;CONSUMOS;-12551.0;12551.0;METROS;2.298196039;BCONSUMOSBO;IMPORTACION
Cartulina;100304547;Rollo Cartulina Spectra Natural -- C-18 267g ancho 27;12/02/2026;CONSUMOS;-9568.0;9568.0;METROS;1.751983085;BCONSUMOSBO;IMPORTACION
Cartulina;100304640;Rollo Cartulina OBAFREE --  C-15 230 g ancho 25.5;12/02/2026;CONSUMOS;-62457.0;62457.0;METROS;9.304281747;FOSFORERA;IMPORTACION
Cartulina;100304640;Rollo Cartulina OBAFREE --  C-15 230 g ancho 25.5;12/02/2026;CONSUMOS;-31774.0;31774.0;METROS;4.733404554;FOSFORERA;IMPORTACION
Cartulina;100305967;Rollo Cartulina Nine Dragons C - 18.3 290 g ancho 29;12/02/2026;CONSUMOS;-1858.0;1858.0;METROS;0.396894812;C18-29-COSC;IMPORTACION
Cartulina;100305967;Rollo Cartulina Nine Dragons C - 18.3 290 g ancho 29;12/02/2026;CONSUMOS;-2767.0;2767.0;METROS;0.591069938;C18-29-COSC;IMPORTACION
Cartulina;100305969;Cartulina FBB DRAGONS -- C-15.7 245 gramos 34.5 x 27;12/02/2026;CONSUMOS;-108585.0;108585.0;PLIEGOS;15.98770818;HONDURAS FOS;IMPORTACION
Cartulina;100305981;Cartulina FBB DUPLEX MIRABELL -- C-16 300 gramos  28 x 34;12/02/2026;CONSUMOS;-77245.0;77245.0;PLIEGOS;14.23298573;COLGATE-75;IMPORTACION
Cartulina;100305981;Cartulina FBB DUPLEX MIRABELL -- C-16 300 gramos  28 x 34;12/02/2026;CONSUMOS;-25505.0;25505.0;PLIEGOS;4.699492536;COLGATE-75;IMPORTACION
Cartulina;100305982;Cartulina FBB DUPLEX MIRABELL -- C-16 300 gramos  20 x 32.5;12/02/2026;CONSUMOS;-2000.0;2000.0;PLIEGOS;0.2516124;COLGATE-100;IMPORTACION
Papel;100600026;Papel Couche Brillante B-70 -- 105 gramos  25 x 36;12/02/2026;CONSUMOS;-1300.0;1300.0;PLIEGOS;0.079223235;Couche;LOCAL
Papel;100600026;Papel Couche Brillante B-70 -- 105 gramos  25 x 36;12/02/2026;CONSUMOS;-32300.0;32300.0;PLIEGOS;1.968392685;Couche;LOCAL
Papel;100600030;Papel Couche Brillante B-80 -- 115 gramos  25 x 38;12/02/2026;CONSUMOS;-3900.0;3900.0;PLIEGOS;0.274829588;Couche;LOCAL
Papel;100600032;Papel Couche Brillante B-100 -- 140 gramos  25 x 36;12/02/2026;CONSUMOS;-500.0;500.0;PLIEGOS;0.0406273;Couche;LOCAL
Cartulina;100600094;Rollo Cartulina CMPC RC --  C - 18 265 g ancho 25;12/02/2026;CONSUMOS;-415.0;415.0;METROS;0.069834125;CMPC RC;IMPORTACION
Cartulina;100600116;Rollo Cartulina BRIGHT --  C - 16 245 g ancho 29;12/02/2026;CONSUMOS;-966.0;966.0;METROS;0.17418912;BAY-C16-29;IMPORTACION
Cartulina;100700009;Cartulina Kraft -- C-15 225 gramos 38 x 23;12/02/2026;CONSUMOS;-70400.0;70400.0;hoja(s);8.931698266;Kraft;IMPORTACION
Cartulina;100700009;Cartulina Kraft -- C-15 225 gramos 38 x 23;12/02/2026;CONSUMOS;-9600.0;9600.0;hoja(s);1.217958854;Kraft;IMPORTACION
Cartulina;100301356;Rollo Cartulina ASIA SYMBOL C-16 270 g ancho 25;13/02/2026;CONSUMOS;-1651.0;1651.0;METROS;0.28306395;C16-25;IMPORTACION
Cartulina;100301900;Rollo Cartulina SBS CANDESCE -- C-24 407 g ancho 25 (29-89);13/02/2026;CONSUMOS;-1051.0;1051.0;METROS;0.271625695;GILDAN;IMPORTACION
Cartulina;100301901;Rollo Cartulina SBS CANDESCE -- C-24 407 g ancho 27.5 (29-89);13/02/2026;CONSUMOS;-2364.0;2364.0;METROS;0.671579304;GILDAN;IMPORTACION
Cartulina;100301901;Rollo Cartulina SBS CANDESCE -- C-24 407 g ancho 27.5 (29-89);13/02/2026;CONSUMOS;-3223.0;3223.0;METROS;0.915609178;GILDAN;IMPORTACION
Cartulina;100301903;Rollo Cartulina SBS CANDESCE -- C-24 407 g ancho 29 (29-89);13/02/2026;CONSUMOS;-567.0;567.0;METROS;0.169845984;GILDAN;IMPORTACION
Cartulina;100301902;Rollo Cartulina SBS CANDESCE -- C-24 407 g ancho 39 (29-89);16/02/2026;CONSUMOS;-1238.0;1238.0;METROS;0.49882734;GILDAN;IMPORTACION
Cartulina;100301924;Rollo Cartulina Nine Dragons C - 18.3 290 g ancho 25;16/02/2026;CONSUMOS;-56333.0;56333.0;METROS;10.37372195;C18-25-COSC;IMPORTACION
Cartulina;100301924;Rollo Cartulina Nine Dragons C - 18.3 290 g ancho 25;16/02/2026;CONSUMOS;-2550.0;2550.0;METROS;0.4695825;C18-25-COSC;IMPORTACION
Cartulina;100304640;Rollo Cartulina OBAFREE --  C-15 230 g ancho 25.5;16/02/2026;CONSUMOS;-769.0;769.0;METROS;0.114558699;FOSFORERA;IMPORTACION
Cartulina;100301917;Rollo Cartulina Nine Dragons C - 16.3 255 g ancho 25 (29-89);17/02/2026;CONSUMOS;-5339.0;5339.0;METROS;0.864517575;C16.3-25;IMPORTACION
Cartulina;100301917;Rollo Cartulina Nine Dragons C - 16.3 255 g ancho 25 (29-89);17/02/2026;CONSUMOS;-652.0;652.0;METROS;0.1055751;C16.3-25;IMPORTACION
Cartulina;100301924;Rollo Cartulina Nine Dragons C - 18.3 290 g ancho 25;17/02/2026;CONSUMOS;-7512.0;7512.0;METROS;1.3833348;C18-25-COSC;IMPORTACION
Cartulina;100304541;Rollo Cartulina ASIA SYMBOL C-12 230 g ancho 25;17/02/2026;CONSUMOS;-1092.0;1092.0;METROS;0.1594866;C12-25;IMPORTACION
Cartulina;100304565;Rollo Cartulina DEINGRESOSCA FSC --  C - 13.5 225 g ancho 23.125;17/02/2026;CONSUMOS;-15681.0;15681.0;METROS;2.071068075;OLMECA;IMPORTACION
Cartulina;100304565;Rollo Cartulina DEINGRESOSCA FSC --  C - 13.5 225 g ancho 23.125;17/02/2026;CONSUMOS;-15606.0;15606.0;METROS;2.06116245;OLMECA;IMPORTACION
Cartulina;100304565;Rollo Cartulina DEINGRESOSCA FSC --  C - 13.5 225 g ancho 23.125;17/02/2026;CONSUMOS;-7920.0;7920.0;METROS;1.046034;OLMECA;IMPORTACION
Cartulina;100304565;Rollo Cartulina DEINGRESOSCA FSC --  C - 13.5 225 g ancho 23.125;17/02/2026;CONSUMOS;-2010.0;2010.0;METROS;0.26547075;OLMECA;IMPORTACION
Cartulina;100305999;Rollo Cartulina Nine Dragons C - 19 305 g ancho 24;17/02/2026;CONSUMOS;-2512.0;2512.0;METROS;0.467051136;C19-24;IMPORTACION
Cartulina;100300007;Cartulina Husky -- C-12 270 gramos 25 x 41.5 (29-89);18/02/2026;CONSUMOS;-360.0;360.0;hoja(s);0.065054988;C12-25H;LOCAL
Cartulina;100300013;Cartulina Husky -- C-16 350 gramos 25 x 38;18/02/2026;CONSUMOS;-500.0;500.0;hoja(s);0.107235625;C16-25H;LOCAL
Cartulina;100300013;Cartulina Husky -- C-16 350 gramos 25 x 38;18/02/2026;CONSUMOS;-600.0;600.0;hoja(s);0.12868275;C16-25H;LOCAL
Cartulina;100300298;Cartulina FBB Zenith LOCAL -- C-14 235 gramos 25 x 38;18/02/2026;CONSUMOS;-4965.0;4965.0;hoja(s);0.714970551;C14-25;LOCAL
Cartulina;100301824;Rollo Cartulina ASIA SYMBOL C-14 235 g ancho 25;18/02/2026;CONSUMOS;-2661.0;2661.0;METROS;0.397087725;C14-25;IMPORTACION
Cartulina;100301824;Rollo Cartulina ASIA SYMBOL C-14 235 g ancho 25;18/02/2026;CONSUMOS;-19970.0;19970.0;METROS;2.98002325;C14-25;IMPORTACION
Cartulina;100301825;Rollo Cartulina ASIA SYMBOL C-16 270 g ancho 28.5;18/02/2026;CONSUMOS;-4701.0;4701.0;METROS;0.91768221;C16-29;IMPORTACION
Cartulina;100301825;Rollo Cartulina ASIA SYMBOL C-16 270 g ancho 28.5;18/02/2026;CONSUMOS;-2289.0;2289.0;METROS;0.44683569;C16-29;IMPORTACION
Cartulina;100301834;Rollo Cartulina ASIA SYMBOL C-16 270 g ancho 29;18/02/2026;CONSUMOS;-2505.0;2505.0;METROS;0.4977936;C16-29;IMPORTACION
Cartulina;100301835;Rollo Cartulina ASIA SYMBOL C-18 295 g ancho 29;18/02/2026;CONSUMOS;-2303.0;2303.0;METROS;0.50002736;C18-29;IMPORTACION
Cartulina;100301844;Cartulina Texcote TP White Local -- C-14 235 gramos 25 x 38;18/02/2026;CONSUMOS;-900.0;900.0;hoja(s);0.129601913;C14-25;IMPORTACION
Cartulina;100301918;Rollo Cartulina Nine Dragons C - 16.3 255 g ancho 27 (29-89);18/02/2026;CONSUMOS;-762.0;762.0;METROS;0.13310235;C16.3-27;IMPORTACION
Cartulina;100301924;Rollo Cartulina Nine Dragons C - 18.3 290 g ancho 25;18/02/2026;CONSUMOS;-2048.0;2048.0;METROS;0.3771392;C18-25-COSC;IMPORTACION
Cartulina;100304541;Rollo Cartulina ASIA SYMBOL C-12 230 g ancho 25;18/02/2026;CONSUMOS;-780.0;780.0;METROS;0.113919;C12-25;IMPORTACION
Cartulina;100305968;Cartulina FBB DUPLEX MIRABELL -- C-17 320 gramos VARIAS MEINGRESOSDAS;18/02/2026;CONSUMOS;-22442.0;22442.0;PLIEGOS;6.356256666;COLGATE;IMPORTACION
Cartulina;100305999;Rollo Cartulina Nine Dragons C - 19 305 g ancho 24;18/02/2026;CONSUMOS;-12796.0;12796.0;METROS;2.379134688;C19-24;IMPORTACION
Papel;100600008;Papel Bond 75 gramos -- 26 x 36;18/02/2026;CONSUMOS;-7100.0;7100.0;PLIEGOS;0.321560647;Bond;LOCAL
Papel;100600009;Papel Bond 75 gramos -- 26 x 38;18/02/2026;CONSUMOS;-2200.0;2200.0;PLIEGOS;0.1050885;Bond;LOCAL
Papel;100600021;Papel Couche Brillante - 1 Cara - B-60 -- 90 gramos  25 x 36;18/02/2026;CONSUMOS;-1600.0;1600.0;PLIEGOS;0.08357616;Couche;LOCAL
Papel;100600021;Papel Couche Brillante - 1 Cara - B-60 -- 90 gramos  25 x 36;18/02/2026;CONSUMOS;-3000.0;3000.0;PLIEGOS;0.1567053;Couche;LOCAL
Papel;100600021;Papel Couche Brillante - 1 Cara - B-60 -- 90 gramos  25 x 36;18/02/2026;CONSUMOS;-1500.0;1500.0;PLIEGOS;0.07835265;Couche;LOCAL
Papel;100600023;Papel Couche Brillante - 1 Cara - B-60 -- 90 gramos  25 x 38;18/02/2026;CONSUMOS;-1800.0;1800.0;PLIEGOS;0.09926955;Couche;LOCAL
Papel;100600026;Papel Couche Brillante B-70 -- 105 gramos  25 x 36;18/02/2026;CONSUMOS;-72100.0;72100.0;PLIEGOS;4.393842495;Couche;LOCAL
Papel;100600026;Papel Couche Brillante B-70 -- 105 gramos  25 x 36;18/02/2026;CONSUMOS;-6450.0;6450.0;PLIEGOS;0.393069128;Couche;LOCAL
Papel;100600029;Papel Couche Brillante B-80 -- 115 gramos  25 x 36;18/02/2026;CONSUMOS;-1500.0;1500.0;PLIEGOS;0.100117275;Couche;LOCAL
Papel;100600032;Papel Couche Brillante B-100 -- 140 gramos  25 x 36;18/02/2026;CONSUMOS;-1500.0;1500.0;PLIEGOS;0.1218819;Couche;LOCAL
Papel;100600032;Papel Couche Brillante B-100 -- 140 gramos  25 x 36;18/02/2026;CONSUMOS;-400.0;400.0;PLIEGOS;0.03250184;Couche;LOCAL
Papel;100600032;Papel Couche Brillante B-100 -- 140 gramos  25 x 36;18/02/2026;CONSUMOS;-500.0;500.0;PLIEGOS;0.0406273;Couche;LOCAL
Papel;100600032;Papel Couche Brillante B-100 -- 140 gramos  25 x 36;18/02/2026;CONSUMOS;-1000.0;1000.0;PLIEGOS;0.0812546;Couche;LOCAL
Papel;100600032;Papel Couche Brillante B-100 -- 140 gramos  25 x 36;18/02/2026;CONSUMOS;-2500.0;2500.0;PLIEGOS;0.2031365;Couche;LOCAL
Papel;100600032;Papel Couche Brillante B-100 -- 140 gramos  25 x 36;18/02/2026;CONSUMOS;-4600.0;4600.0;PLIEGOS;0.37377116;Couche;LOCAL
Papel;100600032;Papel Couche Brillante B-100 -- 140 gramos  25 x 36;18/02/2026;CONSUMOS;-3600.0;3600.0;PLIEGOS;0.29251656;Couche;LOCAL
Cartulina;100301917;Rollo Cartulina Nine Dragons C - 16.3 255 g ancho 25 (29-89);19/02/2026;CONSUMOS;-2243.0;2243.0;METROS;0.363197775;C16.3-25;IMPORTACION
Cartulina;100301917;Rollo Cartulina Nine Dragons C - 16.3 255 g ancho 25 (29-89);19/02/2026;CONSUMOS;-94.0;94.0;METROS;0.01522095;C16.3-25;IMPORTACION
Cartulina;100301926;Rollo Cartulina ASIA SYMBOL C-19 310 g ancho 25 (29-89);19/02/2026;CONSUMOS;-21841.0;21841.0;METROS;4.29940085;C19-25;IMPORTACION
Cartulina;100301926;Rollo Cartulina ASIA SYMBOL C-19 310 g ancho 25 (29-89);19/02/2026;CONSUMOS;-6000.0;6000.0;METROS;1.1811;C19-25;IMPORTACION
Cartulina;100301926;Rollo Cartulina ASIA SYMBOL C-19 310 g ancho 25 (29-89);19/02/2026;CONSUMOS;-3226.0;3226.0;METROS;0.6350381;C19-25;IMPORTACION
Cartulina;100301926;Rollo Cartulina ASIA SYMBOL C-19 310 g ancho 25 (29-89);19/02/2026;CONSUMOS;-2202.0;2202.0;METROS;0.4334637;C19-25;IMPORTACION
Cartulina;100301926;Rollo Cartulina ASIA SYMBOL C-19 310 g ancho 25 (29-89);19/02/2026;CONSUMOS;-5511.0;5511.0;METROS;1.08484035;C19-25;IMPORTACION
Cartulina;100304543;Rollo Cartulina DUPLEX MIRABELL --  C - 16 300 g ancho 28;19/02/2026;CONSUMOS;-92887.0;92887.0;METROS;19.81837032;COLGATE-75;IMPORTACION
Cartulina;100301356;Rollo Cartulina ASIA SYMBOL C-16 270 g ancho 25;20/02/2026;CONSUMOS;-419.0;419.0;METROS;0.07183755;C16-25;IMPORTACION
Cartulina;100301356;Rollo Cartulina ASIA SYMBOL C-16 270 g ancho 25;20/02/2026;CONSUMOS;-3495.0;3495.0;METROS;0.59921775;C16-25;IMPORTACION
Cartulina;100301356;Rollo Cartulina ASIA SYMBOL C-16 270 g ancho 25;20/02/2026;CONSUMOS;-1205.0;1205.0;METROS;0.20659725;C16-25;IMPORTACION
Cartulina;100301356;Rollo Cartulina ASIA SYMBOL C-16 270 g ancho 25;20/02/2026;CONSUMOS;-1168.0;1168.0;METROS;0.2002536;C16-25;IMPORTACION
Cartulina;100301356;Rollo Cartulina ASIA SYMBOL C-16 270 g ancho 25;20/02/2026;CONSUMOS;-941.0;941.0;METROS;0.16133445;C16-25;IMPORTACION
Cartulina;100301356;Rollo Cartulina ASIA SYMBOL C-16 270 g ancho 25;20/02/2026;CONSUMOS;-1991.0;1991.0;METROS;0.34135695;C16-25;IMPORTACION
Cartulina;100301356;Rollo Cartulina ASIA SYMBOL C-16 270 g ancho 25;20/02/2026;CONSUMOS;-1987.0;1987.0;METROS;0.34067115;C16-25;IMPORTACION
Cartulina;100301356;Rollo Cartulina ASIA SYMBOL C-16 270 g ancho 25;20/02/2026;CONSUMOS;-1124.0;1124.0;METROS;0.1927098;C16-25;IMPORTACION
Cartulina;100301356;Rollo Cartulina ASIA SYMBOL C-16 270 g ancho 25;20/02/2026;CONSUMOS;-2062.0;2062.0;METROS;0.3535299;C16-25;IMPORTACION
Cartulina;100301356;Rollo Cartulina ASIA SYMBOL C-16 270 g ancho 25;20/02/2026;CONSUMOS;-2618.0;2618.0;METROS;0.4488561;C16-25;IMPORTACION
Cartulina;100301356;Rollo Cartulina ASIA SYMBOL C-16 270 g ancho 25;20/02/2026;CONSUMOS;-3691.0;3691.0;METROS;0.63282195;C16-25;IMPORTACION
Cartulina;100301356;Rollo Cartulina ASIA SYMBOL C-16 270 g ancho 25;20/02/2026;CONSUMOS;-2391.0;2391.0;METROS;0.40993695;C16-25;IMPORTACION
Cartulina;100301356;Rollo Cartulina ASIA SYMBOL C-16 270 g ancho 25;20/02/2026;CONSUMOS;-1014.0;1014.0;METROS;0.1738503;C16-25;IMPORTACION
Cartulina;100301356;Rollo Cartulina ASIA SYMBOL C-16 270 g ancho 25;20/02/2026;CONSUMOS;-1104.0;1104.0;METROS;0.1892808;C16-25;IMPORTACION
Cartulina;100301356;Rollo Cartulina ASIA SYMBOL C-16 270 g ancho 25;20/02/2026;CONSUMOS;-1405.0;1405.0;METROS;0.24088725;C16-25;IMPORTACION
Cartulina;100301356;Rollo Cartulina ASIA SYMBOL C-16 270 g ancho 25;20/02/2026;CONSUMOS;-1691.0;1691.0;METROS;0.28992195;C16-25;IMPORTACION
Cartulina;100301901;Rollo Cartulina SBS CANDESCE -- C-24 407 g ancho 27.5 (29-89);20/02/2026;CONSUMOS;-2993.0;2993.0;METROS;0.850269398;GILDAN;IMPORTACION
Cartulina;100301901;Rollo Cartulina SBS CANDESCE -- C-24 407 g ancho 27.5 (29-89);20/02/2026;CONSUMOS;-1409.0;1409.0;METROS;0.400277174;GILDAN;IMPORTACION
Cartulina;100301924;Rollo Cartulina Nine Dragons C - 18.3 290 g ancho 25;20/02/2026;CONSUMOS;-2379.0;2379.0;METROS;0.43809285;C18-25-COSC;IMPORTACION
Cartulina;100600145;Rollo Cartulina OBAFREE --  C - 14 220 g ancho 25.5;20/02/2026;CONSUMOS;-5247.0;5247.0;METROS;0.7330059;C14-25;IMPORTACION
Cartulina;100300005;Cartulina Husky -- C-10 230 gramos 25 x 38;21/02/2026;CONSUMOS;-1200.0;1200.0;hoja(s);0.1691259;C10-25H;LOCAL
Cartulina;100300012;Cartulina Husky -- C-14 300 gramos 30 x 40;21/02/2026;CONSUMOS;-1400.0;1400.0;hoja(s);0.32516064;C14-30H;LOCAL
Cartulina;100300012;Cartulina Husky -- C-14 300 gramos 30 x 40;21/02/2026;CONSUMOS;-2700.0;2700.0;hoja(s);0.62709552;C14-30H;LOCAL
Cartulina;100300012;Cartulina Husky -- C-14 300 gramos 30 x 40;21/02/2026;CONSUMOS;-4000.0;4000.0;hoja(s);0.9290304;C14-30H;LOCAL
Cartulina;100300013;Cartulina Husky -- C-16 350 gramos 25 x 38;21/02/2026;CONSUMOS;-100.0;100.0;hoja(s);0.021447125;C16-25H;LOCAL
Cartulina;100300013;Cartulina Husky -- C-16 350 gramos 25 x 38;21/02/2026;CONSUMOS;-1750.0;1750.0;hoja(s);0.375324688;C16-25H;LOCAL
Cartulina;100301356;Rollo Cartulina ASIA SYMBOL C-16 270 g ancho 25;21/02/2026;CONSUMOS;-733.0;733.0;METROS;0.12567285;C16-25;IMPORTACION
Cartulina;100301356;Rollo Cartulina ASIA SYMBOL C-16 270 g ancho 25;21/02/2026;CONSUMOS;-1904.0;1904.0;METROS;0.3264408;C16-25;IMPORTACION
Cartulina;100301356;Rollo Cartulina ASIA SYMBOL C-16 270 g ancho 25;21/02/2026;CONSUMOS;-834.0;834.0;METROS;0.1429893;C16-25;IMPORTACION
Cartulina;100301356;Rollo Cartulina ASIA SYMBOL C-16 270 g ancho 25;21/02/2026;CONSUMOS;-2465.0;2465.0;METROS;0.42262425;C16-25;IMPORTACION
Cartulina;100301356;Rollo Cartulina ASIA SYMBOL C-16 270 g ancho 25;21/02/2026;CONSUMOS;-2533.0;2533.0;METROS;0.43428285;C16-25;IMPORTACION
Cartulina;100301356;Rollo Cartulina ASIA SYMBOL C-16 270 g ancho 25;21/02/2026;CONSUMOS;-2916.0;2916.0;METROS;0.4999482;C16-25;IMPORTACION
Cartulina;100301356;Rollo Cartulina ASIA SYMBOL C-16 270 g ancho 25;21/02/2026;CONSUMOS;-762.0;762.0;METROS;0.1306449;C16-25;IMPORTACION
Cartulina;100301356;Rollo Cartulina ASIA SYMBOL C-16 270 g ancho 25;21/02/2026;CONSUMOS;-20274.0;20274.0;METROS;3.4759773;C16-25;IMPORTACION
Cartulina;100301356;Rollo Cartulina ASIA SYMBOL C-16 270 g ancho 25;21/02/2026;CONSUMOS;-3632.0;3632.0;METROS;0.6227064;C16-25;IMPORTACION
Cartulina;100301356;Rollo Cartulina ASIA SYMBOL C-16 270 g ancho 25;21/02/2026;CONSUMOS;-1184.0;1184.0;METROS;0.2029968;C16-25;IMPORTACION
Cartulina;100301356;Rollo Cartulina ASIA SYMBOL C-16 270 g ancho 25;21/02/2026;CONSUMOS;-2276.0;2276.0;METROS;0.3902202;C16-25;IMPORTACION
Cartulina;100301825;Rollo Cartulina ASIA SYMBOL C-16 270 g ancho 28.5;21/02/2026;CONSUMOS;-396.0;396.0;METROS;0.07730316;C16-29;IMPORTACION
Cartulina;100305983;Cartulina FBB DUPLEX MIRABELL -- C-16 300 gramos  25.5 x 36.5;21/02/2026;CONSUMOS;-61930.0;61930.0;PLIEGOS;11.15636753;COLGATE-50;IMPORTACION
Papel;100600005;Papel Bond 75 gramos -- 22 x 34;21/02/2026;CONSUMOS;-300.0;300.0;PLIEGOS;0.010834965;Bond;LOCAL
Papel;100600009;Papel Bond 75 gramos -- 26 x 38;21/02/2026;CONSUMOS;-1100.0;1100.0;PLIEGOS;0.05254425;Bond;LOCAL
Papel;100600013;Papel Bond 90 gramos -- 26 x 34;21/02/2026;CONSUMOS;-15.0;15.0;PLIEGOS;0.000768933;Bond;LOCAL
Papel;100600015;Papel Bond 120 gramos -- 22 x 34;21/02/2026;CONSUMOS;-500.0;500.0;PLIEGOS;0.02889324;Bond;LOCAL
Papel;100600017;Papel Bond 120 gramos -- 26 x 34;21/02/2026;CONSUMOS;-361.0;361.0;PLIEGOS;0.024674206;Bond;LOCAL
Papel;100600043;Papel Bond 75 gramos -- 26 x 38;21/02/2026;CONSUMOS;-200.0;200.0;PLIEGOS;0.009561271;Bond;LOCAL
Papel;100600043;Papel Bond 75 gramos -- 26 x 38;21/02/2026;CONSUMOS;-8600.0;8600.0;PLIEGOS;0.411134662;Bond;LOCAL
Cartulina;100301935;Cartulina FBB Asia Symbol -- C-14 235 gramos  22 x 34;23/02/2026;CONSUMOS;-1500.0;1500.0;PLIEGOS;0.169747785;C14-22;IMPORTACION
Cartulina;100304565;Rollo Cartulina DEINGRESOSCA FSC --  C - 13.5 225 g ancho 23.125;23/02/2026;CONSUMOS;-8077.0;8077.0;METROS;1.066769775;OLMECA;IMPORTACION
Cartulina;100304565;Rollo Cartulina DEINGRESOSCA FSC --  C - 13.5 225 g ancho 23.125;23/02/2026;CONSUMOS;-15593.0;15593.0;METROS;2.059445475;OLMECA;IMPORTACION
Cartulina;100304565;Rollo Cartulina DEINGRESOSCA FSC --  C - 13.5 225 g ancho 23.125;23/02/2026;CONSUMOS;-15574.0;15574.0;METROS;2.05693605;OLMECA;IMPORTACION
Cartulina;100304565;Rollo Cartulina DEINGRESOSCA FSC --  C - 13.5 225 g ancho 23.125;23/02/2026;CONSUMOS;-7956.0;7956.0;METROS;1.0507887;OLMECA;IMPORTACION
Cartulina;100304565;Rollo Cartulina DEINGRESOSCA FSC --  C - 13.5 225 g ancho 23.125;23/02/2026;CONSUMOS;-31010.0;31010.0;METROS;4.09564575;OLMECA;IMPORTACION
Cartulina;100304565;Rollo Cartulina DEINGRESOSCA FSC --  C - 13.5 225 g ancho 23.125;23/02/2026;CONSUMOS;-8163.0;8163.0;METROS;1.078128225;OLMECA;IMPORTACION
Cartulina;100304565;Rollo Cartulina DEINGRESOSCA FSC --  C - 13.5 225 g ancho 23.125;23/02/2026;CONSUMOS;-24237.0;24237.0;METROS;3.201101775;OLMECA;IMPORTACION
Cartulina;100304565;Rollo Cartulina DEINGRESOSCA FSC --  C - 13.5 225 g ancho 23.125;23/02/2026;CONSUMOS;-8173.0;8173.0;METROS;1.079448975;OLMECA;IMPORTACION
Cartulina;100304565;Rollo Cartulina DEINGRESOSCA FSC --  C - 13.5 225 g ancho 23.125;23/02/2026;CONSUMOS;-8081.0;8081.0;METROS;1.067298075;OLMECA;IMPORTACION
Cartulina;100304565;Rollo Cartulina DEINGRESOSCA FSC --  C - 13.5 225 g ancho 23.125;23/02/2026;CONSUMOS;-8267.0;8267.0;METROS;1.091864025;OLMECA;IMPORTACION
Papel;100600043;Papel Bond 75 gramos -- 26 x 38;23/02/2026;CONSUMOS;-800.0;800.0;PLIEGOS;0.038245085;Bond;LOCAL
Papel;100600106;Papel Bond 60 gramos -- 26 x 34;23/02/2026;CONSUMOS;-1000.0;1000.0;PLIEGOS;0.0341748;Bond;LOCAL
Cartulina;100300001;Cartulina Husky -- C-8 200 gramos 25 x 36;24/02/2026;CONSUMOS;-1000.0;1000.0;hoja(s);0.116078;C8-25H;LOCAL
Cartulina;100300013;Cartulina Husky -- C-16 350 gramos 25 x 38;24/02/2026;CONSUMOS;-400.0;400.0;hoja(s);0.0857885;C16-25H;LOCAL
Cartulina;100301356;Rollo Cartulina ASIA SYMBOL C-16 270 g ancho 25;24/02/2026;CONSUMOS;-934.0;934.0;METROS;0.1601343;C16-25;IMPORTACION
Cartulina;100301356;Rollo Cartulina ASIA SYMBOL C-16 270 g ancho 25;24/02/2026;CONSUMOS;-1597.0;1597.0;METROS;0.27380565;C16-25;IMPORTACION
Cartulina;100301356;Rollo Cartulina ASIA SYMBOL C-16 270 g ancho 25;24/02/2026;CONSUMOS;-1319.0;1319.0;METROS;0.22614255;C16-25;IMPORTACION
Cartulina;100301356;Rollo Cartulina ASIA SYMBOL C-16 270 g ancho 25;24/02/2026;CONSUMOS;-2885.0;2885.0;METROS;0.49463325;C16-25;IMPORTACION
Cartulina;100301356;Rollo Cartulina ASIA SYMBOL C-16 270 g ancho 25;24/02/2026;CONSUMOS;-1850.0;1850.0;METROS;0.3171825;C16-25;IMPORTACION
Cartulina;100301356;Rollo Cartulina ASIA SYMBOL C-16 270 g ancho 25;24/02/2026;CONSUMOS;-975.0;975.0;METROS;0.16716375;C16-25;IMPORTACION
Cartulina;100301356;Rollo Cartulina ASIA SYMBOL C-16 270 g ancho 25;24/02/2026;CONSUMOS;-1037.0;1037.0;METROS;0.17779365;C16-25;IMPORTACION
Cartulina;100301356;Rollo Cartulina ASIA SYMBOL C-16 270 g ancho 25;24/02/2026;CONSUMOS;-732.0;732.0;METROS;0.1255014;C16-25;IMPORTACION
Cartulina;100301848;Rollo Cartulina ASIA SYMBOL C-20 325 g ancho 25;24/02/2026;CONSUMOS;-3280.0;3280.0;METROS;0.67691;C20-25;IMPORTACION
Cartulina;100304510;Cartulina FBB DUPLEX MIRABELL -- C-17 320 gramos  22 x 38.5;24/02/2026;CONSUMOS;-29513.0;29513.0;PLIEGOS;5.160766143;COLGATE-150;IMPORTACION
Cartulina;100304530;Cartulina SPARK C-20 295 gr 30 X 40;24/02/2026;CONSUMOS;-7200.0;7200.0;PLIEGOS;1.644383808;Spark;LOCAL
Papel;100600012;Papel Bond 90 gramos -- 24 x 36;24/02/2026;CONSUMOS;-3200.0;3200.0;PLIEGOS;0.160308288;Bond;LOCAL
Papel;100600020;Papel Couche Brillante B-60 -- 90 gramos  25 x 36;24/02/2026;CONSUMOS;-30000.0;30000.0;PLIEGOS;1.567053;Couche;LOCAL
Papel;100600022;Papel Couche Brillante B-60 -- 90 gramos  25 x 38;24/02/2026;CONSUMOS;-8400.0;8400.0;PLIEGOS;0.4632579;Couche;LOCAL
Papel;100600026;Papel Couche Brillante B-70 -- 105 gramos  25 x 36;24/02/2026;CONSUMOS;-5250.0;5250.0;PLIEGOS;0.319939988;Couche;LOCAL
Papel;100600029;Papel Couche Brillante B-80 -- 115 gramos  25 x 36;24/02/2026;CONSUMOS;-1750.0;1750.0;PLIEGOS;0.116803488;Couche;LOCAL
Papel;100600032;Papel Couche Brillante B-100 -- 140 gramos  25 x 36;24/02/2026;CONSUMOS;-1750.0;1750.0;PLIEGOS;0.14219555;Couche;LOCAL
Papel;100600033;Papel Couche Brillante B-100 -- 140 gramos  25 x 38;24/02/2026;CONSUMOS;-564.0;564.0;PLIEGOS;0.048384714;Couche;LOCAL
Papel;100600033;Papel Couche Brillante B-100 -- 140 gramos  25 x 38;24/02/2026;CONSUMOS;-47.0;47.0;PLIEGOS;0.00403206;Couche;LOCAL
Papel;100600034;Papel Couche Brillante B-100 -- 140 gramos  30 x 40;24/02/2026;CONSUMOS;-800.0;800.0;PLIEGOS;0.086709504;Couche;LOCAL
Cartulina;100300013;Cartulina Husky -- C-16 350 gramos 25 x 38;25/02/2026;CONSUMOS;-1964.0;1964.0;hoja(s);0.421221535;C16-25H;LOCAL
Cartulina;100300996;Cartulina FBB Zenith LOCAL -- C-18 295 gramos 25 x 36;25/02/2026;CONSUMOS;-600.0;600.0;hoja(s);0.10272903;C18-25;LOCAL
Cartulina;100301356;Rollo Cartulina ASIA SYMBOL C-16 270 g ancho 25;25/02/2026;CONSUMOS;-137.0;137.0;METROS;0.02348865;C16-25;IMPORTACION
Cartulina;100301824;Rollo Cartulina ASIA SYMBOL C-14 235 g ancho 25;25/02/2026;CONSUMOS;-561.0;561.0;METROS;0.083715225;C14-25;IMPORTACION
Cartulina;100301861;Rollo Cartulina ASIA SYMBOL C-14 235 g ancho 25.5;25/02/2026;CONSUMOS;-7181.0;7181.0;METROS;1.091835145;C14-25.5;IMPORTACION
Cartulina;100301861;Rollo Cartulina ASIA SYMBOL C-14 235 g ancho 25.5;25/02/2026;CONSUMOS;-6554.0;6554.0;METROS;0.99650293;C14-25.5;IMPORTACION
Cartulina;100301936;Rollo Cartulina ASIA SYMBOL C-14 235 g ancho 25 (29-89) REGIONAL;25/02/2026;CONSUMOS;-4954.0;4954.0;METROS;0.73926065;C14-25;IMPORTACION
Cartulina;100301936;Rollo Cartulina ASIA SYMBOL C-14 235 g ancho 25 (29-89) REGIONAL;25/02/2026;CONSUMOS;-3470.0;3470.0;METROS;0.51781075;C14-25;IMPORTACION
Cartulina;100301936;Rollo Cartulina ASIA SYMBOL C-14 235 g ancho 25 (29-89) REGIONAL;25/02/2026;CONSUMOS;-3632.0;3632.0;METROS;0.5419852;C14-25;IMPORTACION
Cartulina;100301936;Rollo Cartulina ASIA SYMBOL C-14 235 g ancho 25 (29-89) REGIONAL;25/02/2026;CONSUMOS;-2154.0;2154.0;METROS;0.32143065;C14-25;IMPORTACION
Cartulina;100306136;Cartulina Husky -- C-16 350 gramos 30 X 40;25/02/2026;CONSUMOS;-300.0;300.0;hoja(s);0.08129016;C16-30H;LOCAL
Papel;100600021;Papel Couche Brillante - 1 Cara - B-60 -- 90 gramos  25 x 36;25/02/2026;CONSUMOS;-2000.0;2000.0;PLIEGOS;0.1044702;Couche;LOCAL
Papel;100600021;Papel Couche Brillante - 1 Cara - B-60 -- 90 gramos  25 x 36;25/02/2026;CONSUMOS;-1500.0;1500.0;PLIEGOS;0.07835265;Couche;LOCAL
Papel;100600021;Papel Couche Brillante - 1 Cara - B-60 -- 90 gramos  25 x 36;25/02/2026;CONSUMOS;-2100.0;2100.0;PLIEGOS;0.10969371;Couche;LOCAL
Papel;100600023;Papel Couche Brillante - 1 Cara - B-60 -- 90 gramos  25 x 38;25/02/2026;CONSUMOS;-800.0;800.0;PLIEGOS;0.0441198;Couche;LOCAL
Papel;100600023;Papel Couche Brillante - 1 Cara - B-60 -- 90 gramos  25 x 38;25/02/2026;CONSUMOS;-800.0;800.0;PLIEGOS;0.0441198;Couche;LOCAL
Papel;100600023;Papel Couche Brillante - 1 Cara - B-60 -- 90 gramos  25 x 38;25/02/2026;CONSUMOS;-3000.0;3000.0;PLIEGOS;0.16544925;Couche;LOCAL
Papel;100600029;Papel Couche Brillante B-80 -- 115 gramos  25 x 36;25/02/2026;CONSUMOS;-2050.0;2050.0;PLIEGOS;0.136826943;Couche;LOCAL
Papel;100600045;Papel Couche Brillante B-80 -- 115 gramos  30 x 40;25/02/2026;CONSUMOS;-11900.0;11900.0;PLIEGOS;1.059481752;Couche;LOCAL
Papel;100600045;Papel Couche Brillante B-80 -- 115 gramos  30 x 40;25/02/2026;CONSUMOS;-1300.0;1300.0;PLIEGOS;0.115741704;Couche;LOCAL
Cartulina;100300157;Cartulina Texcote -- C-12 210 gramos 35.25 x 29;26/02/2026;CONSUMOS;-750.0;750.0;hoja(s);0.1037484;C12-35.3;IMPORTACION
Cartulina;100301926;Rollo Cartulina ASIA SYMBOL C-19 310 g ancho 25 (29-89);26/02/2026;CONSUMOS;-10567.0;10567.0;METROS;2.08011395;C19-25;IMPORTACION
Cartulina;100301926;Rollo Cartulina ASIA SYMBOL C-19 310 g ancho 25 (29-89);26/02/2026;CONSUMOS;-351.0;351.0;METROS;0.06909435;C19-25;IMPORTACION
Cartulina;100304541;Rollo Cartulina ASIA SYMBOL C-12 230 g ancho 25;26/02/2026;CONSUMOS;-5007.0;5007.0;METROS;0.73127235;C12-25;IMPORTACION
Cartulina;100305969;Cartulina FBB DRAGONS -- C-15.7 245 gramos 34.5 x 27;26/02/2026;CONSUMOS;-2900.0;2900.0;PLIEGOS;0.426986727;HONDURAS FOS;IMPORTACION
Cartulina;100305981;Cartulina FBB DUPLEX MIRABELL -- C-16 300 gramos  28 x 34;26/02/2026;CONSUMOS;-2631.0;2631.0;PLIEGOS;0.484781998;COLGATE-75;IMPORTACION
Cartulina;100306141;Cartulina SPARK C-20 295 gr 25 X 36;26/02/2026;CONSUMOS;-700.0;700.0;PLIEGOS;0.119902986;Spark;LOCAL
Papel;100600022;Papel Couche Brillante B-60 -- 90 gramos  25 x 38;26/02/2026;CONSUMOS;-1100.0;1100.0;PLIEGOS;0.060664725;Couche;LOCAL
Papel;100600032;Papel Couche Brillante B-100 -- 140 gramos  25 x 36;26/02/2026;CONSUMOS;-17041.0;17041.0;PLIEGOS;1.384659639;Couche;LOCAL
Papel;100600106;Papel Bond 60 gramos -- 26 x 34;26/02/2026;CONSUMOS;-22000.0;22000.0;PLIEGOS;0.7518456;Bond;LOCAL
Cartulina;100300001;Cartulina Husky -- C-8 200 gramos 25 x 36;13/03/2026;INGRESOS;1000.0;1000.0;hoja(s);0.116078;C8-25H;LOCAL
Cartulina;100300001;Cartulina Husky -- C-8 200 gramos 25 x 36;16/03/2026;CONSUMOS;-1000.0;1000.0;hoja(s);0.116078;C8-25H;LOCAL
Cartulina;100300002;Cartulina Husky -- C-8 190 gramos 25 x 38;5/03/2026;INGRESOS;800.0;800.0;hoja(s);0.093161104;C8-25H;LOCAL
Cartulina;100300002;Cartulina Husky -- C-8 190 gramos 25 x 38;6/03/2026;CONSUMOS;-800.0;800.0;hoja(s);0.093161104;C8-25H;LOCAL
Cartulina;100300002;Cartulina Husky -- C-8 190 gramos 25 x 38;10/03/2026;INGRESOS;800.0;800.0;hoja(s);0.093161104;C8-25H;LOCAL
Cartulina;100300002;Cartulina Husky -- C-8 190 gramos 25 x 38;10/03/2026;CONSUMOS;-800.0;800.0;hoja(s);0.093161104;C8-25H;LOCAL
Cartulina;100300002;Cartulina Husky -- C-8 190 gramos 25 x 38;11/03/2026;CONSUMOS;-54.0;54.0;hoja(s);0.006288375;C8-25H;LOCAL
Cartulina;100300002;Cartulina Husky -- C-8 190 gramos 25 x 38;27/03/2026;INGRESOS;1000.0;1000.0;hoja(s);0.11645138;C8-25H;LOCAL
Cartulina;100300005;Cartulina Husky -- C-10 230 gramos 25 x 38;7/03/2026;CONSUMOS;-2300.0;2300.0;hoja(s);0.324157975;C10-25H;LOCAL
Cartulina;100300005;Cartulina Husky -- C-10 230 gramos 25 x 38;10/03/2026;INGRESOS;6900.0;6900.0;hoja(s);0.972473925;C10-25H;LOCAL
Cartulina;100300005;Cartulina Husky -- C-10 230 gramos 25 x 38;10/03/2026;INGRESOS;2300.0;2300.0;hoja(s);0.324157975;C10-25H;LOCAL
Cartulina;100300005;Cartulina Husky -- C-10 230 gramos 25 x 38;11/03/2026;CONSUMOS;-6900.0;6900.0;hoja(s);0.972473925;C10-25H;LOCAL
Cartulina;100300005;Cartulina Husky -- C-10 230 gramos 25 x 38;12/03/2026;CONSUMOS;-500.0;500.0;hoja(s);0.070469125;C10-25H;LOCAL
Cartulina;100300005;Cartulina Husky -- C-10 230 gramos 25 x 38;26/03/2026;INGRESOS;3500.0;3500.0;hoja(s);0.493283875;C10-25H;LOCAL
Cartulina;100300005;Cartulina Husky -- C-10 230 gramos 25 x 38;26/03/2026;CONSUMOS;-5610.0;5610.0;hoja(s);0.790663583;C10-25H;LOCAL
Cartulina;100300005;Cartulina Husky -- C-10 230 gramos 25 x 38;27/03/2026;INGRESOS;100.0;100.0;hoja(s);0.014093825;C10-25H;LOCAL
Cartulina;100300007;Cartulina Husky -- C-12 270 gramos 25 x 41.5 (29-89);11/03/2026;CONSUMOS;-13110.0;13110.0;hoja(s);2.369085813;C12-25H;LOCAL
Cartulina;100300007;Cartulina Husky -- C-12 270 gramos 25 x 41.5 (29-89);18/03/2026;CONSUMOS;-1000.0;1000.0;hoja(s);0.1807083;C12-25H;LOCAL
Cartulina;100300007;Cartulina Husky -- C-12 270 gramos 25 x 41.5 (29-89);24/03/2026;CONSUMOS;-365.0;365.0;hoja(s);0.06595853;C12-25H;LOCAL
Cartulina;100300009;Cartulina Husky -- C-12 270 gramos 25 x 38;4/03/2026;CONSUMOS;-100.0;100.0;hoja(s);0.016544925;C12-25H;LOCAL
Cartulina;100300009;Cartulina Husky -- C-12 270 gramos 25 x 38;7/03/2026;CONSUMOS;-100.0;100.0;hoja(s);0.016544925;C12-25H;LOCAL
Cartulina;100300009;Cartulina Husky -- C-12 270 gramos 25 x 38;7/03/2026;CONSUMOS;-22.0;22.0;hoja(s);0.003639884;C12-25H;LOCAL
Cartulina;100300009;Cartulina Husky -- C-12 270 gramos 25 x 38;11/03/2026;CONSUMOS;100.0;100.0;hoja(s);-0.016544925;C12-25H;LOCAL
Cartulina;100300009;Cartulina Husky -- C-12 270 gramos 25 x 38;11/03/2026;CONSUMOS;-100.0;100.0;hoja(s);0.016544925;C12-25H;LOCAL
Cartulina;100300009;Cartulina Husky -- C-12 270 gramos 25 x 38;11/03/2026;CONSUMOS;-58.0;58.0;hoja(s);0.009596057;C12-25H;LOCAL
Cartulina;100300009;Cartulina Husky -- C-12 270 gramos 25 x 38;11/03/2026;CONSUMOS;-60.0;60.0;hoja(s);0.009926955;C12-25H;LOCAL
Cartulina;100300009;Cartulina Husky -- C-12 270 gramos 25 x 38;13/03/2026;INGRESOS;800.0;800.0;hoja(s);0.1323594;C12-25H;LOCAL
Cartulina;100300009;Cartulina Husky -- C-12 270 gramos 25 x 38;16/03/2026;CONSUMOS;-800.0;800.0;hoja(s);0.1323594;C12-25H;LOCAL
Cartulina;100300009;Cartulina Husky -- C-12 270 gramos 25 x 38;24/03/2026;CONSUMOS;-235.0;235.0;hoja(s);0.038880574;C12-25H;LOCAL
Cartulina;100300009;Cartulina Husky -- C-12 270 gramos 25 x 38;25/03/2026;INGRESOS;100.0;100.0;hoja(s);0.016544925;C12-25H;LOCAL
Cartulina;100300009;Cartulina Husky -- C-12 270 gramos 25 x 38;25/03/2026;CONSUMOS;-320.0;320.0;hoja(s);0.05294376;C12-25H;LOCAL
Cartulina;100300009;Cartulina Husky -- C-12 270 gramos 25 x 38;26/03/2026;CONSUMOS;-30.0;30.0;hoja(s);0.004963478;C12-25H;LOCAL
Cartulina;100300010;Cartulina Husky -- C-12 270 gramos 30 x 40;13/03/2026;INGRESOS;12100.0;12100.0;hoja(s);2.529285264;C12-30H;LOCAL
Cartulina;100300010;Cartulina Husky -- C-12 270 gramos 30 x 40;16/03/2026;CONSUMOS;-12100.0;12100.0;hoja(s);2.529285264;C12-30H;LOCAL
Cartulina;100300010;Cartulina Husky -- C-12 270 gramos 30 x 40;27/03/2026;INGRESOS;3800.0;3800.0;hoja(s);0.794320992;C12-30H;LOCAL
Cartulina;100300011;Cartulina Husky -- C-14 300 gramos 25 x 38;26/03/2026;CONSUMOS;-40.0;40.0;hoja(s);0.0073533;C14-25H;LOCAL
Cartulina;100300012;Cartulina Husky -- C-14 300 gramos 30 x 40;16/03/2026;INGRESOS;1000.0;1000.0;hoja(s);0.2322576;C14-30H;LOCAL
Cartulina;100300012;Cartulina Husky -- C-14 300 gramos 30 x 40;18/03/2026;CONSUMOS;-1000.0;1000.0;hoja(s);0.2322576;C14-30H;LOCAL
Cartulina;100300012;Cartulina Husky -- C-14 300 gramos 30 x 40;18/03/2026;CONSUMOS;-15.0;15.0;hoja(s);0.003483864;C14-30H;LOCAL
Cartulina;100300012;Cartulina Husky -- C-14 300 gramos 30 x 40;25/03/2026;CONSUMOS;-135.0;135.0;hoja(s);0.031354776;C14-30H;LOCAL
Cartulina;100300012;Cartulina Husky -- C-14 300 gramos 30 x 40;27/03/2026;INGRESOS;900.0;900.0;hoja(s);0.20903184;C14-30H;LOCAL
Cartulina;100300013;Cartulina Husky -- C-16 350 gramos 25 x 38;3/03/2026;INGRESOS;1000.0;1000.0;hoja(s);0.21447125;C16-25H;LOCAL
Cartulina;100300013;Cartulina Husky -- C-16 350 gramos 25 x 38;4/03/2026;CONSUMOS;-240.0;240.0;hoja(s);0.0514731;C16-25H;LOCAL
Cartulina;100300013;Cartulina Husky -- C-16 350 gramos 25 x 38;11/03/2026;CONSUMOS;240.0;240.0;hoja(s);-0.0514731;C16-25H;LOCAL
Cartulina;100300013;Cartulina Husky -- C-16 350 gramos 25 x 38;11/03/2026;CONSUMOS;-240.0;240.0;hoja(s);0.0514731;C16-25H;LOCAL
Cartulina;100300013;Cartulina Husky -- C-16 350 gramos 25 x 38;12/03/2026;CONSUMOS;-60.0;60.0;hoja(s);0.012868275;C16-25H;LOCAL
Cartulina;100300013;Cartulina Husky -- C-16 350 gramos 25 x 38;20/03/2026;CONSUMOS;-10.0;10.0;hoja(s);0.002144713;C16-25H;LOCAL
Cartulina;100300013;Cartulina Husky -- C-16 350 gramos 25 x 38;20/03/2026;CONSUMOS;-15.0;15.0;hoja(s);0.003217069;C16-25H;LOCAL
Cartulina;100300013;Cartulina Husky -- C-16 350 gramos 25 x 38;20/03/2026;CONSUMOS;-135.0;135.0;hoja(s);0.028953619;C16-25H;LOCAL
Cartulina;100300013;Cartulina Husky -- C-16 350 gramos 25 x 38;20/03/2026;CONSUMOS;-272.0;272.0;hoja(s);0.05833618;C16-25H;LOCAL
Cartulina;100300013;Cartulina Husky -- C-16 350 gramos 25 x 38;27/03/2026;INGRESOS;100.0;100.0;hoja(s);0.021447125;C16-25H;LOCAL
Cartulina;100300298;Cartulina FBB Zenith LOCAL -- C-14 235 gramos 25 x 38;24/03/2026;CONSUMOS;-2900.0;2900.0;hoja(s);0.417606163;C14-25;LOCAL
Cartulina;100300704;Cartulina FBB Zenith LOCAL -- C-16 270 gramos 25 x 36;18/03/2026;CONSUMOS;-400.0;400.0;hoja(s);0.06268212;C16-25;LOCAL
Cartulina;100300704;Cartulina FBB Zenith LOCAL -- C-16 270 gramos 25 x 36;18/03/2026;INGRESOS;7700.0;7700.0;hoja(s);1.20663081;C16-25;LOCAL
Cartulina;100300704;Cartulina FBB Zenith LOCAL -- C-16 270 gramos 25 x 36;20/03/2026;CONSUMOS;-7700.0;7700.0;hoja(s);1.20663081;C16-25;LOCAL
Cartulina;100300996;Cartulina FBB Zenith LOCAL -- C-18 295 gramos 25 x 36;3/03/2026;INGRESOS;500.0;500.0;hoja(s);0.08564499;C18-25;LOCAL
Cartulina;100300996;Cartulina FBB Zenith LOCAL -- C-18 295 gramos 25 x 36;3/03/2026;INGRESOS;15700.0;15700.0;hoja(s);2.689252686;C18-25;LOCAL
Cartulina;100300996;Cartulina FBB Zenith LOCAL -- C-18 295 gramos 25 x 36;4/03/2026;INGRESOS;7900.0;7900.0;hoja(s);1.353190842;C18-25;LOCAL
Cartulina;100300996;Cartulina FBB Zenith LOCAL -- C-18 295 gramos 25 x 36;4/03/2026;CONSUMOS;-7800.0;7800.0;hoja(s);1.336061844;C18-25;LOCAL
Cartulina;100300996;Cartulina FBB Zenith LOCAL -- C-18 295 gramos 25 x 36;4/03/2026;CONSUMOS;-16700.0;16700.0;hoja(s);2.860542666;C18-25;LOCAL
Cartulina;100300996;Cartulina FBB Zenith LOCAL -- C-18 295 gramos 25 x 36;4/03/2026;INGRESOS;3700.0;3700.0;hoja(s);0.633772926;C18-25;LOCAL
Cartulina;100300996;Cartulina FBB Zenith LOCAL -- C-18 295 gramos 25 x 36;5/03/2026;CONSUMOS;-1300.0;1300.0;hoja(s);0.222676974;C18-25;LOCAL
Cartulina;100300996;Cartulina FBB Zenith LOCAL -- C-18 295 gramos 25 x 36;5/03/2026;CONSUMOS;-700.0;700.0;hoja(s);0.119902986;C18-25;LOCAL
Cartulina;100300996;Cartulina FBB Zenith LOCAL -- C-18 295 gramos 25 x 36;5/03/2026;CONSUMOS;-600.0;600.0;hoja(s);0.102773988;C18-25;LOCAL
Cartulina;100300996;Cartulina FBB Zenith LOCAL -- C-18 295 gramos 25 x 36;5/03/2026;INGRESOS;6800.0;6800.0;hoja(s);1.164771864;C18-25;LOCAL
Cartulina;100300996;Cartulina FBB Zenith LOCAL -- C-18 295 gramos 25 x 36;5/03/2026;INGRESOS;800.0;800.0;hoja(s);0.137031984;C18-25;LOCAL
Cartulina;100300996;Cartulina FBB Zenith LOCAL -- C-18 295 gramos 25 x 36;6/03/2026;CONSUMOS;-2400.0;2400.0;hoja(s);0.411095952;C18-25;LOCAL
Cartulina;100300996;Cartulina FBB Zenith LOCAL -- C-18 295 gramos 25 x 36;6/03/2026;CONSUMOS;-6700.0;6700.0;hoja(s);1.147642866;C18-25;LOCAL
Cartulina;100300996;Cartulina FBB Zenith LOCAL -- C-18 295 gramos 25 x 36;10/03/2026;INGRESOS;3700.0;3700.0;hoja(s);0.633772926;C18-25;LOCAL
Cartulina;100300996;Cartulina FBB Zenith LOCAL -- C-18 295 gramos 25 x 36;10/03/2026;CONSUMOS;-3700.0;3700.0;hoja(s);0.633772926;C18-25;LOCAL
Cartulina;100300996;Cartulina FBB Zenith LOCAL -- C-18 295 gramos 25 x 36;11/03/2026;INGRESOS;2400.0;2400.0;hoja(s);0.411095952;C18-25;LOCAL
Cartulina;100300996;Cartulina FBB Zenith LOCAL -- C-18 295 gramos 25 x 36;11/03/2026;CONSUMOS;7800.0;7800.0;hoja(s);-1.336061844;C18-25;LOCAL
Cartulina;100300996;Cartulina FBB Zenith LOCAL -- C-18 295 gramos 25 x 36;11/03/2026;CONSUMOS;16700.0;16700.0;hoja(s);-2.860542666;C18-25;LOCAL
Cartulina;100300996;Cartulina FBB Zenith LOCAL -- C-18 295 gramos 25 x 36;11/03/2026;CONSUMOS;-7800.0;7800.0;hoja(s);1.336061844;C18-25;LOCAL
Cartulina;100300996;Cartulina FBB Zenith LOCAL -- C-18 295 gramos 25 x 36;11/03/2026;CONSUMOS;-16700.0;16700.0;hoja(s);2.860542666;C18-25;LOCAL
Cartulina;100300996;Cartulina FBB Zenith LOCAL -- C-18 295 gramos 25 x 36;11/03/2026;CONSUMOS;-2400.0;2400.0;hoja(s);0.411095952;C18-25;LOCAL
Cartulina;100300996;Cartulina FBB Zenith LOCAL -- C-18 295 gramos 25 x 36;17/03/2026;INGRESOS;1000.0;1000.0;hoja(s);0.17128998;C18-25;LOCAL
Cartulina;100300996;Cartulina FBB Zenith LOCAL -- C-18 295 gramos 25 x 36;18/03/2026;CONSUMOS;-1000.0;1000.0;hoja(s);0.17128998;C18-25;LOCAL
Cartulina;100300996;Cartulina FBB Zenith LOCAL -- C-18 295 gramos 25 x 36;18/03/2026;INGRESOS;3500.0;3500.0;hoja(s);0.59951493;C18-25;LOCAL
Cartulina;100300996;Cartulina FBB Zenith LOCAL -- C-18 295 gramos 25 x 36;20/03/2026;CONSUMOS;-2500.0;2500.0;hoja(s);0.42822495;C18-25;LOCAL
Cartulina;100300996;Cartulina FBB Zenith LOCAL -- C-18 295 gramos 25 x 36;21/03/2026;CONSUMOS;-1000.0;1000.0;hoja(s);0.17128998;C18-25;LOCAL
Cartulina;100300996;Cartulina FBB Zenith LOCAL -- C-18 295 gramos 25 x 36;23/03/2026;INGRESOS;900.0;900.0;hoja(s);0.154160982;C18-25;LOCAL
Cartulina;100300996;Cartulina FBB Zenith LOCAL -- C-18 295 gramos 25 x 36;24/03/2026;CONSUMOS;-900.0;900.0;hoja(s);0.154160982;C18-25;LOCAL
Cartulina;100300996;Cartulina FBB Zenith LOCAL -- C-18 295 gramos 25 x 36;25/03/2026;INGRESOS;1200.0;1200.0;hoja(s);0.205547976;C18-25;LOCAL
Cartulina;100300996;Cartulina FBB Zenith LOCAL -- C-18 295 gramos 25 x 36;26/03/2026;CONSUMOS;-1200.0;1200.0;hoja(s);0.205547976;C18-25;LOCAL
Cartulina;100301001;Cartulina FBB Zenith LOCAL -- C-18 295 gramos 25 x 38;4/03/2026;CONSUMOS;-100.0;100.0;hoja(s);0.018076863;C18-25;LOCAL
Cartulina;100301001;Cartulina FBB Zenith LOCAL -- C-18 295 gramos 25 x 38;10/03/2026;CONSUMOS;100.0;100.0;hoja(s);-0.018076863;C18-25;LOCAL
Cartulina;100301001;Cartulina FBB Zenith LOCAL -- C-18 295 gramos 25 x 38;10/03/2026;CONSUMOS;-100.0;100.0;hoja(s);0.018076863;C18-25;LOCAL
Cartulina;100301001;Cartulina FBB Zenith LOCAL -- C-18 295 gramos 25 x 38;11/03/2026;INGRESOS;3700.0;3700.0;hoja(s);0.668843913;C18-25;LOCAL
Cartulina;100301001;Cartulina FBB Zenith LOCAL -- C-18 295 gramos 25 x 38;11/03/2026;CONSUMOS;-3700.0;3700.0;hoja(s);0.668843913;C18-25;LOCAL
Cartulina;100301001;Cartulina FBB Zenith LOCAL -- C-18 295 gramos 25 x 38;12/03/2026;INGRESOS;200.0;200.0;hoja(s);0.036153725;C18-25;LOCAL
Cartulina;100301001;Cartulina FBB Zenith LOCAL -- C-18 295 gramos 25 x 38;16/03/2026;INGRESOS;5100.0;5100.0;hoja(s);0.921919988;C18-25;LOCAL
Cartulina;100301001;Cartulina FBB Zenith LOCAL -- C-18 295 gramos 25 x 38;16/03/2026;CONSUMOS;-300.0;300.0;hoja(s);0.054230588;C18-25;LOCAL
Cartulina;100301001;Cartulina FBB Zenith LOCAL -- C-18 295 gramos 25 x 38;18/03/2026;CONSUMOS;-5100.0;5100.0;hoja(s);0.921919988;C18-25;LOCAL
Cartulina;100301001;Cartulina FBB Zenith LOCAL -- C-18 295 gramos 25 x 38;27/03/2026;INGRESOS;300.0;300.0;hoja(s);0.054230588;C18-25;LOCAL
Cartulina;100301046;Cartulina FBB Zenith LOCAL -- C-18 295 gramos 30 x 40;17/03/2026;INGRESOS;4200.0;4200.0;hoja(s);0.959223888;C18-30;LOCAL
Cartulina;100301046;Cartulina FBB Zenith LOCAL -- C-18 295 gramos 30 x 40;18/03/2026;CONSUMOS;-4200.0;4200.0;hoja(s);0.959223888;C18-30;LOCAL
Cartulina;100301046;Cartulina FBB Zenith LOCAL -- C-18 295 gramos 30 x 40;18/03/2026;INGRESOS;3400.0;3400.0;hoja(s);0.776514576;C18-30;LOCAL
Cartulina;100301046;Cartulina FBB Zenith LOCAL -- C-18 295 gramos 30 x 40;20/03/2026;CONSUMOS;-3400.0;3400.0;hoja(s);0.776514576;C18-30;LOCAL
Cartulina;100301343;Cartulina FBB Zenith LOCAL -- C-22 360 gramos 25 x 38;25/03/2026;CONSUMOS;-500.0;500.0;hoja(s);0.1102995;C22-25;LOCAL
Cartulina;100301356;Rollo Cartulina ASIA SYMBOL C-16 270 g ancho 25;2/03/2026;CONSUMOS;-323.0;323.0;METROS;0.05537835;C16-25;IMPORTACION
Cartulina;100301356;Rollo Cartulina ASIA SYMBOL C-16 270 g ancho 25;2/03/2026;CONSUMOS;-1795.0;1795.0;METROS;0.30775275;C16-25;IMPORTACION
Cartulina;100301356;Rollo Cartulina ASIA SYMBOL C-16 270 g ancho 25;5/03/2026;CONSUMOS;-1778.0;1778.0;METROS;0.3048381;C16-25;IMPORTACION
Cartulina;100301356;Rollo Cartulina ASIA SYMBOL C-16 270 g ancho 25;5/03/2026;CONSUMOS;-4684.0;4684.0;METROS;0.8030718;C16-25;IMPORTACION
Cartulina;100301356;Rollo Cartulina ASIA SYMBOL C-16 270 g ancho 25;5/03/2026;CONSUMOS;-914.0;914.0;METROS;0.1567053;C16-25;IMPORTACION
Cartulina;100301356;Rollo Cartulina ASIA SYMBOL C-16 270 g ancho 25;5/03/2026;CONSUMOS;-3130.0;3130.0;METROS;0.5366385;C16-25;IMPORTACION
Cartulina;100301356;Rollo Cartulina ASIA SYMBOL C-16 270 g ancho 25;5/03/2026;CONSUMOS;-1049.0;1049.0;METROS;0.17985105;C16-25;IMPORTACION
Cartulina;100301356;Rollo Cartulina ASIA SYMBOL C-16 270 g ancho 25;5/03/2026;CONSUMOS;-1559.0;1559.0;METROS;0.26729055;C16-25;IMPORTACION
Cartulina;100301356;Rollo Cartulina ASIA SYMBOL C-16 270 g ancho 25;9/03/2026;CONSUMOS;-996.0;996.0;METROS;0.1707642;C16-25;IMPORTACION
Cartulina;100301356;Rollo Cartulina ASIA SYMBOL C-16 270 g ancho 25;9/03/2026;CONSUMOS;-2109.0;2109.0;METROS;0.36158805;C16-25;IMPORTACION
Cartulina;100301356;Rollo Cartulina ASIA SYMBOL C-16 270 g ancho 25;9/03/2026;CONSUMOS;-382.0;382.0;METROS;0.0654939;C16-25;IMPORTACION
Cartulina;100301356;Rollo Cartulina ASIA SYMBOL C-16 270 g ancho 25;9/03/2026;CONSUMOS;-884.0;884.0;METROS;0.1515618;C16-25;IMPORTACION
Cartulina;100301356;Rollo Cartulina ASIA SYMBOL C-16 270 g ancho 25;9/03/2026;CONSUMOS;-2002.0;2002.0;METROS;0.3432429;C16-25;IMPORTACION
Cartulina;100301356;Rollo Cartulina ASIA SYMBOL C-16 270 g ancho 25;9/03/2026;CONSUMOS;-2004.0;2004.0;METROS;0.3435858;C16-25;IMPORTACION
Cartulina;100301356;Rollo Cartulina ASIA SYMBOL C-16 270 g ancho 25;10/03/2026;CONSUMOS;-453.0;453.0;METROS;0.07766685;C16-25;IMPORTACION
Cartulina;100301356;Rollo Cartulina ASIA SYMBOL C-16 270 g ancho 25;11/03/2026;CONSUMOS;-2541.0;2541.0;METROS;0.43565445;C16-25;IMPORTACION
Cartulina;100301356;Rollo Cartulina ASIA SYMBOL C-16 270 g ancho 25;11/03/2026;CONSUMOS;-1179.0;1179.0;METROS;0.20213955;C16-25;IMPORTACION
Cartulina;100301356;Rollo Cartulina ASIA SYMBOL C-16 270 g ancho 25;11/03/2026;CONSUMOS;-4816.0;4816.0;METROS;0.8257032;C16-25;IMPORTACION
Cartulina;100301356;Rollo Cartulina ASIA SYMBOL C-16 270 g ancho 25;16/03/2026;CONSUMOS;-967.0;967.0;METROS;0.16579215;C16-25;IMPORTACION
Cartulina;100301356;Rollo Cartulina ASIA SYMBOL C-16 270 g ancho 25;16/03/2026;CONSUMOS;-10735.0;10735.0;METROS;1.84051575;C16-25;IMPORTACION
Cartulina;100301356;Rollo Cartulina ASIA SYMBOL C-16 270 g ancho 25;16/03/2026;CONSUMOS;-816.0;816.0;METROS;0.1399032;C16-25;IMPORTACION
Cartulina;100301356;Rollo Cartulina ASIA SYMBOL C-16 270 g ancho 25;17/03/2026;CONSUMOS;-251.0;251.0;METROS;0.04303395;C16-25;IMPORTACION
Cartulina;100301356;Rollo Cartulina ASIA SYMBOL C-16 270 g ancho 25;17/03/2026;CONSUMOS;-433.0;433.0;METROS;0.07423785;C16-25;IMPORTACION
Cartulina;100301356;Rollo Cartulina ASIA SYMBOL C-16 270 g ancho 25;20/03/2026;CONSUMOS;-448.0;448.0;METROS;0.0768096;C16-25;IMPORTACION
Cartulina;100301356;Rollo Cartulina ASIA SYMBOL C-16 270 g ancho 25;24/03/2026;CONSUMOS;-1936.0;1936.0;METROS;0.3319272;C16-25;IMPORTACION
Cartulina;100301356;Rollo Cartulina ASIA SYMBOL C-16 270 g ancho 25;24/03/2026;CONSUMOS;-733.0;733.0;METROS;0.12567285;C16-25;IMPORTACION
Cartulina;100301356;Rollo Cartulina ASIA SYMBOL C-16 270 g ancho 25;24/03/2026;CONSUMOS;-1356.0;1356.0;METROS;0.2324862;C16-25;IMPORTACION
Cartulina;100301356;Rollo Cartulina ASIA SYMBOL C-16 270 g ancho 25;26/03/2026;CONSUMOS;-2700.0;2700.0;METROS;0.462915;C16-25;IMPORTACION
Cartulina;100301356;Rollo Cartulina ASIA SYMBOL C-16 270 g ancho 25;26/03/2026;CONSUMOS;-2689.0;2689.0;METROS;0.46102905;C16-25;IMPORTACION
Cartulina;100301356;Rollo Cartulina ASIA SYMBOL C-16 270 g ancho 25;26/03/2026;CONSUMOS;-509.0;509.0;METROS;0.08726805;C16-25;IMPORTACION
Cartulina;100301356;Rollo Cartulina ASIA SYMBOL C-16 270 g ancho 25;27/03/2026;CONSUMOS;-1448.0;1448.0;METROS;0.2482596;C16-25;IMPORTACION
Cartulina;100301356;Rollo Cartulina ASIA SYMBOL C-16 270 g ancho 25;27/03/2026;CONSUMOS;-885.0;885.0;METROS;0.15173325;C16-25;IMPORTACION
Cartulina;100301356;Rollo Cartulina ASIA SYMBOL C-16 270 g ancho 25;27/03/2026;CONSUMOS;-1250.0;1250.0;METROS;0.2143125;C16-25;IMPORTACION
Cartulina;100301356;Rollo Cartulina ASIA SYMBOL C-16 270 g ancho 25;27/03/2026;CONSUMOS;-1354.0;1354.0;METROS;0.2321433;C16-25;IMPORTACION
Cartulina;100301356;Rollo Cartulina ASIA SYMBOL C-16 270 g ancho 25;27/03/2026;CONSUMOS;-878.0;878.0;METROS;0.1505331;C16-25;IMPORTACION
Cartulina;100301356;Rollo Cartulina ASIA SYMBOL C-16 270 g ancho 25;27/03/2026;CONSUMOS;-5209.0;5209.0;METROS;0.89308305;C16-25;IMPORTACION
Cartulina;100301356;Rollo Cartulina ASIA SYMBOL C-16 270 g ancho 25;27/03/2026;CONSUMOS;-4780.0;4780.0;METROS;0.819531;C16-25;IMPORTACION
Cartulina;100301356;Rollo Cartulina ASIA SYMBOL C-16 270 g ancho 25;27/03/2026;CONSUMOS;-1509.0;1509.0;METROS;0.25871805;C16-25;IMPORTACION
Cartulina;100301356;Rollo Cartulina ASIA SYMBOL C-16 270 g ancho 25;27/03/2026;CONSUMOS;-2156.0;2156.0;METROS;0.3696462;C16-25;IMPORTACION
Cartulina;100301356;Rollo Cartulina ASIA SYMBOL C-16 270 g ancho 25;27/03/2026;CONSUMOS;-1413.0;1413.0;METROS;0.24225885;C16-25;IMPORTACION
Cartulina;100301356;Rollo Cartulina ASIA SYMBOL C-16 270 g ancho 25;27/03/2026;CONSUMOS;-1752.0;1752.0;METROS;0.3003804;C16-25;IMPORTACION
Cartulina;100301356;Rollo Cartulina ASIA SYMBOL C-16 270 g ancho 25;27/03/2026;CONSUMOS;-2880.0;2880.0;METROS;0.493776;C16-25;IMPORTACION
Cartulina;100301356;Rollo Cartulina ASIA SYMBOL C-16 270 g ancho 25;27/03/2026;CONSUMOS;-2451.0;2451.0;METROS;0.42022395;C16-25;IMPORTACION
Cartulina;100301356;Rollo Cartulina ASIA SYMBOL C-16 270 g ancho 25;27/03/2026;CONSUMOS;-483.0;483.0;METROS;0.08281035;C16-25;IMPORTACION
Cartulina;100301356;Rollo Cartulina ASIA SYMBOL C-16 270 g ancho 25;27/03/2026;CONSUMOS;-2690.0;2690.0;METROS;0.4612005;C16-25;IMPORTACION
Cartulina;100301357;Rollo Cartulina ASIA SYMBOL C-18 295 g ancho 25;23/03/2026;CONSUMOS;-707.0;707.0;METROS;0.132438775;C18-25;IMPORTACION
Cartulina;100301825;Rollo Cartulina ASIA SYMBOL C-16 270 g ancho 28.5;18/03/2026;CONSUMOS;-3171.0;3171.0;METROS;0.61901091;C16-29;IMPORTACION
Cartulina;100301825;Rollo Cartulina ASIA SYMBOL C-16 270 g ancho 28.5;18/03/2026;CONSUMOS;-4647.0;4647.0;METROS;0.90714087;C16-29;IMPORTACION
Cartulina;100301825;Rollo Cartulina ASIA SYMBOL C-16 270 g ancho 28.5;27/03/2026;CONSUMOS;-2415.0;2415.0;METROS;0.47143215;C16-29;IMPORTACION
Cartulina;100301848;Rollo Cartulina ASIA SYMBOL C-20 325 g ancho 25;3/03/2026;CONSUMOS;-5073.0;5073.0;METROS;1.046940375;C20-25;IMPORTACION
Cartulina;100301848;Rollo Cartulina ASIA SYMBOL C-20 325 g ancho 25;10/03/2026;CONSUMOS;-2287.0;2287.0;METROS;0.471979625;C20-25;IMPORTACION
Cartulina;100301848;Rollo Cartulina ASIA SYMBOL C-20 325 g ancho 25;17/03/2026;CONSUMOS;-1878.0;1878.0;METROS;0.38757225;C20-25;IMPORTACION
Cartulina;100301848;Rollo Cartulina ASIA SYMBOL C-20 325 g ancho 25;17/03/2026;CONSUMOS;-2928.0;2928.0;METROS;0.604266;C20-25;IMPORTACION
Cartulina;100301848;Rollo Cartulina ASIA SYMBOL C-20 325 g ancho 25;27/03/2026;CONSUMOS;-551.0;551.0;METROS;0.113712625;C20-25;IMPORTACION
Cartulina;100301848;Rollo Cartulina ASIA SYMBOL C-20 325 g ancho 25;27/03/2026;CONSUMOS;-4246.0;4246.0;METROS;0.87626825;C20-25;IMPORTACION
Cartulina;100301855;Rollo Cartulina Nine Dragons C - 16 255 g ancho 28.5;23/03/2026;CONSUMOS;-27255.0;27255.0;METROS;4.413265875;C16-29;IMPORTACION
Cartulina;100301855;Rollo Cartulina Nine Dragons C - 16 255 g ancho 28.5;23/03/2026;CONSUMOS;-44823.0;44823.0;METROS;7.257964275;C16-29;IMPORTACION
Cartulina;100301855;Rollo Cartulina Nine Dragons C - 16 255 g ancho 28.5;26/03/2026;CONSUMOS;-37547.0;37547.0;METROS;6.079797975;C16-29;IMPORTACION
Cartulina;100301855;Rollo Cartulina Nine Dragons C - 16 255 g ancho 28.5;26/03/2026;CONSUMOS;-9513.0;9513.0;METROS;1.540392525;C16-29;IMPORTACION
Cartulina;100301855;Rollo Cartulina Nine Dragons C - 16 255 g ancho 28.5;27/03/2026;CONSUMOS;-792.0;792.0;METROS;0.1282446;C16-29;IMPORTACION
Cartulina;100301856;Rollo Cartulina OBAFREE --  C - 18 265 g ancho 23;23/03/2026;CONSUMOS;-8052.0;8052.0;METROS;1.24612752;C18-23;IMPORTACION
Cartulina;100301856;Rollo Cartulina OBAFREE --  C - 18 265 g ancho 23;23/03/2026;CONSUMOS;-17415.0;17415.0;METROS;2.6951454;C18-23;IMPORTACION
Cartulina;100301861;Rollo Cartulina ASIA SYMBOL C-14 235 g ancho 25.5;2/03/2026;CONSUMOS;-1242.0;1242.0;METROS;0.18883989;C14-25.5;IMPORTACION
Cartulina;100301861;Rollo Cartulina ASIA SYMBOL C-14 235 g ancho 25.5;3/03/2026;CONSUMOS;-818.0;818.0;METROS;0.12437281;C14-25.5;IMPORTACION
Cartulina;100301861;Rollo Cartulina ASIA SYMBOL C-14 235 g ancho 25.5;9/03/2026;CONSUMOS;-864.0;864.0;METROS;0.13136688;C14-25.5;IMPORTACION
Cartulina;100301861;Rollo Cartulina ASIA SYMBOL C-14 235 g ancho 25.5;13/03/2026;CONSUMOS;-6401.0;6401.0;METROS;0.973240045;C14-25.5;IMPORTACION
Cartulina;100301861;Rollo Cartulina ASIA SYMBOL C-14 235 g ancho 25.5;17/03/2026;CONSUMOS;-2048.0;2048.0;METROS;0.31138816;C14-25.5;IMPORTACION
Cartulina;100301861;Rollo Cartulina ASIA SYMBOL C-14 235 g ancho 25.5;17/03/2026;CONSUMOS;-796.0;796.0;METROS;0.12102782;C14-25.5;IMPORTACION
Cartulina;100301861;Rollo Cartulina ASIA SYMBOL C-14 235 g ancho 25.5;17/03/2026;CONSUMOS;-1258.0;1258.0;METROS;0.19127261;C14-25.5;IMPORTACION
Cartulina;100301861;Rollo Cartulina ASIA SYMBOL C-14 235 g ancho 25.5;17/03/2026;CONSUMOS;-5750.0;5750.0;METROS;0.87425875;C14-25.5;IMPORTACION
Cartulina;100301861;Rollo Cartulina ASIA SYMBOL C-14 235 g ancho 25.5;18/03/2026;CONSUMOS;-752.0;752.0;METROS;0.11433784;C14-25.5;IMPORTACION
Cartulina;100301861;Rollo Cartulina ASIA SYMBOL C-14 235 g ancho 25.5;24/03/2026;CONSUMOS;-809.0;809.0;METROS;0.123004405;C14-25.5;IMPORTACION
Cartulina;100301861;Rollo Cartulina ASIA SYMBOL C-14 235 g ancho 25.5;26/03/2026;CONSUMOS;-547.0;547.0;METROS;0.083168615;C14-25.5;IMPORTACION
Cartulina;100301861;Rollo Cartulina ASIA SYMBOL C-14 235 g ancho 25.5;26/03/2026;CONSUMOS;-1440.0;1440.0;METROS;0.2189448;C14-25.5;IMPORTACION
Cartulina;100301861;Rollo Cartulina ASIA SYMBOL C-14 235 g ancho 25.5;26/03/2026;CONSUMOS;-1311.0;1311.0;METROS;0.199330995;C14-25.5;IMPORTACION
Cartulina;100301861;Rollo Cartulina ASIA SYMBOL C-14 235 g ancho 25.5;27/03/2026;CONSUMOS;-2293.0;2293.0;METROS;0.348639185;C14-25.5;IMPORTACION
Cartulina;100301861;Rollo Cartulina ASIA SYMBOL C-14 235 g ancho 25.5;27/03/2026;CONSUMOS;-737.0;737.0;METROS;0.112057165;C14-25.5;IMPORTACION
Cartulina;100301869;Rollo Cartulina DUPLEX MIRABELL --  C - 17 320 g ancho 22;24/03/2026;CONSUMOS;-23106.0;23106.0;METROS;4.12580736;COLGATE-150;IMPORTACION
Cartulina;100301869;Rollo Cartulina DUPLEX MIRABELL --  C - 17 320 g ancho 22;24/03/2026;CONSUMOS;-122.0;122.0;METROS;0.02178432;COLGATE-150;IMPORTACION
Cartulina;100301901;Rollo Cartulina SBS CANDESCE -- C-24 407 g ancho 27.5 (29-89);16/03/2026;CONSUMOS;-2938.0;2938.0;METROS;0.834644668;GILDAN;IMPORTACION
Cartulina;100301902;Rollo Cartulina SBS CANDESCE -- C-24 407 g ancho 39 (29-89);16/03/2026;CONSUMOS;-2247.0;2247.0;METROS;0.90538371;GILDAN;IMPORTACION
Cartulina;100301908;Rollo Cartulina Nine Dragons C - 13.6 215 g ancho 25 (29-89);3/03/2026;CONSUMOS;-6577.0;6577.0;METROS;0.897924925;C13.6-25;IMPORTACION
Cartulina;100301908;Rollo Cartulina Nine Dragons C - 13.6 215 g ancho 25 (29-89);17/03/2026;CONSUMOS;-6472.0;6472.0;METROS;0.8835898;C13.6-25;IMPORTACION
Cartulina;100301908;Rollo Cartulina Nine Dragons C - 13.6 215 g ancho 25 (29-89);17/03/2026;CONSUMOS;-2223.0;2223.0;METROS;0.303495075;C13.6-25;IMPORTACION
Cartulina;100301908;Rollo Cartulina Nine Dragons C - 13.6 215 g ancho 25 (29-89);17/03/2026;CONSUMOS;-5025.0;5025.0;METROS;0.686038125;C13.6-25;IMPORTACION
Cartulina;100301908;Rollo Cartulina Nine Dragons C - 13.6 215 g ancho 25 (29-89);17/03/2026;CONSUMOS;-2545.0;2545.0;METROS;0.347456125;C13.6-25;IMPORTACION
Cartulina;100301908;Rollo Cartulina Nine Dragons C - 13.6 215 g ancho 25 (29-89);18/03/2026;CONSUMOS;-761.0;761.0;METROS;0.103895525;C13.6-25;IMPORTACION
Cartulina;100301909;Rollo Cartulina Nine Dragons C - 13.6 215 g ancho 30 (29-89);24/03/2026;CONSUMOS;-3390.0;3390.0;METROS;0.5553837;C13.6-30;IMPORTACION
Cartulina;100301909;Rollo Cartulina Nine Dragons C - 13.6 215 g ancho 30 (29-89);24/03/2026;CONSUMOS;-24795.0;24795.0;METROS;4.06216485;C13.6-30;IMPORTACION
Cartulina;100301909;Rollo Cartulina Nine Dragons C - 13.6 215 g ancho 30 (29-89);24/03/2026;CONSUMOS;-12495.0;12495.0;METROS;2.04705585;C13.6-30;IMPORTACION
Cartulina;100301917;Rollo Cartulina Nine Dragons C - 16.3 255 g ancho 25 (29-89);9/03/2026;CONSUMOS;-2297.0;2297.0;METROS;0.371941725;C16.3-25;IMPORTACION
Cartulina;100301917;Rollo Cartulina Nine Dragons C - 16.3 255 g ancho 25 (29-89);9/03/2026;CONSUMOS;-2169.0;2169.0;METROS;0.351215325;C16.3-25;IMPORTACION
Cartulina;100301917;Rollo Cartulina Nine Dragons C - 16.3 255 g ancho 25 (29-89);9/03/2026;CONSUMOS;-1502.0;1502.0;METROS;0.24321135;C16.3-25;IMPORTACION
Cartulina;100301917;Rollo Cartulina Nine Dragons C - 16.3 255 g ancho 25 (29-89);9/03/2026;CONSUMOS;-738.0;738.0;METROS;0.11950065;C16.3-25;IMPORTACION
Cartulina;100301917;Rollo Cartulina Nine Dragons C - 16.3 255 g ancho 25 (29-89);16/03/2026;CONSUMOS;-428.0;428.0;METROS;0.0693039;C16.3-25;IMPORTACION
Cartulina;100301917;Rollo Cartulina Nine Dragons C - 16.3 255 g ancho 25 (29-89);16/03/2026;CONSUMOS;-1239.0;1239.0;METROS;0.200625075;C16.3-25;IMPORTACION
Cartulina;100301917;Rollo Cartulina Nine Dragons C - 16.3 255 g ancho 25 (29-89);16/03/2026;CONSUMOS;-1723.0;1723.0;METROS;0.278996775;C16.3-25;IMPORTACION
Cartulina;100301917;Rollo Cartulina Nine Dragons C - 16.3 255 g ancho 25 (29-89);18/03/2026;CONSUMOS;-256.0;256.0;METROS;0.0414528;C16.3-25;IMPORTACION
Cartulina;100301917;Rollo Cartulina Nine Dragons C - 16.3 255 g ancho 25 (29-89);23/03/2026;CONSUMOS;-1991.0;1991.0;METROS;0.322392675;C16.3-25;IMPORTACION
Cartulina;100301919;Rollo Cartulina Nine Dragons C - 16.3 255 g ancho 29 (29-89);19/03/2026;CONSUMOS;-5830.0;5830.0;METROS;1.0941744;C16.3-29;IMPORTACION
Cartulina;100301919;Rollo Cartulina Nine Dragons C - 16.3 255 g ancho 29 (29-89);27/03/2026;CONSUMOS;-20658.0;20658.0;METROS;3.87709344;C16.3-29;IMPORTACION
Cartulina;100301919;Rollo Cartulina Nine Dragons C - 16.3 255 g ancho 29 (29-89);27/03/2026;CONSUMOS;-5946.0;5946.0;METROS;1.11594528;C16.3-29;IMPORTACION
Cartulina;100301919;Rollo Cartulina Nine Dragons C - 16.3 255 g ancho 29 (29-89);27/03/2026;CONSUMOS;-44261.0;44261.0;METROS;8.30690448;C16.3-29;IMPORTACION
Cartulina;100301919;Rollo Cartulina Nine Dragons C - 16.3 255 g ancho 29 (29-89);27/03/2026;CONSUMOS;-220.0;220.0;METROS;0.0412896;C16.3-29;IMPORTACION
Cartulina;100301920;Rollo Cartulina Nine Dragons C - 16.3 255 g ancho 35.5 (29-89);18/03/2026;CONSUMOS;-4545.0;4545.0;METROS;1.044236475;C16.3-35.5;IMPORTACION
Cartulina;100301920;Rollo Cartulina Nine Dragons C - 16.3 255 g ancho 35.5 (29-89);18/03/2026;CONSUMOS;-4399.0;4399.0;METROS;1.010692245;C16.3-35.5;IMPORTACION
Cartulina;100301920;Rollo Cartulina Nine Dragons C - 16.3 255 g ancho 35.5 (29-89);19/03/2026;CONSUMOS;-3914.0;3914.0;METROS;0.89926107;C16.3-35.5;IMPORTACION
Cartulina;100301920;Rollo Cartulina Nine Dragons C - 16.3 255 g ancho 35.5 (29-89);19/03/2026;CONSUMOS;-7736.0;7736.0;METROS;1.77738468;C16.3-35.5;IMPORTACION
Cartulina;100301924;Rollo Cartulina Nine Dragons C - 18.3 290 g ancho 25;5/03/2026;CONSUMOS;-610.0;610.0;METROS;0.1123315;C18-25-COSC;IMPORTACION
Cartulina;100301924;Rollo Cartulina Nine Dragons C - 18.3 290 g ancho 25;10/03/2026;CONSUMOS;-31084.0;31084.0;METROS;5.7241186;C18-25-COSC;IMPORTACION
Cartulina;100301924;Rollo Cartulina Nine Dragons C - 18.3 290 g ancho 25;10/03/2026;CONSUMOS;-1717.0;1717.0;METROS;0.31618555;C18-25-COSC;IMPORTACION
Cartulina;100301924;Rollo Cartulina Nine Dragons C - 18.3 290 g ancho 25;10/03/2026;CONSUMOS;-5255.0;5255.0;METROS;0.96770825;C18-25-COSC;IMPORTACION
Cartulina;100301924;Rollo Cartulina Nine Dragons C - 18.3 290 g ancho 25;10/03/2026;CONSUMOS;-2206.0;2206.0;METROS;0.4062349;C18-25-COSC;IMPORTACION
Cartulina;100301924;Rollo Cartulina Nine Dragons C - 18.3 290 g ancho 25;18/03/2026;CONSUMOS;-1806.0;1806.0;METROS;0.3325749;C18-25-COSC;IMPORTACION
Cartulina;100301924;Rollo Cartulina Nine Dragons C - 18.3 290 g ancho 25;27/03/2026;CONSUMOS;-5220.0;5220.0;METROS;0.961263;C18-25-COSC;IMPORTACION
Cartulina;100301924;Rollo Cartulina Nine Dragons C - 18.3 290 g ancho 25;27/03/2026;CONSUMOS;-702.0;702.0;METROS;0.1292733;C18-25-COSC;IMPORTACION
Cartulina;100301926;Rollo Cartulina ASIA SYMBOL C-19 310 g ancho 25 (29-89);3/03/2026;CONSUMOS;-17245.0;17245.0;METROS;3.39467825;C19-25;IMPORTACION
Cartulina;100301926;Rollo Cartulina ASIA SYMBOL C-19 310 g ancho 25 (29-89);3/03/2026;CONSUMOS;-381.0;381.0;METROS;0.07499985;C19-25;IMPORTACION
Cartulina;100301926;Rollo Cartulina ASIA SYMBOL C-19 310 g ancho 25 (29-89);3/03/2026;CONSUMOS;-6787.0;6787.0;METROS;1.33602095;C19-25;IMPORTACION
Cartulina;100301926;Rollo Cartulina ASIA SYMBOL C-19 310 g ancho 25 (29-89);5/03/2026;CONSUMOS;-184.0;184.0;METROS;0.0362204;C19-25;IMPORTACION
Cartulina;100301926;Rollo Cartulina ASIA SYMBOL C-19 310 g ancho 25 (29-89);11/03/2026;CONSUMOS;-2514.0;2514.0;METROS;0.4948809;C19-25;IMPORTACION
Cartulina;100301926;Rollo Cartulina ASIA SYMBOL C-19 310 g ancho 25 (29-89);17/03/2026;CONSUMOS;-2267.0;2267.0;METROS;0.44625895;C19-25;IMPORTACION
Cartulina;100301926;Rollo Cartulina ASIA SYMBOL C-19 310 g ancho 25 (29-89);18/03/2026;CONSUMOS;-6029.0;6029.0;METROS;1.18680865;C19-25;IMPORTACION
Cartulina;100301926;Rollo Cartulina ASIA SYMBOL C-19 310 g ancho 25 (29-89);18/03/2026;CONSUMOS;-3407.0;3407.0;METROS;0.67066795;C19-25;IMPORTACION
Cartulina;100301926;Rollo Cartulina ASIA SYMBOL C-19 310 g ancho 25 (29-89);24/03/2026;CONSUMOS;-2084.0;2084.0;METROS;0.4102354;C19-25;IMPORTACION
Cartulina;100301926;Rollo Cartulina ASIA SYMBOL C-19 310 g ancho 25 (29-89);24/03/2026;CONSUMOS;-6812.0;6812.0;METROS;1.3409422;C19-25;IMPORTACION
Cartulina;100301926;Rollo Cartulina ASIA SYMBOL C-19 310 g ancho 25 (29-89);24/03/2026;CONSUMOS;-3486.0;3486.0;METROS;0.6862191;C19-25;IMPORTACION
Cartulina;100301926;Rollo Cartulina ASIA SYMBOL C-19 310 g ancho 25 (29-89);27/03/2026;CONSUMOS;-1320.0;1320.0;METROS;0.259842;C19-25;IMPORTACION
Cartulina;100301928;Rollo Cartulina Nine Dragons C - 19 305 g ancho 25 (29-89) REGIONAL;10/03/2026;CONSUMOS;-1007.0;1007.0;METROS;0.195030725;C19-25;IMPORTACION
Cartulina;100301932;Rollo Cartulina Policote 1PE0/15 C-13.5 225g ancho 36 REGIONAL;12/03/2026;CONSUMOS;-23027.0;23027.0;METROS;4.73550255;POLICOTE;IMPORTACION
Cartulina;100301932;Rollo Cartulina Policote 1PE0/15 C-13.5 225g ancho 36 REGIONAL;12/03/2026;CONSUMOS;-82.0;82.0;METROS;0.0168633;POLICOTE;IMPORTACION
Cartulina;100301935;Cartulina FBB Asia Symbol -- C-14 235 gramos  22 x 34;24/03/2026;CONSUMOS;-5600.0;5600.0;PLIEGOS;0.633725064;C14-22;IMPORTACION
Cartulina;100304510;Cartulina FBB DUPLEX MIRABELL -- C-17 320 gramos  22 x 38.5;24/03/2026;CONSUMOS;-80141.0;80141.0;PLIEGOS;14.01378916;COLGATE-150;IMPORTACION
Cartulina;100304527;Cartulina SPARK C-18 270 gr 25 X 38;24/03/2026;INGRESOS;2200.0;2200.0;PLIEGOS;0.364063788;Spark;LOCAL
Cartulina;100304527;Cartulina SPARK C-18 270 gr 25 X 38;26/03/2026;CONSUMOS;-2200.0;2200.0;PLIEGOS;0.364063788;Spark;LOCAL
Cartulina;100304541;Rollo Cartulina ASIA SYMBOL C-12 230 g ancho 25;10/03/2026;CONSUMOS;-7626.0;7626.0;METROS;1.1137773;C12-25;IMPORTACION
Cartulina;100304541;Rollo Cartulina ASIA SYMBOL C-12 230 g ancho 25;10/03/2026;CONSUMOS;-18132.0;18132.0;METROS;2.6481786;C12-25;IMPORTACION
Cartulina;100304541;Rollo Cartulina ASIA SYMBOL C-12 230 g ancho 25;10/03/2026;CONSUMOS;-503.0;503.0;METROS;0.07346315;C12-25;IMPORTACION
Cartulina;100304541;Rollo Cartulina ASIA SYMBOL C-12 230 g ancho 25;10/03/2026;CONSUMOS;-9288.0;9288.0;METROS;1.3565124;C12-25;IMPORTACION
Cartulina;100304541;Rollo Cartulina ASIA SYMBOL C-12 230 g ancho 25;11/03/2026;CONSUMOS;-1067.0;1067.0;METROS;0.15583535;C12-25;IMPORTACION
Cartulina;100304541;Rollo Cartulina ASIA SYMBOL C-12 230 g ancho 25;11/03/2026;CONSUMOS;-555.0;555.0;METROS;0.08105775;C12-25;IMPORTACION
Cartulina;100304541;Rollo Cartulina ASIA SYMBOL C-12 230 g ancho 25;17/03/2026;CONSUMOS;-13787.0;13787.0;METROS;2.01359135;C12-25;IMPORTACION
Cartulina;100304541;Rollo Cartulina ASIA SYMBOL C-12 230 g ancho 25;17/03/2026;CONSUMOS;-8134.0;8134.0;METROS;1.1879707;C12-25;IMPORTACION
Cartulina;100304541;Rollo Cartulina ASIA SYMBOL C-12 230 g ancho 25;19/03/2026;CONSUMOS;-2926.0;2926.0;METROS;0.4273423;C12-25;IMPORTACION
Cartulina;100304541;Rollo Cartulina ASIA SYMBOL C-12 230 g ancho 25;19/03/2026;CONSUMOS;-4938.0;4938.0;METROS;0.7211949;C12-25;IMPORTACION
Cartulina;100304541;Rollo Cartulina ASIA SYMBOL C-12 230 g ancho 25;19/03/2026;CONSUMOS;-25986.0;25986.0;METROS;3.7952553;C12-25;IMPORTACION
Cartulina;100304546;Rollo Cartulina DUPLEX MIRABELL --  C - 17 320 g ancho 21.5;3/03/2026;CONSUMOS;-1449.0;1449.0;METROS;0.253215648;COLGATE-125;IMPORTACION
Cartulina;100304547;Rollo Cartulina Spectra Natural -- C-18 267g ancho 27;4/03/2026;CONSUMOS;-83118.0;83118.0;METROS;15.21962061;BCONSUMOSBO;IMPORTACION
Cartulina;100304550;Rollo Cartulina LSH Super Bulk C-18 290g ancho 25;3/03/2026;CONSUMOS;-3312.0;3312.0;METROS;0.6099048;C18-25;IMPORTACION
Cartulina;100304550;Rollo Cartulina LSH Super Bulk C-18 290g ancho 25;5/03/2026;CONSUMOS;-2662.0;2662.0;METROS;0.4902073;C18-25;IMPORTACION
Cartulina;100304550;Rollo Cartulina LSH Super Bulk C-18 290g ancho 25;5/03/2026;CONSUMOS;-470.0;470.0;METROS;0.0865505;C18-25;IMPORTACION
Cartulina;100304550;Rollo Cartulina LSH Super Bulk C-18 290g ancho 25;12/03/2026;CONSUMOS;-726.0;726.0;METROS;0.1336929;C18-25;IMPORTACION
Cartulina;100304550;Rollo Cartulina LSH Super Bulk C-18 290g ancho 25;13/03/2026;CONSUMOS;-5479.0;5479.0;METROS;1.00895785;C18-25;IMPORTACION
Cartulina;100304550;Rollo Cartulina LSH Super Bulk C-18 290g ancho 25;16/03/2026;CONSUMOS;-2891.0;2891.0;METROS;0.53237765;C18-25;IMPORTACION
Cartulina;100304550;Rollo Cartulina LSH Super Bulk C-18 290g ancho 25;18/03/2026;CONSUMOS;-5583.0;5583.0;METROS;1.02810945;C18-25;IMPORTACION
Cartulina;100304550;Rollo Cartulina LSH Super Bulk C-18 290g ancho 25;18/03/2026;CONSUMOS;-435.0;435.0;METROS;0.08010525;C18-25;IMPORTACION
Cartulina;100304550;Rollo Cartulina LSH Super Bulk C-18 290g ancho 25;18/03/2026;CONSUMOS;-11952.0;11952.0;METROS;2.2009608;C18-25;IMPORTACION
Cartulina;100304559;Rollo Cartulina FBB MIXTO KING PAPER--  C - 13.6 225 g ancho 36;13/03/2026;CONSUMOS;-42693.0;42693.0;METROS;8.77981545;POLICOTE;IMPORTACION
Cartulina;100304559;Rollo Cartulina FBB MIXTO KING PAPER--  C - 13.6 225 g ancho 36;13/03/2026;CONSUMOS;-57167.0;57167.0;METROS;11.75639355;POLICOTE;IMPORTACION
Cartulina;100304559;Rollo Cartulina FBB MIXTO KING PAPER--  C - 13.6 225 g ancho 36;13/03/2026;CONSUMOS;-279.0;279.0;METROS;0.05737635;POLICOTE;IMPORTACION
Cartulina;100304563;Rollo Cartulina Nine Dragons C - 12 205 g ancho 25 (29-89);17/03/2026;CONSUMOS;-124019.0;124019.0;METROS;16.14417333;C12-25;IMPORTACION
Cartulina;100304563;Rollo Cartulina Nine Dragons C - 12 205 g ancho 25 (29-89);27/03/2026;CONSUMOS;-10259.0;10259.0;METROS;1.335465325;C12-25;IMPORTACION
Cartulina;100304565;Rollo Cartulina DEINGRESOSCA FSC --  C - 13.5 225 g ancho 23.125;5/03/2026;CONSUMOS;-66.0;66.0;METROS;0.00871695;OLMECA;IMPORTACION
Cartulina;100304565;Rollo Cartulina DEINGRESOSCA FSC --  C - 13.5 225 g ancho 23.125;5/03/2026;CONSUMOS;-10999.0;10999.0;METROS;1.452692925;OLMECA;IMPORTACION
Cartulina;100304565;Rollo Cartulina DEINGRESOSCA FSC --  C - 13.5 225 g ancho 23.125;5/03/2026;CONSUMOS;-8776.0;8776.0;METROS;1.1590902;OLMECA;IMPORTACION
Cartulina;100304565;Rollo Cartulina DEINGRESOSCA FSC --  C - 13.5 225 g ancho 23.125;12/03/2026;CONSUMOS;-8026.0;8026.0;METROS;1.06003395;OLMECA;IMPORTACION
Cartulina;100304565;Rollo Cartulina DEINGRESOSCA FSC --  C - 13.5 225 g ancho 23.125;12/03/2026;CONSUMOS;-7960.0;7960.0;METROS;1.051317;OLMECA;IMPORTACION
Cartulina;100304565;Rollo Cartulina DEINGRESOSCA FSC --  C - 13.5 225 g ancho 23.125;12/03/2026;CONSUMOS;-15254.0;15254.0;METROS;2.01467205;OLMECA;IMPORTACION
Cartulina;100304565;Rollo Cartulina DEINGRESOSCA FSC --  C - 13.5 225 g ancho 23.125;12/03/2026;CONSUMOS;-8522.0;8522.0;METROS;1.12554315;OLMECA;IMPORTACION
Cartulina;100304565;Rollo Cartulina DEINGRESOSCA FSC --  C - 13.5 225 g ancho 23.125;12/03/2026;CONSUMOS;-15651.0;15651.0;METROS;2.067105825;OLMECA;IMPORTACION
Cartulina;100304565;Rollo Cartulina DEINGRESOSCA FSC --  C - 13.5 225 g ancho 23.125;12/03/2026;CONSUMOS;-23123.0;23123.0;METROS;3.053970225;OLMECA;IMPORTACION
Cartulina;100304565;Rollo Cartulina DEINGRESOSCA FSC --  C - 13.5 225 g ancho 23.125;12/03/2026;CONSUMOS;-8431.0;8431.0;METROS;1.113524325;OLMECA;IMPORTACION
Cartulina;100304565;Rollo Cartulina DEINGRESOSCA FSC --  C - 13.5 225 g ancho 23.125;12/03/2026;CONSUMOS;-10344.0;10344.0;METROS;1.3661838;OLMECA;IMPORTACION
Cartulina;100304565;Rollo Cartulina DEINGRESOSCA FSC --  C - 13.5 225 g ancho 23.125;16/03/2026;CONSUMOS;-286.0;286.0;METROS;0.03777345;OLMECA;IMPORTACION
Cartulina;100304565;Rollo Cartulina DEINGRESOSCA FSC --  C - 13.5 225 g ancho 23.125;26/03/2026;CONSUMOS;-8343.0;8343.0;METROS;1.101901725;OLMECA;IMPORTACION
Cartulina;100304565;Rollo Cartulina DEINGRESOSCA FSC --  C - 13.5 225 g ancho 23.125;26/03/2026;CONSUMOS;-7969.0;7969.0;METROS;1.052505675;OLMECA;IMPORTACION
Cartulina;100304565;Rollo Cartulina DEINGRESOSCA FSC --  C - 13.5 225 g ancho 23.125;26/03/2026;CONSUMOS;-8141.0;8141.0;METROS;1.075222575;OLMECA;IMPORTACION
Cartulina;100304565;Rollo Cartulina DEINGRESOSCA FSC --  C - 13.5 225 g ancho 23.125;26/03/2026;CONSUMOS;-7926.0;7926.0;METROS;1.04682645;OLMECA;IMPORTACION
Cartulina;100304565;Rollo Cartulina DEINGRESOSCA FSC --  C - 13.5 225 g ancho 23.125;26/03/2026;CONSUMOS;-8152.0;8152.0;METROS;1.0766754;OLMECA;IMPORTACION
Cartulina;100304565;Rollo Cartulina DEINGRESOSCA FSC --  C - 13.5 225 g ancho 23.125;26/03/2026;CONSUMOS;-7970.0;7970.0;METROS;1.05263775;OLMECA;IMPORTACION
Cartulina;100304627;Rollo Cartulina ASIA SYMBOL C-20 325 g ancho 29;16/03/2026;CONSUMOS;-454.0;454.0;METROS;0.10868533;C20-29;IMPORTACION
Cartulina;100304627;Rollo Cartulina ASIA SYMBOL C-20 325 g ancho 29;16/03/2026;CONSUMOS;-939.0;939.0;METROS;0.224791905;C20-29;IMPORTACION
Cartulina;100304627;Rollo Cartulina ASIA SYMBOL C-20 325 g ancho 29;16/03/2026;CONSUMOS;-6866.0;6866.0;METROS;1.64368607;C20-29;IMPORTACION
Cartulina;100304640;Rollo Cartulina OBAFREE --  C-15 230 g ancho 25.5;9/03/2026;CONSUMOS;-500.0;500.0;METROS;0.0744855;FOSFORERA;IMPORTACION
Cartulina;100304640;Rollo Cartulina OBAFREE --  C-15 230 g ancho 25.5;9/03/2026;CONSUMOS;-18303.0;18303.0;METROS;2.726616213;FOSFORERA;IMPORTACION
Cartulina;100304640;Rollo Cartulina OBAFREE --  C-15 230 g ancho 25.5;9/03/2026;CONSUMOS;-26849.0;26849.0;METROS;3.999722379;FOSFORERA;IMPORTACION
Cartulina;100304640;Rollo Cartulina OBAFREE --  C-15 230 g ancho 25.5;9/03/2026;CONSUMOS;-26810.0;26810.0;METROS;3.99391251;FOSFORERA;IMPORTACION
Cartulina;100304640;Rollo Cartulina OBAFREE --  C-15 230 g ancho 25.5;9/03/2026;CONSUMOS;-44485.0;44485.0;METROS;6.626974935;FOSFORERA;IMPORTACION
Cartulina;100304640;Rollo Cartulina OBAFREE --  C-15 230 g ancho 25.5;9/03/2026;CONSUMOS;-54387.0;54387.0;METROS;8.102085777;FOSFORERA;IMPORTACION
Cartulina;100304640;Rollo Cartulina OBAFREE --  C-15 230 g ancho 25.5;16/03/2026;CONSUMOS;-26844.0;26844.0;METROS;3.998977524;FOSFORERA;IMPORTACION
Cartulina;100304640;Rollo Cartulina OBAFREE --  C-15 230 g ancho 25.5;16/03/2026;CONSUMOS;-42207.0;42207.0;METROS;6.287618997;FOSFORERA;IMPORTACION
Cartulina;100305967;Rollo Cartulina Nine Dragons C - 18.3 290 g ancho 29;26/03/2026;CONSUMOS;-921.0;921.0;METROS;0.196738494;C18-29-COSC;IMPORTACION
Cartulina;100305969;Cartulina FBB DRAGONS -- C-15.7 245 gramos 34.5 x 27;4/03/2026;CONSUMOS;-30410.0;30410.0;PLIEGOS;4.477471158;HONDURAS FOS;IMPORTACION
Cartulina;100305969;Cartulina FBB DRAGONS -- C-15.7 245 gramos 34.5 x 27;27/03/2026;INGRESOS;83700.0;83700.0;PLIEGOS;12.32372035;HONDURAS FOS;IMPORTACION
Cartulina;100305982;Cartulina FBB DUPLEX MIRABELL -- C-16 300 gramos  20 x 32.5;4/03/2026;CONSUMOS;-44930.0;44930.0;PLIEGOS;5.652472566;COLGATE-100;IMPORTACION
Cartulina;100305982;Cartulina FBB DUPLEX MIRABELL -- C-16 300 gramos  20 x 32.5;4/03/2026;CONSUMOS;-42470.0;42470.0;PLIEGOS;5.342989314;COLGATE-100;IMPORTACION
Cartulina;100305984;Cartulina FBB DUPLEX MIRABELL -- C-16 300 gramos  25 x 34;4/03/2026;CONSUMOS;-21640.0;21640.0;PLIEGOS;3.560121912;COLGATE-22;IMPORTACION
Cartulina;100305984;Cartulina FBB DUPLEX MIRABELL -- C-16 300 gramos  25 x 34;11/03/2026;CONSUMOS;-32275.0;32275.0;PLIEGOS;5.309747445;COLGATE-22;IMPORTACION
Cartulina;100305985;Cartulina FBB DUPLEX MIRABELL -- C-17 320 gramos  21.5 x 35;4/03/2026;CONSUMOS;-50201.0;50201.0;PLIEGOS;7.79895266;COLGATE-125;IMPORTACION
Cartulina;100305999;Rollo Cartulina Nine Dragons C - 19 305 g ancho 24;10/03/2026;CONSUMOS;-1772.0;1772.0;METROS;0.329464416;C19-24;IMPORTACION
Cartulina;100305999;Rollo Cartulina Nine Dragons C - 19 305 g ancho 24;12/03/2026;CONSUMOS;-616.0;616.0;METROS;0.114531648;C19-24;IMPORTACION
Cartulina;100305999;Rollo Cartulina Nine Dragons C - 19 305 g ancho 24;16/03/2026;CONSUMOS;-1469.0;1469.0;METROS;0.273128232;C19-24;IMPORTACION
Cartulina;100305999;Rollo Cartulina Nine Dragons C - 19 305 g ancho 24;18/03/2026;CONSUMOS;-3661.0;3661.0;METROS;0.680682408;C19-24;IMPORTACION
Cartulina;100305999;Rollo Cartulina Nine Dragons C - 19 305 g ancho 24;20/03/2026;CONSUMOS;-1283.0;1283.0;METROS;0.238545624;C19-24;IMPORTACION
Cartulina;100305999;Rollo Cartulina Nine Dragons C - 19 305 g ancho 24;23/03/2026;CONSUMOS;-6561.0;6561.0;METROS;1.219873608;C19-24;IMPORTACION
Cartulina;100305999;Rollo Cartulina Nine Dragons C - 19 305 g ancho 24;27/03/2026;CONSUMOS;-966.0;966.0;METROS;0.179606448;C19-24;IMPORTACION
Cartulina;100306002;Cartulina FBB DRAGONS YA ESTÁ -- C-16.3 255 gramos  39.5 x 25;16/03/2026;CONSUMOS;-179400.0;179400.0;PLIEGOS;29.14520784;YA ESTA;IMPORTACION
Cartulina;100306002;Cartulina FBB DRAGONS YA ESTÁ -- C-16.3 255 gramos  39.5 x 25;16/03/2026;CONSUMOS;-3545.0;3545.0;PLIEGOS;0.575918405;YA ESTA;IMPORTACION
Cartulina;100306002;Cartulina FBB DRAGONS YA ESTÁ -- C-16.3 255 gramos  39.5 x 25;24/03/2026;INGRESOS;143000.0;143000.0;PLIEGOS;23.23168741;YA ESTA;IMPORTACION
Cartulina;100306002;Cartulina FBB DRAGONS YA ESTÁ -- C-16.3 255 gramos  39.5 x 25;27/03/2026;INGRESOS;70200.0;70200.0;PLIEGOS;11.40464655;YA ESTA;IMPORTACION
Cartulina;100306003;Rollo Cartulina Nine Dragons C - 16.3 255 g ancho 28.5;26/03/2026;CONSUMOS;-7355.0;7355.0;METROS;1.357692548;C16.3-28.5;IMPORTACION
Cartulina;100306133;Rollo Cartulina FBB PROTO C1S -- C-24 396 g ancho 28.5;4/03/2026;INGRESOS;76701.0;76701.0;METROS;;GILDAN;IMPORTACION
Cartulina;100306133;Rollo Cartulina FBB PROTO C1S -- C-24 396 g ancho 28.5;4/03/2026;INGRESOS;11456.0;11456.0;METROS;;GILDAN;IMPORTACION
Cartulina;100306134;Rollo Cartulina FBB PROTO C1S -- C-24 396 g ancho 26.5;4/03/2026;INGRESOS;54268.0;54268.0;METROS;;GILDAN;IMPORTACION
Cartulina;100306134;Rollo Cartulina FBB PROTO C1S -- C-24 396 g ancho 26.5;4/03/2026;INGRESOS;77277.0;77277.0;METROS;;GILDAN;IMPORTACION
Cartulina;100306165;Cartulina NINGBO ALLY LOCAL C-22 345 gramos 25 x 36;17/03/2026;INGRESOS;17700.0;17700.0;PLIEGOS;3.545702586;C22-25;LOCAL
Cartulina;100306165;Cartulina NINGBO ALLY LOCAL C-22 345 gramos 25 x 36;18/03/2026;CONSUMOS;-17700.0;17700.0;PLIEGOS;3.545702586;C22-25;LOCAL
Papel;100600002;Papel Bond 55 gramos -- 22 x 34;16/03/2026;CONSUMOS;-300.0;300.0;PLIEGOS;0.007962565;Bond;LOCAL
Papel;100600003;Papel Bond 55 gramos -- 26 x 34;16/03/2026;CONSUMOS;-2400.0;2400.0;PLIEGOS;0.07518456;Bond;LOCAL
Papel;100600003;Papel Bond 55 gramos -- 26 x 34;26/03/2026;INGRESOS;6000.0;6000.0;PLIEGOS;0.1879614;Bond;LOCAL
Papel;100600003;Papel Bond 55 gramos -- 26 x 34;26/03/2026;CONSUMOS;-6000.0;6000.0;PLIEGOS;0.1879614;Bond;LOCAL
Papel;100600005;Papel Bond 75 gramos -- 22 x 34;23/03/2026;INGRESOS;6000.0;6000.0;PLIEGOS;0.217160856;Bond;LOCAL
Papel;100600005;Papel Bond 75 gramos -- 22 x 34;24/03/2026;CONSUMOS;-6000.0;6000.0;PLIEGOS;0.217160856;Bond;LOCAL
Papel;100600009;Papel Bond 75 gramos -- 26 x 38;4/03/2026;INGRESOS;5500.0;5500.0;PLIEGOS;0.26272125;Bond;LOCAL
Papel;100600009;Papel Bond 75 gramos -- 26 x 38;5/03/2026;CONSUMOS;-5500.0;5500.0;PLIEGOS;0.26272125;Bond;LOCAL
Papel;100600009;Papel Bond 75 gramos -- 26 x 38;10/03/2026;INGRESOS;3000.0;3000.0;PLIEGOS;0.1433025;Bond;LOCAL
Papel;100600009;Papel Bond 75 gramos -- 26 x 38;11/03/2026;CONSUMOS;-2800.0;2800.0;PLIEGOS;0.133749;Bond;LOCAL
Papel;100600009;Papel Bond 75 gramos -- 26 x 38;17/03/2026;INGRESOS;500.0;500.0;PLIEGOS;0.02388375;Bond;LOCAL
Papel;100600009;Papel Bond 75 gramos -- 26 x 38;18/03/2026;CONSUMOS;-700.0;700.0;PLIEGOS;0.03343725;Bond;LOCAL
Papel;100600011;Papel Bond 90 gramos -- 22 x 34;10/03/2026;INGRESOS;6500.0;6500.0;PLIEGOS;0.28170909;Bond;LOCAL
Papel;100600011;Papel Bond 90 gramos -- 22 x 34;11/03/2026;INGRESOS;1000.0;1000.0;PLIEGOS;0.04333986;Bond;LOCAL
Papel;100600011;Papel Bond 90 gramos -- 22 x 34;11/03/2026;CONSUMOS;-1100.0;1100.0;PLIEGOS;0.047673846;Bond;LOCAL
Papel;100600011;Papel Bond 90 gramos -- 22 x 34;11/03/2026;CONSUMOS;-1200.0;1200.0;PLIEGOS;0.052007832;Bond;LOCAL
Papel;100600011;Papel Bond 90 gramos -- 22 x 34;11/03/2026;CONSUMOS;-4900.0;4900.0;PLIEGOS;0.212365314;Bond;LOCAL
Papel;100600011;Papel Bond 90 gramos -- 22 x 34;16/03/2026;INGRESOS;6000.0;6000.0;PLIEGOS;0.26003916;Bond;LOCAL
Papel;100600011;Papel Bond 90 gramos -- 22 x 34;20/03/2026;CONSUMOS;-55.0;55.0;PLIEGOS;0.002383692;Bond;LOCAL
Papel;100600011;Papel Bond 90 gramos -- 22 x 34;25/03/2026;CONSUMOS;-6000.0;6000.0;PLIEGOS;0.26003916;Bond;LOCAL
Papel;100600013;Papel Bond 90 gramos -- 26 x 34;5/03/2026;INGRESOS;16000.0;16000.0;PLIEGOS;0.8201952;Bond;LOCAL
Papel;100600013;Papel Bond 90 gramos -- 26 x 34;16/03/2026;CONSUMOS;-5700.0;5700.0;PLIEGOS;0.29219454;Bond;LOCAL
Papel;100600016;Papel Bond 120 gramos -- 23 x 36;3/03/2026;INGRESOS;13000.0;13000.0;PLIEGOS;0.83269056;Bond;LOCAL
Papel;100600016;Papel Bond 120 gramos -- 23 x 36;4/03/2026;CONSUMOS;-12600.0;12600.0;PLIEGOS;0.807069312;Bond;LOCAL
Papel;100600017;Papel Bond 120 gramos -- 26 x 34;10/03/2026;INGRESOS;2500.0;2500.0;PLIEGOS;0.170874;Bond;LOCAL
Papel;100600017;Papel Bond 120 gramos -- 26 x 34;11/03/2026;CONSUMOS;-2300.0;2300.0;PLIEGOS;0.15720408;Bond;LOCAL
Papel;100600018;Papel Bond 60 gramos -- 21 x 30;4/03/2026;INGRESOS;141500.0;141500.0;PLIEGOS;3.44817954;Bond;LOCAL
Papel;100600018;Papel Bond 60 gramos -- 21 x 30;5/03/2026;CONSUMOS;-141700.0;141700.0;PLIEGOS;3.453053292;Bond;LOCAL
Papel;100600018;Papel Bond 60 gramos -- 21 x 30;13/03/2026;INGRESOS;40000.0;40000.0;PLIEGOS;0.9747504;Bond;LOCAL
Papel;100600018;Papel Bond 60 gramos -- 21 x 30;16/03/2026;CONSUMOS;-40400.0;40400.0;PLIEGOS;0.984497904;Bond;LOCAL
Papel;100600018;Papel Bond 60 gramos -- 21 x 30;26/03/2026;INGRESOS;128000.0;128000.0;PLIEGOS;3.11920128;Bond;LOCAL
Papel;100600018;Papel Bond 60 gramos -- 21 x 30;26/03/2026;CONSUMOS;-128000.0;128000.0;PLIEGOS;3.11920128;Bond;LOCAL
Papel;100600018;Papel Bond 60 gramos -- 21 x 30;27/03/2026;INGRESOS;64500.0;64500.0;PLIEGOS;1.57178502;Bond;LOCAL
Papel;100600020;Papel Couche Brillante B-60 -- 90 gramos  25 x 36;13/03/2026;INGRESOS;40000.0;40000.0;PLIEGOS;2.0903184;Couche;LOCAL
Papel;100600020;Papel Couche Brillante B-60 -- 90 gramos  25 x 36;16/03/2026;CONSUMOS;-40000.0;40000.0;PLIEGOS;2.0903184;Couche;LOCAL
Papel;100600020;Papel Couche Brillante B-60 -- 90 gramos  25 x 36;24/03/2026;INGRESOS;30500.0;30500.0;PLIEGOS;1.59386778;Couche;LOCAL
Papel;100600020;Papel Couche Brillante B-60 -- 90 gramos  25 x 36;25/03/2026;CONSUMOS;-30500.0;30500.0;PLIEGOS;1.59386778;Couche;LOCAL
Papel;100600021;Papel Couche Brillante - 1 Cara - B-60 -- 90 gramos  25 x 36;3/03/2026;INGRESOS;14250.0;14250.0;PLIEGOS;0.74467593;Couche;LOCAL
Papel;100600021;Papel Couche Brillante - 1 Cara - B-60 -- 90 gramos  25 x 36;3/03/2026;INGRESOS;500.0;500.0;PLIEGOS;0.02612898;Couche;LOCAL
Papel;100600021;Papel Couche Brillante - 1 Cara - B-60 -- 90 gramos  25 x 36;4/03/2026;CONSUMOS;-800.0;800.0;PLIEGOS;0.041806368;Couche;LOCAL
Papel;100600021;Papel Couche Brillante - 1 Cara - B-60 -- 90 gramos  25 x 36;4/03/2026;CONSUMOS;-700.0;700.0;PLIEGOS;0.036580572;Couche;LOCAL
Papel;100600021;Papel Couche Brillante - 1 Cara - B-60 -- 90 gramos  25 x 36;10/03/2026;CONSUMOS;-12845.0;12845.0;PLIEGOS;0.671253496;Couche;LOCAL
Papel;100600021;Papel Couche Brillante - 1 Cara - B-60 -- 90 gramos  25 x 36;11/03/2026;INGRESOS;500.0;500.0;PLIEGOS;0.02612898;Couche;LOCAL
Papel;100600021;Papel Couche Brillante - 1 Cara - B-60 -- 90 gramos  25 x 36;18/03/2026;CONSUMOS;-100.0;100.0;PLIEGOS;0.005225796;Couche;LOCAL
Papel;100600021;Papel Couche Brillante - 1 Cara - B-60 -- 90 gramos  25 x 36;23/03/2026;INGRESOS;1750.0;1750.0;PLIEGOS;0.09145143;Couche;LOCAL
Papel;100600021;Papel Couche Brillante - 1 Cara - B-60 -- 90 gramos  25 x 36;24/03/2026;CONSUMOS;-1800.0;1800.0;PLIEGOS;0.094064328;Couche;LOCAL
Papel;100600021;Papel Couche Brillante - 1 Cara - B-60 -- 90 gramos  25 x 36;25/03/2026;CONSUMOS;-300.0;300.0;PLIEGOS;0.015677388;Couche;LOCAL
Papel;100600022;Papel Couche Brillante B-60 -- 90 gramos  25 x 38;11/03/2026;CONSUMOS;-1500.0;1500.0;PLIEGOS;0.08274177;Couche;LOCAL
Papel;100600022;Papel Couche Brillante B-60 -- 90 gramos  25 x 38;18/03/2026;CONSUMOS;-1000.0;1000.0;PLIEGOS;0.05516118;Couche;LOCAL
Papel;100600023;Papel Couche Brillante - 1 Cara - B-60 -- 90 gramos  25 x 38;3/03/2026;INGRESOS;30000.0;30000.0;PLIEGOS;1.6548354;Couche;LOCAL
Papel;100600023;Papel Couche Brillante - 1 Cara - B-60 -- 90 gramos  25 x 38;4/03/2026;CONSUMOS;-14500.0;14500.0;PLIEGOS;0.79983711;Couche;LOCAL
Papel;100600023;Papel Couche Brillante - 1 Cara - B-60 -- 90 gramos  25 x 38;4/03/2026;INGRESOS;32500.0;32500.0;PLIEGOS;1.79273835;Couche;LOCAL
Papel;100600023;Papel Couche Brillante - 1 Cara - B-60 -- 90 gramos  25 x 38;5/03/2026;CONSUMOS;-13000.0;13000.0;PLIEGOS;0.71709534;Couche;LOCAL
Papel;100600023;Papel Couche Brillante - 1 Cara - B-60 -- 90 gramos  25 x 38;5/03/2026;CONSUMOS;-19400.0;19400.0;PLIEGOS;1.070126892;Couche;LOCAL
Papel;100600023;Papel Couche Brillante - 1 Cara - B-60 -- 90 gramos  25 x 38;10/03/2026;CONSUMOS;14500.0;14500.0;PLIEGOS;-0.79983711;Couche;LOCAL
Papel;100600023;Papel Couche Brillante - 1 Cara - B-60 -- 90 gramos  25 x 38;10/03/2026;CONSUMOS;-30100.0;30100.0;PLIEGOS;1.660351518;Couche;LOCAL
Papel;100600023;Papel Couche Brillante - 1 Cara - B-60 -- 90 gramos  25 x 38;16/03/2026;INGRESOS;3500.0;3500.0;PLIEGOS;0.19306413;Couche;LOCAL
Papel;100600023;Papel Couche Brillante - 1 Cara - B-60 -- 90 gramos  25 x 38;25/03/2026;CONSUMOS;-3700.0;3700.0;PLIEGOS;0.204096366;Couche;LOCAL
Papel;100600026;Papel Couche Brillante B-70 -- 105 gramos  25 x 36;13/03/2026;INGRESOS;13500.0;13500.0;PLIEGOS;0.82306287;Couche;LOCAL
Papel;100600026;Papel Couche Brillante B-70 -- 105 gramos  25 x 36;16/03/2026;CONSUMOS;-8000.0;8000.0;PLIEGOS;0.48774096;Couche;LOCAL
Papel;100600026;Papel Couche Brillante B-70 -- 105 gramos  25 x 36;16/03/2026;CONSUMOS;-5300.0;5300.0;PLIEGOS;0.323128386;Couche;LOCAL
Papel;100600029;Papel Couche Brillante B-80 -- 115 gramos  25 x 36;3/03/2026;INGRESOS;500.0;500.0;PLIEGOS;0.03338703;Couche;LOCAL
Papel;100600029;Papel Couche Brillante B-80 -- 115 gramos  25 x 36;4/03/2026;CONSUMOS;-400.0;400.0;PLIEGOS;0.026709624;Couche;LOCAL
Papel;100600029;Papel Couche Brillante B-80 -- 115 gramos  25 x 36;11/03/2026;CONSUMOS;400.0;400.0;PLIEGOS;-0.026709624;Couche;LOCAL
Papel;100600029;Papel Couche Brillante B-80 -- 115 gramos  25 x 36;11/03/2026;CONSUMOS;-400.0;400.0;PLIEGOS;0.026709624;Couche;LOCAL
Papel;100600029;Papel Couche Brillante B-80 -- 115 gramos  25 x 36;16/03/2026;INGRESOS;1500.0;1500.0;PLIEGOS;0.10016109;Couche;LOCAL
Papel;100600029;Papel Couche Brillante B-80 -- 115 gramos  25 x 36;18/03/2026;CONSUMOS;-1500.0;1500.0;PLIEGOS;0.10016109;Couche;LOCAL
Papel;100600030;Papel Couche Brillante B-80 -- 115 gramos  25 x 38;10/03/2026;INGRESOS;6000.0;6000.0;PLIEGOS;0.42290238;Couche;LOCAL
Papel;100600030;Papel Couche Brillante B-80 -- 115 gramos  25 x 38;10/03/2026;INGRESOS;28500.0;28500.0;PLIEGOS;2.008786305;Couche;LOCAL
Papel;100600030;Papel Couche Brillante B-80 -- 115 gramos  25 x 38;10/03/2026;CONSUMOS;-4200.0;4200.0;PLIEGOS;0.296031666;Couche;LOCAL
Papel;100600030;Papel Couche Brillante B-80 -- 115 gramos  25 x 38;10/03/2026;CONSUMOS;-23900.0;23900.0;PLIEGOS;1.684561147;Couche;LOCAL
Papel;100600030;Papel Couche Brillante B-80 -- 115 gramos  25 x 38;10/03/2026;CONSUMOS;-3700.0;3700.0;PLIEGOS;0.260789801;Couche;LOCAL
Papel;100600030;Papel Couche Brillante B-80 -- 115 gramos  25 x 38;10/03/2026;CONSUMOS;-2500.0;2500.0;PLIEGOS;0.176209325;Couche;LOCAL
Papel;100600030;Papel Couche Brillante B-80 -- 115 gramos  25 x 38;10/03/2026;CONSUMOS;-3300.0;3300.0;PLIEGOS;0.232596309;Couche;LOCAL
Papel;100600030;Papel Couche Brillante B-80 -- 115 gramos  25 x 38;12/03/2026;INGRESOS;5000.0;5000.0;PLIEGOS;0.35241865;Couche;LOCAL
Papel;100600030;Papel Couche Brillante B-80 -- 115 gramos  25 x 38;16/03/2026;CONSUMOS;-5000.0;5000.0;PLIEGOS;0.35241865;Couche;LOCAL
Papel;100600030;Papel Couche Brillante B-80 -- 115 gramos  25 x 38;16/03/2026;INGRESOS;3250.0;3250.0;PLIEGOS;0.229072123;Couche;LOCAL
Papel;100600030;Papel Couche Brillante B-80 -- 115 gramos  25 x 38;16/03/2026;CONSUMOS;-300.0;300.0;PLIEGOS;0.021145119;Couche;LOCAL
Papel;100600030;Papel Couche Brillante B-80 -- 115 gramos  25 x 38;18/03/2026;CONSUMOS;-3100.0;3100.0;PLIEGOS;0.218499563;Couche;LOCAL
Papel;100600030;Papel Couche Brillante B-80 -- 115 gramos  25 x 38;24/03/2026;INGRESOS;500.0;500.0;PLIEGOS;0.035241865;Couche;LOCAL
Papel;100600030;Papel Couche Brillante B-80 -- 115 gramos  25 x 38;25/03/2026;CONSUMOS;-600.0;600.0;PLIEGOS;0.042290238;Couche;LOCAL
Papel;100600030;Papel Couche Brillante B-80 -- 115 gramos  25 x 38;27/03/2026;INGRESOS;4500.0;4500.0;PLIEGOS;0.317176785;Couche;LOCAL
Papel;100600032;Papel Couche Brillante B-100 -- 140 gramos  25 x 36;3/03/2026;INGRESOS;1000.0;1000.0;PLIEGOS;0.08129016;Couche;LOCAL
Papel;100600032;Papel Couche Brillante B-100 -- 140 gramos  25 x 36;3/03/2026;INGRESOS;8750.0;8750.0;PLIEGOS;0.7112889;Couche;LOCAL
Papel;100600032;Papel Couche Brillante B-100 -- 140 gramos  25 x 36;4/03/2026;INGRESOS;1250.0;1250.0;PLIEGOS;0.1016127;Couche;LOCAL
Papel;100600032;Papel Couche Brillante B-100 -- 140 gramos  25 x 36;4/03/2026;CONSUMOS;-500.0;500.0;PLIEGOS;0.04064508;Couche;LOCAL
Papel;100600032;Papel Couche Brillante B-100 -- 140 gramos  25 x 36;4/03/2026;CONSUMOS;-1100.0;1100.0;PLIEGOS;0.089419176;Couche;LOCAL
Papel;100600032;Papel Couche Brillante B-100 -- 140 gramos  25 x 36;4/03/2026;CONSUMOS;-150.0;150.0;PLIEGOS;0.012193524;Couche;LOCAL
Papel;100600032;Papel Couche Brillante B-100 -- 140 gramos  25 x 36;4/03/2026;CONSUMOS;-8750.0;8750.0;PLIEGOS;0.7112889;Couche;LOCAL
Papel;100600032;Papel Couche Brillante B-100 -- 140 gramos  25 x 36;4/03/2026;CONSUMOS;-170.0;170.0;PLIEGOS;0.013819327;Couche;LOCAL
Papel;100600032;Papel Couche Brillante B-100 -- 140 gramos  25 x 36;10/03/2026;INGRESOS;2250.0;2250.0;PLIEGOS;0.18290286;Couche;LOCAL
Papel;100600032;Papel Couche Brillante B-100 -- 140 gramos  25 x 36;10/03/2026;CONSUMOS;1100.0;1100.0;PLIEGOS;-0.089419176;Couche;LOCAL
Papel;100600032;Papel Couche Brillante B-100 -- 140 gramos  25 x 36;10/03/2026;CONSUMOS;150.0;150.0;PLIEGOS;-0.012193524;Couche;LOCAL
Papel;100600032;Papel Couche Brillante B-100 -- 140 gramos  25 x 36;10/03/2026;CONSUMOS;-1100.0;1100.0;PLIEGOS;0.089419176;Couche;LOCAL
Papel;100600032;Papel Couche Brillante B-100 -- 140 gramos  25 x 36;10/03/2026;CONSUMOS;-150.0;150.0;PLIEGOS;0.012193524;Couche;LOCAL
Papel;100600032;Papel Couche Brillante B-100 -- 140 gramos  25 x 36;11/03/2026;CONSUMOS;500.0;500.0;PLIEGOS;-0.04064508;Couche;LOCAL
Papel;100600032;Papel Couche Brillante B-100 -- 140 gramos  25 x 36;11/03/2026;CONSUMOS;-500.0;500.0;PLIEGOS;0.04064508;Couche;LOCAL
Papel;100600032;Papel Couche Brillante B-100 -- 140 gramos  25 x 36;11/03/2026;CONSUMOS;-300.0;300.0;PLIEGOS;0.024387048;Couche;LOCAL
Papel;100600032;Papel Couche Brillante B-100 -- 140 gramos  25 x 36;11/03/2026;CONSUMOS;-2250.0;2250.0;PLIEGOS;0.18290286;Couche;LOCAL
Papel;100600032;Papel Couche Brillante B-100 -- 140 gramos  25 x 36;12/03/2026;CONSUMOS;-1030.0;1030.0;PLIEGOS;0.083728865;Couche;LOCAL
Papel;100600032;Papel Couche Brillante B-100 -- 140 gramos  25 x 36;13/03/2026;INGRESOS;1000.0;1000.0;PLIEGOS;0.08129016;Couche;LOCAL
Papel;100600032;Papel Couche Brillante B-100 -- 140 gramos  25 x 36;13/03/2026;INGRESOS;2000.0;2000.0;PLIEGOS;0.16258032;Couche;LOCAL
Papel;100600032;Papel Couche Brillante B-100 -- 140 gramos  25 x 36;16/03/2026;CONSUMOS;-900.0;900.0;PLIEGOS;0.073161144;Couche;LOCAL
Papel;100600032;Papel Couche Brillante B-100 -- 140 gramos  25 x 36;16/03/2026;CONSUMOS;-1800.0;1800.0;PLIEGOS;0.146322288;Couche;LOCAL
Papel;100600032;Papel Couche Brillante B-100 -- 140 gramos  25 x 36;18/03/2026;INGRESOS;750.0;750.0;PLIEGOS;0.06096762;Couche;LOCAL
Papel;100600032;Papel Couche Brillante B-100 -- 140 gramos  25 x 36;20/03/2026;CONSUMOS;-600.0;600.0;PLIEGOS;0.048774096;Couche;LOCAL
Papel;100600032;Papel Couche Brillante B-100 -- 140 gramos  25 x 36;26/03/2026;CONSUMOS;-67.0;67.0;PLIEGOS;0.005446441;Couche;LOCAL
Papel;100600033;Papel Couche Brillante B-100 -- 140 gramos  25 x 38;4/03/2026;INGRESOS;250.0;250.0;PLIEGOS;0.02145157;Couche;LOCAL
Papel;100600033;Papel Couche Brillante B-100 -- 140 gramos  25 x 38;7/03/2026;CONSUMOS;-330.0;330.0;PLIEGOS;0.028316072;Couche;LOCAL
Papel;100600033;Papel Couche Brillante B-100 -- 140 gramos  25 x 38;7/03/2026;CONSUMOS;-85.0;85.0;PLIEGOS;0.007293534;Couche;LOCAL
Papel;100600033;Papel Couche Brillante B-100 -- 140 gramos  25 x 38;10/03/2026;INGRESOS;750.0;750.0;PLIEGOS;0.06435471;Couche;LOCAL
Papel;100600033;Papel Couche Brillante B-100 -- 140 gramos  25 x 38;10/03/2026;INGRESOS;4250.0;4250.0;PLIEGOS;0.36467669;Couche;LOCAL
Papel;100600033;Papel Couche Brillante B-100 -- 140 gramos  25 x 38;10/03/2026;CONSUMOS;-4200.0;4200.0;PLIEGOS;0.360386376;Couche;LOCAL
Papel;100600033;Papel Couche Brillante B-100 -- 140 gramos  25 x 38;11/03/2026;CONSUMOS;-600.0;600.0;PLIEGOS;0.051483768;Couche;LOCAL
Papel;100600033;Papel Couche Brillante B-100 -- 140 gramos  25 x 38;11/03/2026;CONSUMOS;-50.0;50.0;PLIEGOS;0.004290314;Couche;LOCAL
Papel;100600033;Papel Couche Brillante B-100 -- 140 gramos  25 x 38;12/03/2026;CONSUMOS;-54.0;54.0;PLIEGOS;0.004633539;Couche;LOCAL
Papel;100600033;Papel Couche Brillante B-100 -- 140 gramos  25 x 38;24/03/2026;CONSUMOS;-50.0;50.0;PLIEGOS;0.004290314;Couche;LOCAL
Papel;100600033;Papel Couche Brillante B-100 -- 140 gramos  25 x 38;27/03/2026;INGRESOS;1250.0;1250.0;PLIEGOS;0.10725785;Couche;LOCAL
Papel;100600034;Papel Couche Brillante B-100 -- 140 gramos  30 x 40;4/03/2026;INGRESOS;7000.0;7000.0;PLIEGOS;0.75870816;Couche;LOCAL
Papel;100600034;Papel Couche Brillante B-100 -- 140 gramos  30 x 40;4/03/2026;CONSUMOS;-6600.0;6600.0;PLIEGOS;0.715353408;Couche;LOCAL
Papel;100600034;Papel Couche Brillante B-100 -- 140 gramos  30 x 40;4/03/2026;CONSUMOS;-400.0;400.0;PLIEGOS;0.043354752;Couche;LOCAL
Papel;100600034;Papel Couche Brillante B-100 -- 140 gramos  30 x 40;10/03/2026;CONSUMOS;6600.0;6600.0;PLIEGOS;-0.715353408;Couche;LOCAL
Papel;100600034;Papel Couche Brillante B-100 -- 140 gramos  30 x 40;10/03/2026;CONSUMOS;400.0;400.0;PLIEGOS;-0.043354752;Couche;LOCAL
Papel;100600034;Papel Couche Brillante B-100 -- 140 gramos  30 x 40;10/03/2026;CONSUMOS;-6600.0;6600.0;PLIEGOS;0.715353408;Couche;LOCAL
Papel;100600034;Papel Couche Brillante B-100 -- 140 gramos  30 x 40;10/03/2026;CONSUMOS;-400.0;400.0;PLIEGOS;0.043354752;Couche;LOCAL
Papel;100600034;Papel Couche Brillante B-100 -- 140 gramos  30 x 40;16/03/2026;INGRESOS;2750.0;2750.0;PLIEGOS;0.29806392;Couche;LOCAL
Papel;100600034;Papel Couche Brillante B-100 -- 140 gramos  30 x 40;18/03/2026;CONSUMOS;-2750.0;2750.0;PLIEGOS;0.29806392;Couche;LOCAL
Papel;100600043;Papel Bond 75 gramos -- 26 x 38;11/03/2026;CONSUMOS;-400.0;400.0;PLIEGOS;0.019122542;Bond;LOCAL
Papel;100600090;Papel Couche Mate B-80 -- 115 gramos  26 x 38;17/03/2026;INGRESOS;12000.0;12000.0;PLIEGOS;0.87963695;Couche;LOCAL
Papel;100600090;Papel Couche Mate B-80 -- 115 gramos  26 x 38;18/03/2026;CONSUMOS;-4300.0;4300.0;PLIEGOS;0.315203241;Couche;LOCAL
Papel;100600090;Papel Couche Mate B-80 -- 115 gramos  26 x 38;18/03/2026;CONSUMOS;-8300.0;8300.0;PLIEGOS;0.608415557;Couche;LOCAL
Cartulina;100600093;Cartulina Husky C-8 -- 200 gramos 25 x 38;4/03/2026;INGRESOS;400.0;400.0;PLIEGOS;0.049022;C8-25H;LOCAL
Cartulina;100600093;Cartulina Husky C-8 -- 200 gramos 25 x 38;5/03/2026;CONSUMOS;-300.0;300.0;PLIEGOS;0.0367665;C8-25H;LOCAL
Cartulina;100600093;Cartulina Husky C-8 -- 200 gramos 25 x 38;11/03/2026;CONSUMOS;-96.0;96.0;PLIEGOS;0.01176528;C8-25H;LOCAL
Cartulina;100600093;Cartulina Husky C-8 -- 200 gramos 25 x 38;20/03/2026;CONSUMOS;-67.0;67.0;PLIEGOS;0.008211185;C8-25H;LOCAL
Cartulina;100600094;Rollo Cartulina CMPC RC --  C - 18 265 g ancho 25;16/03/2026;CONSUMOS;-3296.0;3296.0;METROS;0.5546344;CMPC RC;IMPORTACION
Cartulina;100600094;Rollo Cartulina CMPC RC --  C - 18 265 g ancho 25;19/03/2026;CONSUMOS;-1869.0;1869.0;METROS;0.314505975;CMPC RC;IMPORTACION
Cartulina;100600094;Rollo Cartulina CMPC RC --  C - 18 265 g ancho 25;19/03/2026;CONSUMOS;-7827.0;7827.0;METROS;1.317088425;CMPC RC;IMPORTACION
Cartulina;100600094;Rollo Cartulina CMPC RC --  C - 18 265 g ancho 25;19/03/2026;CONSUMOS;-1869.0;1869.0;METROS;0.314505975;CMPC RC;IMPORTACION
Papel;100600101;Papel Bond 60 gramos -- 22 x 34;16/03/2026;CONSUMOS;-1700.0;1700.0;PLIEGOS;0.049118508;Bond;LOCAL
Papel;100600106;Papel Bond 60 gramos -- 26 x 34;5/03/2026;CONSUMOS;-100.0;100.0;PLIEGOS;0.00341748;Bond;LOCAL
Papel;100600106;Papel Bond 60 gramos -- 26 x 34;5/03/2026;CONSUMOS;-200.0;200.0;PLIEGOS;0.00683496;Bond;LOCAL
Papel;100600106;Papel Bond 60 gramos -- 26 x 34;18/03/2026;INGRESOS;104500.0;104500.0;PLIEGOS;3.5712666;Bond;LOCAL
Papel;100600106;Papel Bond 60 gramos -- 26 x 34;20/03/2026;CONSUMOS;-104500.0;104500.0;PLIEGOS;3.5712666;Bond;LOCAL
Papel;100600107;Papel Bond 70 gramos -- 26 x 34;16/03/2026;INGRESOS;120000.0;120000.0;PLIEGOS;4.784472;Bond;LOCAL
Papel;100600107;Papel Bond 70 gramos -- 26 x 34;18/03/2026;CONSUMOS;-120000.0;120000.0;PLIEGOS;4.784472;Bond;LOCAL
Papel;100600167;Papel Couche Mate B-80 -- 115 gramos  25 x 36;17/03/2026;INGRESOS;3000.0;3000.0;PLIEGOS;0.20032218;Couche;LOCAL
Papel;100600167;Papel Couche Mate B-80 -- 115 gramos  25 x 36;18/03/2026;CONSUMOS;-3000.0;3000.0;PLIEGOS;0.20032218;Couche;LOCAL
Cartulina;100700009;Cartulina Kraft -- C-15 225 gramos 38 x 23;23/03/2026;INGRESOS;9200.0;9200.0;hoja(s);1.167210569;Kraft;IMPORTACION
Cartulina;100700009;Cartulina Kraft -- C-15 225 gramos 38 x 23;23/03/2026;INGRESOS;68700.0;68700.0;hoja(s);8.716018052;Kraft;IMPORTACION
Cartulina;100700009;Cartulina Kraft -- C-15 225 gramos 38 x 23;25/03/2026;CONSUMOS;-68700.0;68700.0;hoja(s);8.716018052;Kraft;IMPORTACION
Cartulina;100700009;Cartulina Kraft -- C-15 225 gramos 38 x 23;26/03/2026;CONSUMOS;-9200.0;9200.0;hoja(s);1.167210569;Kraft;IMPORTACION
Papel;100700020;"""""Papel Kraft Natural B-81 -- 24 x 36""""""""""";13/03/2026;INGRESOS;500.0;500.0;hoja(s);0.022575439;KRAFT;IMPORTACION
Cartulina;100300001;Cartulina Husky -- C-8 200 gramos 25 x 36;8/04/2026;INGRESOS;27200.0;27200.0;hoja(s);3.15870336;C8-25H;LOCAL
Cartulina;100300001;Cartulina Husky -- C-8 200 gramos 25 x 36;9/04/2026;CONSUMOS;27200.0;27200.0;hoja(s);3.15870336;C8-25H;LOCAL
Cartulina;100300001;Cartulina Husky -- C-8 200 gramos 25 x 36;23/04/2026;INGRESOS;1000.0;1000.0;hoja(s);0.1161288;C8-25H;LOCAL
Cartulina;100300001;Cartulina Husky -- C-8 200 gramos 25 x 36;24/04/2026;CONSUMOS;1000.0;1000.0;hoja(s);0.1161288;C8-25H;LOCAL
Cartulina;100300002;Cartulina Husky -- C-8 190 gramos 25 x 38;15/04/2026;CONSUMOS;100.0;100.0;hoja(s);0.011645138;C8-25H;LOCAL
Cartulina;100300005;Cartulina Husky -- C-10 230 gramos 25 x 38;14/04/2026;INGRESOS;500.0;500.0;hoja(s);0.070469125;C10-25H;LOCAL
Cartulina;100300005;Cartulina Husky -- C-10 230 gramos 25 x 38;15/04/2026;INGRESOS;8000.0;8000.0;hoja(s);1.127506;C10-25H;LOCAL
Cartulina;100300005;Cartulina Husky -- C-10 230 gramos 25 x 38;15/04/2026;CONSUMOS;320.0;320.0;hoja(s);0.04510024;C10-25H;LOCAL
Cartulina;100300005;Cartulina Husky -- C-10 230 gramos 25 x 38;15/04/2026;CONSUMOS;110.0;110.0;hoja(s);0.015503208;C10-25H;LOCAL
Cartulina;100300005;Cartulina Husky -- C-10 230 gramos 25 x 38;15/04/2026;CONSUMOS;8000.0;8000.0;hoja(s);1.127506;C10-25H;LOCAL
Cartulina;100300005;Cartulina Husky -- C-10 230 gramos 25 x 38;17/04/2026;INGRESOS;700.0;700.0;hoja(s);0.098656775;C10-25H;LOCAL
Cartulina;100300005;Cartulina Husky -- C-10 230 gramos 25 x 38;18/04/2026;CONSUMOS;700.0;700.0;hoja(s);0.098656775;C10-25H;LOCAL
Cartulina;100300005;Cartulina Husky -- C-10 230 gramos 25 x 38;21/04/2026;CONSUMOS;25.0;25.0;hoja(s);0.003523456;C10-25H;LOCAL
Cartulina;100300005;Cartulina Husky -- C-10 230 gramos 25 x 38;23/04/2026;INGRESOS;23000.0;23000.0;hoja(s);3.24157975;C10-25H;LOCAL
Cartulina;100300005;Cartulina Husky -- C-10 230 gramos 25 x 38;24/04/2026;CONSUMOS;23000.0;23000.0;hoja(s);3.24157975;C10-25H;LOCAL
Cartulina;100300005;Cartulina Husky -- C-10 230 gramos 25 x 38;28/04/2026;CONSUMOS;52.0;52.0;hoja(s);0.007328789;C10-25H;LOCAL
Cartulina;100300009;Cartulina Husky -- C-12 270 gramos 25 x 38;7/04/2026;INGRESOS;1200.0;1200.0;hoja(s);0.1985391;C12-25H;LOCAL
Cartulina;100300009;Cartulina Husky -- C-12 270 gramos 25 x 38;7/04/2026;CONSUMOS;1200.0;1200.0;hoja(s);0.1985391;C12-25H;LOCAL
Cartulina;100300009;Cartulina Husky -- C-12 270 gramos 25 x 38;8/04/2026;INGRESOS;100.0;100.0;hoja(s);0.016544925;C12-25H;LOCAL
Cartulina;100300009;Cartulina Husky -- C-12 270 gramos 25 x 38;9/04/2026;CONSUMOS;100.0;100.0;hoja(s);0.016544925;C12-25H;LOCAL
Cartulina;100300009;Cartulina Husky -- C-12 270 gramos 25 x 38;14/04/2026;INGRESOS;500.0;500.0;hoja(s);0.082724625;C12-25H;LOCAL
Cartulina;100300009;Cartulina Husky -- C-12 270 gramos 25 x 38;15/04/2026;INGRESOS;300.0;300.0;hoja(s);0.049634775;C12-25H;LOCAL
Cartulina;100300009;Cartulina Husky -- C-12 270 gramos 25 x 38;15/04/2026;CONSUMOS;200.0;200.0;hoja(s);0.03308985;C12-25H;LOCAL
Cartulina;100300009;Cartulina Husky -- C-12 270 gramos 25 x 38;15/04/2026;CONSUMOS;50.0;50.0;hoja(s);0.008272463;C12-25H;LOCAL
Cartulina;100300009;Cartulina Husky -- C-12 270 gramos 25 x 38;23/04/2026;CONSUMOS;620.0;620.0;hoja(s);0.102578535;C12-25H;LOCAL
Cartulina;100300009;Cartulina Husky -- C-12 270 gramos 25 x 38;23/04/2026;INGRESOS;100.0;100.0;hoja(s);0.016544925;C12-25H;LOCAL
Cartulina;100300011;Cartulina Husky -- C-14 300 gramos 25 x 38;24/04/2026;INGRESOS;100.0;100.0;hoja(s);0.01838706;C14-25H;LOCAL
Cartulina;100300011;Cartulina Husky -- C-14 300 gramos 25 x 38;27/04/2026;CONSUMOS;60.0;60.0;hoja(s);0.011032236;C14-25H;LOCAL
Cartulina;100300011;Cartulina Husky -- C-14 300 gramos 25 x 38;28/04/2026;INGRESOS;900.0;900.0;hoja(s);0.16548354;C14-25H;LOCAL
Cartulina;100300011;Cartulina Husky -- C-14 300 gramos 25 x 38;28/04/2026;CONSUMOS;900.0;900.0;hoja(s);0.16548354;C14-25H;LOCAL
Cartulina;100300012;Cartulina Husky -- C-14 300 gramos 30 x 40;21/04/2026;CONSUMOS;65.0;65.0;hoja(s);0.015096744;C14-30H;LOCAL
Cartulina;100300012;Cartulina Husky -- C-14 300 gramos 30 x 40;21/04/2026;CONSUMOS;63.0;63.0;hoja(s);0.014632229;C14-30H;LOCAL
Cartulina;100300013;Cartulina Husky -- C-16 350 gramos 25 x 38;7/04/2026;CONSUMOS;120.0;120.0;hoja(s);0.02573655;C16-25H;LOCAL
Cartulina;100300013;Cartulina Husky -- C-16 350 gramos 25 x 38;17/04/2026;INGRESOS;12100.0;12100.0;hoja(s);2.595102125;C16-25H;LOCAL
Cartulina;100300013;Cartulina Husky -- C-16 350 gramos 25 x 38;18/04/2026;CONSUMOS;400.0;400.0;hoja(s);0.0857885;C16-25H;LOCAL
Cartulina;100300013;Cartulina Husky -- C-16 350 gramos 25 x 38;18/04/2026;CONSUMOS;5800.0;5800.0;hoja(s);1.24393325;C16-25H;LOCAL
Cartulina;100300013;Cartulina Husky -- C-16 350 gramos 25 x 38;23/04/2026;CONSUMOS;600.0;600.0;hoja(s);0.12868275;C16-25H;LOCAL
Cartulina;100300013;Cartulina Husky -- C-16 350 gramos 25 x 38;28/04/2026;CONSUMOS;48.0;48.0;hoja(s);0.01029462;C16-25H;LOCAL
Cartulina;100300013;Cartulina Husky -- C-16 350 gramos 25 x 38;29/04/2026;CONSUMOS;100.0;100.0;hoja(s);0.021447125;C16-25H;LOCAL
Cartulina;100300298;Cartulina FBB Zenith LOCAL -- C-14 235 gramos 25 x 38;9/04/2026;CONSUMOS;750.0;750.0;hoja(s);0.108001594;C14-25;LOCAL
Cartulina;100300298;Cartulina FBB Zenith LOCAL -- C-14 235 gramos 25 x 38;13/04/2026;CONSUMOS;1435.0;1435.0;hoja(s);0.206643049;C14-25;LOCAL
Cartulina;100300704;Cartulina FBB Zenith LOCAL -- C-16 270 gramos 25 x 36;7/04/2026;CONSUMOS;600.0;600.0;hoja(s);0.09402318;C16-25;LOCAL
Cartulina;100300709;Cartulina FBB Zenith LOCAL -- C-16 270 gramos 25 x 38;7/04/2026;INGRESOS;2000.0;2000.0;hoja(s);0.33096708;C16-25;LOCAL
Cartulina;100300709;Cartulina FBB Zenith LOCAL -- C-16 270 gramos 25 x 38;9/04/2026;CONSUMOS;2000.0;2000.0;hoja(s);0.33096708;C16-25;LOCAL
Cartulina;100300709;Cartulina FBB Zenith LOCAL -- C-16 270 gramos 25 x 38;17/04/2026;INGRESOS;600.0;600.0;hoja(s);0.099290124;C16-25;LOCAL
Cartulina;100300709;Cartulina FBB Zenith LOCAL -- C-16 270 gramos 25 x 38;18/04/2026;CONSUMOS;600.0;600.0;hoja(s);0.099290124;C16-25;LOCAL
Cartulina;100300709;Cartulina FBB Zenith LOCAL -- C-16 270 gramos 25 x 38;24/04/2026;INGRESOS;700.0;700.0;hoja(s);0.115838478;C16-25;LOCAL
Cartulina;100300709;Cartulina FBB Zenith LOCAL -- C-16 270 gramos 25 x 38;27/04/2026;CONSUMOS;700.0;700.0;hoja(s);0.115838478;C16-25;LOCAL
Cartulina;100300996;Cartulina FBB Zenith LOCAL -- C-18 295 gramos 25 x 36;7/04/2026;INGRESOS;1600.0;1600.0;hoja(s);0.274063968;C18-25;LOCAL
Cartulina;100300996;Cartulina FBB Zenith LOCAL -- C-18 295 gramos 25 x 36;14/04/2026;INGRESOS;31000.0;31000.0;hoja(s);5.30998938;C18-25;LOCAL
Cartulina;100300996;Cartulina FBB Zenith LOCAL -- C-18 295 gramos 25 x 36;15/04/2026;INGRESOS;30600.0;30600.0;hoja(s);5.241473388;C18-25;LOCAL
Cartulina;100300996;Cartulina FBB Zenith LOCAL -- C-18 295 gramos 25 x 36;15/04/2026;CONSUMOS;17600.0;17600.0;hoja(s);3.014703648;C18-25;LOCAL
Cartulina;100300996;Cartulina FBB Zenith LOCAL -- C-18 295 gramos 25 x 36;15/04/2026;CONSUMOS;13400.0;13400.0;hoja(s);2.295285732;C18-25;LOCAL
Cartulina;100300996;Cartulina FBB Zenith LOCAL -- C-18 295 gramos 25 x 36;15/04/2026;CONSUMOS;5675.0;5675.0;hoja(s);0.972070637;C18-25;LOCAL
Cartulina;100300996;Cartulina FBB Zenith LOCAL -- C-18 295 gramos 25 x 36;15/04/2026;CONSUMOS;21500.0;21500.0;hoja(s);3.68273457;C18-25;LOCAL
Cartulina;100300996;Cartulina FBB Zenith LOCAL -- C-18 295 gramos 25 x 36;15/04/2026;CONSUMOS;2400.0;2400.0;hoja(s);0.411095952;C18-25;LOCAL
Cartulina;100300996;Cartulina FBB Zenith LOCAL -- C-18 295 gramos 25 x 36;21/04/2026;INGRESOS;2300.0;2300.0;hoja(s);0.393966954;C18-25;LOCAL
Cartulina;100300996;Cartulina FBB Zenith LOCAL -- C-18 295 gramos 25 x 36;21/04/2026;CONSUMOS;1115.0;1115.0;hoja(s);0.190988328;C18-25;LOCAL
Cartulina;100300996;Cartulina FBB Zenith LOCAL -- C-18 295 gramos 25 x 36;21/04/2026;CONSUMOS;3200.0;3200.0;hoja(s);0.548127936;C18-25;LOCAL
Cartulina;100301001;Cartulina FBB Zenith LOCAL -- C-18 295 gramos 25 x 38;7/04/2026;INGRESOS;6800.0;6800.0;hoja(s);1.229481412;C18-25;LOCAL
Cartulina;100301001;Cartulina FBB Zenith LOCAL -- C-18 295 gramos 25 x 38;7/04/2026;INGRESOS;18600.0;18600.0;hoja(s);3.362993274;C18-25;LOCAL
Cartulina;100301001;Cartulina FBB Zenith LOCAL -- C-18 295 gramos 25 x 38;7/04/2026;CONSUMOS;3200.0;3200.0;hoja(s);0.578579488;C18-25;LOCAL
Cartulina;100301001;Cartulina FBB Zenith LOCAL -- C-18 295 gramos 25 x 38;7/04/2026;CONSUMOS;3600.0;3600.0;hoja(s);0.650901924;C18-25;LOCAL
Cartulina;100301001;Cartulina FBB Zenith LOCAL -- C-18 295 gramos 25 x 38;9/04/2026;CONSUMOS;18600.0;18600.0;hoja(s);3.362993274;C18-25;LOCAL
Cartulina;100301001;Cartulina FBB Zenith LOCAL -- C-18 295 gramos 25 x 38;15/04/2026;INGRESOS;22900.0;22900.0;hoja(s);4.140459461;C18-25;LOCAL
Cartulina;100301001;Cartulina FBB Zenith LOCAL -- C-18 295 gramos 25 x 38;15/04/2026;CONSUMOS;1900.0;1900.0;hoja(s);0.343531571;C18-25;LOCAL
Cartulina;100301001;Cartulina FBB Zenith LOCAL -- C-18 295 gramos 25 x 38;15/04/2026;CONSUMOS;21000.0;21000.0;hoja(s);3.79692789;C18-25;LOCAL
Cartulina;100301001;Cartulina FBB Zenith LOCAL -- C-18 295 gramos 25 x 38;21/04/2026;INGRESOS;600.0;600.0;hoja(s);0.108483654;C18-25;LOCAL
Cartulina;100301001;Cartulina FBB Zenith LOCAL -- C-18 295 gramos 25 x 38;21/04/2026;CONSUMOS;600.0;600.0;hoja(s);0.108483654;C18-25;LOCAL
Cartulina;100301001;Cartulina FBB Zenith LOCAL -- C-18 295 gramos 25 x 38;28/04/2026;INGRESOS;4900.0;4900.0;hoja(s);0.885949841;C18-25;LOCAL
Cartulina;100301001;Cartulina FBB Zenith LOCAL -- C-18 295 gramos 25 x 38;28/04/2026;CONSUMOS;4900.0;4900.0;hoja(s);0.885949841;C18-25;LOCAL
Cartulina;100301046;Cartulina FBB Zenith LOCAL -- C-18 295 gramos 30 x 40;7/04/2026;INGRESOS;4200.0;4200.0;hoja(s);0.959223888;C18-30;LOCAL
Cartulina;100301046;Cartulina FBB Zenith LOCAL -- C-18 295 gramos 30 x 40;9/04/2026;CONSUMOS;4200.0;4200.0;hoja(s);0.959223888;C18-30;LOCAL
Cartulina;100301046;Cartulina FBB Zenith LOCAL -- C-18 295 gramos 30 x 40;15/04/2026;INGRESOS;10800.0;10800.0;hoja(s);2.466575712;C18-30;LOCAL
Cartulina;100301046;Cartulina FBB Zenith LOCAL -- C-18 295 gramos 30 x 40;15/04/2026;CONSUMOS;10800.0;10800.0;hoja(s);2.466575712;C18-30;LOCAL
Cartulina;100301046;Cartulina FBB Zenith LOCAL -- C-18 295 gramos 30 x 40;17/04/2026;INGRESOS;5000.0;5000.0;hoja(s);1.1419332;C18-30;LOCAL
Cartulina;100301046;Cartulina FBB Zenith LOCAL -- C-18 295 gramos 30 x 40;18/04/2026;CONSUMOS;5000.0;5000.0;hoja(s);1.1419332;C18-30;LOCAL
Cartulina;100301046;Cartulina FBB Zenith LOCAL -- C-18 295 gramos 30 x 40;24/04/2026;INGRESOS;4200.0;4200.0;hoja(s);0.959223888;C18-30;LOCAL
Cartulina;100301046;Cartulina FBB Zenith LOCAL -- C-18 295 gramos 30 x 40;27/04/2026;CONSUMOS;4200.0;4200.0;hoja(s);0.959223888;C18-30;LOCAL
Cartulina;100301046;Cartulina FBB Zenith LOCAL -- C-18 295 gramos 30 x 40;28/04/2026;INGRESOS;3900.0;3900.0;hoja(s);0.890707896;C18-30;LOCAL
Cartulina;100301046;Cartulina FBB Zenith LOCAL -- C-18 295 gramos 30 x 40;28/04/2026;CONSUMOS;3900.0;3900.0;hoja(s);0.890707896;C18-30;LOCAL
Cartulina;100301261;Cartulina FBB Zenith LOCAL -- C-20 325 gramos 25 x 38;20/04/2026;INGRESOS;11300.0;11300.0;hoja(s);2.250882595;C20-25;LOCAL
Cartulina;100301261;Cartulina FBB Zenith LOCAL -- C-20 325 gramos 25 x 38;21/04/2026;CONSUMOS;11300.0;11300.0;hoja(s);2.250882595;C20-25;LOCAL
Cartulina;100301356;Rollo Cartulina ASIA SYMBOL C-16 270 g ancho 25;7/04/2026;CONSUMOS;1936.0;1936.0;METROS;0.3319272;C16-25;IMPORTACION
Cartulina;100301356;Rollo Cartulina ASIA SYMBOL C-16 270 g ancho 25;7/04/2026;CONSUMOS;2621.0;2621.0;METROS;0.44937045;C16-25;IMPORTACION
Cartulina;100301356;Rollo Cartulina ASIA SYMBOL C-16 270 g ancho 25;7/04/2026;CONSUMOS;1678.0;1678.0;METROS;0.2876931;C16-25;IMPORTACION
Cartulina;100301356;Rollo Cartulina ASIA SYMBOL C-16 270 g ancho 25;7/04/2026;CONSUMOS;244.0;244.0;METROS;0.0418338;C16-25;IMPORTACION
Cartulina;100301356;Rollo Cartulina ASIA SYMBOL C-16 270 g ancho 25;7/04/2026;CONSUMOS;7544.0;7544.0;METROS;1.2934188;C16-25;IMPORTACION
Cartulina;100301356;Rollo Cartulina ASIA SYMBOL C-16 270 g ancho 25;7/04/2026;CONSUMOS;2034.0;2034.0;METROS;0.3487293;C16-25;IMPORTACION
Cartulina;100301356;Rollo Cartulina ASIA SYMBOL C-16 270 g ancho 25;7/04/2026;CONSUMOS;946.0;946.0;METROS;0.1621917;C16-25;IMPORTACION
Cartulina;100301356;Rollo Cartulina ASIA SYMBOL C-16 270 g ancho 25;9/04/2026;CONSUMOS;5387.0;5387.0;METROS;0.92360115;C16-25;IMPORTACION
Cartulina;100301356;Rollo Cartulina ASIA SYMBOL C-16 270 g ancho 25;9/04/2026;CONSUMOS;337.0;337.0;METROS;0.05777865;C16-25;IMPORTACION
Cartulina;100301356;Rollo Cartulina ASIA SYMBOL C-16 270 g ancho 25;9/04/2026;CONSUMOS;2143.0;2143.0;METROS;0.36741735;C16-25;IMPORTACION
Cartulina;100301356;Rollo Cartulina ASIA SYMBOL C-16 270 g ancho 25;9/04/2026;CONSUMOS;215.0;215.0;METROS;0.03686175;C16-25;IMPORTACION
Cartulina;100301356;Rollo Cartulina ASIA SYMBOL C-16 270 g ancho 25;13/04/2026;CONSUMOS;2143.0;2143.0;METROS;0.36741735;C16-25;IMPORTACION
Cartulina;100301356;Rollo Cartulina ASIA SYMBOL C-16 270 g ancho 25;16/04/2026;CONSUMOS;1646.0;1646.0;METROS;0.2822067;C16-25;IMPORTACION
Cartulina;100301356;Rollo Cartulina ASIA SYMBOL C-16 270 g ancho 25;16/04/2026;CONSUMOS;8848.0;8848.0;METROS;1.5169896;C16-25;IMPORTACION
Cartulina;100301356;Rollo Cartulina ASIA SYMBOL C-16 270 g ancho 25;16/04/2026;CONSUMOS;19533.0;19533.0;METROS;3.34893285;C16-25;IMPORTACION
Cartulina;100301356;Rollo Cartulina ASIA SYMBOL C-16 270 g ancho 25;16/04/2026;CONSUMOS;5642.0;5642.0;METROS;0.9673209;C16-25;IMPORTACION
Cartulina;100301356;Rollo Cartulina ASIA SYMBOL C-16 270 g ancho 25;16/04/2026;CONSUMOS;3135.0;3135.0;METROS;0.53749575;C16-25;IMPORTACION
Cartulina;100301356;Rollo Cartulina ASIA SYMBOL C-16 270 g ancho 25;16/04/2026;CONSUMOS;1914.0;1914.0;METROS;0.3281553;C16-25;IMPORTACION
Cartulina;100301356;Rollo Cartulina ASIA SYMBOL C-16 270 g ancho 25;16/04/2026;CONSUMOS;5676.0;5676.0;METROS;0.9731502;C16-25;IMPORTACION
Cartulina;100301356;Rollo Cartulina ASIA SYMBOL C-16 270 g ancho 25;16/04/2026;CONSUMOS;2116.0;2116.0;METROS;0.3627882;C16-25;IMPORTACION
Cartulina;100301356;Rollo Cartulina ASIA SYMBOL C-16 270 g ancho 25;16/04/2026;CONSUMOS;1483.0;1483.0;METROS;0.25426035;C16-25;IMPORTACION
Cartulina;100301356;Rollo Cartulina ASIA SYMBOL C-16 270 g ancho 25;16/04/2026;CONSUMOS;1906.0;1906.0;METROS;0.3267837;C16-25;IMPORTACION
Cartulina;100301356;Rollo Cartulina ASIA SYMBOL C-16 270 g ancho 25;16/04/2026;CONSUMOS;1554.0;1554.0;METROS;0.2664333;C16-25;IMPORTACION
Cartulina;100301356;Rollo Cartulina ASIA SYMBOL C-16 270 g ancho 25;20/04/2026;CONSUMOS;2785.0;2785.0;METROS;0.47748825;C16-25;IMPORTACION
Cartulina;100301356;Rollo Cartulina ASIA SYMBOL C-16 270 g ancho 25;20/04/2026;CONSUMOS;2282.0;2282.0;METROS;0.3912489;C16-25;IMPORTACION
Cartulina;100301356;Rollo Cartulina ASIA SYMBOL C-16 270 g ancho 25;20/04/2026;CONSUMOS;2022.0;2022.0;METROS;0.3466719;C16-25;IMPORTACION
Cartulina;100301356;Rollo Cartulina ASIA SYMBOL C-16 270 g ancho 25;20/04/2026;CONSUMOS;2782.0;2782.0;METROS;0.4769739;C16-25;IMPORTACION
Cartulina;100301356;Rollo Cartulina ASIA SYMBOL C-16 270 g ancho 25;20/04/2026;CONSUMOS;806.0;806.0;METROS;0.1381887;C16-25;IMPORTACION
Cartulina;100301356;Rollo Cartulina ASIA SYMBOL C-16 270 g ancho 25;20/04/2026;CONSUMOS;2129.0;2129.0;METROS;0.36501705;C16-25;IMPORTACION
Cartulina;100301356;Rollo Cartulina ASIA SYMBOL C-16 270 g ancho 25;20/04/2026;CONSUMOS;4491.0;4491.0;METROS;0.76998195;C16-25;IMPORTACION
Cartulina;100301356;Rollo Cartulina ASIA SYMBOL C-16 270 g ancho 25;21/04/2026;CONSUMOS;2850.0;2850.0;METROS;0.4886325;C16-25;IMPORTACION
Cartulina;100301356;Rollo Cartulina ASIA SYMBOL C-16 270 g ancho 25;21/04/2026;CONSUMOS;2397.0;2397.0;METROS;0.41096565;C16-25;IMPORTACION
Cartulina;100301356;Rollo Cartulina ASIA SYMBOL C-16 270 g ancho 25;21/04/2026;CONSUMOS;1405.0;1405.0;METROS;0.24088725;C16-25;IMPORTACION
Cartulina;100301356;Rollo Cartulina ASIA SYMBOL C-16 270 g ancho 25;21/04/2026;CONSUMOS;1630.0;1630.0;METROS;0.2794635;C16-25;IMPORTACION
Cartulina;100301356;Rollo Cartulina ASIA SYMBOL C-16 270 g ancho 25;23/04/2026;CONSUMOS;12089.0;12089.0;METROS;2.07265905;C16-25;IMPORTACION
Cartulina;100301356;Rollo Cartulina ASIA SYMBOL C-16 270 g ancho 25;23/04/2026;CONSUMOS;3689.0;3689.0;METROS;0.63247905;C16-25;IMPORTACION
Cartulina;100301356;Rollo Cartulina ASIA SYMBOL C-16 270 g ancho 25;23/04/2026;CONSUMOS;3126.0;3126.0;METROS;0.5359527;C16-25;IMPORTACION
Cartulina;100301356;Rollo Cartulina ASIA SYMBOL C-16 270 g ancho 25;27/04/2026;CONSUMOS;353.0;353.0;METROS;0.06052185;C16-25;IMPORTACION
Cartulina;100301356;Rollo Cartulina ASIA SYMBOL C-16 270 g ancho 25;27/04/2026;CONSUMOS;1721.0;1721.0;METROS;0.29506545;C16-25;IMPORTACION
Cartulina;100301356;Rollo Cartulina ASIA SYMBOL C-16 270 g ancho 25;28/04/2026;CONSUMOS;4516.0;4516.0;METROS;0.7742682;C16-25;IMPORTACION
Cartulina;100301834;Rollo Cartulina ASIA SYMBOL C-16 270 g ancho 29;13/04/2026;CONSUMOS;1469.0;1469.0;METROS;0.29191968;C16-29;IMPORTACION
Cartulina;100301848;Rollo Cartulina ASIA SYMBOL C-20 325 g ancho 25;9/04/2026;CONSUMOS;3370.0;3370.0;METROS;0.69548375;C20-25;IMPORTACION
Cartulina;100301848;Rollo Cartulina ASIA SYMBOL C-20 325 g ancho 25;15/04/2026;CONSUMOS;1299.0;1299.0;METROS;0.268081125;C20-25;IMPORTACION
Cartulina;100301855;Rollo Cartulina Nine Dragons C - 16 255 g ancho 28.5;9/04/2026;CONSUMOS;400.0;400.0;METROS;0.06477;C16-29;IMPORTACION
Cartulina;100301856;Rollo Cartulina OBAFREE --  C - 18 265 g ancho 23;28/04/2026;CONSUMOS;22258.0;22258.0;METROS;3.44464808;C18-23;IMPORTACION
Cartulina;100301861;Rollo Cartulina ASIA SYMBOL C-14 235 g ancho 25.5;9/04/2026;CONSUMOS;2116.0;2116.0;METROS;0.32172722;C14-25.5;IMPORTACION
Cartulina;100301861;Rollo Cartulina ASIA SYMBOL C-14 235 g ancho 25.5;9/04/2026;CONSUMOS;278.0;278.0;METROS;0.04226851;C14-25.5;IMPORTACION
Cartulina;100301861;Rollo Cartulina ASIA SYMBOL C-14 235 g ancho 25.5;13/04/2026;CONSUMOS;2714.0;2714.0;METROS;0.41265013;C14-25.5;IMPORTACION
Cartulina;100301861;Rollo Cartulina ASIA SYMBOL C-14 235 g ancho 25.5;13/04/2026;CONSUMOS;2698.0;2698.0;METROS;0.41021741;C14-25.5;IMPORTACION
Cartulina;100301861;Rollo Cartulina ASIA SYMBOL C-14 235 g ancho 25.5;13/04/2026;CONSUMOS;1091.0;1091.0;METROS;0.165881095;C14-25.5;IMPORTACION
Cartulina;100301861;Rollo Cartulina ASIA SYMBOL C-14 235 g ancho 25.5;13/04/2026;CONSUMOS;1438.0;1438.0;METROS;0.21864071;C14-25.5;IMPORTACION
Cartulina;100301861;Rollo Cartulina ASIA SYMBOL C-14 235 g ancho 25.5;13/04/2026;CONSUMOS;1146.0;1146.0;METROS;0.17424357;C14-25.5;IMPORTACION
Cartulina;100301861;Rollo Cartulina ASIA SYMBOL C-14 235 g ancho 25.5;15/04/2026;CONSUMOS;4319.0;4319.0;METROS;0.656682355;C14-25.5;IMPORTACION
Cartulina;100301861;Rollo Cartulina ASIA SYMBOL C-14 235 g ancho 25.5;15/04/2026;CONSUMOS;4078.0;4078.0;METROS;0.62003951;C14-25.5;IMPORTACION
Cartulina;100301861;Rollo Cartulina ASIA SYMBOL C-14 235 g ancho 25.5;15/04/2026;CONSUMOS;7029.0;7029.0;METROS;1.068724305;C14-25.5;IMPORTACION
Cartulina;100301861;Rollo Cartulina ASIA SYMBOL C-14 235 g ancho 25.5;16/04/2026;CONSUMOS;6904.0;6904.0;METROS;1.04971868;C14-25.5;IMPORTACION
Cartulina;100301863;Rollo Cartulina ASIA SYMBOL C-14 235 g ancho 29;15/04/2026;CONSUMOS;2402.0;2402.0;METROS;0.41544992;C14-29;IMPORTACION
Cartulina;100301863;Rollo Cartulina ASIA SYMBOL C-14 235 g ancho 29;16/04/2026;CONSUMOS;11040.0;11040.0;METROS;1.9094784;C14-29;IMPORTACION
Cartulina;100301863;Rollo Cartulina ASIA SYMBOL C-14 235 g ancho 29;16/04/2026;CONSUMOS;1350.0;1350.0;METROS;0.233496;C14-29;IMPORTACION
Cartulina;100301863;Rollo Cartulina ASIA SYMBOL C-14 235 g ancho 29;16/04/2026;CONSUMOS;2867.0;2867.0;METROS;0.49587632;C14-29;IMPORTACION
Cartulina;100301863;Rollo Cartulina ASIA SYMBOL C-14 235 g ancho 29;17/04/2026;CONSUMOS;1134.0;1134.0;METROS;0.19613664;C14-29;IMPORTACION
Cartulina;100301869;Rollo Cartulina DUPLEX MIRABELL --  C - 17 320 g ancho 22;10/04/2026;CONSUMOS;52208.0;52208.0;METROS;9.32226048;COLGATE-150;IMPORTACION
Cartulina;100301869;Rollo Cartulina DUPLEX MIRABELL --  C - 17 320 g ancho 22;10/04/2026;CONSUMOS;739.0;739.0;METROS;0.13195584;COLGATE-150;IMPORTACION
Cartulina;100301901;Rollo Cartulina SBS CANDESCE -- C-24 407 g ancho 27.5 (29-89);9/04/2026;CONSUMOS;991.0;991.0;METROS;0.281529226;GILDAN;IMPORTACION
Cartulina;100301901;Rollo Cartulina SBS CANDESCE -- C-24 407 g ancho 27.5 (29-89);9/04/2026;CONSUMOS;67.0;67.0;METROS;0.019033762;GILDAN;IMPORTACION
Cartulina;100301902;Rollo Cartulina SBS CANDESCE -- C-24 407 g ancho 39 (29-89);8/04/2026;CONSUMOS;1018.0;1018.0;METROS;0.41018274;GILDAN;IMPORTACION
Cartulina;100301902;Rollo Cartulina SBS CANDESCE -- C-24 407 g ancho 39 (29-89);10/04/2026;CONSUMOS;153.0;153.0;METROS;0.06164829;GILDAN;IMPORTACION
Cartulina;100301902;Rollo Cartulina SBS CANDESCE -- C-24 407 g ancho 39 (29-89);10/04/2026;CONSUMOS;1240.0;1240.0;METROS;0.4996332;GILDAN;IMPORTACION
Cartulina;100301902;Rollo Cartulina SBS CANDESCE -- C-24 407 g ancho 39 (29-89);10/04/2026;CONSUMOS;1551.0;1551.0;METROS;0.62494443;GILDAN;IMPORTACION
Cartulina;100301902;Rollo Cartulina SBS CANDESCE -- C-24 407 g ancho 39 (29-89);10/04/2026;CONSUMOS;1261.0;1261.0;METROS;0.50809473;GILDAN;IMPORTACION
Cartulina;100301902;Rollo Cartulina SBS CANDESCE -- C-24 407 g ancho 39 (29-89);17/04/2026;CONSUMOS;2886.0;2886.0;METROS;1.16285598;GILDAN;IMPORTACION
Cartulina;100301902;Rollo Cartulina SBS CANDESCE -- C-24 407 g ancho 39 (29-89);21/04/2026;CONSUMOS;1581.0;1581.0;METROS;0.63703233;GILDAN;IMPORTACION
Cartulina;100301908;Rollo Cartulina Nine Dragons C - 13.6 215 g ancho 25 (29-89);7/04/2026;CONSUMOS;1578.0;1578.0;METROS;0.21543645;C13.6-25;IMPORTACION
Cartulina;100301908;Rollo Cartulina Nine Dragons C - 13.6 215 g ancho 25 (29-89);7/04/2026;CONSUMOS;2620.0;2620.0;METROS;0.3576955;C13.6-25;IMPORTACION
Cartulina;100301908;Rollo Cartulina Nine Dragons C - 13.6 215 g ancho 25 (29-89);13/04/2026;CONSUMOS;1602.0;1602.0;METROS;0.21871305;C13.6-25;IMPORTACION
Cartulina;100301908;Rollo Cartulina Nine Dragons C - 13.6 215 g ancho 25 (29-89);20/04/2026;CONSUMOS;18249.0;18249.0;METROS;2.491444725;C13.6-25;IMPORTACION
Cartulina;100301908;Rollo Cartulina Nine Dragons C - 13.6 215 g ancho 25 (29-89);20/04/2026;CONSUMOS;6780.0;6780.0;METROS;0.9256395;C13.6-25;IMPORTACION
Cartulina;100301908;Rollo Cartulina Nine Dragons C - 13.6 215 g ancho 25 (29-89);27/04/2026;CONSUMOS;2132.0;2132.0;METROS;0.2910713;C13.6-25;IMPORTACION
Cartulina;100301908;Rollo Cartulina Nine Dragons C - 13.6 215 g ancho 25 (29-89);27/04/2026;CONSUMOS;317.0;317.0;METROS;0.043278425;C13.6-25;IMPORTACION
Cartulina;100301908;Rollo Cartulina Nine Dragons C - 13.6 215 g ancho 25 (29-89);27/04/2026;CONSUMOS;2020.0;2020.0;METROS;0.2757805;C13.6-25;IMPORTACION
Cartulina;100301908;Rollo Cartulina Nine Dragons C - 13.6 215 g ancho 25 (29-89);27/04/2026;CONSUMOS;317.0;317.0;METROS;0.043278425;C13.6-25;IMPORTACION
Cartulina;100301908;Rollo Cartulina Nine Dragons C - 13.6 215 g ancho 25 (29-89);27/04/2026;CONSUMOS;2369.0;2369.0;METROS;0.323427725;C13.6-25;IMPORTACION
Cartulina;100301908;Rollo Cartulina Nine Dragons C - 13.6 215 g ancho 25 (29-89);27/04/2026;CONSUMOS;317.0;317.0;METROS;0.043278425;C13.6-25;IMPORTACION
Cartulina;100301908;Rollo Cartulina Nine Dragons C - 13.6 215 g ancho 25 (29-89);27/04/2026;CONSUMOS;2598.0;2598.0;METROS;0.35469195;C13.6-25;IMPORTACION
Cartulina;100301908;Rollo Cartulina Nine Dragons C - 13.6 215 g ancho 25 (29-89);27/04/2026;CONSUMOS;317.0;317.0;METROS;0.043278425;C13.6-25;IMPORTACION
Cartulina;100301908;Rollo Cartulina Nine Dragons C - 13.6 215 g ancho 25 (29-89);27/04/2026;CONSUMOS;3167.0;3167.0;METROS;0.432374675;C13.6-25;IMPORTACION
Cartulina;100301908;Rollo Cartulina Nine Dragons C - 13.6 215 g ancho 25 (29-89);27/04/2026;CONSUMOS;317.0;317.0;METROS;0.043278425;C13.6-25;IMPORTACION
Cartulina;100301909;Rollo Cartulina Nine Dragons C - 13.6 215 g ancho 30 (29-89);8/04/2026;CONSUMOS;4274.0;4274.0;METROS;0.70020942;C13.6-30;IMPORTACION
Cartulina;100301917;Rollo Cartulina Nine Dragons C - 16.3 255 g ancho 25 (29-89);8/04/2026;CONSUMOS;439.0;439.0;METROS;0.071085075;C16.3-25;IMPORTACION
Cartulina;100301917;Rollo Cartulina Nine Dragons C - 16.3 255 g ancho 25 (29-89);8/04/2026;CONSUMOS;420.0;420.0;METROS;0.0680085;C16.3-25;IMPORTACION
Cartulina;100301917;Rollo Cartulina Nine Dragons C - 16.3 255 g ancho 25 (29-89);8/04/2026;CONSUMOS;740.0;740.0;METROS;0.1198245;C16.3-25;IMPORTACION
Cartulina;100301917;Rollo Cartulina Nine Dragons C - 16.3 255 g ancho 25 (29-89);16/04/2026;CONSUMOS;1641.0;1641.0;METROS;0.265718925;C16.3-25;IMPORTACION
Cartulina;100301917;Rollo Cartulina Nine Dragons C - 16.3 255 g ancho 25 (29-89);17/04/2026;CONSUMOS;4843.0;4843.0;METROS;0.784202775;C16.3-25;IMPORTACION
Cartulina;100301917;Rollo Cartulina Nine Dragons C - 16.3 255 g ancho 25 (29-89);20/04/2026;CONSUMOS;15422.0;15422.0;METROS;2.49720735;C16.3-25;IMPORTACION
Cartulina;100301917;Rollo Cartulina Nine Dragons C - 16.3 255 g ancho 25 (29-89);20/04/2026;CONSUMOS;2780.0;2780.0;METROS;0.4501515;C16.3-25;IMPORTACION
Cartulina;100301917;Rollo Cartulina Nine Dragons C - 16.3 255 g ancho 25 (29-89);28/04/2026;CONSUMOS;2995.0;2995.0;METROS;0.484965375;C16.3-25;IMPORTACION
Cartulina;100301917;Rollo Cartulina Nine Dragons C - 16.3 255 g ancho 25 (29-89);28/04/2026;CONSUMOS;245.0;245.0;METROS;0.039671625;C16.3-25;IMPORTACION
Cartulina;100301917;Rollo Cartulina Nine Dragons C - 16.3 255 g ancho 25 (29-89);28/04/2026;CONSUMOS;3188.0;3188.0;METROS;0.5162169;C16.3-25;IMPORTACION
Cartulina;100301917;Rollo Cartulina Nine Dragons C - 16.3 255 g ancho 25 (29-89);29/04/2026;CONSUMOS;892.0;892.0;METROS;0.1444371;C16.3-25;IMPORTACION
Cartulina;100301918;Rollo Cartulina Nine Dragons C - 16.3 255 g ancho 27 (29-89);28/04/2026;CONSUMOS;66054.0;66054.0;METROS;11.53798245;C16.3-27;IMPORTACION
Cartulina;100301918;Rollo Cartulina Nine Dragons C - 16.3 255 g ancho 27 (29-89);28/04/2026;CONSUMOS;160243.0;160243.0;METROS;27.99044603;C16.3-27;IMPORTACION
Cartulina;100301920;Rollo Cartulina Nine Dragons C - 16.3 255 g ancho 35.5 (29-89);20/04/2026;CONSUMOS;4683.0;4683.0;METROS;1.075942665;C16.3-35.5;IMPORTACION
Cartulina;100301924;Rollo Cartulina Nine Dragons C - 18.3 290 g ancho 25;14/04/2026;CONSUMOS;64825.0;64825.0;METROS;11.93752375;C18-25-COSC;IMPORTACION
Cartulina;100301933;Rollo Cartulina Policote 1PE0/15 C-13.5 225g ancho 36.5 REGIONAL;27/04/2026;CONSUMOS;18164.0;18164.0;METROS;3.7885563;POLICOTE;IMPORTACION
Cartulina;100301934;Cartulina FBB NINE DRAGONS -- C-16.3 255 gramos 27 x 34.5 (29-89);13/04/2026;CONSUMOS;62100.0;62100.0;hoja(s);7.63906383;C16.3-27;IMPORTACION
Cartulina;100304525;Cartulina SPARK C-18 270 gr 30 X 40;23/04/2026;INGRESOS;16600.0;16600.0;Pliego(s);3.469928544;Spark;LOCAL
Cartulina;100304525;Cartulina SPARK C-18 270 gr 30 X 40;24/04/2026;CONSUMOS;16600.0;16600.0;Pliego(s);3.469928544;Spark;LOCAL
Cartulina;100304525;Cartulina SPARK C-18 270 gr 30 X 40;28/04/2026;INGRESOS;8000.0;8000.0;Pliego(s);1.67225472;Spark;LOCAL
Cartulina;100304525;Cartulina SPARK C-18 270 gr 30 X 40;28/04/2026;CONSUMOS;8000.0;8000.0;Pliego(s);1.67225472;Spark;LOCAL
Cartulina;100304526;Cartulina SPARK C-18 270 gr 25 X 36;15/04/2026;INGRESOS;1400.0;1400.0;Pliego(s);0.219483432;Spark;LOCAL
Cartulina;100304526;Cartulina SPARK C-18 270 gr 25 X 36;15/04/2026;CONSUMOS;1400.0;1400.0;Pliego(s);0.219483432;Spark;LOCAL
Cartulina;100304526;Cartulina SPARK C-18 270 gr 25 X 36;23/04/2026;INGRESOS;7000.0;7000.0;Pliego(s);1.09741716;Spark;LOCAL
Cartulina;100304526;Cartulina SPARK C-18 270 gr 25 X 36;24/04/2026;CONSUMOS;7000.0;7000.0;Pliego(s);1.09741716;Spark;LOCAL
Cartulina;100304541;Rollo Cartulina ASIA SYMBOL C-12 230 g ancho 25;6/04/2026;CONSUMOS;5363.0;5363.0;METROS;0.78326615;C12-25;IMPORTACION
Cartulina;100304541;Rollo Cartulina ASIA SYMBOL C-12 230 g ancho 25;16/04/2026;CONSUMOS;317.0;317.0;METROS;0.04629785;C12-25;IMPORTACION
Cartulina;100304543;Rollo Cartulina DUPLEX MIRABELL --  C - 16 300 g ancho 28;10/04/2026;CONSUMOS;74434.0;74434.0;METROS;15.88123824;COLGATE-75;IMPORTACION
Cartulina;100304543;Rollo Cartulina DUPLEX MIRABELL --  C - 16 300 g ancho 28;15/04/2026;CONSUMOS;445.0;445.0;METROS;0.0949452;COLGATE-75;IMPORTACION
Cartulina;100304543;Rollo Cartulina DUPLEX MIRABELL --  C - 16 300 g ancho 28;27/04/2026;CONSUMOS;72496.0;72496.0;METROS;15.46774656;COLGATE-75;IMPORTACION
Cartulina;100304543;Rollo Cartulina DUPLEX MIRABELL --  C - 16 300 g ancho 28;29/04/2026;CONSUMOS;11046.0;11046.0;METROS;2.35677456;COLGATE-75;IMPORTACION
Cartulina;100304548;Rollo Cartulina LSH Super Bulk C-14 245g ancho 25;7/04/2026;CONSUMOS;2432.0;2432.0;METROS;0.3783584;C14-25;IMPORTACION
Cartulina;100304560;Rollo Cartulina FBB MIXTO KING PAPER--  C - 13.6 225 g ancho 36.5;27/04/2026;CONSUMOS;33331.0;33331.0;METROS;6.952013325;POLICOTE;IMPORTACION
Cartulina;100304563;Rollo Cartulina Nine Dragons C - 12 205 g ancho 25 (29-89);17/04/2026;CONSUMOS;1164.0;1164.0;METROS;0.1515237;C12-25;IMPORTACION
Cartulina;100304563;Rollo Cartulina Nine Dragons C - 12 205 g ancho 25 (29-89);17/04/2026;CONSUMOS;49100.0;49100.0;METROS;6.3915925;C12-25;IMPORTACION
Cartulina;100304565;Rollo Cartulina DEINGRESOSCA FSC --  C - 13.5 225 g ancho 23.125;27/04/2026;CONSUMOS;8141.0;8141.0;Metro(s);1.075222575;OLMECA;IMPORTACION
Cartulina;100304565;Rollo Cartulina DEINGRESOSCA FSC --  C - 13.5 225 g ancho 23.125;27/04/2026;CONSUMOS;8090.0;8090.0;Metro(s);1.06848675;OLMECA;IMPORTACION
Cartulina;100304565;Rollo Cartulina DEINGRESOSCA FSC --  C - 13.5 225 g ancho 23.125;27/04/2026;CONSUMOS;8011.0;8011.0;Metro(s);1.058052825;OLMECA;IMPORTACION
Cartulina;100304565;Rollo Cartulina DEINGRESOSCA FSC --  C - 13.5 225 g ancho 23.125;27/04/2026;CONSUMOS;7909.0;7909.0;Metro(s);1.044581175;OLMECA;IMPORTACION
Cartulina;100304565;Rollo Cartulina DEINGRESOSCA FSC --  C - 13.5 225 g ancho 23.125;27/04/2026;CONSUMOS;8050.0;8050.0;Metro(s);1.06320375;OLMECA;IMPORTACION
Cartulina;100304565;Rollo Cartulina DEINGRESOSCA FSC --  C - 13.5 225 g ancho 23.125;27/04/2026;CONSUMOS;8019.0;8019.0;Metro(s);1.059109425;OLMECA;IMPORTACION
Cartulina;100304565;Rollo Cartulina DEINGRESOSCA FSC --  C - 13.5 225 g ancho 23.125;28/04/2026;CONSUMOS;6426.0;6426.0;Metro(s);0.84871395;OLMECA;IMPORTACION
Cartulina;100304565;Rollo Cartulina DEINGRESOSCA FSC --  C - 13.5 225 g ancho 23.125;28/04/2026;CONSUMOS;482.0;482.0;Metro(s);0.06366015;OLMECA;IMPORTACION
Cartulina;100304619;Rollo Cartulina BRIGHT   --  C-16 245 g ancho 23;13/04/2026;CONSUMOS;9657.0;9657.0;METROS;1.382196753;BAY-C16-23;IMPORTACION
Cartulina;100304625;Rollo Cartulina ASIA SYMBOL C-14 235 g ancho 28.5;8/04/2026;CONSUMOS;4372.0;4372.0;METROS;0.743749338;C14-29;IMPORTACION
Cartulina;100304625;Rollo Cartulina ASIA SYMBOL C-14 235 g ancho 28.5;20/04/2026;CONSUMOS;6330.0;6330.0;METROS;1.076837445;C14-29;IMPORTACION
Cartulina;100304625;Rollo Cartulina ASIA SYMBOL C-14 235 g ancho 28.5;27/04/2026;CONSUMOS;1241.0;1241.0;METROS;0.211114577;C14-29;IMPORTACION
Cartulina;100304625;Rollo Cartulina ASIA SYMBOL C-14 235 g ancho 28.5;27/04/2026;CONSUMOS;1375.0;1375.0;METROS;0.233910188;C14-29;IMPORTACION
Cartulina;100304625;Rollo Cartulina ASIA SYMBOL C-14 235 g ancho 28.5;28/04/2026;CONSUMOS;795.0;795.0;METROS;0.135242618;C14-29;IMPORTACION
Cartulina;100304625;Rollo Cartulina ASIA SYMBOL C-14 235 g ancho 28.5;29/04/2026;CONSUMOS;2379.0;2379.0;METROS;0.404707154;C14-29;IMPORTACION
Cartulina;100304627;Rollo Cartulina ASIA SYMBOL C-20 325 g ancho 29;6/04/2026;CONSUMOS;1904.0;1904.0;METROS;0.45580808;C20-29;IMPORTACION
Cartulina;100304627;Rollo Cartulina ASIA SYMBOL C-20 325 g ancho 29;8/04/2026;CONSUMOS;320.0;320.0;METROS;0.0766064;C20-29;IMPORTACION
Cartulina;100304627;Rollo Cartulina ASIA SYMBOL C-20 325 g ancho 29;15/04/2026;CONSUMOS;3246.0;3246.0;METROS;0.77707617;C20-29;IMPORTACION
Cartulina;100304627;Rollo Cartulina ASIA SYMBOL C-20 325 g ancho 29;15/04/2026;CONSUMOS;3073.0;3073.0;METROS;0.735660835;C20-29;IMPORTACION
Cartulina;100304627;Rollo Cartulina ASIA SYMBOL C-20 325 g ancho 29;15/04/2026;CONSUMOS;3422.0;3422.0;METROS;0.81920969;C20-29;IMPORTACION
Cartulina;100304627;Rollo Cartulina ASIA SYMBOL C-20 325 g ancho 29;16/04/2026;CONSUMOS;5401.0;5401.0;METROS;1.292972395;C20-29;IMPORTACION
Cartulina;100304627;Rollo Cartulina ASIA SYMBOL C-20 325 g ancho 29;29/04/2026;CONSUMOS;4355.0;4355.0;METROS;1.042565225;C20-29;IMPORTACION
Cartulina;100304627;Rollo Cartulina ASIA SYMBOL C-20 325 g ancho 29;29/04/2026;CONSUMOS;3013.0;3013.0;METROS;0.721297135;C20-29;IMPORTACION
Cartulina;100304640;Rollo Cartulina OBAFREE --  C-15 230 g ancho 25.5;27/04/2026;INGRESOS;367025.0;367025.0;METROS;54.67608128;FOSFORERA;IMPORTACION
Cartulina;100304640;Rollo Cartulina OBAFREE --  C-15 230 g ancho 25.5;29/04/2026;CONSUMOS;26402.0;26402.0;METROS;3.933132342;FOSFORERA;IMPORTACION
Cartulina;100304640;Rollo Cartulina OBAFREE --  C-15 230 g ancho 25.5;29/04/2026;CONSUMOS;44769.0;44769.0;METROS;6.669282699;FOSFORERA;IMPORTACION
Cartulina;100305967;Rollo Cartulina Nine Dragons C - 18.3 290 g ancho 29;14/04/2026;CONSUMOS;16189.0;16189.0;METROS;3.458197046;C18-29-COSC;IMPORTACION
Cartulina;100305967;Rollo Cartulina Nine Dragons C - 18.3 290 g ancho 29;14/04/2026;CONSUMOS;104910.0;104910.0;METROS;22.41024474;C18-29-COSC;IMPORTACION
Cartulina;100305967;Rollo Cartulina Nine Dragons C - 18.3 290 g ancho 29;14/04/2026;CONSUMOS;147.0;147.0;METROS;0.031401258;C18-29-COSC;IMPORTACION
Cartulina;100305983;Cartulina FBB DUPLEX MIRABELL -- C-16 300 gramos  25.5 x 36.5;9/04/2026;CONSUMOS;15305.0;15305.0;PLIEGO;2.757116179;COLGATE-50;IMPORTACION
Cartulina;100305983;Cartulina FBB DUPLEX MIRABELL -- C-16 300 gramos  25.5 x 36.5;9/04/2026;CONSUMOS;49365.0;49365.0;PLIEGO;8.892848101;COLGATE-50;IMPORTACION
Cartulina;100305983;Cartulina FBB DUPLEX MIRABELL -- C-16 300 gramos  25.5 x 36.5;27/04/2026;CONSUMOS;366.0;366.0;PLIEGO;0.065932997;COLGATE-50;IMPORTACION
Cartulina;100305984;Cartulina FBB DUPLEX MIRABELL -- C-16 300 gramos  25 x 34;13/04/2026;CONSUMOS;13130.0;13130.0;PLIEGO;2.160092454;COLGATE-22;IMPORTACION
Cartulina;100305990;Cartulina FBB DUPLEX MIRABELL -- C-17 320 gramos  22 x 39;27/04/2026;CONSUMOS;300.0;300.0;PLIEGO;0.053140539;COLGATE-150;IMPORTACION
Cartulina;100305999;Rollo Cartulina Nine Dragons C - 19 305 g ancho 24;17/04/2026;CONSUMOS;973.0;973.0;METROS;0.180907944;C19-24;IMPORTACION
Cartulina;100305999;Rollo Cartulina Nine Dragons C - 19 305 g ancho 24;20/04/2026;CONSUMOS;26.0;26.0;METROS;0.004834128;C19-24;IMPORTACION
Cartulina;100305999;Rollo Cartulina Nine Dragons C - 19 305 g ancho 24;29/04/2026;CONSUMOS;2303.0;2303.0;METROS;0.428192184;C19-24;IMPORTACION
Cartulina;100306003;Rollo Cartulina Nine Dragons C - 16.3 255 g ancho 28.5;9/04/2026;CONSUMOS;9100.0;9100.0;METROS;1.67980995;C16.3-28.5;IMPORTACION
Cartulina;100306141;Cartulina SPARK C-20 295 gr 25 X 36;8/04/2026;INGRESOS;6700.0;6700.0;Pliego(s);1.147642866;Spark;LOCAL
Cartulina;100306141;Cartulina SPARK C-20 295 gr 25 X 36;9/04/2026;CONSUMOS;6700.0;6700.0;Pliego(s);1.147642866;Spark;LOCAL
Cartulina;100306179;Cartulina Husky -- C-18 400 gramos 30 X 40;21/04/2026;INGRESOS;2000.0;2000.0;Pliegos;0.6193536;C18-30H;LOCAL
Cartulina;100306179;Cartulina Husky -- C-18 400 gramos 30 X 40;21/04/2026;CONSUMOS;2000.0;2000.0;Pliegos;0.6193536;C18-30H;LOCAL
Papel;100600002;Papel Bond 55 gramos -- 22 x 34;23/04/2026;INGRESOS;128000.0;128000.0;PLIEGOS;3.397360947;Bond;LOCAL
Papel;100600002;Papel Bond 55 gramos -- 22 x 34;24/04/2026;CONSUMOS;128000.0;128000.0;PLIEGOS;3.397360947;Bond;LOCAL
Papel;100600003;Papel Bond 55 gramos -- 26 x 34;17/04/2026;INGRESOS;1000.0;1000.0;PLIEGOS;0.031367679;Bond;LOCAL
Papel;100600003;Papel Bond 55 gramos -- 26 x 34;21/04/2026;INGRESOS;15000.0;15000.0;PLIEGOS;0.470515188;Bond;LOCAL
Papel;100600003;Papel Bond 55 gramos -- 26 x 34;21/04/2026;CONSUMOS;1400.0;1400.0;PLIEGOS;0.043914751;Bond;LOCAL
Papel;100600003;Papel Bond 55 gramos -- 26 x 34;21/04/2026;CONSUMOS;8500.0;8500.0;PLIEGOS;0.266625273;Bond;LOCAL
Papel;100600003;Papel Bond 55 gramos -- 26 x 34;21/04/2026;CONSUMOS;3600.0;3600.0;PLIEGOS;0.112923645;Bond;LOCAL
Papel;100600003;Papel Bond 55 gramos -- 26 x 34;21/04/2026;CONSUMOS;1000.0;1000.0;PLIEGOS;0.031367679;Bond;LOCAL
Papel;100600009;Papel Bond 75 gramos -- 26 x 38;17/04/2026;INGRESOS;4000.0;4000.0;PLIEGOS;0.191225424;Bond;LOCAL
Papel;100600009;Papel Bond 75 gramos -- 26 x 38;18/04/2026;CONSUMOS;3700.0;3700.0;PLIEGOS;0.176883517;Bond;LOCAL
Papel;100600009;Papel Bond 75 gramos -- 26 x 38;21/04/2026;INGRESOS;1500.0;1500.0;PLIEGOS;0.071709534;Bond;LOCAL
Papel;100600009;Papel Bond 75 gramos -- 26 x 38;21/04/2026;CONSUMOS;1300.0;1300.0;PLIEGOS;0.062148263;Bond;LOCAL
Papel;100600011;Papel Bond 90 gramos -- 22 x 34;14/04/2026;INGRESOS;5500.0;5500.0;PLIEGOS;0.23836923;Bond;LOCAL
Papel;100600011;Papel Bond 90 gramos -- 22 x 34;14/04/2026;INGRESOS;1500.0;1500.0;PLIEGOS;0.06500979;Bond;LOCAL
Papel;100600011;Papel Bond 90 gramos -- 22 x 34;15/04/2026;CONSUMOS;6800.0;6800.0;PLIEGOS;0.294711048;Bond;LOCAL
Papel;100600011;Papel Bond 90 gramos -- 22 x 34;23/04/2026;CONSUMOS;445.0;445.0;PLIEGOS;0.019286238;Bond;LOCAL
Papel;100600012;Papel Bond 90 gramos -- 24 x 36;23/04/2026;CONSUMOS;300.0;300.0;PLIEGOS;0.015028902;Bond;LOCAL
Papel;100600013;Papel Bond 90 gramos -- 26 x 34;7/04/2026;CONSUMOS;2641.0;2641.0;PLIEGOS;0.13538347;Bond;LOCAL
Papel;100600013;Papel Bond 90 gramos -- 26 x 34;15/04/2026;CONSUMOS;1550.0;1550.0;PLIEGOS;0.07945641;Bond;LOCAL
Papel;100600015;Papel Bond 120 gramos -- 22 x 34;23/04/2026;INGRESOS;2750.0;2750.0;PLIEGOS;0.159251294;Bond;LOCAL
Papel;100600015;Papel Bond 120 gramos -- 22 x 34;24/04/2026;CONSUMOS;2600.0;2600.0;PLIEGOS;0.15056486;Bond;LOCAL
Papel;100600018;Papel Bond 60 gramos -- 21 x 30;14/04/2026;INGRESOS;12000.0;12000.0;PLIEGOS;0.292644576;Bond;LOCAL
Papel;100600018;Papel Bond 60 gramos -- 21 x 30;15/04/2026;CONSUMOS;12000.0;12000.0;PLIEGOS;0.292644576;Bond;LOCAL
Papel;100600020;Papel Couche Brillante B-60 -- 90 gramos  25 x 36;23/04/2026;INGRESOS;40000.0;40000.0;PLIEGOS;2.0903184;Couche;LOCAL
Papel;100600020;Papel Couche Brillante B-60 -- 90 gramos  25 x 36;24/04/2026;CONSUMOS;40000.0;40000.0;PLIEGOS;2.0903184;Couche;LOCAL
Papel;100600021;Papel Couche Brillante - 1 Cara - B-60 -- 90 gramos  25 x 36;8/04/2026;INGRESOS;1000.0;1000.0;PLIEGOS;0.05225796;Couche;LOCAL
Papel;100600021;Papel Couche Brillante - 1 Cara - B-60 -- 90 gramos  25 x 36;9/04/2026;CONSUMOS;1000.0;1000.0;PLIEGOS;0.05225796;Couche;LOCAL
Papel;100600021;Papel Couche Brillante - 1 Cara - B-60 -- 90 gramos  25 x 36;24/04/2026;INGRESOS;14000.0;14000.0;PLIEGOS;0.73161144;Couche;LOCAL
Papel;100600021;Papel Couche Brillante - 1 Cara - B-60 -- 90 gramos  25 x 36;27/04/2026;CONSUMOS;14000.0;14000.0;PLIEGOS;0.73161144;Couche;LOCAL
Papel;100600021;Papel Couche Brillante - 1 Cara - B-60 -- 90 gramos  25 x 36;28/04/2026;INGRESOS;500.0;500.0;PLIEGOS;0.02612898;Couche;LOCAL
Papel;100600021;Papel Couche Brillante - 1 Cara - B-60 -- 90 gramos  25 x 36;28/04/2026;CONSUMOS;1000.0;1000.0;PLIEGOS;0.05225796;Couche;LOCAL
Papel;100600023;Papel Couche Brillante - 1 Cara - B-60 -- 90 gramos  25 x 38;7/04/2026;INGRESOS;2250.0;2250.0;PLIEGOS;0.124112655;Couche;LOCAL
Papel;100600023;Papel Couche Brillante - 1 Cara - B-60 -- 90 gramos  25 x 38;13/04/2026;CONSUMOS;2100.0;2100.0;PLIEGOS;0.115838478;Couche;LOCAL
Papel;100600023;Papel Couche Brillante - 1 Cara - B-60 -- 90 gramos  25 x 38;24/04/2026;INGRESOS;30000.0;30000.0;PLIEGOS;1.6548354;Couche;LOCAL
Papel;100600023;Papel Couche Brillante - 1 Cara - B-60 -- 90 gramos  25 x 38;27/04/2026;CONSUMOS;30000.0;30000.0;PLIEGOS;1.6548354;Couche;LOCAL
Papel;100600026;Papel Couche Brillante B-70 -- 105 gramos  25 x 36;23/04/2026;INGRESOS;11000.0;11000.0;PLIEGOS;0.67064382;Couche;LOCAL
Papel;100600026;Papel Couche Brillante B-70 -- 105 gramos  25 x 36;24/04/2026;CONSUMOS;5500.0;5500.0;PLIEGOS;0.33532191;Couche;LOCAL
Papel;100600026;Papel Couche Brillante B-70 -- 105 gramos  25 x 36;24/04/2026;CONSUMOS;5500.0;5500.0;PLIEGOS;0.33532191;Couche;LOCAL
Papel;100600029;Papel Couche Brillante B-80 -- 115 gramos  25 x 36;23/04/2026;INGRESOS;1750.0;1750.0;PLIEGOS;0.116854605;Couche;LOCAL
Papel;100600029;Papel Couche Brillante B-80 -- 115 gramos  25 x 36;24/04/2026;CONSUMOS;1750.0;1750.0;PLIEGOS;0.116854605;Couche;LOCAL
Papel;100600030;Papel Couche Brillante B-80 -- 115 gramos  25 x 38;16/04/2026;INGRESOS;5500.0;5500.0;PLIEGOS;0.387660515;Couche;LOCAL
Papel;100600030;Papel Couche Brillante B-80 -- 115 gramos  25 x 38;17/04/2026;CONSUMOS;3600.0;3600.0;PLIEGOS;0.253741428;Couche;LOCAL
Papel;100600030;Papel Couche Brillante B-80 -- 115 gramos  25 x 38;17/04/2026;CONSUMOS;700.0;700.0;PLIEGOS;0.049338611;Couche;LOCAL
Papel;100600030;Papel Couche Brillante B-80 -- 115 gramos  25 x 38;17/04/2026;CONSUMOS;5500.0;5500.0;PLIEGOS;0.387660515;Couche;LOCAL
Papel;100600030;Papel Couche Brillante B-80 -- 115 gramos  25 x 38;17/04/2026;INGRESOS;10000.0;10000.0;PLIEGOS;0.7048373;Couche;LOCAL
Papel;100600030;Papel Couche Brillante B-80 -- 115 gramos  25 x 38;18/04/2026;CONSUMOS;5500.0;5500.0;PLIEGOS;0.387660515;Couche;LOCAL
Papel;100600030;Papel Couche Brillante B-80 -- 115 gramos  25 x 38;18/04/2026;CONSUMOS;3000.0;3000.0;PLIEGOS;0.21145119;Couche;LOCAL
Papel;100600030;Papel Couche Brillante B-80 -- 115 gramos  25 x 38;21/04/2026;CONSUMOS;1400.0;1400.0;PLIEGOS;0.098677222;Couche;LOCAL
Papel;100600032;Papel Couche Brillante B-100 -- 140 gramos  25 x 36;23/04/2026;INGRESOS;2000.0;2000.0;PLIEGOS;0.16258032;Couche;LOCAL
Papel;100600032;Papel Couche Brillante B-100 -- 140 gramos  25 x 36;24/04/2026;CONSUMOS;1800.0;1800.0;PLIEGOS;0.146322288;Couche;LOCAL
Papel;100600033;Papel Couche Brillante B-100 -- 140 gramos  25 x 38;7/04/2026;CONSUMOS;270.0;270.0;PLIEGOS;0.023167696;Couche;LOCAL
Papel;100600033;Papel Couche Brillante B-100 -- 140 gramos  25 x 38;7/04/2026;INGRESOS;7750.0;7750.0;PLIEGOS;0.66499867;Couche;LOCAL
Papel;100600033;Papel Couche Brillante B-100 -- 140 gramos  25 x 38;7/04/2026;INGRESOS;750.0;750.0;PLIEGOS;0.06435471;Couche;LOCAL
Papel;100600033;Papel Couche Brillante B-100 -- 140 gramos  25 x 38;7/04/2026;CONSUMOS;600.0;600.0;PLIEGOS;0.051483768;Couche;LOCAL
Papel;100600033;Papel Couche Brillante B-100 -- 140 gramos  25 x 38;7/04/2026;CONSUMOS;7800.0;7800.0;PLIEGOS;0.669288984;Couche;LOCAL
Papel;100600033;Papel Couche Brillante B-100 -- 140 gramos  25 x 38;13/04/2026;CONSUMOS;50.0;50.0;PLIEGOS;0.004290314;Couche;LOCAL
Papel;100600033;Papel Couche Brillante B-100 -- 140 gramos  25 x 38;13/04/2026;CONSUMOS;50.0;50.0;PLIEGOS;0.004290314;Couche;LOCAL
Papel;100600033;Papel Couche Brillante B-100 -- 140 gramos  25 x 38;14/04/2026;INGRESOS;750.0;750.0;PLIEGOS;0.06435471;Couche;LOCAL
Papel;100600033;Papel Couche Brillante B-100 -- 140 gramos  25 x 38;15/04/2026;INGRESOS;750.0;750.0;PLIEGOS;0.06435471;Couche;LOCAL
Papel;100600033;Papel Couche Brillante B-100 -- 140 gramos  25 x 38;15/04/2026;CONSUMOS;115.0;115.0;PLIEGOS;0.009867722;Couche;LOCAL
Papel;100600033;Papel Couche Brillante B-100 -- 140 gramos  25 x 38;15/04/2026;CONSUMOS;230.0;230.0;PLIEGOS;0.019735444;Couche;LOCAL
Papel;100600033;Papel Couche Brillante B-100 -- 140 gramos  25 x 38;15/04/2026;CONSUMOS;300.0;300.0;PLIEGOS;0.025741884;Couche;LOCAL
Papel;100600033;Papel Couche Brillante B-100 -- 140 gramos  25 x 38;17/04/2026;CONSUMOS;162.0;162.0;PLIEGOS;0.013900617;Couche;LOCAL
Papel;100600033;Papel Couche Brillante B-100 -- 140 gramos  25 x 38;17/04/2026;INGRESOS;250.0;250.0;PLIEGOS;0.02145157;Couche;LOCAL
Papel;100600045;Papel Couche Brillante B-80 -- 115 gramos  30 x 40;17/04/2026;INGRESOS;5000.0;5000.0;PLIEGOS;0.4451604;Couche;LOCAL
Papel;100600045;Papel Couche Brillante B-80 -- 115 gramos  30 x 40;18/04/2026;CONSUMOS;5000.0;5000.0;PLIEGOS;0.4451604;Couche;LOCAL
Cartulina;100600068;Cartulina FBB Zenith --  C-22 330 gramos  25 x 38;7/04/2026;CONSUMOS;5800.0;5800.0;PLIEGO;1.173094428;C22-25;LOCAL
Cartulina;100600093;Cartulina Husky C-8 -- 200 gramos 25 x 38;15/04/2026;INGRESOS;100.0;100.0;PLIEGO;0.01225804;C8-25H;LOCAL
Cartulina;100600094;Rollo Cartulina CMPC RC --  C - 18 265 g ancho 25;13/04/2026;CONSUMOS;400.0;400.0;METROS;0.06731;CMPC RC;IMPORTACION
Papel;100600096;Papel Bond 80 gramos -- 26 x 38;27/04/2026;CONSUMOS;100.0;100.0;PLIEGOS;0.0050952;Bond;LOCAL
Papel;100600106;Papel Bond 60 gramos -- 26 x 34;17/04/2026;CONSUMOS;800.0;800.0;PLIEGOS;0.02733984;Bond;LOCAL
Papel;100600107;Papel Bond 70 gramos -- 26 x 34;7/04/2026;CONSUMOS;2600.0;2600.0;PLIEGOS;0.10366356;Bond;LOCAL
Papel;100600107;Papel Bond 70 gramos -- 26 x 34;14/04/2026;INGRESOS;3000.0;3000.0;PLIEGOS;0.1196118;Bond;LOCAL
Papel;100600107;Papel Bond 70 gramos -- 26 x 34;27/04/2026;CONSUMOS;1500.0;1500.0;PLIEGOS;0.0598059;Bond;LOCAL
Cartulina;100600116;Rollo Cartulina BRIGHT --  C - 16 245 g ancho 29;29/04/2026;CONSUMOS;7018.0;7018.0;METROS;1.26548576;BAY-C16-29;IMPORTACION
Cartulina;100600116;Rollo Cartulina BRIGHT --  C - 16 245 g ancho 29;29/04/2026;CONSUMOS;120.0;120.0;METROS;0.0216384;BAY-C16-29;IMPORTACION
Cartulina;100600130;Rollo Cartulina POPLAR --  C - 16 255 g ancho 22;17/04/2026;CONSUMOS;936.0;936.0;METROS;0.13318344;C16-22;IMPORTACION
Papel;100600155;Papel Bond 75 gramos -- 23 x 36;15/04/2026;INGRESOS;5500.0;5500.0;PLIEGOS;0.220354398;Bond;LOCAL
Papel;100600155;Papel Bond 75 gramos -- 23 x 36;15/04/2026;CONSUMOS;5500.0;5500.0;PLIEGOS;0.220354398;Bond;LOCAL
Papel;100600163;PAPEL COUCHE MATTE B-100 140 Gramos 25 x 38;17/04/2026;INGRESOS;250.0;250.0;Pliego(s);0.02145157;couche;LOCAL
Papel;100600163;PAPEL COUCHE MATTE B-100 140 Gramos 25 x 38;23/04/2026;INGRESOS;500.0;500.0;Pliego(s);0.04290314;couche;LOCAL
Papel;100600163;PAPEL COUCHE MATTE B-100 140 Gramos 25 x 38;23/04/2026;INGRESOS;13500.0;13500.0;Pliego(s);1.15838478;couche;LOCAL
Papel;100600163;PAPEL COUCHE MATTE B-100 140 Gramos 25 x 38;24/04/2026;CONSUMOS;13705.0;13705.0;Pliego(s);1.175975067;couche;LOCAL
Papel;100600163;PAPEL COUCHE MATTE B-100 140 Gramos 25 x 38;24/04/2026;CONSUMOS;500.0;500.0;Pliego(s);0.04290314;couche;LOCAL
Papel;100600163;PAPEL COUCHE MATTE B-100 140 Gramos 25 x 38;28/04/2026;CONSUMOS;45.0;45.0;Pliego(s);0.003861283;couche;LOCAL
Papel;100700022;Papel Kraft Natural B-115 -- 115 gramos 24 x 36;8/04/2026;INGRESOS;31500.0;31500.0;hoja(s);2.019247574;Varios;IMPORTACION
Papel;100700022;Papel Kraft Natural B-115 -- 115 gramos 24 x 36;13/04/2026;CONSUMOS;31500.0;31500.0;hoja(s);2.019247574;Varios;IMPORTACION
Cartulina;100300001;Cartulina Husky -- C-8 200 gramos 25 x 36;13/05/2026;INGRESOS;1000.0;1000.0;hoja(s);0.116078;C8-25H;LOCAL
Cartulina;100306180;Cartulina NINGBO ALLY LOCAL C-18 290 gramos 25 x 36;5/05/2026;CONSUMOS;92000.0;92000.0;;15.4848052;C18-25;LOCAL
Cartulina;100300002;Cartulina Husky -- C-8 190 gramos 25 x 38;8/05/2026;INGRESOS;700.0;700.0;hoja(s);0.081499075;C8-25H;LOCAL
Cartulina;100300004;Cartulina Husky -- C-10 230 gramos 25 x 36;5/05/2026;INGRESOS;34700.0;34700.0;hoja(s);4.63209259;C10-25H;LOCAL
Cartulina;100306002;Cartulina FBB DRAGONS YA ESTÁ -- C-16.3 255 gramos  39.5 x 25;28/05/2026;CONSUMOS;77195.0;77195.0;PLIEGOS;12.53729978;YA ESTA;IMPORTACION
Cartulina;100300004;Cartulina Husky -- C-10 230 gramos 25 x 36;13/05/2026;INGRESOS;34700.0;34700.0;hoja(s);4.63209259;C10-25H;LOCAL
Cartulina;100301908;Rollo Cartulina Nine Dragons C - 13.6 215 g ancho 25 (29-89);25/05/2026;CONSUMOS;82493.0;82493.0;METROS;11.26235683;C13.6-25;IMPORTACION
Cartulina;100300005;Cartulina Husky -- C-10 230 gramos 25 x 38;13/05/2026;INGRESOS;800.0;800.0;hoja(s);0.1127506;C10-25H;LOCAL
Cartulina;100300009;Cartulina Husky -- C-12 270 gramos 25 x 38;5/05/2026;INGRESOS;1200.0;1200.0;hoja(s);0.1985391;C12-25H;LOCAL
Cartulina;100304543;Rollo Cartulina DUPLEX MIRABELL --  C - 16 300 g ancho 28;20/05/2026;CONSUMOS;50353.0;50353.0;METROS;10.7402949;COLGATE-75;IMPORTACION
Cartulina;100304563;Rollo Cartulina Nine Dragons C - 12 205 g ancho 25 (29-89);28/05/2026;CONSUMOS;73575.0;73575.0;METROS;9.577625625;C12-25;IMPORTACION
Cartulina;100301908;Rollo Cartulina Nine Dragons C - 13.6 215 g ancho 25 (29-89);6/05/2026;CONSUMOS;68587.0;68587.0;METROS;9.363840175;C13.6-25;IMPORTACION
Cartulina;100305974;Rollo Cartulina ASIA SYMBOL C-12 215 g ancho 25.75;27/05/2026;CONSUMOS;66588.0;66588.0;METROS;9.36293868;C12-25.75;IMPORTACION
Cartulina;100305974;Rollo Cartulina ASIA SYMBOL C-12 215 g ancho 25.75;27/05/2026;CONSUMOS;65783.0;65783.0;METROS;9.24974763;C12-25.75;IMPORTACION
Cartulina;100304640;Rollo Cartulina OBAFREE --  C-15 230 g ancho 25.5;12/05/2026;CONSUMOS;53122.0;53122.0;METROS;7.90508482;FOSFORERA;IMPORTACION
Cartulina;100300009;Cartulina Husky -- C-12 270 gramos 25 x 38;18/05/2026;INGRESOS;500.0;500.0;hoja(s);0.082724625;C12-25H;LOCAL
Cartulina;100700009;Cartulina Kraft -- C-15 225 gramos 38 x 23;13/05/2026;CONSUMOS;54000.0;54000.0;;6.851018556;Kraft;IMPORTACION
Cartulina;100300009;Cartulina Husky -- C-12 270 gramos 25 x 38;19/05/2026;INGRESOS;1000.0;1000.0;hoja(s);0.16544925;C12-25H;LOCAL
Cartulina;100305984;Cartulina FBB DUPLEX MIRABELL -- C-16 300 gramos  25 x 34;18/05/2026;CONSUMOS;41588.0;41588.0;PLIEGO;6.837129582;COLGATE-22;IMPORTACION
Cartulina;100305988;Cartulina FBB DUPLEX MIRABELL -- C-16 300 gramos  25.5 x 37;18/05/2026;CONSUMOS;37200.0;37200.0;PLIEGO;6.78006828;COLGATE-50;IMPORTACION
Cartulina;100300011;Cartulina Husky -- C-14 300 gramos 25 x 38;5/05/2026;INGRESOS;100.0;100.0;hoja(s);0.01838325;C14-25H;LOCAL
Cartulina;100300011;Cartulina Husky -- C-14 300 gramos 25 x 38;5/05/2026;INGRESOS;100.0;100.0;hoja(s);0.01838325;C14-25H;LOCAL
Papel;100600013;Papel Bond 90 gramos -- 26 x 34;25/05/2026;CONSUMOS;120000.0;120000.0;;6.158592;Bond;LOCAL
Cartulina;100301908;Rollo Cartulina Nine Dragons C - 13.6 215 g ancho 25 (29-89);25/05/2026;CONSUMOS;44406.0;44406.0;METROS;6.06252915;C13.6-25;IMPORTACION
Cartulina;100300011;Cartulina Husky -- C-14 300 gramos 25 x 38;8/05/2026;INGRESOS;1000.0;1000.0;hoja(s);0.1838325;C14-25H;LOCAL
Cartulina;100300011;Cartulina Husky -- C-14 300 gramos 25 x 38;21/05/2026;INGRESOS;800.0;800.0;hoja(s);0.147066;C14-25H;LOCAL
Cartulina;100304530;Cartulina SPARK C-20 295 gr 30 X 40;21/05/2026;CONSUMOS;26200.0;26200.0;Pliego(s);5.983729968;Spark;LOCAL
Cartulina;100304526;Cartulina SPARK C-18 270 gr 25 X 36;8/05/2026;CONSUMOS;38030.0;38030.0;Pliego(s);5.959502559;Spark;LOCAL
Cartulina;100300012;Cartulina Husky -- C-14 300 gramos 30 x 40;25/05/2026;INGRESOS;8200.0;8200.0;hoja(s);1.90451232;C14-30H;LOCAL
Cartulina;100304530;Cartulina SPARK C-20 295 gr 30 X 40;25/05/2026;CONSUMOS;25800.0;25800.0;Pliego(s);5.892375312;Spark;LOCAL
Cartulina;100301909;Rollo Cartulina Nine Dragons C - 13.6 215 g ancho 30 (29-89);13/05/2026;CONSUMOS;32281.0;32281.0;METROS;5.28859623;C13.6-30;IMPORTACION
Cartulina;100304619;Rollo Cartulina BRIGHT   --  C-16 245 g ancho 23;4/05/2026;CONSUMOS;34573.0;34573.0;METROS;4.94670484;BAY-C16-23;IMPORTACION
Cartulina;100304640;Rollo Cartulina OBAFREE --  C-15 230 g ancho 25.5;12/05/2026;CONSUMOS;31734.0;31734.0;METROS;4.72233654;FOSFORERA;IMPORTACION
Cartulina;100300004;Cartulina Husky -- C-10 230 gramos 25 x 36;5/05/2026;CONSUMOS;34700.0;34700.0;hoja(s);4.63209259;C10-25H;LOCAL
Cartulina;100300004;Cartulina Husky -- C-10 230 gramos 25 x 36;13/05/2026;CONSUMOS;34700.0;34700.0;hoja(s);4.63209259;C10-25H;LOCAL
Cartulina;100301917;Rollo Cartulina Nine Dragons C - 16.3 255 g ancho 25 (29-89);20/05/2026;CONSUMOS;25750.0;25750.0;METROS;4.16956875;C16.3-25;IMPORTACION
Cartulina;100304619;Rollo Cartulina BRIGHT   --  C-16 245 g ancho 23;14/05/2026;CONSUMOS;26903.0;26903.0;METROS;3.84928124;BAY-C16-23;IMPORTACION
Cartulina;100301046;Cartulina FBB Zenith LOCAL -- C-18 295 gramos 30 x 40;5/05/2026;CONSUMOS;16600.0;16600.0;hoja(s);3.791218224;C18-30;LOCAL
Papel;100600027;Papel Couche Brillante B-70 -- 105 gramos  25 x 38;25/05/2026;CONSUMOS;56600.0;56600.0;;3.641721825;Couche;LOCAL
Cartulina;100600094;Rollo Cartulina CMPC RC --  C - 18 265 g ancho 25;11/05/2026;CONSUMOS;20614.0;20614.0;;3.46882085;CMPC RC;IMPORTACION
Cartulina;100300160;Cartulina FBB Zenith LOCAL -- C-12 215 gramos 25 x 38;20/05/2026;INGRESOS;500.0;500.0;hoja(s);0.065873313;C12-25;LOCAL
Cartulina;100304625;Rollo Cartulina ASIA SYMBOL C-14 235 g ancho 28.5;19/05/2026;CONSUMOS;20238.0;20238.0;METROS;3.43853739;C14-29;IMPORTACION
Cartulina;100300162;Cartulina FBB Zenith LOCAL -- C-12 215 gramos 30 x 40;20/05/2026;INGRESOS;100.0;100.0;hoja(s);0.016645128;C12-30;LOCAL
Cartulina;100301046;Cartulina FBB Zenith LOCAL -- C-18 295 gramos 30 x 40;28/05/2026;CONSUMOS;13200.0;13200.0;hoja(s);3.014703648;C18-30;LOCAL
Cartulina;100300704;Cartulina FBB Zenith LOCAL -- C-16 270 gramos 25 x 36;5/05/2026;INGRESOS;2900.0;2900.0;hoja(s);0.45444537;C16-25;LOCAL
Cartulina;100301917;Rollo Cartulina Nine Dragons C - 16.3 255 g ancho 25 (29-89);20/05/2026;CONSUMOS;17741.0;17741.0;METROS;2.872711425;C16.3-25;IMPORTACION
Cartulina;100300709;Cartulina FBB Zenith LOCAL -- C-16 270 gramos 25 x 38;12/05/2026;INGRESOS;2400.0;2400.0;hoja(s);0.3970782;C16-25;LOCAL
Cartulina;100300709;Cartulina FBB Zenith LOCAL -- C-16 270 gramos 25 x 38;13/05/2026;INGRESOS;800.0;800.0;hoja(s);0.1323594;C16-25;LOCAL
Cartulina;100301046;Cartulina FBB Zenith LOCAL -- C-18 295 gramos 30 x 40;18/05/2026;CONSUMOS;12400.0;12400.0;hoja(s);2.831994336;C18-30;LOCAL
Cartulina;100304541;Rollo Cartulina ASIA SYMBOL C-12 230 g ancho 25;22/05/2026;CONSUMOS;17957.0;17957.0;METROS;2.62261985;C12-25;IMPORTACION
Cartulina;100300754;Cartulina FBB Zenith LOCAL -- C-16 270 gramos 30 x 40;5/05/2026;INGRESOS;1200.0;1200.0;hoja(s);0.250838208;C16-30;LOCAL
Cartulina;100300754;Cartulina FBB Zenith LOCAL -- C-16 270 gramos 30 x 40;5/05/2026;INGRESOS;7600.0;7600.0;hoja(s);1.588641984;C16-30;LOCAL
Cartulina;100301917;Rollo Cartulina Nine Dragons C - 16.3 255 g ancho 25 (29-89);22/05/2026;CONSUMOS;16175.0;16175.0;METROS;2.619136875;C16.3-25;IMPORTACION
Cartulina;100304526;Cartulina SPARK C-18 270 gr 25 X 36;8/05/2026;CONSUMOS;16370.0;16370.0;Pliego(s);2.565265761;Spark;LOCAL
Cartulina;100300754;Cartulina FBB Zenith LOCAL -- C-16 270 gramos 30 x 40;14/05/2026;INGRESOS;3600.0;3600.0;hoja(s);0.752514624;C16-30;LOCAL
Cartulina;100700009;Cartulina Kraft -- C-15 225 gramos 38 x 23;26/05/2026;CONSUMOS;19000.0;19000.0;;2.410543566;Kraft;IMPORTACION
Cartulina;100300754;Cartulina FBB Zenith LOCAL -- C-16 270 gramos 30 x 40;15/05/2026;INGRESOS;1300.0;1300.0;hoja(s);0.271741392;C16-30;LOCAL
Cartulina;100301917;Rollo Cartulina Nine Dragons C - 16.3 255 g ancho 25 (29-89);27/05/2026;CONSUMOS;14666.0;14666.0;METROS;2.37479205;C16.3-25;IMPORTACION
Cartulina;100300754;Cartulina FBB Zenith LOCAL -- C-16 270 gramos 30 x 40;18/05/2026;INGRESOS;4000.0;4000.0;hoja(s);0.83612736;C16-30;LOCAL
Cartulina;100304640;Rollo Cartulina OBAFREE --  C-15 230 g ancho 25.5;26/05/2026;CONSUMOS;15877.0;15877.0;METROS;2.36265637;FOSFORERA;IMPORTACION
Cartulina;100305983;Cartulina FBB DUPLEX MIRABELL -- C-16 300 gramos  25.5 x 36.5;18/05/2026;CONSUMOS;12875.0;12875.0;PLIEGO;2.316607763;COLGATE-50;IMPORTACION
Cartulina;100301902;Rollo Cartulina SBS CANDESCE -- C-24 407 g ancho 39 (29-89);5/05/2026;CONSUMOS;5364.0;5364.0;METROS;2.16131652;GILDAN;IMPORTACION
Cartulina;100300754;Cartulina FBB Zenith LOCAL -- C-16 270 gramos 30 x 40;19/05/2026;INGRESOS;5200.0;5200.0;hoja(s);1.086965568;C16-30;LOCAL
Cartulina;100300754;Cartulina FBB Zenith LOCAL -- C-16 270 gramos 30 x 40;19/05/2026;INGRESOS;2600.0;2600.0;hoja(s);0.543482784;C16-30;LOCAL
Cartulina;100300754;Cartulina FBB Zenith LOCAL -- C-16 270 gramos 30 x 40;20/05/2026;INGRESOS;2000.0;2000.0;hoja(s);0.41806368;C16-30;LOCAL
Cartulina;100300754;Cartulina FBB Zenith LOCAL -- C-16 270 gramos 30 x 40;20/05/2026;INGRESOS;1600.0;1600.0;hoja(s);0.334450944;C16-30;LOCAL
Cartulina;100301917;Rollo Cartulina Nine Dragons C - 16.3 255 g ancho 25 (29-89);8/05/2026;CONSUMOS;13164.0;13164.0;METROS;2.1315807;C16.3-25;IMPORTACION
Cartulina;100600116;Rollo Cartulina BRIGHT --  C - 16 245 g ancho 29;27/05/2026;CONSUMOS;11599.0;11599.0;;2.09153168;BAY-C16-29;IMPORTACION
Cartulina;100301909;Rollo Cartulina Nine Dragons C - 13.6 215 g ancho 30 (29-89);25/05/2026;CONSUMOS;12728.0;12728.0;METROS;2.08522824;C13.6-30;IMPORTACION
Papel;100600020;Papel Couche Brillante B-60 -- 90 gramos  25 x 36;14/05/2026;CONSUMOS;39300.0;39300.0;;2.05283943;Couche;LOCAL
Cartulina;100300754;Cartulina FBB Zenith LOCAL -- C-16 270 gramos 30 x 40;21/05/2026;INGRESOS;6900.0;6900.0;hoja(s);1.442319696;C16-30;LOCAL
Cartulina;100304563;Rollo Cartulina Nine Dragons C - 12 205 g ancho 25 (29-89);8/05/2026;CONSUMOS;15464.0;15464.0;METROS;2.0130262;C12-25;IMPORTACION
Cartulina;100305999;Rollo Cartulina Nine Dragons C - 19 305 g ancho 24;15/05/2026;CONSUMOS;10328.0;10328.0;METROS;1.91837436;C19-24;IMPORTACION
Cartulina;100300298;Cartulina FBB Zenith LOCAL -- C-14 235 gramos 25 x 38;25/05/2026;CONSUMOS;13200.0;13200.0;hoja(s);1.90082805;C14-25;LOCAL
Cartulina;100301001;Cartulina FBB Zenith LOCAL -- C-18 295 gramos 25 x 38;27/05/2026;INGRESOS;2500.0;2500.0;hoja(s);0.451921563;C18-25;LOCAL
Cartulina;100304565;Rollo Cartulina DEINGRESOSCA FSC --  C - 13.5 225 g ancho 23.125;14/05/2026;CONSUMOS;14245.0;14245.0;Metro(s);1.881408375;OLMECA;IMPORTACION
Cartulina;100301046;Cartulina FBB Zenith LOCAL -- C-18 295 gramos 30 x 40;5/05/2026;INGRESOS;16600.0;16600.0;hoja(s);3.791218224;C18-30;LOCAL
Cartulina;100301046;Cartulina FBB Zenith LOCAL -- C-18 295 gramos 30 x 40;5/05/2026;INGRESOS;2700.0;2700.0;hoja(s);0.616643928;C18-30;LOCAL
Cartulina;100301825;Rollo Cartulina ASIA SYMBOL C-16 270 g ancho 28.5;6/05/2026;CONSUMOS;9550.0;9550.0;METROS;1.8642555;C16-29;IMPORTACION
Cartulina;100301908;Rollo Cartulina Nine Dragons C - 13.6 215 g ancho 25 (29-89);25/05/2026;CONSUMOS;12610.0;12610.0;METROS;1.72158025;C13.6-25;IMPORTACION
Cartulina;100301046;Cartulina FBB Zenith LOCAL -- C-18 295 gramos 30 x 40;6/05/2026;INGRESOS;5900.0;5900.0;hoja(s);1.347481176;C18-30;LOCAL
Cartulina;100301046;Cartulina FBB Zenith LOCAL -- C-18 295 gramos 30 x 40;6/05/2026;INGRESOS;4500.0;4500.0;hoja(s);1.02773988;C18-30;LOCAL
Cartulina;100301046;Cartulina FBB Zenith LOCAL -- C-18 295 gramos 30 x 40;8/05/2026;INGRESOS;4900.0;4900.0;hoja(s);1.119094536;C18-30;LOCAL
Cartulina;100301908;Rollo Cartulina Nine Dragons C - 13.6 215 g ancho 25 (29-89);25/05/2026;CONSUMOS;12598.0;12598.0;METROS;1.71994195;C13.6-25;IMPORTACION
Cartulina;100305967;Rollo Cartulina Nine Dragons C - 18.3 290 g ancho 29;27/05/2026;CONSUMOS;7904.0;7904.0;METROS;1.68932192;C18-29-COSC;IMPORTACION
Papel;100600023;Papel Couche Brillante - 1 Cara - B-60 -- 90 gramos  25 x 38;19/05/2026;CONSUMOS;30100.0;30100.0;;1.660007475;Couche;LOCAL
Cartulina;100301046;Cartulina FBB Zenith LOCAL -- C-18 295 gramos 30 x 40;12/05/2026;INGRESOS;14900.0;14900.0;hoja(s);3.402960936;C18-30;LOCAL
Cartulina;100301046;Cartulina FBB Zenith LOCAL -- C-18 295 gramos 30 x 40;13/05/2026;INGRESOS;4200.0;4200.0;hoja(s);0.959223888;C18-30;LOCAL
Cartulina;100304565;Rollo Cartulina DEINGRESOSCA FSC --  C - 13.5 225 g ancho 23.125;14/05/2026;CONSUMOS;12105.0;12105.0;Metro(s);1.598767875;OLMECA;IMPORTACION
Cartulina;100300754;Cartulina FBB Zenith LOCAL -- C-16 270 gramos 30 x 40;5/05/2026;CONSUMOS;7600.0;7600.0;hoja(s);1.588641984;C16-30;LOCAL
Cartulina;100301046;Cartulina FBB Zenith LOCAL -- C-18 295 gramos 30 x 40;13/05/2026;CONSUMOS;6740.0;6740.0;hoja(s);1.539325954;C18-30;LOCAL
Cartulina;100304639;Rollo Cartulina BRIGHT --  C - 16 245 g ancho 25;8/05/2026;CONSUMOS;9652.0;9652.0;METROS;1.5016099;BAY-C16-25;IMPORTACION
Cartulina;100304527;Cartulina SPARK C-18 270 gr 25 X 38;25/05/2026;CONSUMOS;8900.0;8900.0;Pliego(s);1.472498325;Spark;LOCAL
Cartulina;100301046;Cartulina FBB Zenith LOCAL -- C-18 295 gramos 30 x 40;14/05/2026;INGRESOS;7200.0;7200.0;hoja(s);1.644383808;C18-30;LOCAL
Cartulina;100301046;Cartulina FBB Zenith LOCAL -- C-18 295 gramos 30 x 40;14/05/2026;INGRESOS;12400.0;12400.0;hoja(s);2.831994336;C18-30;LOCAL
Cartulina;100301856;Rollo Cartulina OBAFREE --  C - 18 265 g ancho 23;22/05/2026;CONSUMOS;9476.0;9476.0;METROS;1.46650576;C18-23;IMPORTACION
Cartulina;100305967;Rollo Cartulina Nine Dragons C - 18.3 290 g ancho 29;27/05/2026;CONSUMOS;6847.0;6847.0;METROS;1.46340931;C18-29-COSC;IMPORTACION
Cartulina;100301046;Cartulina FBB Zenith LOCAL -- C-18 295 gramos 30 x 40;15/05/2026;INGRESOS;7300.0;7300.0;hoja(s);1.667222472;C18-30;LOCAL
Cartulina;100305999;Rollo Cartulina Nine Dragons C - 19 305 g ancho 24;22/05/2026;CONSUMOS;7755.0;7755.0;METROS;1.440452475;C19-24;IMPORTACION
Cartulina;100301046;Cartulina FBB Zenith LOCAL -- C-18 295 gramos 30 x 40;8/05/2026;CONSUMOS;6300.0;6300.0;hoja(s);1.438835832;C18-30;LOCAL
Cartulina;100304563;Rollo Cartulina Nine Dragons C - 12 205 g ancho 25 (29-89);8/05/2026;CONSUMOS;10545.0;10545.0;METROS;1.372695375;C12-25;IMPORTACION
Cartulina;100301046;Cartulina FBB Zenith LOCAL -- C-18 295 gramos 30 x 40;8/05/2026;CONSUMOS;5900.0;5900.0;hoja(s);1.347481176;C18-30;LOCAL
Cartulina;100306185;Cartulina SPARK C-20 295 gr 25 X 38;26/05/2026;CONSUMOS;7225.0;7225.0;;1.306053316;Spark;LOCAL
Cartulina;100301909;Rollo Cartulina Nine Dragons C - 13.6 215 g ancho 30 (29-89);25/05/2026;CONSUMOS;7883.0;7883.0;METROS;1.29147189;C13.6-30;IMPORTACION
Cartulina;100600094;Rollo Cartulina CMPC RC --  C - 18 265 g ancho 25;11/05/2026;CONSUMOS;7486.0;7486.0;;1.25970665;CMPC RC;IMPORTACION
Cartulina;100301046;Cartulina FBB Zenith LOCAL -- C-18 295 gramos 30 x 40;18/05/2026;INGRESOS;8100.0;8100.0;hoja(s);1.849931784;C18-30;LOCAL
Cartulina;100300012;Cartulina Husky -- C-14 300 gramos 30 x 40;26/05/2026;CONSUMOS;5400.0;5400.0;hoja(s);1.25419104;C14-30H;LOCAL
Cartulina;100301908;Rollo Cartulina Nine Dragons C - 13.6 215 g ancho 25 (29-89);25/05/2026;CONSUMOS;9036.0;9036.0;METROS;1.2336399;C13.6-25;IMPORTACION
Cartulina;100301046;Cartulina FBB Zenith LOCAL -- C-18 295 gramos 30 x 40;19/05/2026;INGRESOS;5500.0;5500.0;hoja(s);1.25612652;C18-30;LOCAL
Cartulina;100301046;Cartulina FBB Zenith LOCAL -- C-18 295 gramos 30 x 40;20/05/2026;INGRESOS;700.0;700.0;hoja(s);0.159870648;C18-30;LOCAL
Cartulina;100301046;Cartulina FBB Zenith LOCAL -- C-18 295 gramos 30 x 40;14/05/2026;CONSUMOS;5200.0;5200.0;hoja(s);1.187610528;C18-30;LOCAL
Cartulina;100301046;Cartulina FBB Zenith LOCAL -- C-18 295 gramos 30 x 40;14/05/2026;CONSUMOS;5200.0;5200.0;hoja(s);1.187610528;C18-30;LOCAL
Cartulina;100700009;Cartulina Kraft -- C-15 225 gramos 38 x 23;13/05/2026;CONSUMOS;9200.0;9200.0;;1.167210569;Kraft;IMPORTACION
Cartulina;100301046;Cartulina FBB Zenith LOCAL -- C-18 295 gramos 30 x 40;21/05/2026;INGRESOS;300.0;300.0;hoja(s);0.068515992;C18-30;LOCAL
Cartulina;100301046;Cartulina FBB Zenith LOCAL -- C-18 295 gramos 30 x 40;21/05/2026;INGRESOS;4200.0;4200.0;hoja(s);0.959223888;C18-30;LOCAL
Cartulina;100700009;Cartulina Kraft -- C-15 225 gramos 38 x 23;13/05/2026;CONSUMOS;9200.0;9200.0;;1.167210569;Kraft;IMPORTACION
Cartulina;100305999;Rollo Cartulina Nine Dragons C - 19 305 g ancho 24;21/05/2026;CONSUMOS;6179.0;6179.0;METROS;1.147718355;C19-24;IMPORTACION
Cartulina;100301046;Cartulina FBB Zenith LOCAL -- C-18 295 gramos 30 x 40;25/05/2026;INGRESOS;13200.0;13200.0;hoja(s);3.014703648;C18-30;LOCAL
Cartulina;100301046;Cartulina FBB Zenith LOCAL -- C-18 295 gramos 30 x 40;27/05/2026;INGRESOS;2500.0;2500.0;hoja(s);0.5709666;C18-30;LOCAL
Papel;100600021;Papel Couche Brillante - 1 Cara - B-60 -- 90 gramos  25 x 36;19/05/2026;CONSUMOS;21500.0;21500.0;;1.12305465;Couche;LOCAL
Cartulina;100301046;Cartulina FBB Zenith LOCAL -- C-18 295 gramos 30 x 40;19/05/2026;CONSUMOS;4800.0;4800.0;hoja(s);1.096255872;C18-30;LOCAL
Cartulina;100301908;Rollo Cartulina Nine Dragons C - 13.6 215 g ancho 25 (29-89);25/05/2026;CONSUMOS;8011.0;8011.0;METROS;1.093701775;C13.6-25;IMPORTACION
Cartulina;100300754;Cartulina FBB Zenith LOCAL -- C-16 270 gramos 30 x 40;21/05/2026;CONSUMOS;5200.0;5200.0;hoja(s);1.086965568;C16-30;LOCAL
Cartulina;100304625;Rollo Cartulina ASIA SYMBOL C-14 235 g ancho 28.5;13/05/2026;CONSUMOS;6301.0;6301.0;METROS;1.070571405;C14-29;IMPORTACION
Papel;100600023;Papel Couche Brillante - 1 Cara - B-60 -- 90 gramos  25 x 38;19/05/2026;CONSUMOS;18800.0;18800.0;;1.0368153;Couche;LOCAL
Cartulina;100301046;Cartulina FBB Zenith LOCAL -- C-18 295 gramos 30 x 40;21/05/2026;CONSUMOS;4500.0;4500.0;hoja(s);1.02773988;C18-30;LOCAL
Cartulina;100301917;Rollo Cartulina Nine Dragons C - 16.3 255 g ancho 25 (29-89);22/05/2026;CONSUMOS;6283.0;6283.0;METROS;1.017374775;C16.3-25;IMPORTACION
Cartulina;100300754;Cartulina FBB Zenith LOCAL -- C-16 270 gramos 30 x 40;25/05/2026;CONSUMOS;4800.0;4800.0;hoja(s);1.003352832;C16-30;LOCAL
Cartulina;100301902;Rollo Cartulina SBS CANDESCE -- C-24 407 g ancho 39 (29-89);8/05/2026;CONSUMOS;2401.0;2401.0;METROS;0.96743493;GILDAN;IMPORTACION
Cartulina;100301046;Cartulina FBB Zenith LOCAL -- C-18 295 gramos 30 x 40;13/05/2026;CONSUMOS;4200.0;4200.0;hoja(s);0.959223888;C18-30;LOCAL
Cartulina;100301046;Cartulina FBB Zenith LOCAL -- C-18 295 gramos 30 x 40;25/05/2026;CONSUMOS;4200.0;4200.0;hoja(s);0.959223888;C18-30;LOCAL
Cartulina;100301917;Rollo Cartulina Nine Dragons C - 16.3 255 g ancho 25 (29-89);14/05/2026;CONSUMOS;5759.0;5759.0;METROS;0.932526075;C16.3-25;IMPORTACION
Cartulina;100301825;Rollo Cartulina ASIA SYMBOL C-16 270 g ancho 28.5;28/05/2026;CONSUMOS;4586.0;4586.0;METROS;0.89523306;C16-29;IMPORTACION
Cartulina;100301902;Rollo Cartulina SBS CANDESCE -- C-24 407 g ancho 39 (29-89);8/05/2026;CONSUMOS;2209.0;2209.0;METROS;0.89007237;GILDAN;IMPORTACION
Cartulina;100304563;Rollo Cartulina Nine Dragons C - 12 205 g ancho 25 (29-89);25/05/2026;CONSUMOS;6727.0;6727.0;METROS;0.875687225;C12-25;IMPORTACION
Cartulina;100600094;Rollo Cartulina CMPC RC --  C - 18 265 g ancho 25;5/05/2026;CONSUMOS;5153.0;5153.0;;0.867121075;CMPC RC;IMPORTACION
Cartulina;100301908;Rollo Cartulina Nine Dragons C - 13.6 215 g ancho 25 (29-89);6/05/2026;CONSUMOS;6345.0;6345.0;METROS;0.866251125;C13.6-25;IMPORTACION
Cartulina;100301917;Rollo Cartulina Nine Dragons C - 16.3 255 g ancho 25 (29-89);20/05/2026;CONSUMOS;5347.0;5347.0;METROS;0.865812975;C16.3-25;IMPORTACION
Cartulina;100301046;Cartulina FBB Zenith LOCAL -- C-18 295 gramos 30 x 40;13/05/2026;CONSUMOS;3760.0;3760.0;hoja(s);0.858733766;C18-30;LOCAL
Cartulina;100305999;Rollo Cartulina Nine Dragons C - 19 305 g ancho 24;22/05/2026;CONSUMOS;4618.0;4618.0;METROS;0.85777041;C19-24;IMPORTACION
Cartulina;100301917;Rollo Cartulina Nine Dragons C - 16.3 255 g ancho 25 (29-89);15/05/2026;CONSUMOS;5263.0;5263.0;METROS;0.852211275;C16.3-25;IMPORTACION
Cartulina;100301046;Cartulina FBB Zenith LOCAL -- C-18 295 gramos 30 x 40;18/05/2026;CONSUMOS;3650.0;3650.0;hoja(s);0.833611236;C18-30;LOCAL
Cartulina;100304541;Rollo Cartulina ASIA SYMBOL C-12 230 g ancho 25;13/05/2026;CONSUMOS;5654.0;5654.0;METROS;0.8257667;C12-25;IMPORTACION
Cartulina;100301046;Cartulina FBB Zenith LOCAL -- C-18 295 gramos 30 x 40;18/05/2026;CONSUMOS;3600.0;3600.0;hoja(s);0.822191904;C18-30;LOCAL
Papel;100600013;Papel Bond 90 gramos -- 26 x 34;13/05/2026;CONSUMOS;16020.0;16020.0;;0.822172032;Bond;LOCAL
Cartulina;100301834;Rollo Cartulina ASIA SYMBOL C-16 270 g ancho 29;12/05/2026;CONSUMOS;3883.0;3883.0;METROS;0.77162976;C16-29;IMPORTACION
Cartulina;100300754;Cartulina FBB Zenith LOCAL -- C-16 270 gramos 30 x 40;14/05/2026;CONSUMOS;3600.0;3600.0;hoja(s);0.752514624;C16-30;LOCAL
Cartulina;100306180;Cartulina NINGBO ALLY LOCAL C-18 290 gramos 25 x 36;13/05/2026;CONSUMOS;4400.0;4400.0;;0.74057764;C18-25;LOCAL
Cartulina;100301866;Cartulina FBB Poplar -- C-16 255 gramos 27 x 34.5 (29-89);28/05/2026;CONSUMOS;4800.0;4800.0;hoja(s);0.73447344;C16-27;IMPORTACION
Cartulina;100304541;Rollo Cartulina ASIA SYMBOL C-12 230 g ancho 25;22/05/2026;CONSUMOS;4922.0;4922.0;METROS;0.7188581;C12-25;IMPORTACION
Cartulina;100301908;Rollo Cartulina Nine Dragons C - 13.6 215 g ancho 25 (29-89);15/05/2026;CONSUMOS;5156.0;5156.0;METROS;0.7039229;C13.6-25;IMPORTACION
Cartulina;100301046;Cartulina FBB Zenith LOCAL -- C-18 295 gramos 30 x 40;8/05/2026;CONSUMOS;3000.0;3000.0;hoja(s);0.68515992;C18-30;LOCAL
Cartulina;100304639;Rollo Cartulina BRIGHT --  C - 16 245 g ancho 25;8/05/2026;CONSUMOS;4220.0;4220.0;METROS;0.6565265;BAY-C16-25;IMPORTACION
Cartulina;100300012;Cartulina Husky -- C-14 300 gramos 30 x 40;26/05/2026;CONSUMOS;2800.0;2800.0;hoja(s);0.65032128;C14-30H;LOCAL
Cartulina;100300754;Cartulina FBB Zenith LOCAL -- C-16 270 gramos 30 x 40;21/05/2026;CONSUMOS;3100.0;3100.0;hoja(s);0.647998704;C16-30;LOCAL
Cartulina;100301825;Rollo Cartulina ASIA SYMBOL C-16 270 g ancho 28.5;14/05/2026;CONSUMOS;3311.0;3311.0;METROS;0.64634031;C16-29;IMPORTACION
Cartulina;100301902;Rollo Cartulina SBS CANDESCE -- C-24 407 g ancho 39 (29-89);8/05/2026;CONSUMOS;1532.0;1532.0;METROS;0.61728876;GILDAN;IMPORTACION
Cartulina;100301046;Cartulina FBB Zenith LOCAL -- C-18 295 gramos 30 x 40;5/05/2026;CONSUMOS;2700.0;2700.0;hoja(s);0.616643928;C18-30;LOCAL
Cartulina;100301917;Rollo Cartulina Nine Dragons C - 16.3 255 g ancho 25 (29-89);8/05/2026;CONSUMOS;3712.0;3712.0;METROS;0.6010656;C16.3-25;IMPORTACION
Cartulina;100301046;Cartulina FBB Zenith LOCAL -- C-18 295 gramos 30 x 40;18/05/2026;CONSUMOS;2535.0;2535.0;hoja(s);0.578960132;C18-30;LOCAL
Cartulina;100304563;Rollo Cartulina Nine Dragons C - 12 205 g ancho 25 (29-89);8/05/2026;CONSUMOS;4392.0;4392.0;METROS;0.5717286;C12-25;IMPORTACION
Cartulina;100301046;Cartulina FBB Zenith LOCAL -- C-18 295 gramos 30 x 40;13/05/2026;CONSUMOS;2500.0;2500.0;hoja(s);0.5709666;C18-30;LOCAL
Cartulina;100300754;Cartulina FBB Zenith LOCAL -- C-16 270 gramos 30 x 40;19/05/2026;CONSUMOS;2700.0;2700.0;hoja(s);0.564385968;C16-30;LOCAL
Cartulina;100301825;Rollo Cartulina ASIA SYMBOL C-16 270 g ancho 28.5;28/05/2026;CONSUMOS;2809.0;2809.0;METROS;0.54834489;C16-29;IMPORTACION
Cartulina;100304530;Cartulina SPARK C-20 295 gr 30 X 40;13/05/2026;CONSUMOS;2400.0;2400.0;Pliego(s);0.548127936;Spark;LOCAL
Cartulina;100600094;Rollo Cartulina CMPC RC --  C - 18 265 g ancho 25;11/05/2026;CONSUMOS;3165.0;3165.0;;0.532590375;CMPC RC;IMPORTACION
Cartulina;100301917;Rollo Cartulina Nine Dragons C - 16.3 255 g ancho 25 (29-89);22/05/2026;CONSUMOS;3135.0;3135.0;METROS;0.507634875;C16.3-25;IMPORTACION
Cartulina;100304563;Rollo Cartulina Nine Dragons C - 12 205 g ancho 25 (29-89);13/05/2026;CONSUMOS;3830.0;3830.0;METROS;0.49857025;C12-25;IMPORTACION
Cartulina;100301834;Rollo Cartulina ASIA SYMBOL C-16 270 g ancho 29;25/05/2026;CONSUMOS;2498.0;2498.0;METROS;0.49640256;C16-29;IMPORTACION
Cartulina;100300754;Cartulina FBB Zenith LOCAL -- C-16 270 gramos 30 x 40;28/05/2026;CONSUMOS;2300.0;2300.0;hoja(s);0.480773232;C16-30;LOCAL
Cartulina;100301908;Rollo Cartulina Nine Dragons C - 13.6 215 g ancho 25 (29-89);28/05/2026;CONSUMOS;3449.0;3449.0;METROS;0.470874725;C13.6-25;IMPORTACION
Cartulina;100300704;Cartulina FBB Zenith LOCAL -- C-16 270 gramos 25 x 36;5/05/2026;CONSUMOS;2900.0;2900.0;hoja(s);0.45444537;C16-25;LOCAL
Cartulina;100301917;Rollo Cartulina Nine Dragons C - 16.3 255 g ancho 25 (29-89);14/05/2026;CONSUMOS;2797.0;2797.0;METROS;0.452904225;C16.3-25;IMPORTACION
Cartulina;100301001;Cartulina FBB Zenith LOCAL -- C-18 295 gramos 25 x 38;28/05/2026;CONSUMOS;2500.0;2500.0;hoja(s);0.451921563;C18-25;LOCAL
Cartulina;100301046;Cartulina FBB Zenith LOCAL -- C-18 295 gramos 30 x 40;18/05/2026;CONSUMOS;1962.0;1962.0;hoja(s);0.448094588;C18-30;LOCAL
Papel;100600011;Papel Bond 90 gramos -- 22 x 34;21/05/2026;CONSUMOS;10300.0;10300.0;;0.447718752;Bond;LOCAL
Cartulina;100306003;Rollo Cartulina Nine Dragons C - 16.3 255 g ancho 28.5;14/05/2026;CONSUMOS;2713.0;2713.0;METROS;0.439302525;C16.3-28.5;IMPORTACION
Cartulina;100301046;Cartulina FBB Zenith LOCAL -- C-18 295 gramos 30 x 40;13/05/2026;CONSUMOS;1900.0;1900.0;hoja(s);0.433934616;C18-30;LOCAL
Cartulina;100301917;Rollo Cartulina Nine Dragons C - 16.3 255 g ancho 25 (29-89);11/05/2026;CONSUMOS;2677.0;2677.0;METROS;0.433473225;C16.3-25;IMPORTACION
Cartulina;100304625;Rollo Cartulina ASIA SYMBOL C-14 235 g ancho 28.5;25/05/2026;CONSUMOS;2476.0;2476.0;METROS;0.42068478;C14-29;IMPORTACION
Cartulina;100304527;Cartulina SPARK C-18 270 gr 25 X 38;11/05/2026;CONSUMOS;2500.0;2500.0;Pliego(s);0.413623125;Spark;LOCAL
Cartulina;100301046;Cartulina FBB Zenith LOCAL -- C-18 295 gramos 30 x 40;19/05/2026;CONSUMOS;1800.0;1800.0;hoja(s);0.411095952;C18-30;LOCAL
Cartulina;100300709;Cartulina FBB Zenith LOCAL -- C-16 270 gramos 25 x 38;13/05/2026;CONSUMOS;2400.0;2400.0;hoja(s);0.3970782;C16-25;LOCAL
Cartulina;100301825;Rollo Cartulina ASIA SYMBOL C-16 270 g ancho 28.5;28/05/2026;CONSUMOS;1957.0;1957.0;METROS;0.38202597;C16-29;IMPORTACION
Cartulina;100301908;Rollo Cartulina Nine Dragons C - 13.6 215 g ancho 25 (29-89);6/05/2026;CONSUMOS;2744.0;2744.0;METROS;0.3746246;C13.6-25;IMPORTACION
Cartulina;100301046;Cartulina FBB Zenith LOCAL -- C-18 295 gramos 30 x 40;18/05/2026;CONSUMOS;1638.0;1638.0;hoja(s);0.374097316;C18-30;LOCAL
Cartulina;100301825;Rollo Cartulina ASIA SYMBOL C-16 270 g ancho 28.5;25/05/2026;CONSUMOS;1916.0;1916.0;METROS;0.37402236;C16-29;IMPORTACION
Cartulina;100305999;Rollo Cartulina Nine Dragons C - 19 305 g ancho 24;4/05/2026;CONSUMOS;1982.0;1982.0;METROS;0.36814659;C19-24;IMPORTACION
Cartulina;100304625;Rollo Cartulina ASIA SYMBOL C-14 235 g ancho 28.5;6/05/2026;CONSUMOS;2131.0;2131.0;METROS;0.362067555;C14-29;IMPORTACION
Papel;100600030;Papel Couche Brillante B-80 -- 115 gramos  25 x 38;7/05/2026;CONSUMOS;5100.0;5100.0;;0.359392538;Couche;LOCAL
Cartulina;100306003;Rollo Cartulina Nine Dragons C - 16.3 255 g ancho 28.5;25/05/2026;CONSUMOS;2207.0;2207.0;METROS;0.357368475;C16.3-28.5;IMPORTACION
Cartulina;100301834;Rollo Cartulina ASIA SYMBOL C-16 270 g ancho 29;25/05/2026;CONSUMOS;1785.0;1785.0;METROS;0.3547152;C16-29;IMPORTACION
Cartulina;100300754;Cartulina FBB Zenith LOCAL -- C-16 270 gramos 30 x 40;21/05/2026;CONSUMOS;1600.0;1600.0;hoja(s);0.334450944;C16-30;LOCAL
Cartulina;100304625;Rollo Cartulina ASIA SYMBOL C-14 235 g ancho 28.5;6/05/2026;CONSUMOS;1931.0;1931.0;METROS;0.328086555;C14-29;IMPORTACION
Cartulina;100301917;Rollo Cartulina Nine Dragons C - 16.3 255 g ancho 25 (29-89);28/05/2026;CONSUMOS;2003.0;2003.0;METROS;0.324335775;C16.3-25;IMPORTACION
Papel;100600009;Papel Bond 75 gramos -- 26 x 38;11/05/2026;CONSUMOS;6700.0;6700.0;;0.32004225;Bond;LOCAL
Papel;100600026;Papel Couche Brillante B-70 -- 105 gramos  25 x 36;14/05/2026;CONSUMOS;5250.0;5250.0;;0.319939988;Couche;LOCAL
Cartulina;100301917;Rollo Cartulina Nine Dragons C - 16.3 255 g ancho 25 (29-89);20/05/2026;CONSUMOS;1955.0;1955.0;METROS;0.316563375;C16.3-25;IMPORTACION
Papel;100600009;Papel Bond 75 gramos -- 26 x 38;14/05/2026;CONSUMOS;6500.0;6500.0;;0.31048875;Bond;LOCAL
Cartulina;100301926;Rollo Cartulina ASIA SYMBOL C-19 310 g ancho 25 (29-89);21/05/2026;CONSUMOS;1575.0;1575.0;METROS;0.31003875;C19-25;IMPORTACION
Cartulina;100301908;Rollo Cartulina Nine Dragons C - 13.6 215 g ancho 25 (29-89);6/05/2026;CONSUMOS;2257.0;2257.0;METROS;0.308136925;C13.6-25;IMPORTACION
Cartulina;100600145;Rollo Cartulina OBAFREE --  C - 14 220 g ancho 25.5;11/05/2026;CONSUMOS;2175.0;2175.0;;0.3038475;C14-25;IMPORTACION
Cartulina;100305974;Rollo Cartulina ASIA SYMBOL C-12 215 g ancho 25.75;20/05/2026;CONSUMOS;2144.0;2144.0;METROS;0.30146784;C12-25.75;IMPORTACION
Cartulina;100301866;Cartulina FBB Poplar -- C-16 255 gramos 27 x 34.5 (29-89);11/05/2026;CONSUMOS;1965.0;1965.0;hoja(s);0.300675065;C16-27;IMPORTACION
Cartulina;100301834;Rollo Cartulina ASIA SYMBOL C-16 270 g ancho 29;25/05/2026;CONSUMOS;1439.0;1439.0;METROS;0.28595808;C16-29;IMPORTACION
Cartulina;100306185;Cartulina SPARK C-20 295 gr 25 X 38;26/05/2026;CONSUMOS;1575.0;1575.0;;0.284710584;Spark;LOCAL
Cartulina;100301908;Rollo Cartulina Nine Dragons C - 13.6 215 g ancho 25 (29-89);15/05/2026;CONSUMOS;2042.0;2042.0;METROS;0.27878405;C13.6-25;IMPORTACION
Cartulina;100301908;Rollo Cartulina Nine Dragons C - 13.6 215 g ancho 25 (29-89);25/05/2026;CONSUMOS;2023.0;2023.0;METROS;0.276190075;C13.6-25;IMPORTACION
Cartulina;100304525;Cartulina SPARK C-18 270 gr 30 X 40;5/05/2026;INGRESOS;100.0;100.0;Pliego(s);0.020903184;Spark;LOCAL
Cartulina;100304525;Cartulina SPARK C-18 270 gr 30 X 40;25/05/2026;INGRESOS;4400.0;4400.0;Pliego(s);0.919740096;Spark;LOCAL
Cartulina;100304526;Cartulina SPARK C-18 270 gr 25 X 36;6/05/2026;INGRESOS;54400.0;54400.0;Pliego(s);8.52476832;Spark;LOCAL
Cartulina;100301046;Cartulina FBB Zenith LOCAL -- C-18 295 gramos 30 x 40;21/05/2026;CONSUMOS;1200.0;1200.0;hoja(s);0.274063968;C18-30;LOCAL
Cartulina;100300754;Cartulina FBB Zenith LOCAL -- C-16 270 gramos 30 x 40;18/05/2026;CONSUMOS;1300.0;1300.0;hoja(s);0.271741392;C16-30;LOCAL
Cartulina;100304527;Cartulina SPARK C-18 270 gr 25 X 38;8/05/2026;INGRESOS;1800.0;1800.0;Pliego(s);0.29780865;Spark;LOCAL
Cartulina;100304527;Cartulina SPARK C-18 270 gr 25 X 38;8/05/2026;INGRESOS;2500.0;2500.0;Pliego(s);0.413623125;Spark;LOCAL
Cartulina;100300754;Cartulina FBB Zenith LOCAL -- C-16 270 gramos 30 x 40;19/05/2026;CONSUMOS;1300.0;1300.0;hoja(s);0.271741392;C16-30;LOCAL
Cartulina;100300754;Cartulina FBB Zenith LOCAL -- C-16 270 gramos 30 x 40;19/05/2026;CONSUMOS;1300.0;1300.0;hoja(s);0.271741392;C16-30;LOCAL
Cartulina;100304527;Cartulina SPARK C-18 270 gr 25 X 38;19/05/2026;INGRESOS;700.0;700.0;Pliego(s);0.115814475;Spark;LOCAL
Cartulina;100304527;Cartulina SPARK C-18 270 gr 25 X 38;21/05/2026;INGRESOS;8900.0;8900.0;Pliego(s);1.472498325;Spark;LOCAL
Papel;100600030;Papel Couche Brillante B-80 -- 115 gramos  25 x 38;13/05/2026;CONSUMOS;3600.0;3600.0;;0.25368885;Couche;LOCAL
Cartulina;100304530;Cartulina SPARK C-20 295 gr 30 X 40;5/05/2026;INGRESOS;200.0;200.0;Pliego(s);0.045677328;Spark;LOCAL
Cartulina;100305999;Rollo Cartulina Nine Dragons C - 19 305 g ancho 24;8/05/2026;CONSUMOS;1365.0;1365.0;METROS;0.253541925;C19-24;IMPORTACION
Cartulina;100304530;Cartulina SPARK C-20 295 gr 30 X 40;8/05/2026;INGRESOS;600.0;600.0;Pliego(s);0.137031984;Spark;LOCAL
Cartulina;100300754;Cartulina FBB Zenith LOCAL -- C-16 270 gramos 30 x 40;5/05/2026;CONSUMOS;1200.0;1200.0;hoja(s);0.250838208;C16-30;LOCAL
Cartulina;100304530;Cartulina SPARK C-20 295 gr 30 X 40;12/05/2026;INGRESOS;2400.0;2400.0;Pliego(s);0.548127936;Spark;LOCAL
Cartulina;100304527;Cartulina SPARK C-18 270 gr 25 X 38;13/05/2026;CONSUMOS;1500.0;1500.0;Pliego(s);0.248173875;Spark;LOCAL
Cartulina;100304530;Cartulina SPARK C-20 295 gr 30 X 40;20/05/2026;INGRESOS;26200.0;26200.0;Pliego(s);5.983729968;Spark;LOCAL
Cartulina;100301825;Rollo Cartulina ASIA SYMBOL C-16 270 g ancho 28.5;20/05/2026;CONSUMOS;1267.0;1267.0;METROS;0.24733107;C16-29;IMPORTACION
Cartulina;100304530;Cartulina SPARK C-20 295 gr 30 X 40;21/05/2026;INGRESOS;25800.0;25800.0;Pliego(s);5.892375312;Spark;LOCAL
Cartulina;100301908;Rollo Cartulina Nine Dragons C - 13.6 215 g ancho 25 (29-89);6/05/2026;CONSUMOS;1810.0;1810.0;METROS;0.24711025;C13.6-25;IMPORTACION
Papel;100600038;Papel Couche Mate B-80 -- 115 gramos  25 x 38;26/05/2026;CONSUMOS;3500.0;3500.0;;0.246693055;Couche;LOCAL
Cartulina;100305999;Rollo Cartulina Nine Dragons C - 19 305 g ancho 24;4/05/2026;CONSUMOS;1315.0;1315.0;METROS;0.244254675;C19-24;IMPORTACION
Cartulina;100301862;Rollo Cartulina ASIA SYMBOL C-12 230 g ancho 30.5;27/05/2026;CONSUMOS;1357.0;1357.0;METROS;0.24157314;C12-31;IMPORTACION
Cartulina;100301834;Rollo Cartulina ASIA SYMBOL C-16 270 g ancho 29;13/05/2026;CONSUMOS;1170.0;1170.0;METROS;0.2325024;C16-29;IMPORTACION
Cartulina;100301046;Cartulina FBB Zenith LOCAL -- C-18 295 gramos 30 x 40;21/05/2026;CONSUMOS;1000.0;1000.0;hoja(s);0.22838664;C18-30;LOCAL
Cartulina;100301825;Rollo Cartulina ASIA SYMBOL C-16 270 g ancho 28.5;25/05/2026;CONSUMOS;1137.0;1137.0;METROS;0.22195377;C16-29;IMPORTACION
Cartulina;100301908;Rollo Cartulina Nine Dragons C - 13.6 215 g ancho 25 (29-89);28/05/2026;CONSUMOS;1621.0;1621.0;METROS;0.221307025;C13.6-25;IMPORTACION
Cartulina;100304547;Rollo Cartulina Spectra Natural -- C-18 267g ancho 27;21/05/2026;INGRESOS;104372.0;104372.0;METROS;19.1114108;BIMBO;IMPORTACION
Cartulina;100304547;Rollo Cartulina Spectra Natural -- C-18 267g ancho 27;25/05/2026;INGRESOS;105904.0;105904.0;METROS;19.39193317;BIMBO;IMPORTACION
Cartulina;100304547;Rollo Cartulina Spectra Natural -- C-18 267g ancho 27;26/05/2026;INGRESOS;0.0;0.0;METROS;0.0;BIMBO;IMPORTACION
Cartulina;100304547;Rollo Cartulina Spectra Natural -- C-18 267g ancho 27;26/05/2026;INGRESOS;0.0;0.0;METROS;0.0;BIMBO;IMPORTACION
Cartulina;100301917;Rollo Cartulina Nine Dragons C - 16.3 255 g ancho 25 (29-89);27/05/2026;CONSUMOS;1351.0;1351.0;METROS;0.218760675;C16.3-25;IMPORTACION
Cartulina;100301825;Rollo Cartulina ASIA SYMBOL C-16 270 g ancho 28.5;25/05/2026;CONSUMOS;1115.0;1115.0;METROS;0.21765915;C16-29;IMPORTACION
Cartulina;100301917;Rollo Cartulina Nine Dragons C - 16.3 255 g ancho 25 (29-89);27/05/2026;CONSUMOS;1341.0;1341.0;METROS;0.217141425;C16.3-25;IMPORTACION
Cartulina;100301825;Rollo Cartulina ASIA SYMBOL C-16 270 g ancho 28.5;25/05/2026;CONSUMOS;1052.0;1052.0;METROS;0.20536092;C16-29;IMPORTACION
Cartulina;100300013;Cartulina Husky -- C-16 350 gramos 25 x 38;8/05/2026;CONSUMOS;900.0;900.0;hoja(s);0.193024125;C16-25H;LOCAL
Papel;100600030;Papel Couche Brillante B-80 -- 115 gramos  25 x 38;8/05/2026;CONSUMOS;2700.0;2700.0;;0.190266638;Couche;LOCAL
Papel;100600033;Papel Couche Brillante B-100 -- 140 gramos  25 x 38;25/05/2026;CONSUMOS;2100.0;2100.0;;0.18015585;Couche;LOCAL
Cartulina;100301825;Rollo Cartulina ASIA SYMBOL C-16 270 g ancho 28.5;28/05/2026;CONSUMOS;918.0;918.0;METROS;0.17920278;C16-29;IMPORTACION
Cartulina;100301825;Rollo Cartulina ASIA SYMBOL C-16 270 g ancho 28.5;25/05/2026;CONSUMOS;869.0;869.0;METROS;0.16963749;C16-29;IMPORTACION
Cartulina;100304565;Rollo Cartulina DEINGRESOSCA FSC --  C - 13.5 225 g ancho 23.125;21/05/2026;INGRESOS;286124.0;286124.0;Metro(s);37.7898273;OLMECA;IMPORTACION
Cartulina;100304565;Rollo Cartulina DEINGRESOSCA FSC --  C - 13.5 225 g ancho 23.125;26/05/2026;INGRESOS;0.0;0.0;Metro(s);0.0;OLMECA;IMPORTACION
Cartulina;100300754;Cartulina FBB Zenith LOCAL -- C-16 270 gramos 30 x 40;21/05/2026;CONSUMOS;800.0;800.0;hoja(s);0.167225472;C16-30;LOCAL
Cartulina;100304565;Rollo Cartulina DEINGRESOSCA FSC --  C - 13.5 225 g ancho 23.125;12/05/2026;CONSUMOS;1249.0;1249.0;Metro(s);0.164961675;OLMECA;IMPORTACION
Cartulina;100301046;Cartulina FBB Zenith LOCAL -- C-18 295 gramos 30 x 40;18/05/2026;CONSUMOS;715.0;715.0;hoja(s);0.163296448;C18-30;LOCAL
Papel;100600030;Papel Couche Brillante B-80 -- 115 gramos  25 x 38;7/05/2026;CONSUMOS;2250.0;2250.0;;0.158555531;Couche;LOCAL
Cartulina;100301908;Rollo Cartulina Nine Dragons C - 13.6 215 g ancho 25 (29-89);11/05/2026;CONSUMOS;1158.0;1158.0;METROS;0.15809595;C13.6-25;IMPORTACION
Papel;100600006;Papel Bond 75 gramos -- 26 x 34;8/05/2026;CONSUMOS;3600.0;3600.0;;0.1539648;Bond;LOCAL
Papel;100600013;Papel Bond 90 gramos -- 26 x 34;19/05/2026;CONSUMOS;3000.0;3000.0;;0.1539648;Bond;LOCAL
Papel;100600090;Papel Couche Mate B-80 -- 115 gramos  26 x 38;5/05/2026;CONSUMOS;2100.0;2100.0;;0.15381135;Couche;LOCAL
Cartulina;100300011;Cartulina Husky -- C-14 300 gramos 25 x 38;25/05/2026;CONSUMOS;800.0;800.0;hoja(s);0.147066;C14-25H;LOCAL
Cartulina;100600094;Rollo Cartulina CMPC RC --  C - 18 265 g ancho 25;12/05/2026;CONSUMOS;863.0;863.0;;0.145221325;CMPC RC;IMPORTACION
Papel;100600033;Papel Couche Brillante B-100 -- 140 gramos  25 x 38;26/05/2026;CONSUMOS;1628.0;1628.0;;0.139663678;Couche;LOCAL
Cartulina;100305999;Rollo Cartulina Nine Dragons C - 19 305 g ancho 24;4/05/2026;CONSUMOS;746.0;746.0;METROS;0.13856577;C19-24;IMPORTACION
Cartulina;100301825;Rollo Cartulina ASIA SYMBOL C-16 270 g ancho 28.5;28/05/2026;CONSUMOS;702.0;702.0;METROS;0.13703742;C16-29;IMPORTACION
Cartulina;100304639;Rollo Cartulina BRIGHT --  C - 16 245 g ancho 25;25/05/2026;INGRESOS;47936.0;47936.0;METROS;7.4576432;BAY-C16-25;IMPORTACION
Cartulina;100304530;Cartulina SPARK C-20 295 gr 30 X 40;8/05/2026;CONSUMOS;600.0;600.0;Pliego(s);0.137031984;Spark;LOCAL
Cartulina;100300709;Cartulina FBB Zenith LOCAL -- C-16 270 gramos 25 x 38;13/05/2026;CONSUMOS;800.0;800.0;hoja(s);0.1323594;C16-25;LOCAL
Cartulina;100301908;Rollo Cartulina Nine Dragons C - 13.6 215 g ancho 25 (29-89);25/05/2026;CONSUMOS;942.0;942.0;METROS;0.12860655;C13.6-25;IMPORTACION
Cartulina;100304541;Rollo Cartulina ASIA SYMBOL C-12 230 g ancho 25;13/05/2026;CONSUMOS;880.0;880.0;METROS;0.128524;C12-25;IMPORTACION
Cartulina;100304640;Rollo Cartulina OBAFREE --  C-15 230 g ancho 25.5;26/05/2026;INGRESOS;130105.0;130105.0;METROS;19.36092505;FOSFORERA;IMPORTACION
Cartulina;100301917;Rollo Cartulina Nine Dragons C - 16.3 255 g ancho 25 (29-89);20/05/2026;CONSUMOS;763.0;763.0;METROS;0.123548775;C16.3-25;IMPORTACION
Papel;100600030;Papel Couche Brillante B-80 -- 115 gramos  25 x 38;14/05/2026;CONSUMOS;1750.0;1750.0;;0.123320969;Couche;LOCAL
Papel;100600027;Papel Couche Brillante B-70 -- 105 gramos  25 x 38;25/05/2026;CONSUMOS;1900.0;1900.0;;0.122248613;Couche;LOCAL
Cartulina;100301917;Rollo Cartulina Nine Dragons C - 16.3 255 g ancho 25 (29-89);20/05/2026;CONSUMOS;735.0;735.0;METROS;0.119014875;C16.3-25;IMPORTACION
Cartulina;100304541;Rollo Cartulina ASIA SYMBOL C-12 230 g ancho 25;13/05/2026;CONSUMOS;806.0;806.0;METROS;0.1177163;C12-25;IMPORTACION
Papel;100600021;Papel Couche Brillante - 1 Cara - B-60 -- 90 gramos  25 x 36;13/05/2026;CONSUMOS;2250.0;2250.0;;0.117528975;Couche;LOCAL
Cartulina;100300001;Cartulina Husky -- C-8 200 gramos 25 x 36;14/05/2026;CONSUMOS;1000.0;1000.0;hoja(s);0.116078;C8-25H;LOCAL
Cartulina;100301805;Rollo Cartulina CMPC GC1 --  C - 18 270 g ancho 25;27/05/2026;CONSUMOS;677.0;677.0;METROS;0.11607165;CMPC GC1;IMPORTACION
Cartulina;100300009;Cartulina Husky -- C-12 270 gramos 25 x 38;5/05/2026;CONSUMOS;700.0;700.0;hoja(s);0.115814475;C12-25H;LOCAL
Cartulina;100300009;Cartulina Husky -- C-12 270 gramos 25 x 38;21/05/2026;CONSUMOS;700.0;700.0;hoja(s);0.115814475;C12-25H;LOCAL
Cartulina;100301046;Cartulina FBB Zenith LOCAL -- C-18 295 gramos 30 x 40;28/05/2026;CONSUMOS;500.0;500.0;hoja(s);0.11419332;C18-30;LOCAL
Cartulina;100301825;Rollo Cartulina ASIA SYMBOL C-16 270 g ancho 28.5;13/05/2026;CONSUMOS;582.0;582.0;METROS;0.11361222;C16-29;IMPORTACION
Cartulina;100300005;Cartulina Husky -- C-10 230 gramos 25 x 38;14/05/2026;CONSUMOS;800.0;800.0;hoja(s);0.1127506;C10-25H;LOCAL
Cartulina;100301908;Rollo Cartulina Nine Dragons C - 13.6 215 g ancho 25 (29-89);15/05/2026;CONSUMOS;825.0;825.0;METROS;0.112633125;C13.6-25;IMPORTACION
Cartulina;100301917;Rollo Cartulina Nine Dragons C - 16.3 255 g ancho 25 (29-89);25/05/2026;CONSUMOS;673.0;673.0;METROS;0.108975525;C16.3-25;IMPORTACION
Cartulina;100305997;Cartulina SPARK -- C-16 250 gramos 25 X 36;21/05/2026;CONSUMOS;750.0;750.0;hoja(s);0.108823125;Spark;LOCAL
Papel;100600021;Papel Couche Brillante - 1 Cara - B-60 -- 90 gramos  25 x 36;26/05/2026;CONSUMOS;2000.0;2000.0;;0.1044702;Couche;LOCAL
Cartulina;100300996;Cartulina FBB Zenith LOCAL -- C-18 295 gramos 25 x 36;28/05/2026;CONSUMOS;610.0;610.0;hoja(s);0.104441181;C18-25;LOCAL
Cartulina;100306003;Rollo Cartulina Nine Dragons C - 16.3 255 g ancho 28.5;14/05/2026;CONSUMOS;633.0;633.0;METROS;0.102498525;C16.3-28.5;IMPORTACION
Cartulina;100301917;Rollo Cartulina Nine Dragons C - 16.3 255 g ancho 25 (29-89);28/05/2026;CONSUMOS;600.0;600.0;METROS;0.097155;C16.3-25;IMPORTACION
Cartulina;100301917;Rollo Cartulina Nine Dragons C - 16.3 255 g ancho 25 (29-89);20/05/2026;CONSUMOS;594.0;594.0;METROS;0.09618345;C16.3-25;IMPORTACION
Cartulina;100301917;Rollo Cartulina Nine Dragons C - 16.3 255 g ancho 25 (29-89);20/05/2026;CONSUMOS;581.0;581.0;METROS;0.094078425;C16.3-25;IMPORTACION
Cartulina;100306165;Cartulina NINGBO ALLY LOCAL C-22 345 gramos 25 x 36;19/05/2026;INGRESOS;100.0;100.0;;0.020023455;C22-25;LOCAL
Cartulina;100306180;Cartulina NINGBO ALLY LOCAL C-18 290 gramos 25 x 36;5/05/2026;INGRESOS;92000.0;92000.0;;15.4848052;C18-25;LOCAL
Papel;100600021;Papel Couche Brillante - 1 Cara - B-60 -- 90 gramos  25 x 36;21/05/2026;CONSUMOS;1750.0;1750.0;;0.091411425;Couche;LOCAL
Cartulina;100306180;Cartulina NINGBO ALLY LOCAL C-18 290 gramos 25 x 36;12/05/2026;INGRESOS;4400.0;4400.0;;0.74057764;C18-25;LOCAL
Cartulina;100301825;Rollo Cartulina ASIA SYMBOL C-16 270 g ancho 28.5;13/05/2026;CONSUMOS;445.0;445.0;METROS;0.08686845;C16-29;IMPORTACION
Cartulina;100306185;Cartulina SPARK C-20 295 gr 25 X 38;8/05/2026;INGRESOS;8800.0;8800.0;;1.5907639;Spark;LOCAL
Cartulina;100304640;Rollo Cartulina OBAFREE --  C-15 230 g ancho 25.5;26/05/2026;CONSUMOS;573.0;573.0;METROS;0.08526813;FOSFORERA;IMPORTACION
Cartulina;100300009;Cartulina Husky -- C-12 270 gramos 25 x 38;19/05/2026;CONSUMOS;500.0;500.0;hoja(s);0.082724625;C12-25H;LOCAL
Papel;100600006;Papel Bond 75 gramos -- 26 x 34;8/05/2026;INGRESOS;4000.0;4000.0;;0.171072;Bond;LOCAL
Papel;100600023;Papel Couche Brillante - 1 Cara - B-60 -- 90 gramos  25 x 38;5/05/2026;CONSUMOS;1500.0;1500.0;;0.082724625;Couche;LOCAL
Cartulina;100300002;Cartulina Husky -- C-8 190 gramos 25 x 38;11/05/2026;CONSUMOS;700.0;700.0;hoja(s);0.081499075;C8-25H;LOCAL
Papel;100600021;Papel Couche Brillante - 1 Cara - B-60 -- 90 gramos  25 x 36;26/05/2026;CONSUMOS;1500.0;1500.0;;0.07835265;Couche;LOCAL
Cartulina;100304541;Rollo Cartulina ASIA SYMBOL C-12 230 g ancho 25;13/05/2026;CONSUMOS;536.0;536.0;METROS;0.0782828;C12-25;IMPORTACION
Papel;100600009;Papel Bond 75 gramos -- 26 x 38;8/05/2026;INGRESOS;5000.0;5000.0;;0.2388375;Bond;LOCAL
Papel;100600023;Papel Couche Brillante - 1 Cara - B-60 -- 90 gramos  25 x 38;19/05/2026;CONSUMOS;1400.0;1400.0;;0.07720965;Couche;LOCAL
Papel;100600013;Papel Bond 90 gramos -- 26 x 34;5/05/2026;CONSUMOS;1500.0;1500.0;;0.0769824;Bond;LOCAL
Cartulina;100301825;Rollo Cartulina ASIA SYMBOL C-16 270 g ancho 28.5;13/05/2026;CONSUMOS;392.0;392.0;METROS;0.07652232;C16-29;IMPORTACION
Papel;100600009;Papel Bond 75 gramos -- 26 x 38;8/05/2026;INGRESOS;7000.0;7000.0;;0.3343725;Bond;LOCAL
Papel;100600009;Papel Bond 75 gramos -- 26 x 38;8/05/2026;CONSUMOS;1600.0;1600.0;;0.076428;Bond;LOCAL
Papel;100600009;Papel Bond 75 gramos -- 26 x 38;13/05/2026;INGRESOS;5500.0;5500.0;;0.26272125;Bond;LOCAL
Papel;100600009;Papel Bond 75 gramos -- 26 x 38;8/05/2026;CONSUMOS;1600.0;1600.0;;0.076428;Bond;LOCAL
Papel;100600009;Papel Bond 75 gramos -- 26 x 38;26/05/2026;INGRESOS;1000.0;1000.0;;0.0477675;Bond;LOCAL
Papel;100600009;Papel Bond 75 gramos -- 26 x 38;8/05/2026;CONSUMOS;1600.0;1600.0;;0.076428;Bond;LOCAL
Papel;100600011;Papel Bond 90 gramos -- 22 x 34;19/05/2026;INGRESOS;10500.0;10500.0;;0.45641232;Bond;LOCAL
Cartulina;100301825;Rollo Cartulina ASIA SYMBOL C-16 270 g ancho 28.5;4/05/2026;CONSUMOS;378.0;378.0;METROS;0.07378938;C16-29;IMPORTACION
Cartulina;100301825;Rollo Cartulina ASIA SYMBOL C-16 270 g ancho 28.5;13/05/2026;CONSUMOS;375.0;375.0;METROS;0.07320375;C16-29;IMPORTACION
Cartulina;100305999;Rollo Cartulina Nine Dragons C - 19 305 g ancho 24;4/05/2026;CONSUMOS;369.0;369.0;METROS;0.068539905;C19-24;IMPORTACION
Papel;100600013;Papel Bond 90 gramos -- 26 x 34;5/05/2026;INGRESOS;1500.0;1500.0;;0.0769824;Bond;LOCAL
Cartulina;100301046;Cartulina FBB Zenith LOCAL -- C-18 295 gramos 30 x 40;25/05/2026;CONSUMOS;300.0;300.0;hoja(s);0.068515992;C18-30;LOCAL
Cartulina;100304530;Cartulina SPARK C-20 295 gr 30 X 40;5/05/2026;CONSUMOS;300.0;300.0;Pliego(s);0.068515992;Spark;LOCAL
Papel;100600013;Papel Bond 90 gramos -- 26 x 34;13/05/2026;INGRESOS;9000.0;9000.0;;0.4618944;Bond;LOCAL
Cartulina;100300009;Cartulina Husky -- C-12 270 gramos 25 x 38;21/05/2026;CONSUMOS;400.0;400.0;hoja(s);0.0661797;C12-25H;LOCAL
Cartulina;100300160;Cartulina FBB Zenith LOCAL -- C-12 215 gramos 25 x 38;21/05/2026;CONSUMOS;500.0;500.0;hoja(s);0.065873313;C12-25;LOCAL
Papel;100600013;Papel Bond 90 gramos -- 26 x 34;18/05/2026;INGRESOS;3000.0;3000.0;;0.1539648;Bond;LOCAL
Cartulina;100301825;Rollo Cartulina ASIA SYMBOL C-16 270 g ancho 28.5;4/05/2026;CONSUMOS;334.0;334.0;METROS;0.06520014;C16-29;IMPORTACION
Papel;100600013;Papel Bond 90 gramos -- 26 x 34;21/05/2026;INGRESOS;120000.0;120000.0;;6.158592;Bond;LOCAL
Papel;100600030;Papel Couche Brillante B-80 -- 115 gramos  25 x 38;5/05/2026;CONSUMOS;900.0;900.0;;0.063422213;Couche;LOCAL
Papel;100600020;Papel Couche Brillante B-60 -- 90 gramos  25 x 36;13/05/2026;INGRESOS;39500.0;39500.0;;2.06328645;Couche;LOCAL
Cartulina;100301825;Rollo Cartulina ASIA SYMBOL C-16 270 g ancho 28.5;28/05/2026;CONSUMOS;323.0;323.0;METROS;0.06305283;C16-29;IMPORTACION
Papel;100600021;Papel Couche Brillante - 1 Cara - B-60 -- 90 gramos  25 x 36;6/05/2026;INGRESOS;2000.0;2000.0;;0.1044702;Couche;LOCAL
Papel;100600021;Papel Couche Brillante - 1 Cara - B-60 -- 90 gramos  25 x 36;13/05/2026;INGRESOS;2500.0;2500.0;;0.13058775;Couche;LOCAL
Cartulina;100304619;Rollo Cartulina BRIGHT   --  C-16 245 g ancho 23;4/05/2026;CONSUMOS;421.0;421.0;METROS;0.06023668;BAY-C16-23;IMPORTACION
Papel;100600021;Papel Couche Brillante - 1 Cara - B-60 -- 90 gramos  25 x 36;18/05/2026;INGRESOS;21500.0;21500.0;;1.12305465;Couche;LOCAL
Papel;100600030;Papel Couche Brillante B-80 -- 115 gramos  25 x 38;21/05/2026;CONSUMOS;700.0;700.0;;0.049328388;Couche;LOCAL
Papel;100600032;Papel Couche Brillante B-100 -- 140 gramos  25 x 36;8/05/2026;CONSUMOS;583.0;583.0;;0.047371432;Couche;LOCAL
Papel;100600021;Papel Couche Brillante - 1 Cara - B-60 -- 90 gramos  25 x 36;25/05/2026;INGRESOS;3500.0;3500.0;;0.18282285;Couche;LOCAL
Papel;100600033;Papel Couche Brillante B-100 -- 140 gramos  25 x 38;13/05/2026;CONSUMOS;514.0;514.0;;0.044095289;Couche;LOCAL
Cartulina;100301908;Rollo Cartulina Nine Dragons C - 13.6 215 g ancho 25 (29-89);6/05/2026;CONSUMOS;311.0;311.0;METROS;0.042459275;C13.6-25;IMPORTACION
Papel;100600023;Papel Couche Brillante - 1 Cara - B-60 -- 90 gramos  25 x 38;5/05/2026;INGRESOS;1500.0;1500.0;;0.082724625;Couche;LOCAL
Cartulina;100301917;Rollo Cartulina Nine Dragons C - 16.3 255 g ancho 25 (29-89);28/05/2026;CONSUMOS;262.0;262.0;METROS;0.04242435;C16.3-25;IMPORTACION
Papel;100600023;Papel Couche Brillante - 1 Cara - B-60 -- 90 gramos  25 x 38;18/05/2026;INGRESOS;50500.0;50500.0;;2.785062375;Couche;LOCAL
Cartulina;100304619;Rollo Cartulina BRIGHT   --  C-16 245 g ancho 23;4/05/2026;CONSUMOS;280.0;280.0;METROS;0.0400624;BAY-C16-23;IMPORTACION
Papel;100600155;Papel Bond 75 gramos -- 23 x 36;21/05/2026;CONSUMOS;1000.0;1000.0;;0.0400332;Bond;LOCAL
Cartulina;100304625;Rollo Cartulina ASIA SYMBOL C-14 235 g ancho 28.5;6/05/2026;CONSUMOS;218.0;218.0;METROS;0.03703929;C14-29;IMPORTACION
Papel;100600026;Papel Couche Brillante B-70 -- 105 gramos  25 x 36;13/05/2026;INGRESOS;5250.0;5250.0;;0.319939988;Couche;LOCAL
Papel;100600030;Papel Couche Brillante B-80 -- 115 gramos  25 x 38;8/05/2026;CONSUMOS;500.0;500.0;;0.035234563;Couche;LOCAL
Papel;100600027;Papel Couche Brillante B-70 -- 105 gramos  25 x 38;21/05/2026;INGRESOS;58500.0;58500.0;;3.763970438;Couche;LOCAL
Papel;100600030;Papel Couche Brillante B-80 -- 115 gramos  25 x 38;21/05/2026;CONSUMOS;500.0;500.0;;0.035234563;Couche;LOCAL
Papel;100600030;Papel Couche Brillante B-80 -- 115 gramos  25 x 38;21/05/2026;CONSUMOS;500.0;500.0;;0.035234563;Couche;LOCAL
Papel;100600030;Papel Couche Brillante B-80 -- 115 gramos  25 x 38;5/05/2026;INGRESOS;2000.0;2000.0;;0.14093825;Couche;LOCAL
Cartulina;100300009;Cartulina Husky -- C-12 270 gramos 25 x 38;5/05/2026;CONSUMOS;200.0;200.0;hoja(s);0.03308985;C12-25H;LOCAL
Papel;100600030;Papel Couche Brillante B-80 -- 115 gramos  25 x 38;6/05/2026;INGRESOS;10000.0;10000.0;;0.70469125;Couche;LOCAL
Papel;100600030;Papel Couche Brillante B-80 -- 115 gramos  25 x 38;6/05/2026;INGRESOS;5500.0;5500.0;;0.387580188;Couche;LOCAL
Papel;100600009;Papel Bond 75 gramos -- 26 x 38;28/05/2026;CONSUMOS;600.0;600.0;;0.0286605;Bond;LOCAL
Papel;100600030;Papel Couche Brillante B-80 -- 115 gramos  25 x 38;7/05/2026;CONSUMOS;400.0;400.0;;0.02818765;Couche;LOCAL
Cartulina;100301871;Cartulina SPARK C-12 200 gr 25 X 38;26/05/2026;CONSUMOS;200.0;200.0;hoja(s);0.024511;Papesp;LOCAL
Cartulina;100300013;Cartulina Husky -- C-16 350 gramos 25 x 38;5/05/2026;CONSUMOS;100.0;100.0;hoja(s);0.021447125;C16-25H;LOCAL
Cartulina;100300013;Cartulina Husky -- C-16 350 gramos 25 x 38;7/05/2026;CONSUMOS;100.0;100.0;hoja(s);0.021447125;C16-25H;LOCAL
Cartulina;100300013;Cartulina Husky -- C-16 350 gramos 25 x 38;25/05/2026;CONSUMOS;100.0;100.0;hoja(s);0.021447125;C16-25H;LOCAL
Cartulina;100300013;Cartulina Husky -- C-16 350 gramos 25 x 38;26/05/2026;CONSUMOS;100.0;100.0;hoja(s);0.021447125;C16-25H;LOCAL
Cartulina;100300013;Cartulina Husky -- C-16 350 gramos 25 x 38;26/05/2026;CONSUMOS;100.0;100.0;hoja(s);0.021447125;C16-25H;LOCAL
Papel;100600030;Papel Couche Brillante B-80 -- 115 gramos  25 x 38;19/05/2026;INGRESOS;10250.0;10250.0;;0.722308531;Couche;LOCAL
Cartulina;100300013;Cartulina Husky -- C-16 350 gramos 25 x 38;26/05/2026;CONSUMOS;100.0;100.0;hoja(s);0.021447125;C16-25H;LOCAL
Cartulina;100300013;Cartulina Husky -- C-16 350 gramos 25 x 38;26/05/2026;CONSUMOS;100.0;100.0;hoja(s);0.021447125;C16-25H;LOCAL
Papel;100600013;Papel Bond 90 gramos -- 26 x 34;13/05/2026;CONSUMOS;415.0;415.0;;0.021298464;Bond;LOCAL
Cartulina;100300011;Cartulina Husky -- C-14 300 gramos 25 x 38;5/05/2026;CONSUMOS;115.0;115.0;hoja(s);0.021140738;C14-25H;LOCAL
Papel;100600033;Papel Couche Brillante B-100 -- 140 gramos  25 x 38;13/05/2026;INGRESOS;1750.0;1750.0;;0.150129875;Couche;LOCAL
Cartulina;100300011;Cartulina Husky -- C-14 300 gramos 25 x 38;28/05/2026;CONSUMOS;100.0;100.0;hoja(s);0.01838325;C14-25H;LOCAL
Cartulina;100300158;Cartulina FBB Zenith LOCAL -- C-12 215 gramos 25 x 36;21/05/2026;CONSUMOS;132.0;132.0;hoja(s);0.016471468;C12-25;LOCAL
Papel;100600033;Papel Couche Brillante B-100 -- 140 gramos  25 x 38;21/05/2026;INGRESOS;5000.0;5000.0;;0.4289425;Couche;LOCAL
Papel;100600013;Papel Bond 90 gramos -- 26 x 34;8/05/2026;CONSUMOS;315.0;315.0;;0.016166304;Bond;LOCAL
Cartulina;100300009;Cartulina Husky -- C-12 270 gramos 25 x 38;13/05/2026;CONSUMOS;89.0;89.0;hoja(s);0.014724983;C12-25H;LOCAL
Papel;100600163;PAPEL COUCHE MATTE B-100 140 Gramos 25 x 38;5/05/2026;CONSUMOS;150.0;150.0;;0.012868275;Couche;LOCAL
Papel;100600038;Papel Couche Mate B-80 -- 115 gramos  25 x 38;19/05/2026;INGRESOS;3500.0;3500.0;;0.246693055;Couche;LOCAL
Cartulina;100301871;Cartulina SPARK C-12 200 gr 25 X 38;26/05/2026;CONSUMOS;100.0;100.0;hoja(s);0.0122555;Papesp;LOCAL
Papel;100600090;Papel Couche Mate B-80 -- 115 gramos  26 x 38;5/05/2026;INGRESOS;2250.0;2250.0;;0.164797875;Couche;LOCAL
Cartulina;100301917;Rollo Cartulina Nine Dragons C - 16.3 255 g ancho 25 (29-89);22/05/2026;CONSUMOS;73.0;73.0;METROS;0.011820525;C16.3-25;IMPORTACION
Papel;100600033;Papel Couche Brillante B-100 -- 140 gramos  25 x 38;21/05/2026;CONSUMOS;126.0;126.0;;0.010809351;Couche;LOCAL
Papel;100600033;Papel Couche Brillante B-100 -- 140 gramos  25 x 38;26/05/2026;CONSUMOS;125.0;125.0;;0.010723563;Couche;LOCAL
Cartulina;100300009;Cartulina Husky -- C-12 270 gramos 25 x 38;8/05/2026;CONSUMOS;64.0;64.0;hoja(s);0.010588752;C12-25H;LOCAL
Cartulina;100300011;Cartulina Husky -- C-14 300 gramos 25 x 38;5/05/2026;CONSUMOS;50.0;50.0;hoja(s);0.009191625;C14-25H;LOCAL
Papel;100600030;Papel Couche Brillante B-80 -- 115 gramos  25 x 38;13/05/2026;CONSUMOS;125.0;125.0;;0.008808641;Couche;LOCAL
Cartulina;100600116;Rollo Cartulina BRIGHT --  C - 16 245 g ancho 29;25/05/2026;INGRESOS;62546.0;62546.0;;11.27829472;BAY-C16-29;IMPORTACION
Papel;100600163;PAPEL COUCHE MATTE B-100 140 Gramos 25 x 38;5/05/2026;CONSUMOS;100.0;100.0;;0.00857885;Couche;LOCAL
Cartulina;100300009;Cartulina Husky -- C-12 270 gramos 25 x 38;11/05/2026;CONSUMOS;50.0;50.0;hoja(s);0.008272463;C12-25H;LOCAL
Papel;100600155;Papel Bond 75 gramos -- 23 x 36;20/05/2026;INGRESOS;1000.0;1000.0;;0.0400332;Bond;LOCAL
Papel;100600011;Papel Bond 90 gramos -- 22 x 34;21/05/2026;CONSUMOS;153.0;153.0;;0.00665058;Bond;LOCAL
Papel;100600163;PAPEL COUCHE MATTE B-100 140 Gramos 25 x 38;5/05/2026;INGRESOS;250.0;250.0;;0.021447125;Couche;LOCAL
Papel;100600008;Papel Bond 75 gramos -- 26 x 36;27/05/2026;CONSUMOS;134.0;134.0;;0.006062562;Bond;LOCAL
Papel;100600008;Papel Bond 75 gramos -- 26 x 36;27/05/2026;CONSUMOS;133.0;133.0;;0.006017319;Bond;LOCAL
Cartulina;100700009;Cartulina Kraft -- C-15 225 gramos 38 x 23;11/05/2026;INGRESOS;91400.0;91400.0;;11.59598326;Kraft;IMPORTACION
Papel;100600008;Papel Bond 75 gramos -- 26 x 36;27/05/2026;CONSUMOS;133.0;133.0;;0.006017319;Bond;LOCAL
Cartulina;100300009;Cartulina Husky -- C-12 270 gramos 25 x 38;13/05/2026;CONSUMOS;36.0;36.0;hoja(s);0.005956173;C12-25H;LOCAL
Cartulina;100304625;Rollo Cartulina ASIA SYMBOL C-14 235 g ancho 28.5;13/05/2026;CONSUMOS;32.0;32.0;METROS;0.00543696;C14-29;IMPORTACION
Papel;100600011;Papel Bond 90 gramos -- 22 x 34;21/05/2026;CONSUMOS;47.0;47.0;;0.002042988;Bond;LOCAL
CARTULINA;100300002;Cartulina Husky -- C-8 190 gramos 25 x 38;16/06/2026;CONSUMOS;5.0;5.0;hoja(s);0.000582;C8-25H;
CARTULINA;100300002;Cartulina Husky -- C-8 190 gramos 25 x 38;25/06/2026;CONSUMOS;105.0;105.0;hoja(s);0.012224;C8-25H;
CARTULINA;100300004;Cartulina Husky -- C-10 230 gramos 25 x 36;3/06/2026;INGRESOS;130900.0;130900.0;hoja(s);17.473801;C10-25H;
CARTULINA;100300004;Cartulina Husky -- C-10 230 gramos 25 x 36;9/06/2026;CONSUMOS;2100.0;2100.0;hoja(s);0.280328;C10-25H;
CARTULINA;100300004;Cartulina Husky -- C-10 230 gramos 25 x 36;16/06/2026;INGRESOS;2100.0;2100.0;hoja(s);0.280328;C10-25H;
CARTULINA;100300004;Cartulina Husky -- C-10 230 gramos 25 x 36;16/06/2026;CONSUMOS;21600.0;21600.0;hoja(s);2.883377;C10-25H;
CARTULINA;100300004;Cartulina Husky -- C-10 230 gramos 25 x 36;16/06/2026;CONSUMOS;25200.0;25200.0;hoja(s);3.36394;C10-25H;
CARTULINA;100300004;Cartulina Husky -- C-10 230 gramos 25 x 36;16/06/2026;CONSUMOS;36000.0;36000.0;hoja(s);4.805629;C10-25H;
CARTULINA;100300004;Cartulina Husky -- C-10 230 gramos 25 x 36;24/06/2026;CONSUMOS;25200.0;25200.0;hoja(s);3.36394;C10-25H;
CARTULINA;100300004;Cartulina Husky -- C-10 230 gramos 25 x 36;24/06/2026;CONSUMOS;22900.0;22900.0;hoja(s);3.056914;C10-25H;
CARTULINA;100300005;Cartulina Husky -- C-10 230 gramos 25 x 38;16/06/2026;INGRESOS;12100.0;12100.0;hoja(s);1.705352;C10-25H;
CARTULINA;100300005;Cartulina Husky -- C-10 230 gramos 25 x 38;24/06/2026;CONSUMOS;12100.0;12100.0;hoja(s);1.705352;C10-25H;
CARTULINA;100300006;Cartulina Husky -- C-10 230 gramos 30 x 40;5/06/2026;INGRESOS;3100.0;3100.0;hoja(s);0.551998;C10-30H;
CARTULINA;100300006;Cartulina Husky -- C-10 230 gramos 30 x 40;9/06/2026;INGRESOS;5600.0;5600.0;hoja(s);0.997159;C10-30H;
CARTULINA;100300006;Cartulina Husky -- C-10 230 gramos 30 x 40;9/06/2026;CONSUMOS;1700.0;1700.0;hoja(s);0.302709;C10-30H;
CARTULINA;100300006;Cartulina Husky -- C-10 230 gramos 30 x 40;9/06/2026;CONSUMOS;3900.0;3900.0;hoja(s);0.69445;C10-30H;
CARTULINA;100300006;Cartulina Husky -- C-10 230 gramos 30 x 40;9/06/2026;CONSUMOS;3000.0;3000.0;hoja(s);0.534192;C10-30H;
CARTULINA;100300008;Cartulina Husky -- C-12 270 gramos 25 x 36;1/06/2026;INGRESOS;1300.0;1300.0;hoja(s);0.203716;C12-25H;
CARTULINA;100300008;Cartulina Husky -- C-12 270 gramos 25 x 36;1/06/2026;INGRESOS;1300.0;1300.0;hoja(s);0.203716;C12-25H;
CARTULINA;100300008;Cartulina Husky -- C-12 270 gramos 25 x 36;2/06/2026;CONSUMOS;1300.0;1300.0;hoja(s);0.203716;C12-25H;
CARTULINA;100300008;Cartulina Husky -- C-12 270 gramos 25 x 36;5/06/2026;INGRESOS;5700.0;5700.0;hoja(s);0.89322;C12-25H;
CARTULINA;100300008;Cartulina Husky -- C-12 270 gramos 25 x 36;9/06/2026;CONSUMOS;3500.0;3500.0;hoja(s);0.548468;C12-25H;
CARTULINA;100300008;Cartulina Husky -- C-12 270 gramos 25 x 36;9/06/2026;CONSUMOS;2200.0;2200.0;hoja(s);0.344751;C12-25H;
CARTULINA;100300008;Cartulina Husky -- C-12 270 gramos 25 x 36;9/06/2026;CONSUMOS;1300.0;1300.0;hoja(s);0.203716;C12-25H;
CARTULINA;100300009;Cartulina Husky -- C-12 270 gramos 25 x 38;4/06/2026;CONSUMOS;35.0;35.0;hoja(s);0.00579;C12-25H;
CARTULINA;100300009;Cartulina Husky -- C-12 270 gramos 25 x 38;10/06/2026;INGRESOS;1000.0;1000.0;hoja(s);0.165449;C12-25H;
CARTULINA;100300009;Cartulina Husky -- C-12 270 gramos 25 x 38;16/06/2026;CONSUMOS;300.0;300.0;hoja(s);0.049634;C12-25H;
CARTULINA;100300009;Cartulina Husky -- C-12 270 gramos 25 x 38;16/06/2026;CONSUMOS;700.0;700.0;hoja(s);0.115814;C12-25H;
CARTULINA;100300010;Cartulina Husky -- C-12 270 gramos 30 x 40;5/06/2026;INGRESOS;38500.0;38500.0;hoja(s);8.047725;C12-30H;
CARTULINA;100300010;Cartulina Husky -- C-12 270 gramos 30 x 40;16/06/2026;CONSUMOS;38500.0;38500.0;hoja(s);8.047725;C12-30H;
CARTULINA;100300011;Cartulina Husky -- C-14 300 gramos 25 x 38;4/06/2026;CONSUMOS;55.0;55.0;hoja(s);0.01011;C14-25H;
CARTULINA;100300011;Cartulina Husky -- C-14 300 gramos 25 x 38;4/06/2026;CONSUMOS;78.0;78.0;hoja(s);0.014338;C14-25H;
CARTULINA;100300011;Cartulina Husky -- C-14 300 gramos 25 x 38;4/06/2026;CONSUMOS;38.0;38.0;hoja(s);0.006985;C14-25H;
CARTULINA;100300011;Cartulina Husky -- C-14 300 gramos 25 x 38;16/06/2026;INGRESOS;13100.0;13100.0;hoja(s);2.408205;C14-25H;
CARTULINA;100300011;Cartulina Husky -- C-14 300 gramos 25 x 38;16/06/2026;CONSUMOS;54.0;54.0;hoja(s);0.009926;C14-25H;
CARTULINA;100300011;Cartulina Husky -- C-14 300 gramos 25 x 38;16/06/2026;CONSUMOS;300.0;300.0;hoja(s);0.055149;C14-25H;
CARTULINA;100300012;Cartulina Husky -- C-14 300 gramos 30 x 40;1/06/2026;INGRESOS;8200.0;8200.0;hoja(s);1.904512;C14-30H;
CARTULINA;100300012;Cartulina Husky -- C-14 300 gramos 30 x 40;2/06/2026;CONSUMOS;6900.0;6900.0;hoja(s);1.602577;C14-30H;
CARTULINA;100300012;Cartulina Husky -- C-14 300 gramos 30 x 40;2/06/2026;CONSUMOS;1300.0;1300.0;hoja(s);0.301934;C14-30H;
CARTULINA;100300013;Cartulina Husky -- C-16 350 gramos 25 x 38;2/06/2026;CONSUMOS;350.0;350.0;hoja(s);0.075064;C16-25H;
CARTULINA;100300013;Cartulina Husky -- C-16 350 gramos 25 x 38;9/06/2026;CONSUMOS;100.0;100.0;hoja(s);0.021447;C16-25H;
CARTULINA;100300013;Cartulina Husky -- C-16 350 gramos 25 x 38;9/06/2026;CONSUMOS;800.0;800.0;hoja(s);0.171577;C16-25H;
CARTULINA;100300013;Cartulina Husky -- C-16 350 gramos 25 x 38;24/06/2026;CONSUMOS;54.0;54.0;hoja(s);0.011581;C16-25H;
CARTULINA;100300013;Cartulina Husky -- C-16 350 gramos 25 x 38;24/06/2026;CONSUMOS;750.0;750.0;hoja(s);0.160853;C16-25H;
CARTULINA;100300013;Cartulina Husky -- C-16 350 gramos 25 x 38;24/06/2026;CONSUMOS;1000.0;1000.0;hoja(s);0.214471;C16-25H;
CARTULINA;100300014;Cartulina Husky -- C-18 400 gramos 25 x 38;9/06/2026;INGRESOS;500.0;500.0;hoja(s);0.122555;C18-25H;
CARTULINA;100300014;Cartulina Husky -- C-18 400 gramos 25 x 38;9/06/2026;CONSUMOS;500.0;500.0;hoja(s);0.122555;C18-25H;
CARTULINA;100300157;Cartulina Texcote -- C-12 210 gramos 35.25 x 29;16/06/2026;CONSUMOS;1050.0;1050.0;hoja(s);0.145247;C12-35.3;
CARTULINA;100300157;Cartulina Texcote -- C-12 210 gramos 35.25 x 29;16/06/2026;CONSUMOS;1050.0;1050.0;hoja(s);0.145247;C12-35.3;
CARTULINA;100300157;Cartulina Texcote -- C-12 210 gramos 35.25 x 29;16/06/2026;CONSUMOS;150.0;150.0;hoja(s);0.020749;C12-35.3;
CARTULINA;100300160;Cartulina FBB Zenith LOCAL -- C-12 215 gramos 25 x 38;10/06/2026;INGRESOS;700.0;700.0;hoja(s);0.092222;C12-25;
CARTULINA;100300160;Cartulina FBB Zenith LOCAL -- C-12 215 gramos 25 x 38;16/06/2026;CONSUMOS;700.0;700.0;hoja(s);0.092222;C12-25;
CARTULINA;100300162;Cartulina FBB Zenith LOCAL -- C-12 215 gramos 30 x 40;16/06/2026;CONSUMOS;100.0;100.0;hoja(s);0.016645;C12-30;
CARTULINA;100300298;Cartulina FBB Zenith LOCAL -- C-14 235 gramos 25 x 38;2/06/2026;CONSUMOS;9100.0;9100.0;hoja(s);1.310419;C14-25;
CARTULINA;100300298;Cartulina FBB Zenith LOCAL -- C-14 235 gramos 25 x 38;24/06/2026;CONSUMOS;1445.0;1445.0;hoja(s);0.208083;C14-25;
CARTULINA;100300298;Cartulina FBB Zenith LOCAL -- C-14 235 gramos 25 x 38;25/06/2026;CONSUMOS;100.0;100.0;hoja(s);0.0144;C14-25;
CARTULINA;100300754;Cartulina FBB Zenith LOCAL -- C-16 270 gramos 30 x 40;5/06/2026;INGRESOS;6100.0;6100.0;hoja(s);1.275094;C16-30;
CARTULINA;100300754;Cartulina FBB Zenith LOCAL -- C-16 270 gramos 30 x 40;9/06/2026;CONSUMOS;925.0;925.0;hoja(s);0.193354;C16-30;
CARTULINA;100300754;Cartulina FBB Zenith LOCAL -- C-16 270 gramos 30 x 40;9/06/2026;CONSUMOS;6100.0;6100.0;hoja(s);1.275094;C16-30;
CARTULINA;100300754;Cartulina FBB Zenith LOCAL -- C-16 270 gramos 30 x 40;16/06/2026;INGRESOS;6300.0;6300.0;hoja(s);1.3169;C16-30;
CARTULINA;100300754;Cartulina FBB Zenith LOCAL -- C-16 270 gramos 30 x 40;25/06/2026;CONSUMOS;7175.0;7175.0;hoja(s);1.499803;C16-30;
CARTULINA;100300996;Cartulina FBB Zenith LOCAL -- C-18 295 gramos 25 x 36;10/06/2026;INGRESOS;2500.0;2500.0;hoja(s);0.428037;C18-25;
CARTULINA;100300996;Cartulina FBB Zenith LOCAL -- C-18 295 gramos 25 x 36;16/06/2026;INGRESOS;15100.0;15100.0;hoja(s);2.585347;C18-25;
CARTULINA;100300996;Cartulina FBB Zenith LOCAL -- C-18 295 gramos 25 x 36;24/06/2026;CONSUMOS;2500.0;2500.0;hoja(s);0.428037;C18-25;
CARTULINA;100300996;Cartulina FBB Zenith LOCAL -- C-18 295 gramos 25 x 36;24/06/2026;CONSUMOS;15100.0;15100.0;hoja(s);2.585347;C18-25;
CARTULINA;100301001;Cartulina FBB Zenith LOCAL -- C-18 295 gramos 25 x 38;2/06/2026;INGRESOS;11000.0;11000.0;hoja(s);1.988454;C18-25;
CARTULINA;100301001;Cartulina FBB Zenith LOCAL -- C-18 295 gramos 25 x 38;9/06/2026;CONSUMOS;11000.0;11000.0;hoja(s);1.988454;C18-25;
CARTULINA;100301001;Cartulina FBB Zenith LOCAL -- C-18 295 gramos 25 x 38;10/06/2026;INGRESOS;26500.0;26500.0;hoja(s);4.790368;C18-25;
CARTULINA;100301001;Cartulina FBB Zenith LOCAL -- C-18 295 gramos 25 x 38;16/06/2026;CONSUMOS;21500.0;21500.0;hoja(s);3.886525;C18-25;
CARTULINA;100301001;Cartulina FBB Zenith LOCAL -- C-18 295 gramos 25 x 38;24/06/2026;INGRESOS;39300.0;39300.0;hoja(s);7.104206;C18-25;
CARTULINA;100301001;Cartulina FBB Zenith LOCAL -- C-18 295 gramos 25 x 38;24/06/2026;CONSUMOS;26500.0;26500.0;hoja(s);4.790368;C18-25;
CARTULINA;100301046;Cartulina FBB Zenith LOCAL -- C-18 295 gramos 30 x 40;1/06/2026;INGRESOS;700.0;700.0;hoja(s);0.15987;C18-30;
CARTULINA;100301046;Cartulina FBB Zenith LOCAL -- C-18 295 gramos 30 x 40;2/06/2026;INGRESOS;11900.0;11900.0;hoja(s);2.717801;C18-30;
CARTULINA;100301046;Cartulina FBB Zenith LOCAL -- C-18 295 gramos 30 x 40;2/06/2026;INGRESOS;1000.0;1000.0;hoja(s);0.228386;C18-30;
CARTULINA;100301046;Cartulina FBB Zenith LOCAL -- C-18 295 gramos 30 x 40;2/06/2026;INGRESOS;50700.0;50700.0;hoja(s);11.579202;C18-30;
CARTULINA;100301046;Cartulina FBB Zenith LOCAL -- C-18 295 gramos 30 x 40;2/06/2026;CONSUMOS;6300.0;6300.0;hoja(s);1.438835;C18-30;
CARTULINA;100301046;Cartulina FBB Zenith LOCAL -- C-18 295 gramos 30 x 40;2/06/2026;CONSUMOS;10200.0;10200.0;hoja(s);2.329543;C18-30;
CARTULINA;100301046;Cartulina FBB Zenith LOCAL -- C-18 295 gramos 30 x 40;2/06/2026;CONSUMOS;2425.0;2425.0;hoja(s);0.553837;C18-30;
CARTULINA;100301046;Cartulina FBB Zenith LOCAL -- C-18 295 gramos 30 x 40;2/06/2026;CONSUMOS;13360.0;13360.0;hoja(s);3.051245;C18-30;
CARTULINA;100301046;Cartulina FBB Zenith LOCAL -- C-18 295 gramos 30 x 40;2/06/2026;CONSUMOS;32505.0;32505.0;hoja(s);7.423707;C18-30;
CARTULINA;100301046;Cartulina FBB Zenith LOCAL -- C-18 295 gramos 30 x 40;2/06/2026;CONSUMOS;700.0;700.0;hoja(s);0.15987;C18-30;
CARTULINA;100301046;Cartulina FBB Zenith LOCAL -- C-18 295 gramos 30 x 40;3/06/2026;INGRESOS;39200.0;39200.0;hoja(s);8.952756;C18-30;
CARTULINA;100301046;Cartulina FBB Zenith LOCAL -- C-18 295 gramos 30 x 40;3/06/2026;INGRESOS;12600.0;12600.0;hoja(s);2.877671;C18-30;
CARTULINA;100301046;Cartulina FBB Zenith LOCAL -- C-18 295 gramos 30 x 40;4/06/2026;CONSUMOS;38825.0;38825.0;hoja(s);8.867111;C18-30;
CARTULINA;100301046;Cartulina FBB Zenith LOCAL -- C-18 295 gramos 30 x 40;4/06/2026;CONSUMOS;5075.0;5075.0;hoja(s);1.159062;C18-30;
CARTULINA;100301046;Cartulina FBB Zenith LOCAL -- C-18 295 gramos 30 x 40;5/06/2026;INGRESOS;16500.0;16500.0;hoja(s);3.768379;C18-30;
CARTULINA;100301046;Cartulina FBB Zenith LOCAL -- C-18 295 gramos 30 x 40;9/06/2026;INGRESOS;5300.0;5300.0;hoja(s);1.210449;C18-30;
CARTULINA;100301046;Cartulina FBB Zenith LOCAL -- C-18 295 gramos 30 x 40;9/06/2026;CONSUMOS;300.0;300.0;hoja(s);0.068515;C18-30;
CARTULINA;100301046;Cartulina FBB Zenith LOCAL -- C-18 295 gramos 30 x 40;9/06/2026;CONSUMOS;760.0;760.0;hoja(s);0.173573;C18-30;
CARTULINA;100301046;Cartulina FBB Zenith LOCAL -- C-18 295 gramos 30 x 40;9/06/2026;CONSUMOS;565.0;565.0;hoja(s);0.129038;C18-30;
CARTULINA;100301046;Cartulina FBB Zenith LOCAL -- C-18 295 gramos 30 x 40;9/06/2026;CONSUMOS;2700.0;2700.0;hoja(s);0.616643;C18-30;
CARTULINA;100301046;Cartulina FBB Zenith LOCAL -- C-18 295 gramos 30 x 40;16/06/2026;CONSUMOS;6750.0;6750.0;hoja(s);1.541609;C18-30;
CARTULINA;100301046;Cartulina FBB Zenith LOCAL -- C-18 295 gramos 30 x 40;16/06/2026;CONSUMOS;3100.0;3100.0;hoja(s);0.707998;C18-30;
CARTULINA;100301046;Cartulina FBB Zenith LOCAL -- C-18 295 gramos 30 x 40;16/06/2026;INGRESOS;8600.0;8600.0;hoja(s);1.964125;C18-30;
CARTULINA;100301046;Cartulina FBB Zenith LOCAL -- C-18 295 gramos 30 x 40;16/06/2026;INGRESOS;7000.0;7000.0;hoja(s);1.598706;C18-30;
CARTULINA;100301046;Cartulina FBB Zenith LOCAL -- C-18 295 gramos 30 x 40;24/06/2026;CONSUMOS;16420.0;16420.0;hoja(s);3.750108;C18-30;
CARTULINA;100301046;Cartulina FBB Zenith LOCAL -- C-18 295 gramos 30 x 40;24/06/2026;CONSUMOS;2030.0;2030.0;hoja(s);0.463624;C18-30;
CARTULINA;100301046;Cartulina FBB Zenith LOCAL -- C-18 295 gramos 30 x 40;25/06/2026;INGRESOS;15400.0;15400.0;hoja(s);3.517154;C18-30;
CARTULINA;100301046;Cartulina FBB Zenith LOCAL -- C-18 295 gramos 30 x 40;25/06/2026;CONSUMOS;18000.0;18000.0;hoja(s);4.110959;C18-30;
CARTULINA;100301262;Cartulina FBB Zenith LOCAL -- C-20 325 gramos 30 x 40;2/06/2026;INGRESOS;4900.0;4900.0;hoja(s);1.2329;C20-30;
CARTULINA;100301262;Cartulina FBB Zenith LOCAL -- C-20 325 gramos 30 x 40;17/06/2026;INGRESOS;7700.0;7700.0;hoja(s);1.937415;C20-30;
CARTULINA;100301262;Cartulina FBB Zenith LOCAL -- C-20 325 gramos 30 x 40;24/06/2026;CONSUMOS;7700.0;7700.0;hoja(s);1.937415;C20-30;
CARTULINA;100301343;Cartulina FBB Zenith LOCAL -- C-22 360 gramos 25 x 38;2/06/2026;INGRESOS;2500.0;2500.0;hoja(s);0.551497;C22-25;
CARTULINA;100301343;Cartulina FBB Zenith LOCAL -- C-22 360 gramos 25 x 38;2/06/2026;CONSUMOS;100.0;100.0;hoja(s);0.022059;C22-25;
CARTULINA;100301343;Cartulina FBB Zenith LOCAL -- C-22 360 gramos 25 x 38;16/06/2026;CONSUMOS;2800.0;2800.0;hoja(s);0.617677;C22-25;
CARTULINA;100301343;Cartulina FBB Zenith LOCAL -- C-22 360 gramos 25 x 38;17/06/2026;INGRESOS;2800.0;2800.0;hoja(s);0.617677;C22-25;
CARTULINA;100301343;Cartulina FBB Zenith LOCAL -- C-22 360 gramos 25 x 38;24/06/2026;CONSUMOS;3000.0;3000.0;hoja(s);0.661797;C22-25;
CARTULINA;100301825;Rollo Cartulina ASIA SYMBOL C-16 270 g ancho 28.5;4/06/2026;CONSUMOS;1471.0;1471.0;METROS;0.287153;C16-29;
CARTULINA;100301825;Rollo Cartulina ASIA SYMBOL C-16 270 g ancho 28.5;4/06/2026;CONSUMOS;1455.0;1455.0;METROS;0.28403;C16-29;
CARTULINA;100301825;Rollo Cartulina ASIA SYMBOL C-16 270 g ancho 28.5;4/06/2026;CONSUMOS;330.0;330.0;METROS;0.064419;C16-29;
CARTULINA;100301825;Rollo Cartulina ASIA SYMBOL C-16 270 g ancho 28.5;4/06/2026;CONSUMOS;439.0;439.0;METROS;0.085697;C16-29;
CARTULINA;100301825;Rollo Cartulina ASIA SYMBOL C-16 270 g ancho 28.5;4/06/2026;CONSUMOS;3908.0;3908.0;METROS;0.76288;C16-29;
CARTULINA;100301825;Rollo Cartulina ASIA SYMBOL C-16 270 g ancho 28.5;4/06/2026;CONSUMOS;1053.0;1053.0;METROS;0.205556;C16-29;
CARTULINA;100301825;Rollo Cartulina ASIA SYMBOL C-16 270 g ancho 28.5;4/06/2026;CONSUMOS;1044.0;1044.0;METROS;0.203799;C16-29;
CARTULINA;100301825;Rollo Cartulina ASIA SYMBOL C-16 270 g ancho 28.5;4/06/2026;CONSUMOS;2480.0;2480.0;METROS;0.48412;C16-29;
CARTULINA;100301825;Rollo Cartulina ASIA SYMBOL C-16 270 g ancho 28.5;4/06/2026;CONSUMOS;2475.0;2475.0;METROS;0.483144;C16-29;
CARTULINA;100301825;Rollo Cartulina ASIA SYMBOL C-16 270 g ancho 28.5;4/06/2026;CONSUMOS;963.0;963.0;METROS;0.187987;C16-29;
CARTULINA;100301825;Rollo Cartulina ASIA SYMBOL C-16 270 g ancho 28.5;4/06/2026;CONSUMOS;798.0;798.0;METROS;0.155777;C16-29;
CARTULINA;100301825;Rollo Cartulina ASIA SYMBOL C-16 270 g ancho 28.5;4/06/2026;CONSUMOS;1829.0;1829.0;METROS;0.357039;C16-29;
CARTULINA;100301825;Rollo Cartulina ASIA SYMBOL C-16 270 g ancho 28.5;4/06/2026;CONSUMOS;1830.0;1830.0;METROS;0.357234;C16-29;
CARTULINA;100301825;Rollo Cartulina ASIA SYMBOL C-16 270 g ancho 28.5;4/06/2026;CONSUMOS;8473.0;8473.0;METROS;1.654014;C16-29;
CARTULINA;100301825;Rollo Cartulina ASIA SYMBOL C-16 270 g ancho 28.5;4/06/2026;CONSUMOS;2968.0;2968.0;METROS;0.579383;C16-29;
CARTULINA;100301825;Rollo Cartulina ASIA SYMBOL C-16 270 g ancho 28.5;4/06/2026;CONSUMOS;2200.0;2200.0;METROS;0.429462;C16-29;
CARTULINA;100301825;Rollo Cartulina ASIA SYMBOL C-16 270 g ancho 28.5;4/06/2026;CONSUMOS;3075.0;3075.0;METROS;0.60027;C16-29;
CARTULINA;100301825;Rollo Cartulina ASIA SYMBOL C-16 270 g ancho 28.5;4/06/2026;CONSUMOS;6177.0;6177.0;METROS;1.205812;C16-29;
CARTULINA;100301825;Rollo Cartulina ASIA SYMBOL C-16 270 g ancho 28.5;4/06/2026;CONSUMOS;2414.0;2414.0;METROS;0.471236;C16-29;
CARTULINA;100301825;Rollo Cartulina ASIA SYMBOL C-16 270 g ancho 28.5;9/06/2026;CONSUMOS;1541.0;1541.0;METROS;0.300818;C16-29;
CARTULINA;100301825;Rollo Cartulina ASIA SYMBOL C-16 270 g ancho 28.5;9/06/2026;CONSUMOS;1202.0;1202.0;METROS;0.234642;C16-29;
CARTULINA;100301825;Rollo Cartulina ASIA SYMBOL C-16 270 g ancho 28.5;9/06/2026;CONSUMOS;602.0;602.0;METROS;0.117516;C16-29;
CARTULINA;100301825;Rollo Cartulina ASIA SYMBOL C-16 270 g ancho 28.5;9/06/2026;CONSUMOS;690.0;690.0;METROS;0.134694;C16-29;
CARTULINA;100301825;Rollo Cartulina ASIA SYMBOL C-16 270 g ancho 28.5;10/06/2026;CONSUMOS;1976.0;1976.0;METROS;0.385734;C16-29;
CARTULINA;100301825;Rollo Cartulina ASIA SYMBOL C-16 270 g ancho 28.5;10/06/2026;CONSUMOS;2037.0;2037.0;METROS;0.397642;C16-29;
CARTULINA;100301825;Rollo Cartulina ASIA SYMBOL C-16 270 g ancho 28.5;10/06/2026;CONSUMOS;2512.0;2512.0;METROS;0.490367;C16-29;
CARTULINA;100301825;Rollo Cartulina ASIA SYMBOL C-16 270 g ancho 28.5;10/06/2026;CONSUMOS;2552.0;2552.0;METROS;0.498175;C16-29;
CARTULINA;100301825;Rollo Cartulina ASIA SYMBOL C-16 270 g ancho 28.5;10/06/2026;CONSUMOS;2563.0;2563.0;METROS;0.500323;C16-29;
CARTULINA;100301825;Rollo Cartulina ASIA SYMBOL C-16 270 g ancho 28.5;11/06/2026;CONSUMOS;2187.0;2187.0;METROS;0.426924;C16-29;
CARTULINA;100301825;Rollo Cartulina ASIA SYMBOL C-16 270 g ancho 28.5;11/06/2026;CONSUMOS;1545.0;1545.0;METROS;0.301599;C16-29;
CARTULINA;100301825;Rollo Cartulina ASIA SYMBOL C-16 270 g ancho 28.5;11/06/2026;CONSUMOS;893.0;893.0;METROS;0.174322;C16-29;
CARTULINA;100301825;Rollo Cartulina ASIA SYMBOL C-16 270 g ancho 28.5;11/06/2026;CONSUMOS;1952.0;1952.0;METROS;0.381049;C16-29;
CARTULINA;100301825;Rollo Cartulina ASIA SYMBOL C-16 270 g ancho 28.5;11/06/2026;CONSUMOS;1312.0;1312.0;METROS;0.256115;C16-29;
CARTULINA;100301825;Rollo Cartulina ASIA SYMBOL C-16 270 g ancho 28.5;11/06/2026;CONSUMOS;2963.0;2963.0;METROS;0.578407;C16-29;
CARTULINA;100301825;Rollo Cartulina ASIA SYMBOL C-16 270 g ancho 28.5;11/06/2026;CONSUMOS;6025.0;6025.0;METROS;1.17614;C16-29;
CARTULINA;100301825;Rollo Cartulina ASIA SYMBOL C-16 270 g ancho 28.5;11/06/2026;CONSUMOS;1559.0;1559.0;METROS;0.304332;C16-29;
CARTULINA;100301825;Rollo Cartulina ASIA SYMBOL C-16 270 g ancho 28.5;12/06/2026;CONSUMOS;1806.0;1806.0;METROS;0.352549;C16-29;
CARTULINA;100301825;Rollo Cartulina ASIA SYMBOL C-16 270 g ancho 28.5;16/06/2026;CONSUMOS;708.0;708.0;METROS;0.138208;C16-29;
CARTULINA;100301825;Rollo Cartulina ASIA SYMBOL C-16 270 g ancho 28.5;16/06/2026;CONSUMOS;1376.0;1376.0;METROS;0.268608;C16-29;
CARTULINA;100301825;Rollo Cartulina ASIA SYMBOL C-16 270 g ancho 28.5;16/06/2026;CONSUMOS;756.0;756.0;METROS;0.147578;C16-29;
CARTULINA;100301825;Rollo Cartulina ASIA SYMBOL C-16 270 g ancho 28.5;16/06/2026;CONSUMOS;1138.0;1138.0;METROS;0.222148;C16-29;
CARTULINA;100301825;Rollo Cartulina ASIA SYMBOL C-16 270 g ancho 28.5;18/06/2026;CONSUMOS;2830.0;2830.0;METROS;0.552444;C16-29;
CARTULINA;100301825;Rollo Cartulina ASIA SYMBOL C-16 270 g ancho 28.5;24/06/2026;CONSUMOS;710.0;710.0;METROS;0.138599;C16-29;
CARTULINA;100301825;Rollo Cartulina ASIA SYMBOL C-16 270 g ancho 28.5;24/06/2026;CONSUMOS;979.0;979.0;METROS;0.19111;C16-29;
CARTULINA;100301825;Rollo Cartulina ASIA SYMBOL C-16 270 g ancho 28.5;24/06/2026;CONSUMOS;1347.0;1347.0;METROS;0.262947;C16-29;
CARTULINA;100301825;Rollo Cartulina ASIA SYMBOL C-16 270 g ancho 28.5;24/06/2026;CONSUMOS;5869.0;5869.0;METROS;1.145687;C16-29;
CARTULINA;100301825;Rollo Cartulina ASIA SYMBOL C-16 270 g ancho 28.5;24/06/2026;CONSUMOS;2271.0;2271.0;METROS;0.443321;C16-29;
CARTULINA;100301825;Rollo Cartulina ASIA SYMBOL C-16 270 g ancho 28.5;24/06/2026;CONSUMOS;2269.0;2269.0;METROS;0.442931;C16-29;
CARTULINA;100301825;Rollo Cartulina ASIA SYMBOL C-16 270 g ancho 28.5;24/06/2026;CONSUMOS;10659.0;10659.0;METROS;2.080743;C16-29;
CARTULINA;100301825;Rollo Cartulina ASIA SYMBOL C-16 270 g ancho 28.5;24/06/2026;CONSUMOS;2780.0;2780.0;METROS;0.542683;C16-29;
CARTULINA;100301825;Rollo Cartulina ASIA SYMBOL C-16 270 g ancho 28.5;24/06/2026;CONSUMOS;503.0;503.0;METROS;0.09819;C16-29;
CARTULINA;100301825;Rollo Cartulina ASIA SYMBOL C-16 270 g ancho 28.5;24/06/2026;CONSUMOS;3410.0;3410.0;METROS;0.665666;C16-29;
CARTULINA;100301825;Rollo Cartulina ASIA SYMBOL C-16 270 g ancho 28.5;26/06/2026;CONSUMOS;1032.0;1032.0;METROS;0.201456;C16-29;
CARTULINA;100301825;Rollo Cartulina ASIA SYMBOL C-16 270 g ancho 28.5;26/06/2026;CONSUMOS;4807.0;4807.0;METROS;0.938374;C16-29;
CARTULINA;100301825;Rollo Cartulina ASIA SYMBOL C-16 270 g ancho 28.5;26/06/2026;CONSUMOS;2242.0;2242.0;METROS;0.43766;C16-29;
CARTULINA;100301825;Rollo Cartulina ASIA SYMBOL C-16 270 g ancho 28.5;26/06/2026;CONSUMOS;5430.0;5430.0;METROS;1.05999;C16-29;
CARTULINA;100301825;Rollo Cartulina ASIA SYMBOL C-16 270 g ancho 28.5;26/06/2026;CONSUMOS;1837.0;1837.0;METROS;0.3586;C16-29;
CARTULINA;100301825;Rollo Cartulina ASIA SYMBOL C-16 270 g ancho 28.5;26/06/2026;CONSUMOS;1163.0;1163.0;METROS;0.227029;C16-29;
CARTULINA;100301825;Rollo Cartulina ASIA SYMBOL C-16 270 g ancho 28.5;26/06/2026;CONSUMOS;133.0;133.0;METROS;0.025962;C16-29;
CARTULINA;100301825;Rollo Cartulina ASIA SYMBOL C-16 270 g ancho 28.5;26/06/2026;CONSUMOS;1746.0;1746.0;METROS;0.340836;C16-29;
CARTULINA;100301825;Rollo Cartulina ASIA SYMBOL C-16 270 g ancho 28.5;26/06/2026;CONSUMOS;674.0;674.0;METROS;0.131571;C16-29;
CARTULINA;100301825;Rollo Cartulina ASIA SYMBOL C-16 270 g ancho 28.5;26/06/2026;CONSUMOS;582.0;582.0;METROS;0.113612;C16-29;
CARTULINA;100301825;Rollo Cartulina ASIA SYMBOL C-16 270 g ancho 28.5;26/06/2026;CONSUMOS;1739.0;1739.0;METROS;0.33947;C16-29;
CARTULINA;100301825;Rollo Cartulina ASIA SYMBOL C-16 270 g ancho 28.5;26/06/2026;CONSUMOS;232.0;232.0;METROS;0.045288;C16-29;
CARTULINA;100301834;Rollo Cartulina ASIA SYMBOL C-16 270 g ancho 29;4/06/2026;CONSUMOS;654.0;654.0;METROS;0.129962;C16-29;
CARTULINA;100301834;Rollo Cartulina ASIA SYMBOL C-16 270 g ancho 29;4/06/2026;CONSUMOS;873.0;873.0;METROS;0.173482;C16-29;
CARTULINA;100301834;Rollo Cartulina ASIA SYMBOL C-16 270 g ancho 29;4/06/2026;CONSUMOS;2315.0;2315.0;METROS;0.460036;C16-29;
CARTULINA;100301834;Rollo Cartulina ASIA SYMBOL C-16 270 g ancho 29;4/06/2026;CONSUMOS;2473.0;2473.0;METROS;0.491434;C16-29;
CARTULINA;100301834;Rollo Cartulina ASIA SYMBOL C-16 270 g ancho 29;24/06/2026;CONSUMOS;278.0;278.0;METROS;0.055244;C16-29;
CARTULINA;100301851;Rollo Cartulina ALASKA BRIGHT --  C - 16 270 g ancho 28.5;3/06/2026;CONSUMOS;10284.0;10284.0;METROS;2.010316;C16-29;
CARTULINA;100301856;Rollo Cartulina OBAFREE --  C - 18 265 g ancho 23;18/06/2026;CONSUMOS;23574.0;23574.0;METROS;3.648312;C18-23;
CARTULINA;100301856;Rollo Cartulina OBAFREE --  C - 18 265 g ancho 23;18/06/2026;CONSUMOS;10442.0;10442.0;METROS;1.616003;C18-23;
CARTULINA;100301863;Rollo Cartulina ASIA SYMBOL C-14 235 g ancho 29;24/06/2026;CONSUMOS;1702.0;1702.0;METROS;0.294377;C14-29;
CARTULINA;100301863;Rollo Cartulina ASIA SYMBOL C-14 235 g ancho 29;24/06/2026;CONSUMOS;58.0;58.0;METROS;0.010031;C14-29;
CARTULINA;100301866;Cartulina FBB Poplar -- C-16 255 gramos 27 x 34.5 (29-89);2/06/2026;CONSUMOS;1660.0;1660.0;hoja(s);0.254005;C16-27;
CARTULINA;100301869;Rollo Cartulina DUPLEX MIRABELL --  C - 17 320 g ancho 22;18/06/2026;CONSUMOS;26968.0;26968.0;METROS;4.815406;COLGATE-150;
CARTULINA;100301908;Rollo Cartulina Nine Dragons C - 13.6 215 g ancho 25 (29-89);1/06/2026;CONSUMOS;2501.0;2501.0;METROS;0.341449;C13.6-25;
CARTULINA;100301908;Rollo Cartulina Nine Dragons C - 13.6 215 g ancho 25 (29-89);1/06/2026;CONSUMOS;516.0;516.0;METROS;0.070446;C13.6-25;
CARTULINA;100301908;Rollo Cartulina Nine Dragons C - 13.6 215 g ancho 25 (29-89);1/06/2026;CONSUMOS;389.0;389.0;METROS;0.053108;C13.6-25;
CARTULINA;100301908;Rollo Cartulina Nine Dragons C - 13.6 215 g ancho 25 (29-89);3/06/2026;CONSUMOS;196.0;196.0;METROS;0.026758;C13.6-25;
CARTULINA;100301908;Rollo Cartulina Nine Dragons C - 13.6 215 g ancho 25 (29-89);5/06/2026;CONSUMOS;73984.0;73984.0;METROS;10.100665;C13.6-25;
CARTULINA;100301908;Rollo Cartulina Nine Dragons C - 13.6 215 g ancho 25 (29-89);5/06/2026;CONSUMOS;1378.0;1378.0;METROS;0.188131;C13.6-25;
CARTULINA;100301908;Rollo Cartulina Nine Dragons C - 13.6 215 g ancho 25 (29-89);5/06/2026;CONSUMOS;8936.0;8936.0;METROS;1.219987;C13.6-25;
CARTULINA;100301908;Rollo Cartulina Nine Dragons C - 13.6 215 g ancho 25 (29-89);9/06/2026;CONSUMOS;390.0;390.0;METROS;0.053244;C13.6-25;
CARTULINA;100301908;Rollo Cartulina Nine Dragons C - 13.6 215 g ancho 25 (29-89);9/06/2026;CONSUMOS;432.0;432.0;METROS;0.058978;C13.6-25;
CARTULINA;100301908;Rollo Cartulina Nine Dragons C - 13.6 215 g ancho 25 (29-89);10/06/2026;CONSUMOS;2293.0;2293.0;METROS;0.313051;C13.6-25;
CARTULINA;100301908;Rollo Cartulina Nine Dragons C - 13.6 215 g ancho 25 (29-89);10/06/2026;CONSUMOS;6479.0;6479.0;METROS;0.884545;C13.6-25;
CARTULINA;100301908;Rollo Cartulina Nine Dragons C - 13.6 215 g ancho 25 (29-89);10/06/2026;CONSUMOS;1398.0;1398.0;METROS;0.190861;C13.6-25;
CARTULINA;100301908;Rollo Cartulina Nine Dragons C - 13.6 215 g ancho 25 (29-89);12/06/2026;CONSUMOS;1144.0;1144.0;METROS;0.156184;C13.6-25;
CARTULINA;100301908;Rollo Cartulina Nine Dragons C - 13.6 215 g ancho 25 (29-89);12/06/2026;CONSUMOS;25966.0;25966.0;METROS;3.545008;C13.6-25;
CARTULINA;100301908;Rollo Cartulina Nine Dragons C - 13.6 215 g ancho 25 (29-89);15/06/2026;CONSUMOS;2769.0;2769.0;METROS;0.378037;C13.6-25;
CARTULINA;100301908;Rollo Cartulina Nine Dragons C - 13.6 215 g ancho 25 (29-89);15/06/2026;CONSUMOS;4011.0;4011.0;METROS;0.547601;C13.6-25;
CARTULINA;100301908;Rollo Cartulina Nine Dragons C - 13.6 215 g ancho 25 (29-89);26/06/2026;CONSUMOS;7967.0;7967.0;METROS;1.087694;C13.6-25;
CARTULINA;100301909;Rollo Cartulina Nine Dragons C - 13.6 215 g ancho 30 (29-89);16/06/2026;CONSUMOS;24969.0;24969.0;METROS;4.090671;C13.6-30;
CARTULINA;100301909;Rollo Cartulina Nine Dragons C - 13.6 215 g ancho 30 (29-89);19/06/2026;CONSUMOS;1670.0;1670.0;METROS;0.273596;C13.6-30;
CARTULINA;100301909;Rollo Cartulina Nine Dragons C - 13.6 215 g ancho 30 (29-89);19/06/2026;CONSUMOS;18400.0;18400.0;METROS;3.014472;C13.6-30;
CARTULINA;100301917;Rollo Cartulina Nine Dragons C - 16.3 255 g ancho 25 (29-89);3/06/2026;CONSUMOS;1721.0;1721.0;METROS;0.278672;C16.3-25;
CARTULINA;100301917;Rollo Cartulina Nine Dragons C - 16.3 255 g ancho 25 (29-89);4/06/2026;CONSUMOS;1413.0;1413.0;METROS;0.2288;C16.3-25;
CARTULINA;100301917;Rollo Cartulina Nine Dragons C - 16.3 255 g ancho 25 (29-89);4/06/2026;CONSUMOS;1654.0;1654.0;METROS;0.267823;C16.3-25;
CARTULINA;100301917;Rollo Cartulina Nine Dragons C - 16.3 255 g ancho 25 (29-89);9/06/2026;CONSUMOS;1257.0;1257.0;METROS;0.203539;C16.3-25;
CARTULINA;100301917;Rollo Cartulina Nine Dragons C - 16.3 255 g ancho 25 (29-89);10/06/2026;CONSUMOS;522.0;522.0;METROS;0.084524;C16.3-25;
CARTULINA;100301917;Rollo Cartulina Nine Dragons C - 16.3 255 g ancho 25 (29-89);10/06/2026;CONSUMOS;445.0;445.0;METROS;0.072056;C16.3-25;
CARTULINA;100301917;Rollo Cartulina Nine Dragons C - 16.3 255 g ancho 25 (29-89);19/06/2026;CONSUMOS;16474.0;16474.0;METROS;2.667552;C16.3-25;
CARTULINA;100301917;Rollo Cartulina Nine Dragons C - 16.3 255 g ancho 25 (29-89);19/06/2026;CONSUMOS;3804.0;3804.0;METROS;0.615962;C16.3-25;
CARTULINA;100301917;Rollo Cartulina Nine Dragons C - 16.3 255 g ancho 25 (29-89);24/06/2026;CONSUMOS;3753.0;3753.0;METROS;0.607704;C16.3-25;
CARTULINA;100301917;Rollo Cartulina Nine Dragons C - 16.3 255 g ancho 25 (29-89);24/06/2026;CONSUMOS;965.0;965.0;METROS;0.156257;C16.3-25;
CARTULINA;100301917;Rollo Cartulina Nine Dragons C - 16.3 255 g ancho 25 (29-89);24/06/2026;CONSUMOS;3788.0;3788.0;METROS;0.613371;C16.3-25;
CARTULINA;100301917;Rollo Cartulina Nine Dragons C - 16.3 255 g ancho 25 (29-89);24/06/2026;CONSUMOS;915.0;915.0;METROS;0.148161;C16.3-25;
CARTULINA;100301917;Rollo Cartulina Nine Dragons C - 16.3 255 g ancho 25 (29-89);24/06/2026;CONSUMOS;1755.0;1755.0;METROS;0.284178;C16.3-25;
CARTULINA;100301917;Rollo Cartulina Nine Dragons C - 16.3 255 g ancho 25 (29-89);26/06/2026;CONSUMOS;1086.0;1086.0;METROS;0.17585;C16.3-25;
CARTULINA;100301918;Rollo Cartulina Nine Dragons C - 16.3 255 g ancho 27 (29-89);19/06/2026;CONSUMOS;7136.0;7136.0;METROS;1.24648;C16.3-27;
CARTULINA;100301921;Rollo Cartulina DUPLEX MIRABELL --  C - 17 320 g ancho 23.5;18/06/2026;CONSUMOS;8978.0;8978.0;METROS;1.723776;COLGATE-150;
CARTULINA;100301926;Rollo Cartulina ASIA SYMBOL C-19 310 g ancho 25 (29-89);3/06/2026;CONSUMOS;1986.0;1986.0;METROS;0.390944;C19-25;
CARTULINA;100301926;Rollo Cartulina ASIA SYMBOL C-19 310 g ancho 25 (29-89);4/06/2026;CONSUMOS;1573.0;1573.0;METROS;0.309645;C19-25;
CARTULINA;100301931;Rollo Cartulina Policote 1PE0/15 C-13.5 225g ancho 23.5 REGIONAL;19/06/2026;INGRESOS;56294.0;56294.0;METROS;7.549025;POLICOTE;
CARTULINA;100301931;Rollo Cartulina Policote 1PE0/15 C-13.5 225g ancho 23.5 REGIONAL;25/06/2026;CONSUMOS;48470.0;48470.0;METROS;6.499827;POLICOTE;
CARTULINA;100301933;Rollo Cartulina Policote 1PE0/15 C-13.5 225g ancho 36.5 REGIONAL;19/06/2026;INGRESOS;47607.0;47607.0;METROS;9.92963;POLICOTE;
CARTULINA;100301933;Rollo Cartulina Policote 1PE0/15 C-13.5 225g ancho 36.5 REGIONAL;25/06/2026;CONSUMOS;45319.0;45319.0;METROS;9.45241;POLICOTE;
CARTULINA;100304524;Cartulina SPARK C-14 220 gr 30 X 40;3/06/2026;INGRESOS;3000.0;3000.0;Pliego(s);0.510966;Spark;
CARTULINA;100304524;Cartulina SPARK C-14 220 gr 30 X 40;4/06/2026;CONSUMOS;3000.0;3000.0;Pliego(s);0.510966;Spark;
CARTULINA;100304525;Cartulina SPARK C-18 270 gr 30 X 40;2/06/2026;CONSUMOS;1700.0;1700.0;Pliego(s);0.355354;Spark;
CARTULINA;100304525;Cartulina SPARK C-18 270 gr 30 X 40;2/06/2026;CONSUMOS;500.0;500.0;Pliego(s);0.104515;Spark;
CARTULINA;100304527;Cartulina SPARK C-18 270 gr 25 X 38;1/06/2026;INGRESOS;1300.0;1300.0;Pliego(s);0.215084;Spark;
CARTULINA;100304527;Cartulina SPARK C-18 270 gr 25 X 38;2/06/2026;INGRESOS;4500.0;4500.0;Pliego(s);0.744521;Spark;
CARTULINA;100304527;Cartulina SPARK C-18 270 gr 25 X 38;2/06/2026;INGRESOS;2300.0;2300.0;Pliego(s);0.380533;Spark;
CARTULINA;100304527;Cartulina SPARK C-18 270 gr 25 X 38;2/06/2026;CONSUMOS;4500.0;4500.0;Pliego(s);0.744521;Spark;
CARTULINA;100304527;Cartulina SPARK C-18 270 gr 25 X 38;2/06/2026;CONSUMOS;300.0;300.0;Pliego(s);0.049634;Spark;
CARTULINA;100304527;Cartulina SPARK C-18 270 gr 25 X 38;2/06/2026;CONSUMOS;1300.0;1300.0;Pliego(s);0.215084;Spark;
CARTULINA;100304527;Cartulina SPARK C-18 270 gr 25 X 38;9/06/2026;INGRESOS;9300.0;9300.0;Pliego(s);1.538678;Spark;
CARTULINA;100304527;Cartulina SPARK C-18 270 gr 25 X 38;9/06/2026;CONSUMOS;650.0;650.0;Pliego(s);0.107542;Spark;
CARTULINA;100304527;Cartulina SPARK C-18 270 gr 25 X 38;16/06/2026;CONSUMOS;7300.0;7300.0;Pliego(s);1.207779;Spark;
CARTULINA;100304527;Cartulina SPARK C-18 270 gr 25 X 38;16/06/2026;CONSUMOS;1325.0;1325.0;Pliego(s);0.21922;Spark;
CARTULINA;100304527;Cartulina SPARK C-18 270 gr 25 X 38;25/06/2026;CONSUMOS;700.0;700.0;Pliego(s);0.115814;Spark;
CARTULINA;100304530;Cartulina SPARK C-20 295 gr 30 X 40;2/06/2026;INGRESOS;5300.0;5300.0;Pliego(s);1.210449;Spark;
CARTULINA;100304530;Cartulina SPARK C-20 295 gr 30 X 40;2/06/2026;INGRESOS;18100.0;18100.0;Pliego(s);4.133798;Spark;
CARTULINA;100304530;Cartulina SPARK C-20 295 gr 30 X 40;2/06/2026;CONSUMOS;18050.0;18050.0;Pliego(s);4.122378;Spark;
CARTULINA;100304530;Cartulina SPARK C-20 295 gr 30 X 40;2/06/2026;CONSUMOS;4750.0;4750.0;Pliego(s);1.084836;Spark;
CARTULINA;100304541;Rollo Cartulina ASIA SYMBOL C-12 230 g ancho 25;4/06/2026;CONSUMOS;616.0;616.0;METROS;0.089966;C12-25;
CARTULINA;100304541;Rollo Cartulina ASIA SYMBOL C-12 230 g ancho 25;16/06/2026;CONSUMOS;1149.0;1149.0;METROS;0.167811;C12-25;
PAPEL;100304543;Rollo Cartulina DUPLEX MIRABELL --  C - 16 300 g ancho 28;8/06/2026;CONSUMOS;23949.0;23949.0;METROS;5.108321;COLGATE-75;
PAPEL;100304543;Rollo Cartulina DUPLEX MIRABELL --  C - 16 300 g ancho 28;11/06/2026;CONSUMOS;49841.0;49841.0;METROS;10.631085;COLGATE-75;
CARTULINA;100304546;Rollo Cartulina DUPLEX MIRABELL --  C - 17 320 g ancho 21.5;8/06/2026;CONSUMOS;48221.0;48221.0;METROS;8.426716;COLGATE-125;
CARTULINA 29-89;100304547;Rollo Cartulina Spectra Natural -- C-18 267g ancho 27;17/06/2026;CONSUMOS;20266.0;20266.0;METROS;3.710878;BIMBO;
CARTULINA 29-89;100304547;Rollo Cartulina Spectra Natural -- C-18 267g ancho 27;17/06/2026;CONSUMOS;59564.0;59564.0;METROS;10.90668;BIMBO;
CARTULINA;100304563;Rollo Cartulina Nine Dragons C - 12 205 g ancho 25 (29-89);5/06/2026;CONSUMOS;3385.0;3385.0;METROS;0.440642;C12-25;
CARTULINA;100304563;Rollo Cartulina Nine Dragons C - 12 205 g ancho 25 (29-89);12/06/2026;CONSUMOS;6556.0;6556.0;METROS;0.853427;C12-25;
CARTULINA;100304563;Rollo Cartulina Nine Dragons C - 12 205 g ancho 25 (29-89);12/06/2026;CONSUMOS;4480.0;4480.0;METROS;0.583184;C12-25;
CARTULINA;100304565;Rollo Cartulina DEDICA FSC --  C - 13.5 225 g ancho 23.125;4/06/2026;CONSUMOS;8128.0;8128.0;Metro(s);1.073505;OLMECA;
CARTULINA;100304565;Rollo Cartulina DEDICA FSC --  C - 13.5 225 g ancho 23.125;4/06/2026;CONSUMOS;16407.0;16407.0;Metro(s);2.166954;OLMECA;
CARTULINA;100304565;Rollo Cartulina DEDICA FSC --  C - 13.5 225 g ancho 23.125;4/06/2026;CONSUMOS;8038.0;8038.0;Metro(s);1.061618;OLMECA;
CARTULINA;100304565;Rollo Cartulina DEDICA FSC --  C - 13.5 225 g ancho 23.125;4/06/2026;CONSUMOS;8000.0;8000.0;Metro(s);1.0566;OLMECA;
CARTULINA;100304565;Rollo Cartulina DEDICA FSC --  C - 13.5 225 g ancho 23.125;4/06/2026;CONSUMOS;8306.0;8306.0;Metro(s);1.097014;OLMECA;
CARTULINA;100304565;Rollo Cartulina DEDICA FSC --  C - 13.5 225 g ancho 23.125;11/06/2026;CONSUMOS;8088.0;8088.0;Metro(s);1.068222;OLMECA;
CARTULINA;100304565;Rollo Cartulina DEDICA FSC --  C - 13.5 225 g ancho 23.125;11/06/2026;CONSUMOS;24243.0;24243.0;Metro(s);3.201894;OLMECA;
CARTULINA;100304565;Rollo Cartulina DEDICA FSC --  C - 13.5 225 g ancho 23.125;11/06/2026;CONSUMOS;8221.0;8221.0;Metro(s);1.085788;OLMECA;
CARTULINA;100304565;Rollo Cartulina DEDICA FSC --  C - 13.5 225 g ancho 23.125;11/06/2026;CONSUMOS;31187.0;31187.0;Metro(s);4.119023;OLMECA;
CARTULINA;100304565;Rollo Cartulina DEDICA FSC --  C - 13.5 225 g ancho 23.125;11/06/2026;CONSUMOS;475.0;475.0;Metro(s);0.062735;OLMECA;
CARTULINA;100304565;Rollo Cartulina DEDICA FSC --  C - 13.5 225 g ancho 23.125;11/06/2026;CONSUMOS;475.0;475.0;Metro(s);0.062735;OLMECA;
CARTULINA;100304565;Rollo Cartulina DEDICA FSC --  C - 13.5 225 g ancho 23.125;11/06/2026;CONSUMOS;514.0;514.0;Metro(s);0.067886;OLMECA;
CARTULINA;100304565;Rollo Cartulina DEDICA FSC --  C - 13.5 225 g ancho 23.125;11/06/2026;CONSUMOS;514.0;514.0;Metro(s);0.067886;OLMECA;
CARTULINA;100304565;Rollo Cartulina DEDICA FSC --  C - 13.5 225 g ancho 23.125;11/06/2026;CONSUMOS;16312.0;16312.0;Metro(s);2.154407;OLMECA;
CARTULINA;100304565;Rollo Cartulina DEDICA FSC --  C - 13.5 225 g ancho 23.125;11/06/2026;CONSUMOS;16721.0;16721.0;Metro(s);2.208426;OLMECA;
CARTULINA;100304565;Rollo Cartulina DEDICA FSC --  C - 13.5 225 g ancho 23.125;26/06/2026;CONSUMOS;8700.0;8700.0;Metro(s);1.149052;OLMECA;
CARTULINA;100304565;Rollo Cartulina DEDICA FSC --  C - 13.5 225 g ancho 23.125;26/06/2026;CONSUMOS;15965.0;15965.0;Metro(s);2.108577;OLMECA;
CARTULINA;100304565;Rollo Cartulina DEDICA FSC --  C - 13.5 225 g ancho 23.125;26/06/2026;CONSUMOS;13225.0;13225.0;Metro(s);1.746691;OLMECA;
CARTULINA;100304619;Rollo Cartulina BRIGHT   --  C-16 245 g ancho 23;8/06/2026;CONSUMOS;68753.0;68753.0;METROS;9.837179;BAY-C16-23;
CARTULINA;100304619;Rollo Cartulina BRIGHT   --  C-16 245 g ancho 23;8/06/2026;CONSUMOS;136.0;136.0;METROS;0.019458;BAY-C16-23;
CARTULINA;100304625;Rollo Cartulina ASIA SYMBOL C-14 235 g ancho 28.5;5/06/2026;CONSUMOS;2095.0;2095.0;METROS;0.35595;C14-29;
CARTULINA;100304625;Rollo Cartulina ASIA SYMBOL C-14 235 g ancho 28.5;5/06/2026;CONSUMOS;1967.0;1967.0;METROS;0.334203;C14-29;
CARTULINA;100304625;Rollo Cartulina ASIA SYMBOL C-14 235 g ancho 28.5;11/06/2026;CONSUMOS;482.0;482.0;METROS;0.081894;C14-29;
CARTULINA;100304625;Rollo Cartulina ASIA SYMBOL C-14 235 g ancho 28.5;11/06/2026;CONSUMOS;2494.0;2494.0;METROS;0.423743;C14-29;
CARTULINA;100304625;Rollo Cartulina ASIA SYMBOL C-14 235 g ancho 28.5;12/06/2026;CONSUMOS;1461.0;1461.0;METROS;0.248231;C14-29;
CARTULINA;100304625;Rollo Cartulina ASIA SYMBOL C-14 235 g ancho 28.5;15/06/2026;CONSUMOS;1685.0;1685.0;METROS;0.286289;C14-29;
CARTULINA;100304625;Rollo Cartulina ASIA SYMBOL C-14 235 g ancho 28.5;15/06/2026;CONSUMOS;628.0;628.0;METROS;0.1067;C14-29;
CARTULINA;100304625;Rollo Cartulina ASIA SYMBOL C-14 235 g ancho 28.5;24/06/2026;CONSUMOS;5548.0;5548.0;METROS;0.942632;C14-29;
CARTULINA;100304625;Rollo Cartulina ASIA SYMBOL C-14 235 g ancho 28.5;24/06/2026;CONSUMOS;2743.0;2743.0;METROS;0.466049;C14-29;
CARTULINA;100304625;Rollo Cartulina ASIA SYMBOL C-14 235 g ancho 28.5;26/06/2026;CONSUMOS;6154.0;6154.0;METROS;1.045595;C14-29;
CARTULINA;100304640;Rollo Cartulina OBAFREE --  C-15 230 g ancho 25.5;2/06/2026;CONSUMOS;3033.0;3033.0;METROS;0.45134;FOSFORERA;
CARTULINA;100304640;Rollo Cartulina OBAFREE --  C-15 230 g ancho 25.5;2/06/2026;CONSUMOS;35682.0;35682.0;METROS;5.309838;FOSFORERA;
CARTULINA;100304640;Rollo Cartulina OBAFREE --  C-15 230 g ancho 25.5;2/06/2026;CONSUMOS;27099.0;27099.0;METROS;4.032602;FOSFORERA;
CARTULINA;100304640;Rollo Cartulina OBAFREE --  C-15 230 g ancho 25.5;2/06/2026;CONSUMOS;9195.0;9195.0;METROS;1.368307;FOSFORERA;
CARTULINA;100304640;Rollo Cartulina OBAFREE --  C-15 230 g ancho 25.5;2/06/2026;CONSUMOS;44576.0;44576.0;METROS;6.633354;FOSFORERA;
CARTULINA;100304640;Rollo Cartulina OBAFREE --  C-15 230 g ancho 25.5;2/06/2026;CONSUMOS;195.0;195.0;METROS;0.029017;FOSFORERA;
CARTULINA;100304640;Rollo Cartulina OBAFREE --  C-15 230 g ancho 25.5;15/06/2026;CONSUMOS;26918.0;26918.0;METROS;4.005667;FOSFORERA;
CARTULINA;100304640;Rollo Cartulina OBAFREE --  C-15 230 g ancho 25.5;19/06/2026;CONSUMOS;45171.0;45171.0;METROS;6.721896;FOSFORERA;
CARTULINA;100304640;Rollo Cartulina OBAFREE --  C-15 230 g ancho 25.5;26/06/2026;INGRESOS;243838.0;243838.0;METROS;36.285532;FOSFORERA;
CARTULINA;100305183;Cartulina FBB ASIA SYMBOL -- C-20 325 gramos  25 x 38;4/06/2026;INGRESOS;14500.0;14500.0;PLIEGOS;2.887702;C20-25;
CARTULINA 29-89;100305967;Rollo Cartulina Nine Dragons C - 18.3 290 g ancho 29;18/06/2026;CONSUMOS;467.0;467.0;METROS;0.099811;C18-29-COSC;
CARTULINA 29-89;100305982;Cartulina FBB DUPLEX MIRABELL -- C-16 300 gramos  20 x 32.5;26/06/2026;INGRESOS;220448.0;220448.0;PLIEGO;27.716927;COLGATE-100;
CARTULINA 29-89;100305983;Cartulina FBB DUPLEX MIRABELL -- C-16 300 gramos  25.5 x 36.5;26/06/2026;INGRESOS;54034.0;54034.0;PLIEGO;9.722375;COLGATE-50;
CARTULINA;100305996;Cartulina SPARK -- C-16 250 gramos 25 X 38;1/06/2026;INGRESOS;9500.0;9500.0;hoja(s);1.45534;Spark;
CARTULINA;100305996;Cartulina SPARK -- C-16 250 gramos 25 X 38;2/06/2026;INGRESOS;11000.0;11000.0;hoja(s);1.685131;Spark;
CARTULINA;100305996;Cartulina SPARK -- C-16 250 gramos 25 X 38;2/06/2026;INGRESOS;700.0;700.0;hoja(s);0.107235;Spark;
CARTULINA;100305996;Cartulina SPARK -- C-16 250 gramos 25 X 38;2/06/2026;CONSUMOS;600.0;600.0;hoja(s);0.091916;Spark;
CARTULINA;100305996;Cartulina SPARK -- C-16 250 gramos 25 X 38;2/06/2026;CONSUMOS;11000.0;11000.0;hoja(s);1.685131;Spark;
CARTULINA;100305996;Cartulina SPARK -- C-16 250 gramos 25 X 38;2/06/2026;CONSUMOS;9500.0;9500.0;hoja(s);1.45534;Spark;
CARTULINA;100305996;Cartulina SPARK -- C-16 250 gramos 25 X 38;24/06/2026;INGRESOS;400.0;400.0;hoja(s);0.061277;Spark;
CARTULINA;100305996;Cartulina SPARK -- C-16 250 gramos 25 X 38;25/06/2026;CONSUMOS;100.0;100.0;hoja(s);0.015319;Spark;
CARTULINA;100305999;Rollo Cartulina Nine Dragons C - 19 305 g ancho 24;3/06/2026;CONSUMOS;1695.0;1695.0;METROS;0.314837;C19-24;
CARTULINA;100305999;Rollo Cartulina Nine Dragons C - 19 305 g ancho 24;9/06/2026;CONSUMOS;480.0;480.0;METROS;0.089157;C19-24;
CARTULINA;100305999;Rollo Cartulina Nine Dragons C - 19 305 g ancho 24;12/06/2026;CONSUMOS;2535.0;2535.0;METROS;0.470863;C19-24;
CARTULINA;100305999;Rollo Cartulina Nine Dragons C - 19 305 g ancho 24;12/06/2026;CONSUMOS;2362.0;2362.0;METROS;0.438729;C19-24;
CARTULINA 29-89;100306002;Cartulina FBB DRAGONS YA ESTÁ -- C-16.3 255 gramos  39.5 x 25;24/06/2026;CONSUMOS;77200.0;77200.0;PLIEGOS;12.538111;YA ESTA;
CARTULINA 29-89;100306003;Rollo Cartulina Nine Dragons C - 16.3 255 g ancho 28.5;3/06/2026;CONSUMOS;3418.0;3418.0;METROS;0.553459;C16.3-28.5;
CARTULINA 29-89;100306134;Rollo Cartulina FBB PROTO C1S -- C-24 396 g ancho 26.5;25/06/2026;CONSUMOS;53884.0;53884.0;METROS;14.360517;GILDAN;
CARTULINA 29-89;100306142;Cartulina FBB DUPLEX MIRABELL -- C-16 300 gramos  28 x 33.75;26/06/2026;INGRESOS;42239.0;42239.0;PLIEGO;7.721208;COLGATE-75;
CARTULINA;100306180;Cartulina NINGBO ALLY LOCAL C-18 290 gramos 25 x 36;16/06/2026;INGRESOS;43300.0;43300.0;PLIEGOS;7.287957;C18-25;
CARTULINA;100306180;Cartulina NINGBO ALLY LOCAL C-18 290 gramos 25 x 36;24/06/2026;CONSUMOS;43300.0;43300.0;PLIEGOS;7.287957;C18-25;
CARTULINA;100306185;Cartulina SPARK C-20 295 gr 25 X 38;2/06/2026;INGRESOS;6300.0;6300.0;PLIEGOS;1.138842;Spark;
CARTULINA;100306185;Cartulina SPARK C-20 295 gr 25 X 38;2/06/2026;CONSUMOS;6300.0;6300.0;PLIEGOS;1.138842;Spark;
CARTULINA;100306185;Cartulina SPARK C-20 295 gr 25 X 38;5/06/2026;INGRESOS;4100.0;4100.0;PLIEGOS;0.741151;Spark;
CARTULINA;100306185;Cartulina SPARK C-20 295 gr 25 X 38;9/06/2026;INGRESOS;1000.0;1000.0;PLIEGOS;0.180768;Spark;
CARTULINA;100306185;Cartulina SPARK C-20 295 gr 25 X 38;9/06/2026;INGRESOS;6400.0;6400.0;PLIEGOS;1.156919;Spark;
CARTULINA;100306185;Cartulina SPARK C-20 295 gr 25 X 38;9/06/2026;INGRESOS;5800.0;5800.0;PLIEGOS;1.048458;Spark;
CARTULINA;100306185;Cartulina SPARK C-20 295 gr 25 X 38;9/06/2026;CONSUMOS;1000.0;1000.0;PLIEGOS;0.180768;Spark;
CARTULINA;100306185;Cartulina SPARK C-20 295 gr 25 X 38;16/06/2026;CONSUMOS;6400.0;6400.0;PLIEGOS;1.156919;Spark;
CARTULINA;100306185;Cartulina SPARK C-20 295 gr 25 X 38;16/06/2026;CONSUMOS;5800.0;5800.0;PLIEGOS;1.048458;Spark;
CARTULINA;100306185;Cartulina SPARK C-20 295 gr 25 X 38;16/06/2026;INGRESOS;5600.0;5600.0;PLIEGOS;1.012304;Spark;
CARTULINA;100306185;Cartulina SPARK C-20 295 gr 25 X 38;24/06/2026;CONSUMOS;5600.0;5600.0;PLIEGOS;1.012304;Spark;
PAPEL;100600003;Papel Bond 55 gramos -- 26 x 34;1/06/2026;INGRESOS;39000.0;39000.0;PLIEGOS;1.223164;Bond;
PAPEL;100600003;Papel Bond 55 gramos -- 26 x 34;2/06/2026;INGRESOS;5000.0;5000.0;PLIEGOS;0.156816;Bond;
PAPEL;100600003;Papel Bond 55 gramos -- 26 x 34;2/06/2026;CONSUMOS;2800.0;2800.0;PLIEGOS;0.087816;Bond;
PAPEL;100600003;Papel Bond 55 gramos -- 26 x 34;2/06/2026;CONSUMOS;2000.0;2000.0;PLIEGOS;0.062726;Bond;
PAPEL;100600003;Papel Bond 55 gramos -- 26 x 34;3/06/2026;INGRESOS;3000.0;3000.0;PLIEGOS;0.094089;Bond;
PAPEL;100600003;Papel Bond 55 gramos -- 26 x 34;4/06/2026;CONSUMOS;3000.0;3000.0;PLIEGOS;0.094089;Bond;
PAPEL;100600003;Papel Bond 55 gramos -- 26 x 34;9/06/2026;CONSUMOS;1000.0;1000.0;PLIEGOS;0.031363;Bond;
PAPEL;100600003;Papel Bond 55 gramos -- 26 x 34;10/06/2026;INGRESOS;28500.0;28500.0;PLIEGOS;0.893851;Bond;
PAPEL;100600003;Papel Bond 55 gramos -- 26 x 34;16/06/2026;CONSUMOS;39000.0;39000.0;PLIEGOS;1.223164;Bond;
PAPEL;100600003;Papel Bond 55 gramos -- 26 x 34;16/06/2026;CONSUMOS;26700.0;26700.0;PLIEGOS;0.837397;Bond;
PAPEL;100600003;Papel Bond 55 gramos -- 26 x 34;16/06/2026;CONSUMOS;2500.0;2500.0;PLIEGOS;0.078408;Bond;
PAPEL;100600003;Papel Bond 55 gramos -- 26 x 34;17/06/2026;INGRESOS;9500.0;9500.0;PLIEGOS;0.29795;Bond;
PAPEL;100600003;Papel Bond 55 gramos -- 26 x 34;24/06/2026;INGRESOS;4000.0;4000.0;PLIEGOS;0.125452;Bond;
PAPEL;100600003;Papel Bond 55 gramos -- 26 x 34;24/06/2026;CONSUMOS;9300.0;9300.0;PLIEGOS;0.291677;Bond;
PAPEL;100600004;Papel Bond 70 gramos -- 22 x 34;10/06/2026;INGRESOS;2000.0;2000.0;PLIEGOS;0.067616;Bond;
PAPEL;100600004;Papel Bond 70 gramos -- 22 x 34;10/06/2026;INGRESOS;500.0;500.0;PLIEGOS;0.016904;Bond;
PAPEL;100600004;Papel Bond 70 gramos -- 22 x 34;16/06/2026;CONSUMOS;2100.0;2100.0;PLIEGOS;0.070997;Bond;
PAPEL;100600005;Papel Bond 75 gramos -- 22 x 34;24/06/2026;INGRESOS;6000.0;6000.0;PLIEGOS;0.217339;Bond;
PAPEL;100600006;Papel Bond 75 gramos -- 26 x 34;10/06/2026;INGRESOS;54000.0;54000.0;PLIEGOS;2.309472;Bond;
PAPEL;100600006;Papel Bond 75 gramos -- 26 x 34;16/06/2026;INGRESOS;112500.0;112500.0;PLIEGOS;4.8114;Bond;
PAPEL;100600009;Papel Bond 75 gramos -- 26 x 38;2/06/2026;INGRESOS;2500.0;2500.0;PLIEGOS;0.119418;Bond;
PAPEL;100600009;Papel Bond 75 gramos -- 26 x 38;2/06/2026;CONSUMOS;2500.0;2500.0;PLIEGOS;0.119418;Bond;
PAPEL;100600009;Papel Bond 75 gramos -- 26 x 38;10/06/2026;INGRESOS;12500.0;12500.0;PLIEGOS;0.597093;Bond;
PAPEL;100600009;Papel Bond 75 gramos -- 26 x 38;16/06/2026;CONSUMOS;11300.0;11300.0;PLIEGOS;0.539772;Bond;
PAPEL;100600009;Papel Bond 75 gramos -- 26 x 38;16/06/2026;CONSUMOS;500.0;500.0;PLIEGOS;0.023883;Bond;
PAPEL;100600009;Papel Bond 75 gramos -- 26 x 38;16/06/2026;CONSUMOS;700.0;700.0;PLIEGOS;0.033437;Bond;
PAPEL;100600009;Papel Bond 75 gramos -- 26 x 38;16/06/2026;CONSUMOS;100.0;100.0;PLIEGOS;0.004776;Bond;
PAPEL;100600009;Papel Bond 75 gramos -- 26 x 38;19/06/2026;INGRESOS;30500.0;30500.0;PLIEGOS;1.456908;Bond;
PAPEL;100600009;Papel Bond 75 gramos -- 26 x 38;24/06/2026;INGRESOS;60000.0;60000.0;PLIEGOS;2.86605;Bond;
PAPEL;100600009;Papel Bond 75 gramos -- 26 x 38;24/06/2026;CONSUMOS;59900.0;59900.0;PLIEGOS;2.861273;Bond;
PAPEL;100600009;Papel Bond 75 gramos -- 26 x 38;25/06/2026;CONSUMOS;29940.0;29940.0;PLIEGOS;1.430158;Bond;
PAPEL;100600013;Papel Bond 90 gramos -- 26 x 34;2/06/2026;INGRESOS;5500.0;5500.0;PLIEGOS;0.282268;Bond;
PAPEL;100600013;Papel Bond 90 gramos -- 26 x 34;2/06/2026;CONSUMOS;5500.0;5500.0;PLIEGOS;0.282268;Bond;
PAPEL;100600013;Papel Bond 90 gramos -- 26 x 34;24/06/2026;INGRESOS;500.0;500.0;PLIEGOS;0.02566;Bond;
PAPEL;100600015;Papel Bond 120 gramos -- 22 x 34;2/06/2026;INGRESOS;1500.0;1500.0;PLIEGOS;0.086935;Bond;
PAPEL;100600015;Papel Bond 120 gramos -- 22 x 34;2/06/2026;CONSUMOS;1100.0;1100.0;PLIEGOS;0.063752;Bond;
PAPEL;100600015;Papel Bond 120 gramos -- 22 x 34;2/06/2026;CONSUMOS;60.0;60.0;PLIEGOS;0.003477;Bond;
PAPEL;100600016;Papel Bond 120 gramos -- 23 x 36;12/06/2026;INGRESOS;16000.0;16000.0;PLIEGOS;1.024849;Bond;
PAPEL;100600016;Papel Bond 120 gramos -- 23 x 36;16/06/2026;CONSUMOS;11000.0;11000.0;PLIEGOS;0.704584;Bond;
PAPEL;100600016;Papel Bond 120 gramos -- 23 x 36;16/06/2026;CONSUMOS;5000.0;5000.0;PLIEGOS;0.320265;Bond;
PAPEL;100600021;Papel Couche Brillante - 1 Cara - B-60 -- 90 gramos  25 x 36;1/06/2026;INGRESOS;1000.0;1000.0;PLIEGOS;0.052235;Couche;
PAPEL;100600021;Papel Couche Brillante - 1 Cara - B-60 -- 90 gramos  25 x 36;2/06/2026;CONSUMOS;600.0;600.0;PLIEGOS;0.031341;Couche;
PAPEL;100600021;Papel Couche Brillante - 1 Cara - B-60 -- 90 gramos  25 x 36;9/06/2026;CONSUMOS;700.0;700.0;PLIEGOS;0.036564;Couche;
PAPEL;100600021;Papel Couche Brillante - 1 Cara - B-60 -- 90 gramos  25 x 36;24/06/2026;CONSUMOS;300.0;300.0;PLIEGOS;0.01567;Couche;
PAPEL;100600021;Papel Couche Brillante - 1 Cara - B-60 -- 90 gramos  25 x 36;24/06/2026;INGRESOS;1000.0;1000.0;PLIEGOS;0.052235;Couche;
PAPEL;100600022;Papel Couche Brillante B-60 -- 90 gramos  25 x 38;25/06/2026;CONSUMOS;1.0;1.0;PLIEGOS;5.5e-05;Couche;
PAPEL;100600023;Papel Couche Brillante - 1 Cara - B-60 -- 90 gramos  25 x 38;9/06/2026;INGRESOS;2000.0;2000.0;PLIEGOS;0.110299;Couche;
PAPEL;100600023;Papel Couche Brillante - 1 Cara - B-60 -- 90 gramos  25 x 38;16/06/2026;CONSUMOS;1700.0;1700.0;PLIEGOS;0.093754;Couche;
PAPEL;100600023;Papel Couche Brillante - 1 Cara - B-60 -- 90 gramos  25 x 38;24/06/2026;CONSUMOS;650.0;650.0;PLIEGOS;0.035847;Couche;
PAPEL;100600023;Papel Couche Brillante - 1 Cara - B-60 -- 90 gramos  25 x 38;24/06/2026;INGRESOS;2000.0;2000.0;PLIEGOS;0.110299;Couche;
PAPEL;100600023;Papel Couche Brillante - 1 Cara - B-60 -- 90 gramos  25 x 38;25/06/2026;CONSUMOS;1100.0;1100.0;PLIEGOS;0.060664;Couche;
PAPEL;100600023;Papel Couche Brillante - 1 Cara - B-60 -- 90 gramos  25 x 38;25/06/2026;INGRESOS;2000.0;2000.0;PLIEGOS;0.110299;Couche;
PAPEL;100600023;Papel Couche Brillante - 1 Cara - B-60 -- 90 gramos  25 x 38;25/06/2026;CONSUMOS;1800.0;1800.0;PLIEGOS;0.099269;Couche;
PAPEL;100600024;Papel Couche Brillante B-60 -- 90 gramos  30 x 40;25/06/2026;CONSUMOS;1.0;1.0;PLIEGOS;6.9e-05;Couche;
PAPEL;100600026;Papel Couche Brillante B-70 -- 105 gramos  25 x 36;16/06/2026;INGRESOS;6750.0;6750.0;PLIEGOS;0.411351;Couche;
PAPEL;100600027;Papel Couche Brillante B-70 -- 105 gramos  25 x 38;2/06/2026;INGRESOS;2750.0;2750.0;PLIEGOS;0.176938;Couche;
PAPEL;100600027;Papel Couche Brillante B-70 -- 105 gramos  25 x 38;2/06/2026;CONSUMOS;2750.0;2750.0;PLIEGOS;0.176938;Couche;
PAPEL;100600029;Papel Couche Brillante B-80 -- 115 gramos  25 x 36;10/06/2026;INGRESOS;5750.0;5750.0;PLIEGOS;0.383782;Couche;
PAPEL;100600029;Papel Couche Brillante B-80 -- 115 gramos  25 x 36;16/06/2026;CONSUMOS;5500.0;5500.0;PLIEGOS;0.367096;Couche;
PAPEL;100600030;Papel Couche Brillante B-80 -- 115 gramos  25 x 38;2/06/2026;CONSUMOS;2500.0;2500.0;PLIEGOS;0.176172;Couche;
PAPEL;100600030;Papel Couche Brillante B-80 -- 115 gramos  25 x 38;2/06/2026;CONSUMOS;1250.0;1250.0;PLIEGOS;0.088086;Couche;
PAPEL;100600030;Papel Couche Brillante B-80 -- 115 gramos  25 x 38;16/06/2026;INGRESOS;4750.0;4750.0;PLIEGOS;0.334728;Couche;
PAPEL;100600030;Papel Couche Brillante B-80 -- 115 gramos  25 x 38;24/06/2026;CONSUMOS;1750.0;1750.0;PLIEGOS;0.12332;Couche;
PAPEL;100600030;Papel Couche Brillante B-80 -- 115 gramos  25 x 38;24/06/2026;CONSUMOS;500.0;500.0;PLIEGOS;0.035234;Couche;
PAPEL;100600030;Papel Couche Brillante B-80 -- 115 gramos  25 x 38;24/06/2026;CONSUMOS;2500.0;2500.0;PLIEGOS;0.176172;Couche;
PAPEL;100600030;Papel Couche Brillante B-80 -- 115 gramos  25 x 38;25/06/2026;INGRESOS;5000.0;5000.0;PLIEGOS;0.352345;Couche;
PAPEL;100600030;Papel Couche Brillante B-80 -- 115 gramos  25 x 38;25/06/2026;CONSUMOS;4600.0;4600.0;PLIEGOS;0.324157;Couche;
PAPEL;100600032;Papel Couche Brillante B-100 -- 140 gramos  25 x 36;10/06/2026;INGRESOS;3000.0;3000.0;PLIEGOS;0.243763;Couche;
PAPEL;100600032;Papel Couche Brillante B-100 -- 140 gramos  25 x 36;10/06/2026;INGRESOS;3500.0;3500.0;PLIEGOS;0.284391;Couche;
PAPEL;100600032;Papel Couche Brillante B-100 -- 140 gramos  25 x 36;16/06/2026;CONSUMOS;3000.0;3000.0;PLIEGOS;0.243763;Couche;
PAPEL;100600032;Papel Couche Brillante B-100 -- 140 gramos  25 x 36;16/06/2026;CONSUMOS;400.0;400.0;PLIEGOS;0.032501;Couche;
PAPEL;100600032;Papel Couche Brillante B-100 -- 140 gramos  25 x 36;16/06/2026;CONSUMOS;500.0;500.0;PLIEGOS;0.040627;Couche;
PAPEL;100600032;Papel Couche Brillante B-100 -- 140 gramos  25 x 36;16/06/2026;CONSUMOS;700.0;700.0;PLIEGOS;0.056878;Couche;
PAPEL;100600032;Papel Couche Brillante B-100 -- 140 gramos  25 x 36;16/06/2026;CONSUMOS;200.0;200.0;PLIEGOS;0.01625;Couche;
PAPEL;100600032;Papel Couche Brillante B-100 -- 140 gramos  25 x 36;16/06/2026;CONSUMOS;1700.0;1700.0;PLIEGOS;0.138132;Couche;
PAPEL;100600033;Papel Couche Brillante B-100 -- 140 gramos  25 x 38;1/06/2026;INGRESOS;1250.0;1250.0;PLIEGOS;0.107235;Couche;
PAPEL;100600033;Papel Couche Brillante B-100 -- 140 gramos  25 x 38;2/06/2026;CONSUMOS;1200.0;1200.0;PLIEGOS;0.102946;Couche;
PAPEL;100600033;Papel Couche Brillante B-100 -- 140 gramos  25 x 38;9/06/2026;CONSUMOS;140.0;140.0;PLIEGOS;0.01201;Couche;
PAPEL;100600033;Papel Couche Brillante B-100 -- 140 gramos  25 x 38;16/06/2026;CONSUMOS;700.0;700.0;PLIEGOS;0.060051;Couche;
PAPEL;100600033;Papel Couche Brillante B-100 -- 140 gramos  25 x 38;24/06/2026;CONSUMOS;1250.0;1250.0;PLIEGOS;0.107235;Couche;
PAPEL;100600033;Papel Couche Brillante B-100 -- 140 gramos  25 x 38;24/06/2026;INGRESOS;1250.0;1250.0;PLIEGOS;0.107235;Couche;
PAPEL;100600033;Papel Couche Brillante B-100 -- 140 gramos  25 x 38;25/06/2026;CONSUMOS;50.0;50.0;PLIEGOS;0.004289;Couche;
PAPEL;100600034;Papel Couche Brillante B-100 -- 140 gramos  30 x 40;2/06/2026;INGRESOS;2000.0;2000.0;PLIEGOS;0.216773;Couche;
PAPEL;100600034;Papel Couche Brillante B-100 -- 140 gramos  30 x 40;2/06/2026;CONSUMOS;2000.0;2000.0;PLIEGOS;0.216773;Couche;
PAPEL;100600034;Papel Couche Brillante B-100 -- 140 gramos  30 x 40;16/06/2026;INGRESOS;7500.0;7500.0;PLIEGOS;0.812901;Couche;
PAPEL;100600034;Papel Couche Brillante B-100 -- 140 gramos  30 x 40;24/06/2026;CONSUMOS;3750.0;3750.0;PLIEGOS;0.40645;Couche;
PAPEL;100600034;Papel Couche Brillante B-100 -- 140 gramos  30 x 40;24/06/2026;CONSUMOS;3750.0;3750.0;PLIEGOS;0.40645;Couche;
PAPEL;100600045;Papel Couche Brillante B-80 -- 115 gramos  30 x 40;1/06/2026;INGRESOS;2500.0;2500.0;PLIEGOS;0.22258;Couche;
PAPEL;100600045;Papel Couche Brillante B-80 -- 115 gramos  30 x 40;2/06/2026;CONSUMOS;2100.0;2100.0;PLIEGOS;0.186967;Couche;
PAPEL;100600068;Cartulina FBB Zenith --  C-22 330 gramos  25 x 38;24/06/2026;CONSUMOS;1500.0;1500.0;PLIEGO;0.303386;C22-25;
PAPEL;100600093;Cartulina Husky C-8 -- 200 gramos 25 x 38;16/06/2026;CONSUMOS;100.0;100.0;PLIEGO;0.012255;C8-25H;
PAPEL;100600094;Rollo Cartulina CMPC RC --  C - 18 265 g ancho 25;3/06/2026;CONSUMOS;3157.0;3157.0;METROS;0.531244;CMPC RC;
PAPEL;100600094;Rollo Cartulina CMPC RC --  C - 18 265 g ancho 25;3/06/2026;CONSUMOS;3001.0;3001.0;METROS;0.504993;CMPC RC;
PAPEL;100600094;Rollo Cartulina CMPC RC --  C - 18 265 g ancho 25;3/06/2026;CONSUMOS;3015.0;3015.0;METROS;0.507349;CMPC RC;
PAPEL;100600094;Rollo Cartulina CMPC RC --  C - 18 265 g ancho 25;3/06/2026;CONSUMOS;3079.0;3079.0;METROS;0.518118;CMPC RC;
PAPEL;100600094;Rollo Cartulina CMPC RC --  C - 18 265 g ancho 25;10/06/2026;CONSUMOS;4996.0;4996.0;METROS;0.840701;CMPC RC;
PAPEL;100600094;Rollo Cartulina CMPC RC --  C - 18 265 g ancho 25;10/06/2026;CONSUMOS;275.0;275.0;METROS;0.046275;CMPC RC;
PAPEL;100600101;Papel Bond 60 gramos -- 22 x 34;10/06/2026;INGRESOS;120000.0;120000.0;PLIEGOS;3.477427;Bond;
PAPEL;100600101;Papel Bond 60 gramos -- 22 x 34;16/06/2026;CONSUMOS;120000.0;120000.0;PLIEGOS;3.477427;Bond;
PAPEL;100600101;Papel Bond 60 gramos -- 22 x 34;24/06/2026;INGRESOS;77000.0;77000.0;PLIEGOS;2.231349;Bond;
PAPEL;100600104;Rollo Cartulina CMPC RC --  C - 17 255 g ancho 23;10/06/2026;CONSUMOS;3971.0;3971.0;METROS;0.591361;CMPC RC;
PAPEL;100600106;Papel Bond 60 gramos -- 26 x 34;10/06/2026;INGRESOS;8000.0;8000.0;PLIEGOS;0.273715;Bond;
PAPEL;100600106;Papel Bond 60 gramos -- 26 x 34;16/06/2026;CONSUMOS;8000.0;8000.0;PLIEGOS;0.273715;Bond;
PAPEL;100600155;Papel Bond 75 gramos -- 23 x 36;2/06/2026;INGRESOS;2000.0;2000.0;PLIEGOS;0.080066;Bond;
PAPEL;100600155;Papel Bond 75 gramos -- 23 x 36;2/06/2026;CONSUMOS;1700.0;1700.0;PLIEGOS;0.068056;Bond;
PAPEL;100600167;Papel Couche Mate B-80 -- 115 gramos  25 x 36;5/06/2026;INGRESOS;3500.0;3500.0;PLIEGOS;0.233606;Couche;
PAPEL;100600167;Papel Couche Mate B-80 -- 115 gramos  25 x 36;9/06/2026;CONSUMOS;3500.0;3500.0;PLIEGOS;0.233606;Couche;
PAPESP;100700002;Adhesivo con ciza -- 17*24;24/06/2026;CONSUMOS;200.0;200.0;hoja(s);0.0;Papesp;
PAPESP;100700003;Adhesivo sin ciza -- normal 17*24;2/06/2026;INGRESOS;1200.0;1200.0;hoja(s);0.0;Papesp;
PAPESP;100700003;Adhesivo sin ciza -- normal 17*24;2/06/2026;CONSUMOS;1200.0;1200.0;hoja(s);0.0;Papesp;
PAPESP;100700003;Adhesivo sin ciza -- normal 17*24;3/06/2026;INGRESOS;16000.0;16000.0;hoja(s);0.0;Papesp;
PAPESP;100700003;Adhesivo sin ciza -- normal 17*24;3/06/2026;INGRESOS;5900.0;5900.0;hoja(s);0.0;Papesp;
PAPESP;100700003;Adhesivo sin ciza -- normal 17*24;4/06/2026;CONSUMOS;1600.0;1600.0;hoja(s);0.0;Papesp;
PAPESP;100700003;Adhesivo sin ciza -- normal 17*24;4/06/2026;CONSUMOS;2450.0;2450.0;hoja(s);0.0;Papesp;
PAPESP;100700003;Adhesivo sin ciza -- normal 17*24;4/06/2026;CONSUMOS;4150.0;4150.0;hoja(s);0.0;Papesp;
PAPESP;100700003;Adhesivo sin ciza -- normal 17*24;4/06/2026;CONSUMOS;4650.0;4650.0;hoja(s);0.0;Papesp;
PAPESP;100700003;Adhesivo sin ciza -- normal 17*24;4/06/2026;CONSUMOS;1750.0;1750.0;hoja(s);0.0;Papesp;
PAPESP;100700003;Adhesivo sin ciza -- normal 17*24;4/06/2026;CONSUMOS;1400.0;1400.0;hoja(s);0.0;Papesp;
PAPESP;100700003;Adhesivo sin ciza -- normal 17*24;9/06/2026;CONSUMOS;5900.0;5900.0;hoja(s);0.0;Papesp;
PAPESP;100700003;Adhesivo sin ciza -- normal 17*24;12/06/2026;INGRESOS;11500.0;11500.0;hoja(s);0.0;Papesp;
PAPESP;100700003;Adhesivo sin ciza -- normal 17*24;24/06/2026;CONSUMOS;1000.0;1000.0;hoja(s);0.0;Papesp;
PAPESP;100700003;Adhesivo sin ciza -- normal 17*24;24/06/2026;CONSUMOS;1500.0;1500.0;hoja(s);0.0;Papesp;
PAPESP;100700003;Adhesivo sin ciza -- normal 17*24;24/06/2026;CONSUMOS;1600.0;1600.0;hoja(s);0.0;Papesp;
PAPESP;100700003;Adhesivo sin ciza -- normal 17*24;24/06/2026;CONSUMOS;1600.0;1600.0;hoja(s);0.0;Papesp;
PAPESP;100700003;Adhesivo sin ciza -- normal 17*24;24/06/2026;CONSUMOS;4150.0;4150.0;hoja(s);0.0;Papesp;
PAPESP;100700003;Adhesivo sin ciza -- normal 17*24;24/06/2026;CONSUMOS;850.0;850.0;hoja(s);0.0;Papesp;
PAPESP;100700003;Adhesivo sin ciza -- normal 17*24;24/06/2026;CONSUMOS;750.0;750.0;hoja(s);0.0;Papesp;
PAPESP;100700029;"PAPEL SHERPA PREMIUN 21""";12/06/2026;CONSUMOS;2.0;2.0;unidad(es);0.0;Papesp;
PAPESP;100700029;"PAPEL SHERPA PREMIUN 21""";16/06/2026;INGRESOS;4.0;4.0;unidad(es);0.0;Papesp;
PAPESP;100700030;Cartulina Kraft - C-18 259 gramos 23 x 38;16/06/2026;INGRESOS;73000.0;73000.0;PLIEGOS;10.655228;Kraft;
PAPESP;100700030;Cartulina Kraft - C-18 259 gramos 23 x 38;25/06/2026;CONSUMOS;73000.0;73000.0;PLIEGOS;10.655228;Kraft;
PAPESP;100700046;"PAPEL 6MIL  SYNTHETIC 180GR  --- 26""X40""";9/06/2026;INGRESOS;5000.0;5000.0;hoja(s);0.0;PAPESP;
PAPESP;100700046;"PAPEL 6MIL  SYNTHETIC 180GR  --- 26""X40""";25/06/2026;CONSUMOS;4110.0;4110.0;hoja(s);0.0;PAPESP;
PAPESP;120700005;6mil Synthetic Paper -- INDIGO 12*18;9/06/2026;INGRESOS;6000.0;6000.0;hoja(s);0.0;PAPESP;
PAPESP;120700005;6mil Synthetic Paper -- INDIGO 12*18;9/06/2026;INGRESOS;12000.0;12000.0;hoja(s);0.0;PAPESP;
PAPESP;120700005;6mil Synthetic Paper -- INDIGO 12*18;9/06/2026;CONSUMOS;225.0;225.0;hoja(s);0.0;PAPESP;
PAPESP;120700005;6mil Synthetic Paper -- INDIGO 12*18;9/06/2026;CONSUMOS;5775.0;5775.0;hoja(s);0.0;PAPESP;
PAPESP;120700005;6mil Synthetic Paper -- INDIGO 12*18;9/06/2026;CONSUMOS;10100.0;10100.0;hoja(s);0.0;PAPESP;
CARTULINA;100300001;Cartulina Husky -- C-8 200 gramos 25 x 36;15/07/2026;CONSUMOS;1000.0;1000.0;hoja(s);0.116078;C8-25H;
CARTULINA;100300002;Cartulina Husky -- C-8 190 gramos 25 x 38;6/07/2026;CONSUMOS;100.0;100.0;hoja(s);0.011642;C8-25H;
CARTULINA;100300002;Cartulina Husky -- C-8 190 gramos 25 x 38;10/07/2026;CONSUMOS;600.0;600.0;hoja(s);0.069856;C8-25H;
CARTULINA;100300002;Cartulina Husky -- C-8 190 gramos 25 x 38;17/07/2026;CONSUMOS;100.0;100.0;hoja(s);0.011642;C8-25H;
CARTULINA;100300004;Cartulina Husky -- C-10 230 gramos 25 x 36;28/07/2026;CONSUMOS;11700.0;11700.0;hoja(s);1.561829;C10-25H;
CARTULINA;100300005;Cartulina Husky -- C-10 230 gramos 25 x 38;30/07/2026;CONSUMOS;700.0;700.0;hoja(s);0.098656;C10-25H;
CARTULINA;100300009;Cartulina Husky -- C-12 270 gramos 25 x 38;10/07/2026;CONSUMOS;1300.0;1300.0;hoja(s);0.215084;C12-25H;
CARTULINA;100300009;Cartulina Husky -- C-12 270 gramos 25 x 38;15/07/2026;CONSUMOS;300.0;300.0;hoja(s);0.049634;C12-25H;
CARTULINA;100300009;Cartulina Husky -- C-12 270 gramos 25 x 38;15/07/2026;CONSUMOS;600.0;600.0;hoja(s);0.099269;C12-25H;
CARTULINA;100300009;Cartulina Husky -- C-12 270 gramos 25 x 38;25/07/2026;CONSUMOS;100.0;100.0;hoja(s);0.016544;C12-25H;
CARTULINA;100300010;Cartulina Husky -- C-12 270 gramos 30 x 40;6/07/2026;CONSUMOS;900.0;900.0;hoja(s);0.188128;C12-30H;
CARTULINA;100300010;Cartulina Husky -- C-12 270 gramos 30 x 40;6/07/2026;CONSUMOS;300.0;300.0;hoja(s);0.062709;C12-30H;
CARTULINA;100300010;Cartulina Husky -- C-12 270 gramos 30 x 40;6/07/2026;CONSUMOS;2000.0;2000.0;hoja(s);0.418063;C12-30H;
CARTULINA;100300010;Cartulina Husky -- C-12 270 gramos 30 x 40;6/07/2026;CONSUMOS;1200.0;1200.0;hoja(s);0.250838;C12-30H;
CARTULINA;100300010;Cartulina Husky -- C-12 270 gramos 30 x 40;17/07/2026;CONSUMOS;2000.0;2000.0;hoja(s);0.418063;C12-30H;
CARTULINA;100300010;Cartulina Husky -- C-12 270 gramos 30 x 40;28/07/2026;CONSUMOS;7600.0;7600.0;hoja(s);1.588641;C12-30H;
CARTULINA;100300011;Cartulina Husky -- C-14 300 gramos 25 x 38;23/07/2026;CONSUMOS;1500.0;1500.0;hoja(s);0.275748;C14-25H;
CARTULINA;100300011;Cartulina Husky -- C-14 300 gramos 25 x 38;23/07/2026;CONSUMOS;1500.0;1500.0;hoja(s);0.275748;C14-25H;
CARTULINA;100300011;Cartulina Husky -- C-14 300 gramos 25 x 38;24/07/2026;CONSUMOS;1500.0;1500.0;hoja(s);0.275748;C14-25H;
CARTULINA;100300011;Cartulina Husky -- C-14 300 gramos 25 x 38;24/07/2026;CONSUMOS;1500.0;1500.0;hoja(s);0.275748;C14-25H;
CARTULINA;100300011;Cartulina Husky -- C-14 300 gramos 25 x 38;24/07/2026;CONSUMOS;1500.0;1500.0;hoja(s);0.275748;C14-25H;
CARTULINA;100300011;Cartulina Husky -- C-14 300 gramos 25 x 38;25/07/2026;CONSUMOS;1000.0;1000.0;hoja(s);0.183832;C14-25H;
CARTULINA;100300011;Cartulina Husky -- C-14 300 gramos 25 x 38;27/07/2026;CONSUMOS;1000.0;1000.0;hoja(s);0.183832;C14-25H;
CARTULINA;100300011;Cartulina Husky -- C-14 300 gramos 25 x 38;27/07/2026;CONSUMOS;1000.0;1000.0;hoja(s);0.183832;C14-25H;
CARTULINA;100300011;Cartulina Husky -- C-14 300 gramos 25 x 38;29/07/2026;CONSUMOS;13400.0;13400.0;hoja(s);2.463355;C14-25H;
CARTULINA;100300012;Cartulina Husky -- C-14 300 gramos 30 x 40;23/07/2026;CONSUMOS;800.0;800.0;hoja(s);0.185806;C14-30H;
CARTULINA;100300012;Cartulina Husky -- C-14 300 gramos 30 x 40;23/07/2026;CONSUMOS;800.0;800.0;hoja(s);0.185806;C14-30H;
CARTULINA;100300012;Cartulina Husky -- C-14 300 gramos 30 x 40;24/07/2026;CONSUMOS;800.0;800.0;hoja(s);0.185806;C14-30H;
CARTULINA;100300012;Cartulina Husky -- C-14 300 gramos 30 x 40;24/07/2026;CONSUMOS;800.0;800.0;hoja(s);0.185806;C14-30H;
CARTULINA;100300012;Cartulina Husky -- C-14 300 gramos 30 x 40;24/07/2026;CONSUMOS;800.0;800.0;hoja(s);0.185806;C14-30H;
CARTULINA;100300013;Cartulina Husky -- C-16 350 gramos 25 x 38;10/07/2026;CONSUMOS;800.0;800.0;hoja(s);0.171577;C16-25H;
CARTULINA;100300159;Cartulina FBB Zenith -- C-12 215 gramos 25 x 38;17/07/2026;CONSUMOS;200.0;200.0;hoja(s);0.026349;C12-25;
CARTULINA;100300159;Cartulina FBB Zenith -- C-12 215 gramos 25 x 38;30/07/2026;CONSUMOS;145.0;145.0;hoja(s);0.019103;C12-25;
CARTULINA;100300298;Cartulina FBB Zenith LOCAL -- C-14 235 gramos 25 x 38;23/07/2026;CONSUMOS;2715.0;2715.0;hoja(s);0.390965;C14-25;
CARTULINA;100300298;Cartulina FBB Zenith LOCAL -- C-14 235 gramos 25 x 38;25/07/2026;CONSUMOS;1445.0;1445.0;hoja(s);0.208083;C14-25;
CARTULINA;100300704;Cartulina FBB Zenith LOCAL -- C-16 270 gramos 25 x 36;15/07/2026;CONSUMOS;1700.0;1700.0;hoja(s);0.266399;C16-25;
CARTULINA;100300704;Cartulina FBB Zenith LOCAL -- C-16 270 gramos 25 x 36;15/07/2026;CONSUMOS;600.0;600.0;hoja(s);0.094023;C16-25;
CARTULINA;100300704;Cartulina FBB Zenith LOCAL -- C-16 270 gramos 25 x 36;17/07/2026;CONSUMOS;600.0;600.0;hoja(s);0.094023;C16-25;
CARTULINA;100300704;Cartulina FBB Zenith LOCAL -- C-16 270 gramos 25 x 36;23/07/2026;CONSUMOS;2785.0;2785.0;hoja(s);0.436424;C16-25;
CARTULINA;100300704;Cartulina FBB Zenith LOCAL -- C-16 270 gramos 25 x 36;23/07/2026;CONSUMOS;2785.0;2785.0;hoja(s);0.436424;C16-25;
CARTULINA;100300704;Cartulina FBB Zenith LOCAL -- C-16 270 gramos 25 x 36;23/07/2026;CONSUMOS;1435.0;1435.0;hoja(s);0.224872;C16-25;
CARTULINA;100300704;Cartulina FBB Zenith LOCAL -- C-16 270 gramos 25 x 36;23/07/2026;CONSUMOS;1435.0;1435.0;hoja(s);0.224872;C16-25;
CARTULINA;100300704;Cartulina FBB Zenith LOCAL -- C-16 270 gramos 25 x 36;24/07/2026;CONSUMOS;2785.0;2785.0;hoja(s);0.436424;C16-25;
CARTULINA;100300704;Cartulina FBB Zenith LOCAL -- C-16 270 gramos 25 x 36;24/07/2026;CONSUMOS;2785.0;2785.0;hoja(s);0.436424;C16-25;
CARTULINA;100300704;Cartulina FBB Zenith LOCAL -- C-16 270 gramos 25 x 36;24/07/2026;CONSUMOS;1435.0;1435.0;hoja(s);0.224872;C16-25;
CARTULINA;100300704;Cartulina FBB Zenith LOCAL -- C-16 270 gramos 25 x 36;24/07/2026;CONSUMOS;1435.0;1435.0;hoja(s);0.224872;C16-25;
CARTULINA;100300704;Cartulina FBB Zenith LOCAL -- C-16 270 gramos 25 x 36;24/07/2026;CONSUMOS;2785.0;2785.0;hoja(s);0.436424;C16-25;
CARTULINA;100300704;Cartulina FBB Zenith LOCAL -- C-16 270 gramos 25 x 36;24/07/2026;CONSUMOS;1435.0;1435.0;hoja(s);0.224872;C16-25;
CARTULINA;100300709;Cartulina FBB Zenith LOCAL -- C-16 270 gramos 25 x 38;15/07/2026;CONSUMOS;900.0;900.0;hoja(s);0.148904;C16-25;
CARTULINA;100300709;Cartulina FBB Zenith LOCAL -- C-16 270 gramos 25 x 38;15/07/2026;CONSUMOS;2500.0;2500.0;hoja(s);0.413623;C16-25;
CARTULINA;100300709;Cartulina FBB Zenith LOCAL -- C-16 270 gramos 25 x 38;15/07/2026;CONSUMOS;2800.0;2800.0;hoja(s);0.463257;C16-25;
CARTULINA;100300709;Cartulina FBB Zenith LOCAL -- C-16 270 gramos 25 x 38;15/07/2026;CONSUMOS;2500.0;2500.0;hoja(s);0.413623;C16-25;
CARTULINA;100300709;Cartulina FBB Zenith LOCAL -- C-16 270 gramos 25 x 38;15/07/2026;CONSUMOS;2100.0;2100.0;hoja(s);0.347443;C16-25;
CARTULINA;100300709;Cartulina FBB Zenith LOCAL -- C-16 270 gramos 25 x 38;17/07/2026;CONSUMOS;2500.0;2500.0;hoja(s);0.413623;C16-25;
CARTULINA;100300709;Cartulina FBB Zenith LOCAL -- C-16 270 gramos 25 x 38;23/07/2026;CONSUMOS;200.0;200.0;hoja(s);0.033089;C16-25;
CARTULINA;100300709;Cartulina FBB Zenith LOCAL -- C-16 270 gramos 25 x 38;23/07/2026;CONSUMOS;200.0;200.0;hoja(s);0.033089;C16-25;
CARTULINA;100300709;Cartulina FBB Zenith LOCAL -- C-16 270 gramos 25 x 38;24/07/2026;CONSUMOS;200.0;200.0;hoja(s);0.033089;C16-25;
CARTULINA;100300709;Cartulina FBB Zenith LOCAL -- C-16 270 gramos 25 x 38;24/07/2026;CONSUMOS;200.0;200.0;hoja(s);0.033089;C16-25;
CARTULINA;100300709;Cartulina FBB Zenith LOCAL -- C-16 270 gramos 25 x 38;24/07/2026;CONSUMOS;200.0;200.0;hoja(s);0.033089;C16-25;
CARTULINA;100300709;Cartulina FBB Zenith LOCAL -- C-16 270 gramos 25 x 38;25/07/2026;CONSUMOS;1440.0;1440.0;hoja(s);0.238246;C16-25;
CARTULINA;100300709;Cartulina FBB Zenith LOCAL -- C-16 270 gramos 25 x 38;25/07/2026;CONSUMOS;1660.0;1660.0;hoja(s);0.274645;C16-25;
CARTULINA;100300709;Cartulina FBB Zenith LOCAL -- C-16 270 gramos 25 x 38;25/07/2026;CONSUMOS;2100.0;2100.0;hoja(s);0.347443;C16-25;
CARTULINA;100300709;Cartulina FBB Zenith LOCAL -- C-16 270 gramos 25 x 38;27/07/2026;CONSUMOS;1700.0;1700.0;hoja(s);0.281263;C16-25;
CARTULINA;100300709;Cartulina FBB Zenith LOCAL -- C-16 270 gramos 25 x 38;27/07/2026;CONSUMOS;1700.0;1700.0;hoja(s);0.281263;C16-25;
CARTULINA;100300709;Cartulina FBB Zenith LOCAL -- C-16 270 gramos 25 x 38;28/07/2026;CONSUMOS;1700.0;1700.0;hoja(s);0.281263;C16-25;
CARTULINA;100300754;Cartulina FBB Zenith LOCAL -- C-16 270 gramos 30 x 40;6/07/2026;CONSUMOS;9800.0;9800.0;hoja(s);2.048512;C16-30;
CARTULINA;100300754;Cartulina FBB Zenith LOCAL -- C-16 270 gramos 30 x 40;17/07/2026;CONSUMOS;9500.0;9500.0;hoja(s);1.985802;C16-30;
CARTULINA;100300996;Cartulina FBB Zenith LOCAL -- C-18 295 gramos 25 x 36;6/07/2026;CONSUMOS;31200.0;31200.0;hoja(s);5.341909;C18-25;
CARTULINA;100300996;Cartulina FBB Zenith LOCAL -- C-18 295 gramos 25 x 36;6/07/2026;CONSUMOS;2100.0;2100.0;hoja(s);0.359551;C18-25;
CARTULINA;100300996;Cartulina FBB Zenith LOCAL -- C-18 295 gramos 25 x 36;6/07/2026;CONSUMOS;900.0;900.0;hoja(s);0.154093;C18-25;
CARTULINA;100300996;Cartulina FBB Zenith LOCAL -- C-18 295 gramos 25 x 36;6/07/2026;CONSUMOS;39500.0;39500.0;hoja(s);6.762994;C18-25;
CARTULINA;100300996;Cartulina FBB Zenith LOCAL -- C-18 295 gramos 25 x 36;23/07/2026;CONSUMOS;2135.0;2135.0;hoja(s);0.365544;C18-25;
CARTULINA;100300996;Cartulina FBB Zenith LOCAL -- C-18 295 gramos 25 x 36;23/07/2026;CONSUMOS;2135.0;2135.0;hoja(s);0.365544;C18-25;
CARTULINA;100300996;Cartulina FBB Zenith LOCAL -- C-18 295 gramos 25 x 36;23/07/2026;CONSUMOS;2400.0;2400.0;hoja(s);0.410916;C18-25;
CARTULINA;100300996;Cartulina FBB Zenith LOCAL -- C-18 295 gramos 25 x 36;23/07/2026;CONSUMOS;2400.0;2400.0;hoja(s);0.410916;C18-25;
CARTULINA;100300996;Cartulina FBB Zenith LOCAL -- C-18 295 gramos 25 x 36;24/07/2026;CONSUMOS;2135.0;2135.0;hoja(s);0.365544;C18-25;
CARTULINA;100300996;Cartulina FBB Zenith LOCAL -- C-18 295 gramos 25 x 36;24/07/2026;CONSUMOS;2135.0;2135.0;hoja(s);0.365544;C18-25;
CARTULINA;100300996;Cartulina FBB Zenith LOCAL -- C-18 295 gramos 25 x 36;24/07/2026;CONSUMOS;2400.0;2400.0;hoja(s);0.410916;C18-25;
CARTULINA;100300996;Cartulina FBB Zenith LOCAL -- C-18 295 gramos 25 x 36;24/07/2026;CONSUMOS;2400.0;2400.0;hoja(s);0.410916;C18-25;
CARTULINA;100300996;Cartulina FBB Zenith LOCAL -- C-18 295 gramos 25 x 36;24/07/2026;CONSUMOS;2135.0;2135.0;hoja(s);0.365544;C18-25;
CARTULINA;100300996;Cartulina FBB Zenith LOCAL -- C-18 295 gramos 25 x 36;24/07/2026;CONSUMOS;2400.0;2400.0;hoja(s);0.410916;C18-25;
CARTULINA;100301001;Cartulina FBB Zenith LOCAL -- C-18 295 gramos 25 x 38;6/07/2026;CONSUMOS;17800.0;17800.0;hoja(s);3.217681;C18-25;
CARTULINA;100301001;Cartulina FBB Zenith LOCAL -- C-18 295 gramos 25 x 38;8/07/2026;CONSUMOS;1325.0;1325.0;hoja(s);0.239518;C18-25;
CARTULINA;100301001;Cartulina FBB Zenith LOCAL -- C-18 295 gramos 25 x 38;8/07/2026;CONSUMOS;1645.0;1645.0;hoja(s);0.297364;C18-25;
CARTULINA;100301001;Cartulina FBB Zenith LOCAL -- C-18 295 gramos 25 x 38;8/07/2026;CONSUMOS;1585.0;1585.0;hoja(s);0.286518;C18-25;
CARTULINA;100301001;Cartulina FBB Zenith LOCAL -- C-18 295 gramos 25 x 38;10/07/2026;CONSUMOS;21150.0;21150.0;hoja(s);3.823256;C18-25;
CARTULINA;100301001;Cartulina FBB Zenith LOCAL -- C-18 295 gramos 25 x 38;10/07/2026;CONSUMOS;2025.0;2025.0;hoja(s);0.366056;C18-25;
CARTULINA;100301001;Cartulina FBB Zenith LOCAL -- C-18 295 gramos 25 x 38;10/07/2026;CONSUMOS;5700.0;5700.0;hoja(s);1.030381;C18-25;
CARTULINA;100301001;Cartulina FBB Zenith LOCAL -- C-18 295 gramos 25 x 38;10/07/2026;CONSUMOS;3550.0;3550.0;hoja(s);0.641728;C18-25;
CARTULINA;100301001;Cartulina FBB Zenith LOCAL -- C-18 295 gramos 25 x 38;10/07/2026;CONSUMOS;3335.0;3335.0;hoja(s);0.602863;C18-25;
CARTULINA;100301001;Cartulina FBB Zenith LOCAL -- C-18 295 gramos 25 x 38;10/07/2026;CONSUMOS;1210.0;1210.0;hoja(s);0.21873;C18-25;
CARTULINA;100301001;Cartulina FBB Zenith LOCAL -- C-18 295 gramos 25 x 38;10/07/2026;CONSUMOS;1120.0;1120.0;hoja(s);0.20246;C18-25;
CARTULINA;100301001;Cartulina FBB Zenith LOCAL -- C-18 295 gramos 25 x 38;10/07/2026;CONSUMOS;1185.0;1185.0;hoja(s);0.21421;C18-25;
CARTULINA;100301001;Cartulina FBB Zenith LOCAL -- C-18 295 gramos 25 x 38;10/07/2026;CONSUMOS;865.0;865.0;hoja(s);0.156364;C18-25;
CARTULINA;100301001;Cartulina FBB Zenith LOCAL -- C-18 295 gramos 25 x 38;10/07/2026;CONSUMOS;4600.0;4600.0;hoja(s);0.831535;C18-25;
CARTULINA;100301001;Cartulina FBB Zenith LOCAL -- C-18 295 gramos 25 x 38;10/07/2026;CONSUMOS;900.0;900.0;hoja(s);0.162691;C18-25;
CARTULINA;100301001;Cartulina FBB Zenith LOCAL -- C-18 295 gramos 25 x 38;15/07/2026;CONSUMOS;20800.0;20800.0;hoja(s);3.759987;C18-25;
CARTULINA;100301046;Cartulina FBB Zenith LOCAL -- C-18 295 gramos 30 x 40;6/07/2026;CONSUMOS;3800.0;3800.0;hoja(s);0.867869;C18-30;
CARTULINA;100301046;Cartulina FBB Zenith LOCAL -- C-18 295 gramos 30 x 40;6/07/2026;CONSUMOS;4400.0;4400.0;hoja(s);1.004901;C18-30;
CARTULINA;100301046;Cartulina FBB Zenith LOCAL -- C-18 295 gramos 30 x 40;6/07/2026;CONSUMOS;4200.0;4200.0;hoja(s);0.959223;C18-30;
CARTULINA;100301046;Cartulina FBB Zenith LOCAL -- C-18 295 gramos 30 x 40;6/07/2026;CONSUMOS;3725.0;3725.0;hoja(s);0.85074;C18-30;
CARTULINA;100301046;Cartulina FBB Zenith LOCAL -- C-18 295 gramos 30 x 40;10/07/2026;CONSUMOS;6750.0;6750.0;hoja(s);1.541609;C18-30;
CARTULINA;100301046;Cartulina FBB Zenith LOCAL -- C-18 295 gramos 30 x 40;10/07/2026;CONSUMOS;15300.0;15300.0;hoja(s);3.494315;C18-30;
CARTULINA;100301046;Cartulina FBB Zenith LOCAL -- C-18 295 gramos 30 x 40;15/07/2026;CONSUMOS;3900.0;3900.0;hoja(s);0.890707;C18-30;
CARTULINA;100301259;Cartulina FBB Zenith LOCAL -- C-20 325 gramos 25 x 36;17/07/2026;CONSUMOS;5000.0;5000.0;hoja(s);0.943133;C20-25;
CARTULINA;100301259;Cartulina FBB Zenith LOCAL -- C-20 325 gramos 25 x 36;17/07/2026;CONSUMOS;2600.0;2600.0;hoja(s);0.490429;C20-25;
CARTULINA;100301352;Rollo Cartulina CMPC RC C -14 225 g ancho 25;6/07/2026;CONSUMOS;413.0;413.0;METROS;0.059007;CMPC RC;
CARTULINA;100301356;Rollo Cartulina ASIA SYMBOL C-16 270 g ancho 25;2/07/2026;CONSUMOS;584.0;584.0;METROS;0.100126;C16-25;
CARTULINA;100301356;Rollo Cartulina ASIA SYMBOL C-16 270 g ancho 25;2/07/2026;CONSUMOS;584.0;584.0;METROS;0.100126;C16-25;
CARTULINA;100301356;Rollo Cartulina ASIA SYMBOL C-16 270 g ancho 25;2/07/2026;CONSUMOS;584.0;584.0;METROS;0.100126;C16-25;
CARTULINA;100301356;Rollo Cartulina ASIA SYMBOL C-16 270 g ancho 25;2/07/2026;CONSUMOS;582.0;582.0;METROS;0.099783;C16-25;
CARTULINA;100301356;Rollo Cartulina ASIA SYMBOL C-16 270 g ancho 25;2/07/2026;CONSUMOS;582.0;582.0;METROS;0.099783;C16-25;
CARTULINA;100301825;Rollo Cartulina ASIA SYMBOL C-16 270 g ancho 28.5;2/07/2026;CONSUMOS;890.0;890.0;METROS;0.173736;C16-29;
CARTULINA;100301825;Rollo Cartulina ASIA SYMBOL C-16 270 g ancho 28.5;2/07/2026;CONSUMOS;874.0;874.0;METROS;0.170613;C16-29;
CARTULINA;100301825;Rollo Cartulina ASIA SYMBOL C-16 270 g ancho 28.5;2/07/2026;CONSUMOS;781.0;781.0;METROS;0.152459;C16-29;
CARTULINA;100301825;Rollo Cartulina ASIA SYMBOL C-16 270 g ancho 28.5;2/07/2026;CONSUMOS;922.0;922.0;METROS;0.179983;C16-29;
CARTULINA;100301825;Rollo Cartulina ASIA SYMBOL C-16 270 g ancho 28.5;2/07/2026;CONSUMOS;1111.0;1111.0;METROS;0.216878;C16-29;
CARTULINA;100301825;Rollo Cartulina ASIA SYMBOL C-16 270 g ancho 28.5;2/07/2026;CONSUMOS;2405.0;2405.0;METROS;0.46948;C16-29;
CARTULINA;100301825;Rollo Cartulina ASIA SYMBOL C-16 270 g ancho 28.5;2/07/2026;CONSUMOS;2449.0;2449.0;METROS;0.478069;C16-29;
CARTULINA;100301825;Rollo Cartulina ASIA SYMBOL C-16 270 g ancho 28.5;2/07/2026;CONSUMOS;766.0;766.0;METROS;0.14953;C16-29;
CARTULINA;100301856;Rollo Cartulina OBAFREE --  C - 18 265 g ancho 23;8/07/2026;CONSUMOS;13678.0;13678.0;METROS;2.116807;C18-23;
CARTULINA;100301856;Rollo Cartulina OBAFREE --  C - 18 265 g ancho 23;24/07/2026;CONSUMOS;13487.0;13487.0;METROS;2.087248;C18-23;
CARTULINA;100301863;Rollo Cartulina ASIA SYMBOL C-14 235 g ancho 29;30/07/2026;CONSUMOS;1366.0;1366.0;METROS;0.236263;C14-29;
CARTULINA;100301869;Rollo Cartulina DUPLEX MIRABELL --  C - 17 320 g ancho 22;2/07/2026;CONSUMOS;49455.0;49455.0;METROS;8.830684;COLGATE-150;
CARTULINA;100301869;Rollo Cartulina DUPLEX MIRABELL --  C - 17 320 g ancho 22;13/07/2026;CONSUMOS;27847.0;27847.0;METROS;4.97236;COLGATE-150;
CARTULINA;100301869;Rollo Cartulina DUPLEX MIRABELL --  C - 17 320 g ancho 22;22/07/2026;CONSUMOS;46326.0;46326.0;METROS;8.27197;COLGATE-150;
CARTULINA;100301869;Rollo Cartulina DUPLEX MIRABELL --  C - 17 320 g ancho 22;22/07/2026;CONSUMOS;873.0;873.0;METROS;0.155882;COLGATE-150;
CARTULINA;100301869;Rollo Cartulina DUPLEX MIRABELL --  C - 17 320 g ancho 22;30/07/2026;CONSUMOS;40443.0;40443.0;METROS;7.221502;COLGATE-150;
CARTULINA;100301869;Rollo Cartulina DUPLEX MIRABELL --  C - 17 320 g ancho 22;30/07/2026;CONSUMOS;1996.0;1996.0;METROS;0.356405;COLGATE-150;
CARTULINA;100301902;Rollo Cartulina SBS CANDESCE -- C-24 407 g ancho 39 (29-89);2/07/2026;CONSUMOS;1620.0;1620.0;METROS;0.652746;GILDAN;
CARTULINA;100301902;Rollo Cartulina SBS CANDESCE -- C-24 407 g ancho 39 (29-89);21/07/2026;CONSUMOS;4241.0;4241.0;METROS;1.708826;GILDAN;
CARTULINA;100301902;Rollo Cartulina SBS CANDESCE -- C-24 407 g ancho 39 (29-89);21/07/2026;CONSUMOS;1579.0;1579.0;METROS;0.636226;GILDAN;
CARTULINA;100301902;Rollo Cartulina SBS CANDESCE -- C-24 407 g ancho 39 (29-89);21/07/2026;CONSUMOS;1569.0;1569.0;METROS;0.632197;GILDAN;
CARTULINA;100301908;Rollo Cartulina Nine Dragons C - 13.6 215 g ancho 25 (29-89);2/07/2026;CONSUMOS;2772.0;2772.0;METROS;0.378447;C13.6-25;
CARTULINA;100301908;Rollo Cartulina Nine Dragons C - 13.6 215 g ancho 25 (29-89);6/07/2026;CONSUMOS;3901.0;3901.0;METROS;0.532584;C13.6-25;
CARTULINA;100301908;Rollo Cartulina Nine Dragons C - 13.6 215 g ancho 25 (29-89);6/07/2026;CONSUMOS;203.0;203.0;METROS;0.027714;C13.6-25;
CARTULINA;100301908;Rollo Cartulina Nine Dragons C - 13.6 215 g ancho 25 (29-89);9/07/2026;CONSUMOS;1787.0;1787.0;METROS;0.24397;C13.6-25;
CARTULINA;100301908;Rollo Cartulina Nine Dragons C - 13.6 215 g ancho 25 (29-89);9/07/2026;CONSUMOS;310.0;310.0;METROS;0.042322;C13.6-25;
CARTULINA;100301908;Rollo Cartulina Nine Dragons C - 13.6 215 g ancho 25 (29-89);13/07/2026;CONSUMOS;36441.0;36441.0;METROS;4.975107;C13.6-25;
CARTULINA;100301908;Rollo Cartulina Nine Dragons C - 13.6 215 g ancho 25 (29-89);13/07/2026;CONSUMOS;14023.0;14023.0;METROS;1.91449;C13.6-25;
CARTULINA;100301908;Rollo Cartulina Nine Dragons C - 13.6 215 g ancho 25 (29-89);13/07/2026;CONSUMOS;336.0;336.0;METROS;0.045872;C13.6-25;
CARTULINA;100301908;Rollo Cartulina Nine Dragons C - 13.6 215 g ancho 25 (29-89);14/07/2026;CONSUMOS;1897.0;1897.0;METROS;0.258987;C13.6-25;
CARTULINA;100301908;Rollo Cartulina Nine Dragons C - 13.6 215 g ancho 25 (29-89);16/07/2026;CONSUMOS;36000.0;36000.0;METROS;4.9149;C13.6-25;
CARTULINA;100301908;Rollo Cartulina Nine Dragons C - 13.6 215 g ancho 25 (29-89);21/07/2026;CONSUMOS;20868.0;20868.0;METROS;2.849003;C13.6-25;
CARTULINA;100301908;Rollo Cartulina Nine Dragons C - 13.6 215 g ancho 25 (29-89);21/07/2026;CONSUMOS;613.0;613.0;METROS;0.083689;C13.6-25;
CARTULINA;100301908;Rollo Cartulina Nine Dragons C - 13.6 215 g ancho 25 (29-89);22/07/2026;CONSUMOS;2056.0;2056.0;METROS;0.280695;C13.6-25;
CARTULINA;100301908;Rollo Cartulina Nine Dragons C - 13.6 215 g ancho 25 (29-89);22/07/2026;CONSUMOS;1952.0;1952.0;METROS;0.266496;C13.6-25;
CARTULINA;100301908;Rollo Cartulina Nine Dragons C - 13.6 215 g ancho 25 (29-89);22/07/2026;CONSUMOS;1387.0;1387.0;METROS;0.18936;C13.6-25;
CARTULINA;100301908;Rollo Cartulina Nine Dragons C - 13.6 215 g ancho 25 (29-89);22/07/2026;CONSUMOS;896.0;896.0;METROS;0.122326;C13.6-25;
CARTULINA;100301908;Rollo Cartulina Nine Dragons C - 13.6 215 g ancho 25 (29-89);22/07/2026;CONSUMOS;1996.0;1996.0;METROS;0.272503;C13.6-25;
CARTULINA;100301908;Rollo Cartulina Nine Dragons C - 13.6 215 g ancho 25 (29-89);24/07/2026;CONSUMOS;1995.0;1995.0;METROS;0.272367;C13.6-25;
CARTULINA;100301908;Rollo Cartulina Nine Dragons C - 13.6 215 g ancho 25 (29-89);24/07/2026;CONSUMOS;1029.0;1029.0;METROS;0.140484;C13.6-25;
CARTULINA;100301908;Rollo Cartulina Nine Dragons C - 13.6 215 g ancho 25 (29-89);24/07/2026;CONSUMOS;1006.0;1006.0;METROS;0.137344;C13.6-25;
CARTULINA;100301908;Rollo Cartulina Nine Dragons C - 13.6 215 g ancho 25 (29-89);24/07/2026;CONSUMOS;1275.0;1275.0;METROS;0.174069;C13.6-25;
CARTULINA;100301908;Rollo Cartulina Nine Dragons C - 13.6 215 g ancho 25 (29-89);24/07/2026;CONSUMOS;1280.0;1280.0;METROS;0.174752;C13.6-25;
CARTULINA;100301908;Rollo Cartulina Nine Dragons C - 13.6 215 g ancho 25 (29-89);24/07/2026;CONSUMOS;2300.0;2300.0;METROS;0.314007;C13.6-25;
CARTULINA;100301908;Rollo Cartulina Nine Dragons C - 13.6 215 g ancho 25 (29-89);24/07/2026;CONSUMOS;3497.0;3497.0;METROS;0.477427;C13.6-25;
CARTULINA;100301908;Rollo Cartulina Nine Dragons C - 13.6 215 g ancho 25 (29-89);24/07/2026;CONSUMOS;2052.0;2052.0;METROS;0.280149;C13.6-25;
CARTULINA;100301908;Rollo Cartulina Nine Dragons C - 13.6 215 g ancho 25 (29-89);24/07/2026;CONSUMOS;1650.0;1650.0;METROS;0.225266;C13.6-25;
CARTULINA;100301908;Rollo Cartulina Nine Dragons C - 13.6 215 g ancho 25 (29-89);24/07/2026;CONSUMOS;1655.0;1655.0;METROS;0.225948;C13.6-25;
CARTULINA;100301908;Rollo Cartulina Nine Dragons C - 13.6 215 g ancho 25 (29-89);24/07/2026;CONSUMOS;1718.0;1718.0;METROS;0.234549;C13.6-25;
CARTULINA;100301908;Rollo Cartulina Nine Dragons C - 13.6 215 g ancho 25 (29-89);24/07/2026;CONSUMOS;5174.0;5174.0;METROS;0.70638;C13.6-25;
CARTULINA;100301908;Rollo Cartulina Nine Dragons C - 13.6 215 g ancho 25 (29-89);24/07/2026;CONSUMOS;5098.0;5098.0;METROS;0.696004;C13.6-25;
CARTULINA;100301908;Rollo Cartulina Nine Dragons C - 13.6 215 g ancho 25 (29-89);24/07/2026;CONSUMOS;918.0;918.0;METROS;0.125329;C13.6-25;
CARTULINA;100301908;Rollo Cartulina Nine Dragons C - 13.6 215 g ancho 25 (29-89);24/07/2026;CONSUMOS;1244.0;1244.0;METROS;0.169837;C13.6-25;
CARTULINA;100301908;Rollo Cartulina Nine Dragons C - 13.6 215 g ancho 25 (29-89);24/07/2026;CONSUMOS;1819.0;1819.0;METROS;0.248338;C13.6-25;
CARTULINA;100301908;Rollo Cartulina Nine Dragons C - 13.6 215 g ancho 25 (29-89);24/07/2026;CONSUMOS;797.0;797.0;METROS;0.10881;C13.6-25;
CARTULINA;100301908;Rollo Cartulina Nine Dragons C - 13.6 215 g ancho 25 (29-89);24/07/2026;CONSUMOS;2844.0;2844.0;METROS;0.388277;C13.6-25;
CARTULINA;100301908;Rollo Cartulina Nine Dragons C - 13.6 215 g ancho 25 (29-89);27/07/2026;CONSUMOS;2536.0;2536.0;METROS;0.346227;C13.6-25;
CARTULINA;100301908;Rollo Cartulina Nine Dragons C - 13.6 215 g ancho 25 (29-89);27/07/2026;CONSUMOS;1420.0;1420.0;METROS;0.193865;C13.6-25;
CARTULINA;100301908;Rollo Cartulina Nine Dragons C - 13.6 215 g ancho 25 (29-89);29/07/2026;CONSUMOS;1849.0;1849.0;METROS;0.252434;C13.6-25;
CARTULINA;100301908;Rollo Cartulina Nine Dragons C - 13.6 215 g ancho 25 (29-89);29/07/2026;CONSUMOS;2333.0;2333.0;METROS;0.318512;C13.6-25;
CARTULINA;100301908;Rollo Cartulina Nine Dragons C - 13.6 215 g ancho 25 (29-89);30/07/2026;CONSUMOS;992.0;992.0;METROS;0.135432;C13.6-25;
CARTULINA;100301917;Rollo Cartulina Nine Dragons C - 16.3 255 g ancho 25 (29-89);8/07/2026;CONSUMOS;1046.0;1046.0;METROS;0.169373;C16.3-25;
CARTULINA;100301917;Rollo Cartulina Nine Dragons C - 16.3 255 g ancho 25 (29-89);8/07/2026;CONSUMOS;3668.0;3668.0;METROS;0.59394;C16.3-25;
CARTULINA;100301917;Rollo Cartulina Nine Dragons C - 16.3 255 g ancho 25 (29-89);8/07/2026;CONSUMOS;1441.0;1441.0;METROS;0.233333;C16.3-25;
CARTULINA;100301917;Rollo Cartulina Nine Dragons C - 16.3 255 g ancho 25 (29-89);8/07/2026;CONSUMOS;1418.0;1418.0;METROS;0.229609;C16.3-25;
CARTULINA;100301917;Rollo Cartulina Nine Dragons C - 16.3 255 g ancho 25 (29-89);8/07/2026;CONSUMOS;2345.0;2345.0;METROS;0.379714;C16.3-25;
CARTULINA;100301917;Rollo Cartulina Nine Dragons C - 16.3 255 g ancho 25 (29-89);8/07/2026;CONSUMOS;1149.0;1149.0;METROS;0.186051;C16.3-25;
CARTULINA;100301917;Rollo Cartulina Nine Dragons C - 16.3 255 g ancho 25 (29-89);8/07/2026;CONSUMOS;1235.0;1235.0;METROS;0.199977;C16.3-25;
CARTULINA;100301917;Rollo Cartulina Nine Dragons C - 16.3 255 g ancho 25 (29-89);8/07/2026;CONSUMOS;498.0;498.0;METROS;0.080638;C16.3-25;
CARTULINA;100301917;Rollo Cartulina Nine Dragons C - 16.3 255 g ancho 25 (29-89);8/07/2026;CONSUMOS;1803.0;1803.0;METROS;0.29195;C16.3-25;
CARTULINA;100301917;Rollo Cartulina Nine Dragons C - 16.3 255 g ancho 25 (29-89);8/07/2026;CONSUMOS;2124.0;2124.0;METROS;0.343928;C16.3-25;
CARTULINA;100301917;Rollo Cartulina Nine Dragons C - 16.3 255 g ancho 25 (29-89);8/07/2026;CONSUMOS;1234.0;1234.0;METROS;0.199815;C16.3-25;
CARTULINA;100301917;Rollo Cartulina Nine Dragons C - 16.3 255 g ancho 25 (29-89);8/07/2026;CONSUMOS;1590.0;1590.0;METROS;0.25746;C16.3-25;
CARTULINA;100301917;Rollo Cartulina Nine Dragons C - 16.3 255 g ancho 25 (29-89);8/07/2026;CONSUMOS;5039.0;5039.0;METROS;0.81594;C16.3-25;
CARTULINA;100301917;Rollo Cartulina Nine Dragons C - 16.3 255 g ancho 25 (29-89);8/07/2026;CONSUMOS;1197.0;1197.0;METROS;0.193824;C16.3-25;
CARTULINA;100301917;Rollo Cartulina Nine Dragons C - 16.3 255 g ancho 25 (29-89);8/07/2026;CONSUMOS;1917.0;1917.0;METROS;0.31041;C16.3-25;
CARTULINA;100301917;Rollo Cartulina Nine Dragons C - 16.3 255 g ancho 25 (29-89);8/07/2026;CONSUMOS;6546.0;6546.0;METROS;1.059961;C16.3-25;
CARTULINA;100301917;Rollo Cartulina Nine Dragons C - 16.3 255 g ancho 25 (29-89);8/07/2026;CONSUMOS;6562.0;6562.0;METROS;1.062551;C16.3-25;
CARTULINA;100301917;Rollo Cartulina Nine Dragons C - 16.3 255 g ancho 25 (29-89);8/07/2026;CONSUMOS;1541.0;1541.0;METROS;0.249526;C16.3-25;
CARTULINA;100301917;Rollo Cartulina Nine Dragons C - 16.3 255 g ancho 25 (29-89);8/07/2026;CONSUMOS;24842.0;24842.0;METROS;4.02254;C16.3-25;
CARTULINA;100301917;Rollo Cartulina Nine Dragons C - 16.3 255 g ancho 25 (29-89);8/07/2026;CONSUMOS;1143.0;1143.0;METROS;0.18508;C16.3-25;
CARTULINA;100301917;Rollo Cartulina Nine Dragons C - 16.3 255 g ancho 25 (29-89);8/07/2026;CONSUMOS;1130.0;1130.0;METROS;0.182975;C16.3-25;
CARTULINA;100301917;Rollo Cartulina Nine Dragons C - 16.3 255 g ancho 25 (29-89);8/07/2026;CONSUMOS;199.0;199.0;METROS;0.032223;C16.3-25;
CARTULINA;100301917;Rollo Cartulina Nine Dragons C - 16.3 255 g ancho 25 (29-89);8/07/2026;CONSUMOS;4198.0;4198.0;METROS;0.679761;C16.3-25;
CARTULINA;100301917;Rollo Cartulina Nine Dragons C - 16.3 255 g ancho 25 (29-89);8/07/2026;CONSUMOS;3158.0;3158.0;METROS;0.511359;C16.3-25;
CARTULINA;100301917;Rollo Cartulina Nine Dragons C - 16.3 255 g ancho 25 (29-89);8/07/2026;CONSUMOS;472.0;472.0;METROS;0.076428;C16.3-25;
CARTULINA;100301917;Rollo Cartulina Nine Dragons C - 16.3 255 g ancho 25 (29-89);8/07/2026;CONSUMOS;2773.0;2773.0;METROS;0.449018;C16.3-25;
CARTULINA;100301917;Rollo Cartulina Nine Dragons C - 16.3 255 g ancho 25 (29-89);8/07/2026;CONSUMOS;2354.0;2354.0;METROS;0.381171;C16.3-25;
CARTULINA;100301917;Rollo Cartulina Nine Dragons C - 16.3 255 g ancho 25 (29-89);8/07/2026;CONSUMOS;574.0;574.0;METROS;0.092944;C16.3-25;
CARTULINA;100301917;Rollo Cartulina Nine Dragons C - 16.3 255 g ancho 25 (29-89);8/07/2026;CONSUMOS;527.0;527.0;METROS;0.085334;C16.3-25;
CARTULINA;100301917;Rollo Cartulina Nine Dragons C - 16.3 255 g ancho 25 (29-89);8/07/2026;CONSUMOS;24042.0;24042.0;METROS;3.893;C16.3-25;
CARTULINA;100301917;Rollo Cartulina Nine Dragons C - 16.3 255 g ancho 25 (29-89);9/07/2026;CONSUMOS;1078.0;1078.0;METROS;0.174555;C16.3-25;
CARTULINA;100301917;Rollo Cartulina Nine Dragons C - 16.3 255 g ancho 25 (29-89);9/07/2026;CONSUMOS;886.0;886.0;METROS;0.143465;C16.3-25;
CARTULINA;100301917;Rollo Cartulina Nine Dragons C - 16.3 255 g ancho 25 (29-89);9/07/2026;CONSUMOS;1798.0;1798.0;METROS;0.291141;C16.3-25;
CARTULINA;100301917;Rollo Cartulina Nine Dragons C - 16.3 255 g ancho 25 (29-89);9/07/2026;CONSUMOS;691.0;691.0;METROS;0.11189;C16.3-25;
CARTULINA;100301917;Rollo Cartulina Nine Dragons C - 16.3 255 g ancho 25 (29-89);13/07/2026;CONSUMOS;806.0;806.0;METROS;0.130511;C16.3-25;
CARTULINA;100301917;Rollo Cartulina Nine Dragons C - 16.3 255 g ancho 25 (29-89);13/07/2026;CONSUMOS;26018.0;26018.0;METROS;4.212964;C16.3-25;
CARTULINA;100301917;Rollo Cartulina Nine Dragons C - 16.3 255 g ancho 25 (29-89);14/07/2026;CONSUMOS;798.0;798.0;METROS;0.129216;C16.3-25;
CARTULINA;100301917;Rollo Cartulina Nine Dragons C - 16.3 255 g ancho 25 (29-89);14/07/2026;CONSUMOS;3020.0;3020.0;METROS;0.489013;C16.3-25;
CARTULINA;100301917;Rollo Cartulina Nine Dragons C - 16.3 255 g ancho 25 (29-89);14/07/2026;CONSUMOS;5077.0;5077.0;METROS;0.822093;C16.3-25;
CARTULINA;100301917;Rollo Cartulina Nine Dragons C - 16.3 255 g ancho 25 (29-89);14/07/2026;CONSUMOS;1971.0;1971.0;METROS;0.319154;C16.3-25;
CARTULINA;100301917;Rollo Cartulina Nine Dragons C - 16.3 255 g ancho 25 (29-89);14/07/2026;CONSUMOS;2160.0;2160.0;METROS;0.349758;C16.3-25;
CARTULINA;100301917;Rollo Cartulina Nine Dragons C - 16.3 255 g ancho 25 (29-89);17/07/2026;CONSUMOS;1964.0;1964.0;METROS;0.31802;C16.3-25;
CARTULINA;100301917;Rollo Cartulina Nine Dragons C - 16.3 255 g ancho 25 (29-89);17/07/2026;CONSUMOS;1531.0;1531.0;METROS;0.247907;C16.3-25;
CARTULINA;100301917;Rollo Cartulina Nine Dragons C - 16.3 255 g ancho 25 (29-89);17/07/2026;CONSUMOS;12640.0;12640.0;METROS;2.046732;C16.3-25;
CARTULINA;100301917;Rollo Cartulina Nine Dragons C - 16.3 255 g ancho 25 (29-89);17/07/2026;CONSUMOS;1797.0;1797.0;METROS;0.290979;C16.3-25;
CARTULINA;100301917;Rollo Cartulina Nine Dragons C - 16.3 255 g ancho 25 (29-89);17/07/2026;CONSUMOS;1514.0;1514.0;METROS;0.245154;C16.3-25;
CARTULINA;100301917;Rollo Cartulina Nine Dragons C - 16.3 255 g ancho 25 (29-89);21/07/2026;CONSUMOS;1060.0;1060.0;METROS;0.17164;C16.3-25;
CARTULINA;100301917;Rollo Cartulina Nine Dragons C - 16.3 255 g ancho 25 (29-89);21/07/2026;CONSUMOS;641.0;641.0;METROS;0.103793;C16.3-25;
CARTULINA;100301917;Rollo Cartulina Nine Dragons C - 16.3 255 g ancho 25 (29-89);21/07/2026;CONSUMOS;1638.0;1638.0;METROS;0.265233;C16.3-25;
CARTULINA;100301917;Rollo Cartulina Nine Dragons C - 16.3 255 g ancho 25 (29-89);21/07/2026;CONSUMOS;1484.0;1484.0;METROS;0.240296;C16.3-25;
CARTULINA;100301917;Rollo Cartulina Nine Dragons C - 16.3 255 g ancho 25 (29-89);21/07/2026;CONSUMOS;1478.0;1478.0;METROS;0.239325;C16.3-25;
CARTULINA;100301917;Rollo Cartulina Nine Dragons C - 16.3 255 g ancho 25 (29-89);21/07/2026;CONSUMOS;859.0;859.0;METROS;0.139093;C16.3-25;
CARTULINA;100301917;Rollo Cartulina Nine Dragons C - 16.3 255 g ancho 25 (29-89);21/07/2026;CONSUMOS;143.0;143.0;METROS;0.023155;C16.3-25;
CARTULINA;100301917;Rollo Cartulina Nine Dragons C - 16.3 255 g ancho 25 (29-89);22/07/2026;CONSUMOS;10345.0;10345.0;METROS;1.675114;C16.3-25;
CARTULINA;100301917;Rollo Cartulina Nine Dragons C - 16.3 255 g ancho 25 (29-89);22/07/2026;CONSUMOS;1235.0;1235.0;METROS;0.199977;C16.3-25;
CARTULINA;100301917;Rollo Cartulina Nine Dragons C - 16.3 255 g ancho 25 (29-89);22/07/2026;CONSUMOS;838.0;838.0;METROS;0.135693;C16.3-25;
CARTULINA;100301917;Rollo Cartulina Nine Dragons C - 16.3 255 g ancho 25 (29-89);22/07/2026;CONSUMOS;1418.0;1418.0;METROS;0.229609;C16.3-25;
CARTULINA;100301917;Rollo Cartulina Nine Dragons C - 16.3 255 g ancho 25 (29-89);22/07/2026;CONSUMOS;1010.0;1010.0;METROS;0.163544;C16.3-25;
CARTULINA;100301917;Rollo Cartulina Nine Dragons C - 16.3 255 g ancho 25 (29-89);22/07/2026;CONSUMOS;1114.0;1114.0;METROS;0.180384;C16.3-25;
CARTULINA;100301917;Rollo Cartulina Nine Dragons C - 16.3 255 g ancho 25 (29-89);22/07/2026;CONSUMOS;2491.0;2491.0;METROS;0.403355;C16.3-25;
CARTULINA;100301917;Rollo Cartulina Nine Dragons C - 16.3 255 g ancho 25 (29-89);23/07/2026;CONSUMOS;1216.0;1216.0;METROS;0.1969;C16.3-25;
CARTULINA;100301917;Rollo Cartulina Nine Dragons C - 16.3 255 g ancho 25 (29-89);23/07/2026;CONSUMOS;4197.0;4197.0;METROS;0.679599;C16.3-25;
CARTULINA;100301917;Rollo Cartulina Nine Dragons C - 16.3 255 g ancho 25 (29-89);23/07/2026;CONSUMOS;2499.0;2499.0;METROS;0.40465;C16.3-25;
CARTULINA;100301917;Rollo Cartulina Nine Dragons C - 16.3 255 g ancho 25 (29-89);23/07/2026;CONSUMOS;2889.0;2889.0;METROS;0.467801;C16.3-25;
CARTULINA;100301917;Rollo Cartulina Nine Dragons C - 16.3 255 g ancho 25 (29-89);23/07/2026;CONSUMOS;2782.0;2782.0;METROS;0.450475;C16.3-25;
CARTULINA;100301917;Rollo Cartulina Nine Dragons C - 16.3 255 g ancho 25 (29-89);23/07/2026;CONSUMOS;4122.0;4122.0;METROS;0.667454;C16.3-25;
CARTULINA;100301917;Rollo Cartulina Nine Dragons C - 16.3 255 g ancho 25 (29-89);23/07/2026;CONSUMOS;3168.0;3168.0;METROS;0.512978;C16.3-25;
CARTULINA;100301917;Rollo Cartulina Nine Dragons C - 16.3 255 g ancho 25 (29-89);23/07/2026;CONSUMOS;1222.0;1222.0;METROS;0.197872;C16.3-25;
CARTULINA;100301917;Rollo Cartulina Nine Dragons C - 16.3 255 g ancho 25 (29-89);24/07/2026;CONSUMOS;2225.0;2225.0;METROS;0.360283;C16.3-25;
CARTULINA;100301917;Rollo Cartulina Nine Dragons C - 16.3 255 g ancho 25 (29-89);27/07/2026;CONSUMOS;6993.0;6993.0;METROS;1.132341;C16.3-25;
CARTULINA;100301917;Rollo Cartulina Nine Dragons C - 16.3 255 g ancho 25 (29-89);27/07/2026;CONSUMOS;1873.0;1873.0;METROS;0.303285;C16.3-25;
CARTULINA;100301917;Rollo Cartulina Nine Dragons C - 16.3 255 g ancho 25 (29-89);27/07/2026;CONSUMOS;2709.0;2709.0;METROS;0.438654;C16.3-25;
CARTULINA;100301917;Rollo Cartulina Nine Dragons C - 16.3 255 g ancho 25 (29-89);30/07/2026;CONSUMOS;2737.0;2737.0;METROS;0.443188;C16.3-25;
CARTULINA;100301917;Rollo Cartulina Nine Dragons C - 16.3 255 g ancho 25 (29-89);30/07/2026;CONSUMOS;1400.0;1400.0;METROS;0.226695;C16.3-25;
CARTULINA;100301917;Rollo Cartulina Nine Dragons C - 16.3 255 g ancho 25 (29-89);30/07/2026;CONSUMOS;63.0;63.0;METROS;0.010201;C16.3-25;
CARTULINA;100304525;Cartulina SPARK C-18 270 gr 30 X 40;17/07/2026;CONSUMOS;900.0;900.0;Pliego(s);0.188128;Spark;
CARTULINA;100304527;Cartulina SPARK C-18 270 gr 25 X 38;23/07/2026;CONSUMOS;1400.0;1400.0;Pliego(s);0.231628;Spark;
CARTULINA;100304527;Cartulina SPARK C-18 270 gr 25 X 38;23/07/2026;CONSUMOS;1400.0;1400.0;Pliego(s);0.231628;Spark;
CARTULINA;100304527;Cartulina SPARK C-18 270 gr 25 X 38;24/07/2026;CONSUMOS;1400.0;1400.0;Pliego(s);0.231628;Spark;
CARTULINA;100304527;Cartulina SPARK C-18 270 gr 25 X 38;24/07/2026;CONSUMOS;1400.0;1400.0;Pliego(s);0.231628;Spark;
CARTULINA;100304527;Cartulina SPARK C-18 270 gr 25 X 38;24/07/2026;CONSUMOS;1400.0;1400.0;Pliego(s);0.231628;Spark;
CARTULINA;100304527;Cartulina SPARK C-18 270 gr 25 X 38;25/07/2026;CONSUMOS;1900.0;1900.0;Pliego(s);0.314353;Spark;
CARTULINA;100304530;Cartulina SPARK C-20 295 gr 30 X 40;6/07/2026;CONSUMOS;15400.0;15400.0;Pliego(s);3.517154;Spark;
CARTULINA;100304530;Cartulina SPARK C-20 295 gr 30 X 40;8/07/2026;CONSUMOS;2400.0;2400.0;Pliego(s);0.548127;Spark;
CARTULINA;100304541;Rollo Cartulina ASIA SYMBOL C-12 230 g ancho 25;21/07/2026;CONSUMOS;16480.0;16480.0;METROS;2.406904;C12-25;
CARTULINA;100304541;Rollo Cartulina ASIA SYMBOL C-12 230 g ancho 25;27/07/2026;CONSUMOS;97685.0;97685.0;METROS;14.266894;C12-25;
CARTULINA;100304541;Rollo Cartulina ASIA SYMBOL C-12 230 g ancho 25;30/07/2026;CONSUMOS;20399.0;20399.0;METROS;2.979273;C12-25;
CARTULINA;100304541;Rollo Cartulina ASIA SYMBOL C-12 230 g ancho 25;30/07/2026;CONSUMOS;1336.0;1336.0;METROS;0.195122;C12-25;
CARTULINA 29-89;100304547;Rollo Cartulina Spectra Natural -- C-18 267g ancho 27;17/07/2026;CONSUMOS;9710.0;9710.0;METROS;1.777984;BIMBO;
CARTULINA;100304563;Rollo Cartulina Nine Dragons C - 12 205 g ancho 25 (29-89);2/07/2026;CONSUMOS;2500.0;2500.0;METROS;0.325437;C12-25;
CARTULINA;100304563;Rollo Cartulina Nine Dragons C - 12 205 g ancho 25 (29-89);2/07/2026;CONSUMOS;1363.0;1363.0;METROS;0.177428;C12-25;
CARTULINA;100304563;Rollo Cartulina Nine Dragons C - 12 205 g ancho 25 (29-89);14/07/2026;CONSUMOS;10766.0;10766.0;METROS;1.401464;C12-25;
CARTULINA;100304563;Rollo Cartulina Nine Dragons C - 12 205 g ancho 25 (29-89);29/07/2026;CONSUMOS;203.0;203.0;METROS;0.026425;C12-25;
CARTULINA;100304563;Rollo Cartulina Nine Dragons C - 12 205 g ancho 25 (29-89);29/07/2026;CONSUMOS;550.0;550.0;METROS;0.071596;C12-25;
CARTULINA;100304563;Rollo Cartulina Nine Dragons C - 12 205 g ancho 25 (29-89);29/07/2026;CONSUMOS;6382.0;6382.0;METROS;0.830776;C12-25;
CARTULINA;100304563;Rollo Cartulina Nine Dragons C - 12 205 g ancho 25 (29-89);30/07/2026;CONSUMOS;7923.0;7923.0;METROS;1.031376;C12-25;
CARTULINA;100304563;Rollo Cartulina Nine Dragons C - 12 205 g ancho 25 (29-89);30/07/2026;CONSUMOS;3663.0;3663.0;METROS;0.476831;C12-25;
CARTULINA;100304565;Rollo Cartulina DEDICA FSC --  C - 13.5 225 g ancho 23.125;13/07/2026;CONSUMOS;83.0;83.0;Metro(s);0.010962;OLMECA;
CARTULINA;100304565;Rollo Cartulina DEDICA FSC --  C - 13.5 225 g ancho 23.125;13/07/2026;CONSUMOS;83.0;83.0;Metro(s);0.010962;OLMECA;
CARTULINA;100304565;Rollo Cartulina DEDICA FSC --  C - 13.5 225 g ancho 23.125;13/07/2026;CONSUMOS;25159.0;25159.0;Metro(s);3.322874;OLMECA;
CARTULINA;100304565;Rollo Cartulina DEDICA FSC --  C - 13.5 225 g ancho 23.125;13/07/2026;CONSUMOS;480.0;480.0;Metro(s);0.063396;OLMECA;
CARTULINA;100304565;Rollo Cartulina DEDICA FSC --  C - 13.5 225 g ancho 23.125;16/07/2026;CONSUMOS;80.0;80.0;Metro(s);0.010566;OLMECA;
CARTULINA;100304565;Rollo Cartulina DEDICA FSC --  C - 13.5 225 g ancho 23.125;16/07/2026;CONSUMOS;80.0;80.0;Metro(s);0.010566;OLMECA;
CARTULINA;100304565;Rollo Cartulina DEDICA FSC --  C - 13.5 225 g ancho 23.125;16/07/2026;CONSUMOS;622.0;622.0;Metro(s);0.08215;OLMECA;
CARTULINA;100304565;Rollo Cartulina DEDICA FSC --  C - 13.5 225 g ancho 23.125;16/07/2026;CONSUMOS;749.0;749.0;Metro(s);0.098924;OLMECA;
CARTULINA;100304565;Rollo Cartulina DEDICA FSC --  C - 13.5 225 g ancho 23.125;29/07/2026;CONSUMOS;15990.0;15990.0;Metro(s);2.111879;OLMECA;
CARTULINA;100304565;Rollo Cartulina DEDICA FSC --  C - 13.5 225 g ancho 23.125;29/07/2026;CONSUMOS;15839.0;15839.0;Metro(s);2.091935;OLMECA;
CARTULINA;100304565;Rollo Cartulina DEDICA FSC --  C - 13.5 225 g ancho 23.125;29/07/2026;CONSUMOS;9995.0;9995.0;Metro(s);1.320089;OLMECA;
CARTULINA;100304565;Rollo Cartulina DEDICA FSC --  C - 13.5 225 g ancho 23.125;29/07/2026;CONSUMOS;11767.0;11767.0;Metro(s);1.554126;OLMECA;
CARTULINA;100304565;Rollo Cartulina DEDICA FSC --  C - 13.5 225 g ancho 23.125;29/07/2026;CONSUMOS;8219.0;8219.0;Metro(s);1.085524;OLMECA;
CARTULINA;100304565;Rollo Cartulina DEDICA FSC --  C - 13.5 225 g ancho 23.125;29/07/2026;CONSUMOS;16415.0;16415.0;Metro(s);2.168011;OLMECA;
CARTULINA;100304565;Rollo Cartulina DEDICA FSC --  C - 13.5 225 g ancho 23.125;29/07/2026;CONSUMOS;30487.0;30487.0;Metro(s);4.02657;OLMECA;
CARTULINA;100304565;Rollo Cartulina DEDICA FSC --  C - 13.5 225 g ancho 23.125;29/07/2026;CONSUMOS;15669.0;15669.0;Metro(s);2.069483;OLMECA;
CARTULINA;100304565;Rollo Cartulina DEDICA FSC --  C - 13.5 225 g ancho 23.125;29/07/2026;CONSUMOS;8166.0;8166.0;Metro(s);1.078524;OLMECA;
CARTULINA;100304565;Rollo Cartulina DEDICA FSC --  C - 13.5 225 g ancho 23.125;29/07/2026;CONSUMOS;8133.0;8133.0;Metro(s);1.074165;OLMECA;
CARTULINA;100304565;Rollo Cartulina DEDICA FSC --  C - 13.5 225 g ancho 23.125;29/07/2026;CONSUMOS;16102.0;16102.0;Metro(s);2.126671;OLMECA;
CARTULINA;100304565;Rollo Cartulina DEDICA FSC --  C - 13.5 225 g ancho 23.125;29/07/2026;CONSUMOS;8267.0;8267.0;Metro(s);1.091864;OLMECA;
CARTULINA;100304619;Rollo Cartulina BRIGHT   --  C-16 245 g ancho 23;21/07/2026;CONSUMOS;30047.0;30047.0;METROS;4.299124;BAY-C16-23;
CARTULINA;100304619;Rollo Cartulina BRIGHT   --  C-16 245 g ancho 23;21/07/2026;CONSUMOS;7958.0;7958.0;METROS;1.13863;BAY-C16-23;
CARTULINA;100304625;Rollo Cartulina ASIA SYMBOL C-14 235 g ancho 28.5;6/07/2026;CONSUMOS;4641.0;4641.0;METROS;0.788529;C14-29;
CARTULINA;100304625;Rollo Cartulina ASIA SYMBOL C-14 235 g ancho 28.5;6/07/2026;CONSUMOS;12653.0;12653.0;METROS;2.149807;C14-29;
CARTULINA;100304625;Rollo Cartulina ASIA SYMBOL C-14 235 g ancho 28.5;6/07/2026;CONSUMOS;19994.0;19994.0;METROS;3.39708;C14-29;
CARTULINA;100304625;Rollo Cartulina ASIA SYMBOL C-14 235 g ancho 28.5;6/07/2026;CONSUMOS;4545.0;4545.0;METROS;0.772218;C14-29;
CARTULINA;100304625;Rollo Cartulina ASIA SYMBOL C-14 235 g ancho 28.5;6/07/2026;CONSUMOS;1530.0;1530.0;METROS;0.259954;C14-29;
CARTULINA;100304625;Rollo Cartulina ASIA SYMBOL C-14 235 g ancho 28.5;6/07/2026;CONSUMOS;62.0;62.0;METROS;0.010534;C14-29;
CARTULINA;100304625;Rollo Cartulina ASIA SYMBOL C-14 235 g ancho 28.5;9/07/2026;CONSUMOS;735.0;735.0;METROS;0.12488;C14-29;
CARTULINA;100304625;Rollo Cartulina ASIA SYMBOL C-14 235 g ancho 28.5;16/07/2026;CONSUMOS;11922.0;11922.0;METROS;2.025607;C14-29;
CARTULINA;100304625;Rollo Cartulina ASIA SYMBOL C-14 235 g ancho 28.5;16/07/2026;CONSUMOS;69.0;69.0;METROS;0.011723;C14-29;
CARTULINA;100304639;Rollo Cartulina BRIGHT --  C - 16 245 g ancho 25;14/07/2026;CONSUMOS;533.0;533.0;METROS;0.082921;BAY-C16-25;
CARTULINA;100304639;Rollo Cartulina BRIGHT --  C - 16 245 g ancho 25;14/07/2026;CONSUMOS;178.0;178.0;METROS;0.027692;BAY-C16-25;
CARTULINA;100304639;Rollo Cartulina BRIGHT --  C - 16 245 g ancho 25;21/07/2026;CONSUMOS;2154.0;2154.0;METROS;0.335108;BAY-C16-25;
CARTULINA;100304639;Rollo Cartulina BRIGHT --  C - 16 245 g ancho 25;21/07/2026;CONSUMOS;13755.0;13755.0;METROS;2.139934;BAY-C16-25;
CARTULINA;100304639;Rollo Cartulina BRIGHT --  C - 16 245 g ancho 25;21/07/2026;CONSUMOS;499.0;499.0;METROS;0.077631;BAY-C16-25;
CARTULINA;100304640;Rollo Cartulina OBAFREE --  C-15 230 g ancho 25.5;21/07/2026;CONSUMOS;45423.0;45423.0;METROS;6.759396;FOSFORERA;
CARTULINA;100304640;Rollo Cartulina OBAFREE --  C-15 230 g ancho 25.5;21/07/2026;CONSUMOS;44905.0;44905.0;METROS;6.682313;FOSFORERA;
CARTULINA;100304640;Rollo Cartulina OBAFREE --  C-15 230 g ancho 25.5;21/07/2026;CONSUMOS;22578.0;22578.0;METROS;3.359832;FOSFORERA;
CARTULINA;100304640;Rollo Cartulina OBAFREE --  C-15 230 g ancho 25.5;21/07/2026;CONSUMOS;44885.0;44885.0;METROS;6.679336;FOSFORERA;
CARTULINA;100304640;Rollo Cartulina OBAFREE --  C-15 230 g ancho 25.5;21/07/2026;CONSUMOS;26904.0;26904.0;METROS;4.003584;FOSFORERA;
CARTULINA;100304640;Rollo Cartulina OBAFREE --  C-15 230 g ancho 25.5;21/07/2026;CONSUMOS;26997.0;26997.0;METROS;4.017423;FOSFORERA;
CARTULINA;100304640;Rollo Cartulina OBAFREE --  C-15 230 g ancho 25.5;21/07/2026;CONSUMOS;18147.0;18147.0;METROS;2.700455;FOSFORERA;
CARTULINA;100304640;Rollo Cartulina OBAFREE --  C-15 230 g ancho 25.5;23/07/2026;CONSUMOS;8692.0;8692.0;METROS;1.293456;FOSFORERA;
CARTULINA;100304640;Rollo Cartulina OBAFREE --  C-15 230 g ancho 25.5;23/07/2026;CONSUMOS;44504.0;44504.0;METROS;6.62264;FOSFORERA;
CARTULINA;100305183;Cartulina FBB ASIA SYMBOL -- C-20 325 gramos  25 x 38;15/07/2026;CONSUMOS;14500.0;14500.0;PLIEGOS;2.887702;C20-25;
CARTULINA;100305183;Cartulina FBB ASIA SYMBOL -- C-20 325 gramos  25 x 38;28/07/2026;CONSUMOS;1000.0;1000.0;PLIEGOS;0.199151;C20-25;
CARTULINA;100305183;Cartulina FBB ASIA SYMBOL -- C-20 325 gramos  25 x 38;28/07/2026;CONSUMOS;2515.0;2515.0;PLIEGOS;0.500866;C20-25;
CARTULINA;100305183;Cartulina FBB ASIA SYMBOL -- C-20 325 gramos  25 x 38;28/07/2026;CONSUMOS;2885.0;2885.0;PLIEGOS;0.574553;C20-25;
CARTULINA;100305183;Cartulina FBB ASIA SYMBOL -- C-20 325 gramos  25 x 38;29/07/2026;CONSUMOS;400.0;400.0;PLIEGOS;0.07966;C20-25;
CARTULINA;100305183;Cartulina FBB ASIA SYMBOL -- C-20 325 gramos  25 x 38;29/07/2026;CONSUMOS;9900.0;9900.0;PLIEGOS;1.971603;C20-25;
CARTULINA;100305183;Cartulina FBB ASIA SYMBOL -- C-20 325 gramos  25 x 38;29/07/2026;CONSUMOS;13100.0;13100.0;PLIEGOS;2.608889;C20-25;
CARTULINA;100305712;Cartulina FBB DRAGONS -- C-13 215 gramos  25 x 35;29/07/2026;CONSUMOS;2050.0;2050.0;PLIEGOS;0.248809;C13-25;
CARTULINA;100305796;Cartulina FBB DRAGONS -- C-13 215 gramos  25 x 27;29/07/2026;CONSUMOS;3210.0;3210.0;PLIEGOS;0.300197;C13-25;
CARTULINA 29-89;100305967;Rollo Cartulina Nine Dragons C - 18.3 290 g ancho 29;14/07/2026;CONSUMOS;502.0;502.0;METROS;0.107292;C18-29-COSC;
CARTULINA 29-89;100305969;Cartulina FBB DRAGONS -- C-15.7 245 gramos 34.5 x 27;29/07/2026;CONSUMOS;62840.0;62840.0;PLIEGOS;9.238403;HONDURAS FOS;
CARTULINA;100305971;Rollo Cartulina DUPLEX MIRABELL --  C - 16 300 g ancho 25;22/07/2026;CONSUMOS;8527.0;8527.0;METROS;1.624393;COLGATE-22;
CARTULINA;100305971;Rollo Cartulina DUPLEX MIRABELL --  C - 16 300 g ancho 25;24/07/2026;CONSUMOS;12821.0;12821.0;METROS;2.4424;COLGATE-22;
CARTULINA;100305971;Rollo Cartulina DUPLEX MIRABELL --  C - 16 300 g ancho 25;24/07/2026;CONSUMOS;516.0;516.0;METROS;0.098298;COLGATE-22;
CARTULINA 29-89;100305982;Cartulina FBB DUPLEX MIRABELL -- C-16 300 gramos  20 x 32.5;21/07/2026;CONSUMOS;140085.0;140085.0;PLIEGO;17.612887;COLGATE-100;
CARTULINA 29-89;100305982;Cartulina FBB DUPLEX MIRABELL -- C-16 300 gramos  20 x 32.5;21/07/2026;CONSUMOS;41589.0;41589.0;PLIEGO;5.228984;COLGATE-100;
CARTULINA 29-89;100305982;Cartulina FBB DUPLEX MIRABELL -- C-16 300 gramos  20 x 32.5;21/07/2026;CONSUMOS;41589.0;41589.0;PLIEGO;5.228984;COLGATE-100;
CARTULINA;100305996;Cartulina SPARK -- C-16 250 gramos 25 X 38;17/07/2026;CONSUMOS;1700.0;1700.0;hoja(s);0.260429;Spark;
CARTULINA;100305996;Cartulina SPARK -- C-16 250 gramos 25 X 38;17/07/2026;CONSUMOS;1700.0;1700.0;hoja(s);0.260429;Spark;
CARTULINA;100305996;Cartulina SPARK -- C-16 250 gramos 25 X 38;17/07/2026;CONSUMOS;1700.0;1700.0;hoja(s);0.260429;Spark;
CARTULINA;100305999;Rollo Cartulina Nine Dragons C - 19 305 g ancho 24;8/07/2026;CONSUMOS;1115.0;1115.0;METROS;0.207105;C19-24;
CARTULINA;100305999;Rollo Cartulina Nine Dragons C - 19 305 g ancho 24;14/07/2026;CONSUMOS;5680.0;5680.0;METROS;1.055031;C19-24;
CARTULINA;100305999;Rollo Cartulina Nine Dragons C - 19 305 g ancho 24;14/07/2026;CONSUMOS;444.0;444.0;METROS;0.08247;C19-24;
CARTULINA 29-89;100306003;Rollo Cartulina Nine Dragons C - 16.3 255 g ancho 28.5;2/07/2026;CONSUMOS;985.0;985.0;METROS;0.159496;C16.3-28.5;
CARTULINA 29-89;100306003;Rollo Cartulina Nine Dragons C - 16.3 255 g ancho 28.5;15/07/2026;CONSUMOS;1855.0;1855.0;METROS;0.30037;C16.3-28.5;
CARTULINA 29-89;100306003;Rollo Cartulina Nine Dragons C - 16.3 255 g ancho 28.5;22/07/2026;CONSUMOS;672.0;672.0;METROS;0.108813;C16.3-28.5;
CARTULINA 29-89;100306003;Rollo Cartulina Nine Dragons C - 16.3 255 g ancho 28.5;22/07/2026;CONSUMOS;1337.0;1337.0;METROS;0.216493;C16.3-28.5;
CARTULINA 29-89;100306003;Rollo Cartulina Nine Dragons C - 16.3 255 g ancho 28.5;22/07/2026;CONSUMOS;1898.0;1898.0;METROS;0.307333;C16.3-28.5;
CARTULINA 29-89;100306003;Rollo Cartulina Nine Dragons C - 16.3 255 g ancho 28.5;23/07/2026;CONSUMOS;4537.0;4537.0;METROS;0.734653;C16.3-28.5;
CARTULINA 29-89;100306132;Rollo Cartulina FBB PROTO C1S -- C-24 396 g ancho 29;2/07/2026;CONSUMOS;2849.0;2849.0;METROS;0.830358;GILDAN;
CARTULINA 29-89;100306132;Rollo Cartulina FBB PROTO C1S -- C-24 396 g ancho 29;21/07/2026;CONSUMOS;2664.0;2664.0;METROS;0.776438;GILDAN;
CARTULINA 29-89;100306132;Rollo Cartulina FBB PROTO C1S -- C-24 396 g ancho 29;27/07/2026;CONSUMOS;2853.0;2853.0;METROS;0.831523;GILDAN;
CARTULINA 29-89;100306132;Rollo Cartulina FBB PROTO C1S -- C-24 396 g ancho 29;27/07/2026;CONSUMOS;117.0;117.0;METROS;0.0341;GILDAN;
CARTULINA 29-89;100306132;Rollo Cartulina FBB PROTO C1S -- C-24 396 g ancho 29;30/07/2026;CONSUMOS;14296.0;14296.0;METROS;4.166654;GILDAN;
CARTULINA 29-89;100306134;Rollo Cartulina FBB PROTO C1S -- C-24 396 g ancho 26.5;2/07/2026;CONSUMOS;2848.0;2848.0;METROS;0.759014;GILDAN;
CARTULINA 29-89;100306134;Rollo Cartulina FBB PROTO C1S -- C-24 396 g ancho 26.5;2/07/2026;CONSUMOS;384.0;384.0;METROS;0.102339;GILDAN;
CARTULINA 29-89;100306134;Rollo Cartulina FBB PROTO C1S -- C-24 396 g ancho 26.5;21/07/2026;CONSUMOS;2783.0;2783.0;METROS;0.741691;GILDAN;
CARTULINA 29-89;100306134;Rollo Cartulina FBB PROTO C1S -- C-24 396 g ancho 26.5;21/07/2026;CONSUMOS;12146.0;12146.0;METROS;3.237006;GILDAN;
CARTULINA;100306136;Cartulina Husky -- C-16 350 gramos 30 X 40;6/07/2026;CONSUMOS;400.0;400.0;hoja(s);0.108386;C16-30H;
CARTULINA;100306136;Cartulina Husky -- C-16 350 gramos 30 X 40;6/07/2026;CONSUMOS;300.0;300.0;hoja(s);0.08129;C16-30H;
CARTULINA;100306180;Cartulina NINGBO ALLY LOCAL C-18 290 gramos 25 x 36;15/07/2026;CONSUMOS;3300.0;3300.0;PLIEGOS;0.555433;C18-25;
CARTULINA;100306180;Cartulina NINGBO ALLY LOCAL C-18 290 gramos 25 x 36;15/07/2026;CONSUMOS;1000.0;1000.0;PLIEGOS;0.168313;C18-25;
CARTULINA;100306185;Cartulina SPARK C-20 295 gr 25 X 38;10/07/2026;CONSUMOS;24100.0;24100.0;PLIEGOS;4.356523;Spark;
CARTULINA;100306185;Cartulina SPARK C-20 295 gr 25 X 38;15/07/2026;CONSUMOS;4200.0;4200.0;PLIEGOS;0.759228;Spark;
CARTULINA;100306185;Cartulina SPARK C-20 295 gr 25 X 38;15/07/2026;CONSUMOS;12700.0;12700.0;PLIEGOS;2.295761;Spark;
CARTULINA;100306185;Cartulina SPARK C-20 295 gr 25 X 38;15/07/2026;CONSUMOS;6200.0;6200.0;PLIEGOS;1.120765;Spark;
CARTULINA;100306185;Cartulina SPARK C-20 295 gr 25 X 38;15/07/2026;CONSUMOS;11300.0;11300.0;PLIEGOS;2.042685;Spark;
CARTULINA;100306185;Cartulina SPARK C-20 295 gr 25 X 38;15/07/2026;CONSUMOS;3800.0;3800.0;PLIEGOS;0.68692;Spark;
PAPEL;100600001;Papel Bond 55 gramos -- 21 x 30;10/07/2026;CONSUMOS;22000.0;22000.0;PLIEGOS;0.491436;Bond;
PAPEL;100600001;Papel Bond 55 gramos -- 21 x 30;27/07/2026;CONSUMOS;205000.0;205000.0;PLIEGOS;4.579296;Bond;
PAPEL;100600001;Papel Bond 55 gramos -- 21 x 30;27/07/2026;CONSUMOS;205000.0;205000.0;PLIEGOS;4.579296;Bond;
PAPEL;100600001;Papel Bond 55 gramos -- 21 x 30;28/07/2026;CONSUMOS;205000.0;205000.0;PLIEGOS;4.579296;Bond;
PAPEL;100600001;Papel Bond 55 gramos -- 21 x 30;29/07/2026;CONSUMOS;17000.0;17000.0;PLIEGOS;0.379746;Bond;
PAPEL;100600003;Papel Bond 55 gramos -- 26 x 34;6/07/2026;CONSUMOS;900.0;900.0;PLIEGOS;0.028226;Bond;
PAPEL;100600003;Papel Bond 55 gramos -- 26 x 34;6/07/2026;CONSUMOS;1600.0;1600.0;PLIEGOS;0.050181;Bond;
PAPEL;100600003;Papel Bond 55 gramos -- 26 x 34;6/07/2026;CONSUMOS;1600.0;1600.0;PLIEGOS;0.050181;Bond;
PAPEL;100600003;Papel Bond 55 gramos -- 26 x 34;8/07/2026;CONSUMOS;100.0;100.0;PLIEGOS;0.003136;Bond;
PAPEL;100600003;Papel Bond 55 gramos -- 26 x 34;25/07/2026;CONSUMOS;11500.0;11500.0;PLIEGOS;0.360676;Bond;
PAPEL;100600003;Papel Bond 55 gramos -- 26 x 34;27/07/2026;CONSUMOS;6000.0;6000.0;PLIEGOS;0.188179;Bond;
PAPEL;100600003;Papel Bond 55 gramos -- 26 x 34;27/07/2026;CONSUMOS;6000.0;6000.0;PLIEGOS;0.188179;Bond;
PAPEL;100600003;Papel Bond 55 gramos -- 26 x 34;28/07/2026;CONSUMOS;1700.0;1700.0;PLIEGOS;0.053317;Bond;
PAPEL;100600003;Papel Bond 55 gramos -- 26 x 34;30/07/2026;CONSUMOS;2500.0;2500.0;PLIEGOS;0.078408;Bond;
PAPEL;100600005;Papel Bond 75 gramos -- 22 x 34;27/07/2026;CONSUMOS;6000.0;6000.0;PLIEGOS;0.217339;Bond;
PAPEL;100600005;Papel Bond 75 gramos -- 22 x 34;27/07/2026;CONSUMOS;6000.0;6000.0;PLIEGOS;0.217339;Bond;
PAPEL;100600005;Papel Bond 75 gramos -- 22 x 34;28/07/2026;CONSUMOS;3000.0;3000.0;PLIEGOS;0.108669;Bond;
PAPEL;100600005;Papel Bond 75 gramos -- 22 x 34;28/07/2026;CONSUMOS;3000.0;3000.0;PLIEGOS;0.108669;Bond;
PAPEL;100600005;Papel Bond 75 gramos -- 22 x 34;29/07/2026;CONSUMOS;400.0;400.0;PLIEGOS;0.014489;Bond;
PAPEL;100600006;Papel Bond 75 gramos -- 26 x 34;6/07/2026;CONSUMOS;4500.0;4500.0;PLIEGOS;0.192456;Bond;
PAPEL;100600006;Papel Bond 75 gramos -- 26 x 34;15/07/2026;CONSUMOS;2500.0;2500.0;PLIEGOS;0.10692;Bond;
PAPEL;100600006;Papel Bond 75 gramos -- 26 x 34;17/07/2026;CONSUMOS;2000.0;2000.0;PLIEGOS;0.085536;Bond;
PAPEL;100600006;Papel Bond 75 gramos -- 26 x 34;23/07/2026;CONSUMOS;2600.0;2600.0;PLIEGOS;0.111196;Bond;
PAPEL;100600006;Papel Bond 75 gramos -- 26 x 34;29/07/2026;CONSUMOS;165600.0;165600.0;PLIEGOS;7.08238;Bond;
PAPEL;100600009;Papel Bond 75 gramos -- 26 x 38;15/07/2026;CONSUMOS;5100.0;5100.0;PLIEGOS;0.243614;Bond;
PAPEL;100600013;Papel Bond 90 gramos -- 26 x 34;10/07/2026;CONSUMOS;1100.0;1100.0;PLIEGOS;0.056453;Bond;
PAPEL;100600013;Papel Bond 90 gramos -- 26 x 34;10/07/2026;CONSUMOS;2500.0;2500.0;PLIEGOS;0.128304;Bond;
PAPEL;100600013;Papel Bond 90 gramos -- 26 x 34;17/07/2026;CONSUMOS;170.0;170.0;PLIEGOS;0.008724;Bond;
PAPEL;100600013;Papel Bond 90 gramos -- 26 x 34;25/07/2026;CONSUMOS;615.0;615.0;PLIEGOS;0.031562;Bond;
PAPEL;100600013;Papel Bond 90 gramos -- 26 x 34;25/07/2026;CONSUMOS;35.0;35.0;PLIEGOS;0.001796;Bond;
PAPEL;100600018;Papel Bond 60 gramos -- 21 x 30;29/07/2026;CONSUMOS;22000.0;22000.0;PLIEGOS;0.536112;Bond;
PAPEL;100600020;Papel Couche Brillante B-60 -- 90 gramos  25 x 36;15/07/2026;CONSUMOS;39500.0;39500.0;PLIEGOS;2.063286;Couche;
PAPEL;100600021;Papel Couche Brillante - 1 Cara - B-60 -- 90 gramos  25 x 36;15/07/2026;CONSUMOS;600.0;600.0;PLIEGOS;0.031341;Couche;
PAPEL;100600021;Papel Couche Brillante - 1 Cara - B-60 -- 90 gramos  25 x 36;25/07/2026;CONSUMOS;2000.0;2000.0;PLIEGOS;0.10447;Couche;
PAPEL;100600021;Papel Couche Brillante - 1 Cara - B-60 -- 90 gramos  25 x 36;25/07/2026;CONSUMOS;3000.0;3000.0;PLIEGOS;0.156705;Couche;
PAPEL;100600023;Papel Couche Brillante - 1 Cara - B-60 -- 90 gramos  25 x 38;6/07/2026;CONSUMOS;200.0;200.0;PLIEGOS;0.011029;Couche;
PAPEL;100600023;Papel Couche Brillante - 1 Cara - B-60 -- 90 gramos  25 x 38;17/07/2026;CONSUMOS;2500.0;2500.0;PLIEGOS;0.137874;Couche;
PAPEL;100600023;Papel Couche Brillante - 1 Cara - B-60 -- 90 gramos  25 x 38;17/07/2026;CONSUMOS;2500.0;2500.0;PLIEGOS;0.137874;Couche;
PAPEL;100600023;Papel Couche Brillante - 1 Cara - B-60 -- 90 gramos  25 x 38;17/07/2026;CONSUMOS;2300.0;2300.0;PLIEGOS;0.126844;Couche;
PAPEL;100600023;Papel Couche Brillante - 1 Cara - B-60 -- 90 gramos  25 x 38;23/07/2026;CONSUMOS;1400.0;1400.0;PLIEGOS;0.077209;Couche;
PAPEL;100600023;Papel Couche Brillante - 1 Cara - B-60 -- 90 gramos  25 x 38;23/07/2026;CONSUMOS;1800.0;1800.0;PLIEGOS;0.099269;Couche;
PAPEL;100600023;Papel Couche Brillante - 1 Cara - B-60 -- 90 gramos  25 x 38;23/07/2026;CONSUMOS;800.0;800.0;PLIEGOS;0.044119;Couche;
PAPEL;100600023;Papel Couche Brillante - 1 Cara - B-60 -- 90 gramos  25 x 38;23/07/2026;CONSUMOS;1800.0;1800.0;PLIEGOS;0.099269;Couche;
PAPEL;100600026;Papel Couche Brillante B-70 -- 105 gramos  25 x 36;17/07/2026;CONSUMOS;5250.0;5250.0;PLIEGOS;0.319939;Couche;
PAPEL;100600029;Papel Couche Brillante B-80 -- 115 gramos  25 x 36;15/07/2026;CONSUMOS;1750.0;1750.0;PLIEGOS;0.116803;Couche;
PAPEL;100600030;Papel Couche Brillante B-80 -- 115 gramos  25 x 38;6/07/2026;CONSUMOS;2000.0;2000.0;PLIEGOS;0.140938;Couche;
PAPEL;100600030;Papel Couche Brillante B-80 -- 115 gramos  25 x 38;10/07/2026;CONSUMOS;1200.0;1200.0;PLIEGOS;0.084562;Couche;
PAPEL;100600030;Papel Couche Brillante B-80 -- 115 gramos  25 x 38;10/07/2026;CONSUMOS;500.0;500.0;PLIEGOS;0.035234;Couche;
PAPEL;100600030;Papel Couche Brillante B-80 -- 115 gramos  25 x 38;10/07/2026;CONSUMOS;2300.0;2300.0;PLIEGOS;0.162078;Couche;
PAPEL;100600030;Papel Couche Brillante B-80 -- 115 gramos  25 x 38;25/07/2026;CONSUMOS;2500.0;2500.0;PLIEGOS;0.176172;Couche;
PAPEL;100600032;Papel Couche Brillante B-100 -- 140 gramos  25 x 36;15/07/2026;CONSUMOS;1750.0;1750.0;PLIEGOS;0.142195;Couche;
PAPEL;100600032;Papel Couche Brillante B-100 -- 140 gramos  25 x 36;23/07/2026;CONSUMOS;800.0;800.0;PLIEGOS;0.065003;Couche;
PAPEL;100600032;Papel Couche Brillante B-100 -- 140 gramos  25 x 36;23/07/2026;CONSUMOS;800.0;800.0;PLIEGOS;0.065003;Couche;
PAPEL;100600032;Papel Couche Brillante B-100 -- 140 gramos  25 x 36;23/07/2026;CONSUMOS;800.0;800.0;PLIEGOS;0.065003;Couche;
PAPEL;100600032;Papel Couche Brillante B-100 -- 140 gramos  25 x 36;23/07/2026;CONSUMOS;800.0;800.0;PLIEGOS;0.065003;Couche;
PAPEL;100600032;Papel Couche Brillante B-100 -- 140 gramos  25 x 36;23/07/2026;CONSUMOS;800.0;800.0;PLIEGOS;0.065003;Couche;
PAPEL;100600032;Papel Couche Brillante B-100 -- 140 gramos  25 x 36;23/07/2026;CONSUMOS;800.0;800.0;PLIEGOS;0.065003;Couche;
PAPEL;100600032;Papel Couche Brillante B-100 -- 140 gramos  25 x 36;23/07/2026;CONSUMOS;800.0;800.0;PLIEGOS;0.065003;Couche;
PAPEL;100600032;Papel Couche Brillante B-100 -- 140 gramos  25 x 36;23/07/2026;CONSUMOS;800.0;800.0;PLIEGOS;0.065003;Couche;
PAPEL;100600032;Papel Couche Brillante B-100 -- 140 gramos  25 x 36;23/07/2026;CONSUMOS;800.0;800.0;PLIEGOS;0.065003;Couche;
PAPEL;100600032;Papel Couche Brillante B-100 -- 140 gramos  25 x 36;23/07/2026;CONSUMOS;800.0;800.0;PLIEGOS;0.065003;Couche;
PAPEL;100600032;Papel Couche Brillante B-100 -- 140 gramos  25 x 36;23/07/2026;CONSUMOS;800.0;800.0;PLIEGOS;0.065003;Couche;
PAPEL;100600032;Papel Couche Brillante B-100 -- 140 gramos  25 x 36;23/07/2026;CONSUMOS;800.0;800.0;PLIEGOS;0.065003;Couche;
PAPEL;100600032;Papel Couche Brillante B-100 -- 140 gramos  25 x 36;23/07/2026;CONSUMOS;800.0;800.0;PLIEGOS;0.065003;Couche;
PAPEL;100600032;Papel Couche Brillante B-100 -- 140 gramos  25 x 36;23/07/2026;CONSUMOS;800.0;800.0;PLIEGOS;0.065003;Couche;
PAPEL;100600032;Papel Couche Brillante B-100 -- 140 gramos  25 x 36;23/07/2026;CONSUMOS;800.0;800.0;PLIEGOS;0.065003;Couche;
PAPEL;100600032;Papel Couche Brillante B-100 -- 140 gramos  25 x 36;23/07/2026;CONSUMOS;800.0;800.0;PLIEGOS;0.065003;Couche;
PAPEL;100600033;Papel Couche Brillante B-100 -- 140 gramos  25 x 38;10/07/2026;CONSUMOS;1250.0;1250.0;PLIEGOS;0.107235;Couche;
PAPEL;100600033;Papel Couche Brillante B-100 -- 140 gramos  25 x 38;10/07/2026;CONSUMOS;5900.0;5900.0;PLIEGOS;0.506152;Couche;
PAPEL;100600033;Papel Couche Brillante B-100 -- 140 gramos  25 x 38;17/07/2026;CONSUMOS;270.0;270.0;PLIEGOS;0.023162;Couche;
PAPEL;100600045;Papel Couche Brillante B-80 -- 115 gramos  30 x 40;10/07/2026;CONSUMOS;2800.0;2800.0;PLIEGOS;0.249289;Couche;
PAPEL;100600045;Papel Couche Brillante B-80 -- 115 gramos  30 x 40;23/07/2026;CONSUMOS;1000.0;1000.0;PLIEGOS;0.089032;Couche;
PAPEL;100600068;Cartulina FBB Zenith --  C-22 330 gramos  25 x 38;6/07/2026;CONSUMOS;2400.0;2400.0;PLIEGO;0.485418;C22-25;
PAPEL;100600094;Rollo Cartulina CMPC RC --  C - 18 265 g ancho 25;21/07/2026;CONSUMOS;2982.0;2982.0;METROS;0.501796;CMPC RC;
PAPEL;100600094;Rollo Cartulina CMPC RC --  C - 18 265 g ancho 25;21/07/2026;CONSUMOS;29025.0;29025.0;METROS;4.884181;CMPC RC;
PAPEL;100600094;Rollo Cartulina CMPC RC --  C - 18 265 g ancho 25;21/07/2026;CONSUMOS;32998.0;32998.0;METROS;5.552738;CMPC RC;
PAPEL;100600094;Rollo Cartulina CMPC RC --  C - 18 265 g ancho 25;23/07/2026;CONSUMOS;3763.0;3763.0;METROS;0.633218;CMPC RC;
PAPEL;100600101;Papel Bond 60 gramos -- 22 x 34;8/07/2026;CONSUMOS;77000.0;77000.0;PLIEGOS;2.231349;Bond;
PAPEL;100600116;Rollo Cartulina BRIGHT --  C - 16 245 g ancho 29;17/07/2026;CONSUMOS;19115.0;19115.0;METROS;3.446816;BAY-C16-29;
PAPESP;100700002;Adhesivo con ciza -- 17*24;6/07/2026;CONSUMOS;200.0;200.0;hoja(s);0.0;Papesp;
PAPESP;100700002;Adhesivo con ciza -- 17*24;23/07/2026;CONSUMOS;200.0;200.0;hoja(s);0.0;Papesp;
PAPESP;100700002;Adhesivo con ciza -- 17*24;23/07/2026;CONSUMOS;200.0;200.0;hoja(s);0.0;Papesp;
PAPESP;100700002;Adhesivo con ciza -- 17*24;23/07/2026;CONSUMOS;1000.0;1000.0;hoja(s);0.0;Papesp;
PAPESP;100700002;Adhesivo con ciza -- 17*24;23/07/2026;CONSUMOS;1000.0;1000.0;hoja(s);0.0;Papesp;
PAPESP;100700002;Adhesivo con ciza -- 17*24;24/07/2026;CONSUMOS;200.0;200.0;hoja(s);0.0;Papesp;
PAPESP;100700002;Adhesivo con ciza -- 17*24;24/07/2026;CONSUMOS;200.0;200.0;hoja(s);0.0;Papesp;
PAPESP;100700002;Adhesivo con ciza -- 17*24;24/07/2026;CONSUMOS;1000.0;1000.0;hoja(s);0.0;Papesp;
PAPESP;100700002;Adhesivo con ciza -- 17*24;24/07/2026;CONSUMOS;1000.0;1000.0;hoja(s);0.0;Papesp;
PAPESP;100700002;Adhesivo con ciza -- 17*24;24/07/2026;CONSUMOS;200.0;200.0;hoja(s);0.0;Papesp;
PAPESP;100700002;Adhesivo con ciza -- 17*24;24/07/2026;CONSUMOS;1000.0;1000.0;hoja(s);0.0;Papesp;
PAPESP;100700002;Adhesivo con ciza -- 17*24;28/07/2026;CONSUMOS;100.0;100.0;hoja(s);0.0;Papesp;
PAPESP;100700002;Adhesivo con ciza -- 17*24;28/07/2026;CONSUMOS;40.0;40.0;hoja(s);0.0;Papesp;
PAPESP;100700002;Adhesivo con ciza -- 17*24;28/07/2026;CONSUMOS;115.0;115.0;hoja(s);0.0;Papesp;
PAPESP;100700002;Adhesivo con ciza -- 17*24;28/07/2026;CONSUMOS;25.0;25.0;hoja(s);0.0;Papesp;
PAPESP;100700002;Adhesivo con ciza -- 17*24;28/07/2026;CONSUMOS;40.0;40.0;hoja(s);0.0;Papesp;
PAPESP;100700002;Adhesivo con ciza -- 17*24;28/07/2026;CONSUMOS;40.0;40.0;hoja(s);0.0;Papesp;
PAPESP;100700002;Adhesivo con ciza -- 17*24;28/07/2026;CONSUMOS;40.0;40.0;hoja(s);0.0;Papesp;
PAPESP;100700002;Adhesivo con ciza -- 17*24;29/07/2026;CONSUMOS;250.0;250.0;hoja(s);0.0;Papesp;
PAPESP;100700003;Adhesivo sin ciza -- normal 17*24;6/07/2026;CONSUMOS;650.0;650.0;hoja(s);0.0;Papesp;
PAPESP;100700003;Adhesivo sin ciza -- normal 17*24;10/07/2026;CONSUMOS;150.0;150.0;hoja(s);0.0;Papesp;
PAPESP;100700003;Adhesivo sin ciza -- normal 17*24;10/07/2026;CONSUMOS;80.0;80.0;hoja(s);0.0;Papesp;
PAPESP;100700003;Adhesivo sin ciza -- normal 17*24;10/07/2026;CONSUMOS;520.0;520.0;hoja(s);0.0;Papesp;
PAPESP;100700003;Adhesivo sin ciza -- normal 17*24;10/07/2026;CONSUMOS;2200.0;2200.0;hoja(s);0.0;Papesp;
PAPESP;100700003;Adhesivo sin ciza -- normal 17*24;10/07/2026;CONSUMOS;2550.0;2550.0;hoja(s);0.0;Papesp;
PAPESP;100700003;Adhesivo sin ciza -- normal 17*24;17/07/2026;CONSUMOS;1100.0;1100.0;hoja(s);0.0;Papesp;
PAPESP;100700003;Adhesivo sin ciza -- normal 17*24;23/07/2026;CONSUMOS;100.0;100.0;hoja(s);0.0;Papesp;
PAPESP;100700003;Adhesivo sin ciza -- normal 17*24;23/07/2026;CONSUMOS;100.0;100.0;hoja(s);0.0;Papesp;
PAPESP;100700003;Adhesivo sin ciza -- normal 17*24;23/07/2026;CONSUMOS;1300.0;1300.0;hoja(s);0.0;Papesp;
PAPESP;100700003;Adhesivo sin ciza -- normal 17*24;23/07/2026;CONSUMOS;1400.0;1400.0;hoja(s);0.0;Papesp;
PAPESP;100700003;Adhesivo sin ciza -- normal 17*24;24/07/2026;CONSUMOS;100.0;100.0;hoja(s);0.0;Papesp;
PAPESP;100700003;Adhesivo sin ciza -- normal 17*24;24/07/2026;CONSUMOS;100.0;100.0;hoja(s);0.0;Papesp;
PAPESP;100700003;Adhesivo sin ciza -- normal 17*24;24/07/2026;CONSUMOS;100.0;100.0;hoja(s);0.0;Papesp;
PAPESP;100700003;Adhesivo sin ciza -- normal 17*24;25/07/2026;CONSUMOS;300.0;300.0;hoja(s);0.0;Papesp;
PAPESP;100700003;Adhesivo sin ciza -- normal 17*24;25/07/2026;CONSUMOS;500.0;500.0;hoja(s);0.0;Papesp;
PAPESP;100700004;Adhesivo de seguridad -- 19.5*27.5;15/07/2026;CONSUMOS;1100.0;1100.0;hoja(s);0.0;Papesp;
PAPESP;100700009;Cartulina Kraft -- C-15 225 gramos 38 x 23;17/07/2026;CONSUMOS;127800.0;127800.0;hoja(s);16.205167;Kraft;
PAPESP;100700009;Cartulina Kraft -- C-15 225 gramos 38 x 23;23/07/2026;CONSUMOS;9200.0;9200.0;hoja(s);1.166569;Kraft;
PAPESP;100700009;Cartulina Kraft -- C-15 225 gramos 38 x 23;23/07/2026;CONSUMOS;9200.0;9200.0;hoja(s);1.166569;Kraft;
PAPESP;120700005;6mil Synthetic Paper -- INDIGO 12*18;6/07/2026;CONSUMOS;1900.0;1900.0;hoja(s);0.0;PAPESP;
CARTULINA;100300001;Cartulina Husky -- C-8 200 gramos 25 x 36;14/07/2026;INGRESOS;1000.0;1000.0;hoja(s);0.116078;C8-25H;
CARTULINA;100300002;Cartulina Husky -- C-8 190 gramos 25 x 38;3/07/2026;INGRESOS;700.0;700.0;hoja(s);0.081499;C8-25H;
CARTULINA;100300004;Cartulina Husky -- C-10 230 gramos 25 x 36;23/07/2026;INGRESOS;11700.0;11700.0;hoja(s);1.561829;C10-25H;
CARTULINA;100300005;Cartulina Husky -- C-10 230 gramos 25 x 38;14/07/2026;INGRESOS;700.0;700.0;hoja(s);0.098656;C10-25H;
CARTULINA;100300009;Cartulina Husky -- C-12 270 gramos 25 x 38;3/07/2026;INGRESOS;600.0;600.0;hoja(s);0.099269;C12-25H;
CARTULINA;100300009;Cartulina Husky -- C-12 270 gramos 25 x 38;6/07/2026;INGRESOS;1300.0;1300.0;hoja(s);0.215084;C12-25H;
CARTULINA;100300009;Cartulina Husky -- C-12 270 gramos 25 x 38;9/07/2026;INGRESOS;300.0;300.0;hoja(s);0.049634;C12-25H;
CARTULINA;100300009;Cartulina Husky -- C-12 270 gramos 25 x 38;24/07/2026;INGRESOS;100.0;100.0;hoja(s);0.016544;C12-25H;
CARTULINA;100300010;Cartulina Husky -- C-12 270 gramos 30 x 40;1/07/2026;INGRESOS;4400.0;4400.0;hoja(s);0.91974;C12-30H;
CARTULINA;100300010;Cartulina Husky -- C-12 270 gramos 30 x 40;15/07/2026;INGRESOS;2000.0;2000.0;hoja(s);0.418063;C12-30H;
CARTULINA;100300010;Cartulina Husky -- C-12 270 gramos 30 x 40;23/07/2026;INGRESOS;7600.0;7600.0;hoja(s);1.588641;C12-30H;
CARTULINA;100300011;Cartulina Husky -- C-14 300 gramos 25 x 38;21/07/2026;INGRESOS;1500.0;1500.0;hoja(s);0.275748;C14-25H;
CARTULINA;100300011;Cartulina Husky -- C-14 300 gramos 25 x 38;27/07/2026;INGRESOS;1000.0;1000.0;hoja(s);0.183832;C14-25H;
CARTULINA;100300012;Cartulina Husky -- C-14 300 gramos 30 x 40;21/07/2026;INGRESOS;800.0;800.0;hoja(s);0.185806;C14-30H;
CARTULINA;100300013;Cartulina Husky -- C-16 350 gramos 25 x 38;9/07/2026;INGRESOS;800.0;800.0;hoja(s);0.171577;C16-25H;
CARTULINA;100300704;Cartulina FBB Zenith LOCAL -- C-16 270 gramos 25 x 36;9/07/2026;INGRESOS;3400.0;3400.0;hoja(s);0.532798;C16-25;
CARTULINA;100300704;Cartulina FBB Zenith LOCAL -- C-16 270 gramos 25 x 36;15/07/2026;INGRESOS;600.0;600.0;hoja(s);0.094023;C16-25;
CARTULINA;100300704;Cartulina FBB Zenith LOCAL -- C-16 270 gramos 25 x 36;17/07/2026;INGRESOS;4500.0;4500.0;hoja(s);0.705173;C16-25;
CARTULINA;100300709;Cartulina FBB Zenith LOCAL -- C-16 270 gramos 25 x 38;3/07/2026;INGRESOS;4800.0;4800.0;hoja(s);0.794156;C16-25;
CARTULINA;100300709;Cartulina FBB Zenith LOCAL -- C-16 270 gramos 25 x 38;9/07/2026;INGRESOS;6200.0;6200.0;hoja(s);1.025785;C16-25;
CARTULINA;100300709;Cartulina FBB Zenith LOCAL -- C-16 270 gramos 25 x 38;15/07/2026;INGRESOS;2500.0;2500.0;hoja(s);0.413623;C16-25;
CARTULINA;100300709;Cartulina FBB Zenith LOCAL -- C-16 270 gramos 25 x 38;24/07/2026;INGRESOS;5200.0;5200.0;hoja(s);0.860336;C16-25;
CARTULINA;100300709;Cartulina FBB Zenith LOCAL -- C-16 270 gramos 25 x 38;27/07/2026;INGRESOS;1700.0;1700.0;hoja(s);0.281263;C16-25;
CARTULINA;100300754;Cartulina FBB Zenith LOCAL -- C-16 270 gramos 30 x 40;1/07/2026;INGRESOS;9800.0;9800.0;hoja(s);2.048512;C16-30;
CARTULINA;100300754;Cartulina FBB Zenith LOCAL -- C-16 270 gramos 30 x 40;15/07/2026;INGRESOS;9500.0;9500.0;hoja(s);1.985802;C16-30;
CARTULINA;100300996;Cartulina FBB Zenith LOCAL -- C-18 295 gramos 25 x 36;3/07/2026;INGRESOS;42500.0;42500.0;hoja(s);7.276639;C18-25;
CARTULINA;100300996;Cartulina FBB Zenith LOCAL -- C-18 295 gramos 25 x 36;3/07/2026;INGRESOS;31200.0;31200.0;hoja(s);5.341909;C18-25;
CARTULINA;100300996;Cartulina FBB Zenith LOCAL -- C-18 295 gramos 25 x 36;17/07/2026;INGRESOS;4800.0;4800.0;hoja(s);0.821832;C18-25;
CARTULINA;100301001;Cartulina FBB Zenith LOCAL -- C-18 295 gramos 25 x 38;3/07/2026;INGRESOS;22400.0;22400.0;hoja(s);4.049217;C18-25;
CARTULINA;100301001;Cartulina FBB Zenith LOCAL -- C-18 295 gramos 25 x 38;3/07/2026;INGRESOS;1000.0;1000.0;hoja(s);0.180768;C18-25;
CARTULINA;100301001;Cartulina FBB Zenith LOCAL -- C-18 295 gramos 25 x 38;3/07/2026;INGRESOS;5700.0;5700.0;hoja(s);1.030381;C18-25;
CARTULINA;100301001;Cartulina FBB Zenith LOCAL -- C-18 295 gramos 25 x 38;6/07/2026;INGRESOS;5700.0;5700.0;hoja(s);1.030381;C18-25;
CARTULINA;100301001;Cartulina FBB Zenith LOCAL -- C-18 295 gramos 25 x 38;8/07/2026;INGRESOS;1200.0;1200.0;hoja(s);0.216922;C18-25;
CARTULINA;100301001;Cartulina FBB Zenith LOCAL -- C-18 295 gramos 25 x 38;9/07/2026;INGRESOS;21500.0;21500.0;hoja(s);3.886525;C18-25;
CARTULINA;100301001;Cartulina FBB Zenith LOCAL -- C-18 295 gramos 25 x 38;9/07/2026;INGRESOS;20800.0;20800.0;hoja(s);3.759987;C18-25;
CARTULINA;100301001;Cartulina FBB Zenith LOCAL -- C-18 295 gramos 25 x 38;9/07/2026;INGRESOS;10000.0;10000.0;hoja(s);1.807686;C18-25;
CARTULINA;100301001;Cartulina FBB Zenith LOCAL -- C-18 295 gramos 25 x 38;14/07/2026;INGRESOS;1200.0;1200.0;hoja(s);0.216922;C18-25;
CARTULINA;100301046;Cartulina FBB Zenith LOCAL -- C-18 295 gramos 30 x 40;2/07/2026;INGRESOS;16000.0;16000.0;hoja(s);3.654186;C18-30;
CARTULINA;100301046;Cartulina FBB Zenith LOCAL -- C-18 295 gramos 30 x 40;3/07/2026;INGRESOS;14000.0;14000.0;hoja(s);3.197412;C18-30;
CARTULINA;100301046;Cartulina FBB Zenith LOCAL -- C-18 295 gramos 30 x 40;9/07/2026;INGRESOS;3900.0;3900.0;hoja(s);0.890707;C18-30;
CARTULINA;100301259;Cartulina FBB Zenith LOCAL -- C-20 325 gramos 25 x 36;15/07/2026;INGRESOS;5000.0;5000.0;hoja(s);0.943133;C20-25;
CARTULINA;100301259;Cartulina FBB Zenith LOCAL -- C-20 325 gramos 25 x 36;17/07/2026;INGRESOS;2800.0;2800.0;hoja(s);0.528154;C20-25;
CARTULINA;100304525;Cartulina SPARK C-18 270 gr 30 X 40;15/07/2026;INGRESOS;7500.0;7500.0;Pliego(s);1.567738;Spark;
CARTULINA;100304527;Cartulina SPARK C-18 270 gr 25 X 38;23/07/2026;INGRESOS;1900.0;1900.0;Pliego(s);0.314353;Spark;
CARTULINA;100304530;Cartulina SPARK C-20 295 gr 30 X 40;2/07/2026;INGRESOS;15400.0;15400.0;Pliego(s);3.517154;Spark;
CARTULINA;100304530;Cartulina SPARK C-20 295 gr 30 X 40;2/07/2026;INGRESOS;2400.0;2400.0;Pliego(s);0.548127;Spark;
CARTULINA;100304640;Rollo Cartulina OBAFREE --  C-15 230 g ancho 25.5;14/07/2026;INGRESOS;258658.0;258658.0;METROS;38.490896;FOSFORERA;
CARTULINA;100305183;Cartulina FBB ASIA SYMBOL -- C-20 325 gramos  25 x 38;27/07/2026;INGRESOS;1000.0;1000.0;PLIEGOS;0.199151;C20-25;
CARTULINA;100305183;Cartulina FBB ASIA SYMBOL -- C-20 325 gramos  25 x 38;27/07/2026;INGRESOS;5400.0;5400.0;PLIEGOS;1.07542;C20-25;
CARTULINA;100305183;Cartulina FBB ASIA SYMBOL -- C-20 325 gramos  25 x 38;28/07/2026;INGRESOS;23400.0;23400.0;PLIEGOS;4.660153;C20-25;
CARTULINA;100305712;Cartulina FBB DRAGONS -- C-13 215 gramos  25 x 35;29/07/2026;INGRESOS;2050.0;2050.0;PLIEGOS;0.248809;C13-25;
CARTULINA;100305796;Cartulina FBB DRAGONS -- C-13 215 gramos  25 x 27;29/07/2026;INGRESOS;3210.0;3210.0;PLIEGOS;0.300197;C13-25;
CARTULINA;100305996;Cartulina SPARK -- C-16 250 gramos 25 X 38;15/07/2026;INGRESOS;1700.0;1700.0;hoja(s);0.260429;Spark;
CARTULINA;100306136;Cartulina Husky -- C-16 350 gramos 30 X 40;1/07/2026;INGRESOS;700.0;700.0;hoja(s);0.189677;C16-30H;
CARTULINA;100306180;Cartulina NINGBO ALLY LOCAL C-18 290 gramos 25 x 36;7/07/2026;INGRESOS;4300.0;4300.0;PLIEGOS;0.723746;C18-25;
CARTULINA;100306185;Cartulina SPARK C-20 295 gr 25 X 38;6/07/2026;INGRESOS;11300.0;11300.0;PLIEGOS;2.042685;Spark;
CARTULINA;100306185;Cartulina SPARK C-20 295 gr 25 X 38;7/07/2026;INGRESOS;10400.0;10400.0;PLIEGOS;1.879993;Spark;
CARTULINA;100306185;Cartulina SPARK C-20 295 gr 25 X 38;9/07/2026;INGRESOS;12700.0;12700.0;PLIEGOS;2.295761;Spark;
CARTULINA;100306185;Cartulina SPARK C-20 295 gr 25 X 38;10/07/2026;INGRESOS;24100.0;24100.0;PLIEGOS;4.356523;Spark;
PAPEL;100600001;Papel Bond 55 gramos -- 21 x 30;9/07/2026;INGRESOS;39000.0;39000.0;PLIEGOS;0.871183;Bond;
PAPEL;100600001;Papel Bond 55 gramos -- 21 x 30;27/07/2026;INGRESOS;205000.0;205000.0;PLIEGOS;4.579296;Bond;
PAPEL;100600003;Papel Bond 55 gramos -- 26 x 34;2/07/2026;INGRESOS;2000.0;2000.0;PLIEGOS;0.062726;Bond;
PAPEL;100600003;Papel Bond 55 gramos -- 26 x 34;24/07/2026;INGRESOS;11500.0;11500.0;PLIEGOS;0.360676;Bond;
PAPEL;100600003;Papel Bond 55 gramos -- 26 x 34;27/07/2026;INGRESOS;6000.0;6000.0;PLIEGOS;0.188179;Bond;
PAPEL;100600005;Papel Bond 75 gramos -- 22 x 34;27/07/2026;INGRESOS;6000.0;6000.0;PLIEGOS;0.217339;Bond;
PAPEL;100600006;Papel Bond 75 gramos -- 26 x 34;15/07/2026;INGRESOS;5000.0;5000.0;PLIEGOS;0.21384;Bond;
PAPEL;100600006;Papel Bond 75 gramos -- 26 x 34;17/07/2026;INGRESOS;2000.0;2000.0;PLIEGOS;0.085536;Bond;
PAPEL;100600006;Papel Bond 75 gramos -- 26 x 34;22/07/2026;INGRESOS;3000.0;3000.0;PLIEGOS;0.128304;Bond;
PAPEL;100600009;Papel Bond 75 gramos -- 26 x 38;8/07/2026;INGRESOS;5000.0;5000.0;PLIEGOS;0.238837;Bond;
PAPEL;100600013;Papel Bond 90 gramos -- 26 x 34;7/07/2026;INGRESOS;4000.0;4000.0;PLIEGOS;0.205286;Bond;
PAPEL;100600013;Papel Bond 90 gramos -- 26 x 34;24/07/2026;INGRESOS;1000.0;1000.0;PLIEGOS;0.051321;Bond;
PAPEL;100600018;Papel Bond 60 gramos -- 21 x 30;2/07/2026;INGRESOS;22000.0;22000.0;PLIEGOS;0.536112;Bond;
PAPEL;100600020;Papel Couche Brillante B-60 -- 90 gramos  25 x 36;14/07/2026;INGRESOS;39500.0;39500.0;PLIEGOS;2.063286;Couche;
PAPEL;100600021;Papel Couche Brillante - 1 Cara - B-60 -- 90 gramos  25 x 36;24/07/2026;INGRESOS;5000.0;5000.0;PLIEGOS;0.261175;Couche;
PAPEL;100600022;Papel Couche Brillante B-60 -- 90 gramos  25 x 38;14/07/2026;INGRESOS;2000.0;2000.0;PLIEGOS;0.110299;Couche;
PAPEL;100600023;Papel Couche Brillante - 1 Cara - B-60 -- 90 gramos  25 x 38;14/07/2026;INGRESOS;2000.0;2000.0;PLIEGOS;0.110299;Couche;
PAPEL;100600023;Papel Couche Brillante - 1 Cara - B-60 -- 90 gramos  25 x 38;15/07/2026;INGRESOS;2500.0;2500.0;PLIEGOS;0.137874;Couche;
PAPEL;100600023;Papel Couche Brillante - 1 Cara - B-60 -- 90 gramos  25 x 38;21/07/2026;INGRESOS;1500.0;1500.0;PLIEGOS;0.082724;Couche;
PAPEL;100600023;Papel Couche Brillante - 1 Cara - B-60 -- 90 gramos  25 x 38;22/07/2026;INGRESOS;2000.0;2000.0;PLIEGOS;0.110299;Couche;
PAPEL;100600023;Papel Couche Brillante - 1 Cara - B-60 -- 90 gramos  25 x 38;23/07/2026;INGRESOS;3000.0;3000.0;PLIEGOS;0.165449;Couche;
PAPEL;100600026;Papel Couche Brillante B-70 -- 105 gramos  25 x 36;17/07/2026;INGRESOS;5500.0;5500.0;PLIEGOS;0.335175;Couche;
PAPEL;100600029;Papel Couche Brillante B-80 -- 115 gramos  25 x 36;14/07/2026;INGRESOS;1750.0;1750.0;PLIEGOS;0.116803;Couche;
PAPEL;100600030;Papel Couche Brillante B-80 -- 115 gramos  25 x 38;3/07/2026;INGRESOS;4000.0;4000.0;PLIEGOS;0.281876;Couche;
PAPEL;100600030;Papel Couche Brillante B-80 -- 115 gramos  25 x 38;14/07/2026;INGRESOS;2000.0;2000.0;PLIEGOS;0.140938;Couche;
PAPEL;100600030;Papel Couche Brillante B-80 -- 115 gramos  25 x 38;24/07/2026;INGRESOS;2500.0;2500.0;PLIEGOS;0.176172;Couche;
PAPEL;100600032;Papel Couche Brillante B-100 -- 140 gramos  25 x 36;14/07/2026;INGRESOS;1750.0;1750.0;PLIEGOS;0.142195;Couche;
PAPEL;100600032;Papel Couche Brillante B-100 -- 140 gramos  25 x 36;22/07/2026;INGRESOS;13000.0;13000.0;PLIEGOS;1.056309;Couche;
PAPEL;100600033;Papel Couche Brillante B-100 -- 140 gramos  25 x 38;6/07/2026;INGRESOS;8000.0;8000.0;PLIEGOS;0.686308;Couche;
PAPEL;100600045;Papel Couche Brillante B-80 -- 115 gramos  30 x 40;6/07/2026;INGRESOS;2500.0;2500.0;PLIEGOS;0.22258;Couche;
PAPEL;100600045;Papel Couche Brillante B-80 -- 115 gramos  30 x 40;6/07/2026;INGRESOS;3000.0;3000.0;PLIEGOS;0.267096;Couche;
PAPEL;100600045;Papel Couche Brillante B-80 -- 115 gramos  30 x 40;22/07/2026;INGRESOS;1000.0;1000.0;PLIEGOS;0.089032;Couche;
PAPEL;100600068;Cartulina FBB Zenith --  C-22 330 gramos  25 x 38;3/07/2026;INGRESOS;2000.0;2000.0;PLIEGO;0.404515;C22-25;
PAPEL;100600155;Papel Bond 75 gramos -- 23 x 36;2/07/2026;INGRESOS;9500.0;9500.0;PLIEGOS;0.380315;Bond;
PAPESP;100700003;Adhesivo sin ciza -- normal 17*24;2/07/2026;INGRESOS;1400.0;1400.0;hoja(s);0.0;Papesp;
PAPESP;100700003;Adhesivo sin ciza -- normal 17*24;7/07/2026;INGRESOS;4800.0;4800.0;hoja(s);0.0;Papesp;
PAPESP;100700003;Adhesivo sin ciza -- normal 17*24;17/07/2026;INGRESOS;1100.0;1100.0;hoja(s);0.0;Papesp;
PAPESP;100700003;Adhesivo sin ciza -- normal 17*24;21/07/2026;INGRESOS;100.0;100.0;hoja(s);0.0;Papesp;
PAPESP;100700003;Adhesivo sin ciza -- normal 17*24;22/07/2026;INGRESOS;4100.0;4100.0;hoja(s);0.0;Papesp;
PAPESP;100700004;Adhesivo de seguridad -- 19.5*27.5;14/07/2026;INGRESOS;1100.0;1100.0;hoja(s);0.0;Papesp;
PAPESP;100700009;Cartulina Kraft -- C-15 225 gramos 38 x 23;8/07/2026;INGRESOS;127800.0;127800.0;hoja(s);16.205167;Kraft;
PAPESP;100700009;Cartulina Kraft -- C-15 225 gramos 38 x 23;13/07/2026;INGRESOS;18400.0;18400.0;hoja(s);2.333138;Kraft;
CARTULINA;100300005;Cartulina Husky -- C-10 230 gramos 25 x 38;10/08/2026;INGRESOS;0.0;0.0;hoja(s);0.0;C10-25H;
CARTULINA;100300005;Cartulina Husky -- C-10 230 gramos 25 x 38;14/08/2026;INGRESOS;14600.0;14600.0;hoja(s);2.057698;C10-25H;
CARTULINA;100300005;Cartulina Husky -- C-10 230 gramos 25 x 38;14/08/2026;CONSUMOS;14600.0;14600.0;hoja(s);2.057698;C10-25H;
CARTULINA;100300006;Cartulina Husky -- C-10 230 gramos 30 x 40;25/08/2026;INGRESOS;1600.0;1600.0;hoja(s);0.284902;C10-30H;
CARTULINA;100300006;Cartulina Husky -- C-10 230 gramos 30 x 40;26/08/2026;CONSUMOS;1600.0;1600.0;hoja(s);0.284902;C10-30H;
CARTULINA;100300008;Cartulina Husky -- C-12 270 gramos 25 x 36;3/08/2026;INGRESOS;0.0;0.0;hoja(s);0.0;C12-25H;
CARTULINA;100300008;Cartulina Husky -- C-12 270 gramos 25 x 36;4/08/2026;INGRESOS;32100.0;32100.0;hoja(s);5.03024;C12-25H;
CARTULINA;100300008;Cartulina Husky -- C-12 270 gramos 25 x 36;4/08/2026;CONSUMOS;32100.0;32100.0;hoja(s);5.03024;C12-25H;
CARTULINA;100300009;Cartulina Husky -- C-12 270 gramos 25 x 38;3/08/2026;INGRESOS;0.0;0.0;hoja(s);0.0;C12-25H;
CARTULINA;100300009;Cartulina Husky -- C-12 270 gramos 25 x 38;4/08/2026;INGRESOS;400.0;400.0;hoja(s);0.066179;C12-25H;
CARTULINA;100300009;Cartulina Husky -- C-12 270 gramos 25 x 38;4/08/2026;CONSUMOS;134.0;134.0;hoja(s);0.02217;C12-25H;
CARTULINA;100300009;Cartulina Husky -- C-12 270 gramos 25 x 38;4/08/2026;CONSUMOS;133.0;133.0;hoja(s);0.022004;C12-25H;
CARTULINA;100300009;Cartulina Husky -- C-12 270 gramos 25 x 38;4/08/2026;CONSUMOS;133.0;133.0;hoja(s);0.022004;C12-25H;
CARTULINA;100300010;Cartulina Husky -- C-12 270 gramos 30 x 40;10/08/2026;INGRESOS;0.0;0.0;hoja(s);0.0;C12-30H;
CARTULINA;100300010;Cartulina Husky -- C-12 270 gramos 30 x 40;14/08/2026;INGRESOS;1500.0;1500.0;hoja(s);0.313547;C12-30H;
CARTULINA;100300010;Cartulina Husky -- C-12 270 gramos 30 x 40;14/08/2026;CONSUMOS;800.0;800.0;hoja(s);0.167225;C12-30H;
CARTULINA;100300010;Cartulina Husky -- C-12 270 gramos 30 x 40;14/08/2026;CONSUMOS;400.0;400.0;hoja(s);0.083612;C12-30H;
CARTULINA;100300010;Cartulina Husky -- C-12 270 gramos 30 x 40;19/08/2026;INGRESOS;0.0;0.0;hoja(s);0.0;C12-30H;
CARTULINA;100300010;Cartulina Husky -- C-12 270 gramos 30 x 40;20/08/2026;INGRESOS;24800.0;24800.0;hoja(s);5.183989;C12-30H;
CARTULINA;100300010;Cartulina Husky -- C-12 270 gramos 30 x 40;25/08/2026;CONSUMOS;13700.0;13700.0;hoja(s);2.863736;C12-30H;
CARTULINA;100300010;Cartulina Husky -- C-12 270 gramos 30 x 40;25/08/2026;CONSUMOS;800.0;800.0;hoja(s);0.167225;C12-30H;
CARTULINA;100300010;Cartulina Husky -- C-12 270 gramos 30 x 40;25/08/2026;CONSUMOS;6900.0;6900.0;hoja(s);1.442319;C12-30H;
CARTULINA;100300010;Cartulina Husky -- C-12 270 gramos 30 x 40;25/08/2026;CONSUMOS;800.0;800.0;hoja(s);0.167225;C12-30H;
CARTULINA;100300010;Cartulina Husky -- C-12 270 gramos 30 x 40;25/08/2026;CONSUMOS;1000.0;1000.0;hoja(s);0.209031;C12-30H;
CARTULINA;100300010;Cartulina Husky -- C-12 270 gramos 30 x 40;25/08/2026;CONSUMOS;300.0;300.0;hoja(s);0.062709;C12-30H;
CARTULINA;100300010;Cartulina Husky -- C-12 270 gramos 30 x 40;25/08/2026;CONSUMOS;300.0;300.0;hoja(s);0.062709;C12-30H;
CARTULINA;100300010;Cartulina Husky -- C-12 270 gramos 30 x 40;25/08/2026;CONSUMOS;700.0;700.0;hoja(s);0.146322;C12-30H;
CARTULINA;100300011;Cartulina Husky -- C-14 300 gramos 25 x 38;6/08/2026;INGRESOS;0.0;0.0;hoja(s);0.0;C14-25H;
CARTULINA;100300011;Cartulina Husky -- C-14 300 gramos 25 x 38;7/08/2026;INGRESOS;1400.0;1400.0;hoja(s);0.257365;C14-25H;
CARTULINA;100300011;Cartulina Husky -- C-14 300 gramos 25 x 38;10/08/2026;CONSUMOS;1400.0;1400.0;hoja(s);0.257365;C14-25H;
CARTULINA;100300011;Cartulina Husky -- C-14 300 gramos 25 x 38;10/08/2026;CONSUMOS;1400.0;1400.0;hoja(s);0.257365;C14-25H;
CARTULINA;100300011;Cartulina Husky -- C-14 300 gramos 25 x 38;14/08/2026;CONSUMOS;1400.0;1400.0;hoja(s);0.257365;C14-25H;
CARTULINA;100300011;Cartulina Husky -- C-14 300 gramos 25 x 38;19/08/2026;CONSUMOS;150.0;150.0;hoja(s);0.027574;C14-25H;
CARTULINA;100300011;Cartulina Husky -- C-14 300 gramos 25 x 38;25/08/2026;INGRESOS;1000.0;1000.0;hoja(s);0.183832;C14-25H;
CARTULINA;100300011;Cartulina Husky -- C-14 300 gramos 25 x 38;26/08/2026;CONSUMOS;1000.0;1000.0;hoja(s);0.183832;C14-25H;
CARTULINA;100300012;Cartulina Husky -- C-14 300 gramos 30 x 40;3/08/2026;INGRESOS;8500.0;8500.0;hoja(s);1.974189;C14-30H;
CARTULINA;100300012;Cartulina Husky -- C-14 300 gramos 30 x 40;3/08/2026;INGRESOS;0.0;0.0;hoja(s);0.0;C14-30H;
CARTULINA;100300012;Cartulina Husky -- C-14 300 gramos 30 x 40;4/08/2026;CONSUMOS;8500.0;8500.0;hoja(s);1.974189;C14-30H;
CARTULINA;100300013;Cartulina Husky -- C-16 350 gramos 25 x 38;4/08/2026;CONSUMOS;100.0;100.0;hoja(s);0.021447;C16-25H;
CARTULINA;100300013;Cartulina Husky -- C-16 350 gramos 25 x 38;6/08/2026;INGRESOS;0.0;0.0;hoja(s);0.0;C16-25H;
CARTULINA;100300013;Cartulina Husky -- C-16 350 gramos 25 x 38;7/08/2026;INGRESOS;6000.0;6000.0;hoja(s);1.286827;C16-25H;
CARTULINA;100300013;Cartulina Husky -- C-16 350 gramos 25 x 38;8/08/2026;CONSUMOS;5800.0;5800.0;hoja(s);1.243933;C16-25H;
CARTULINA;100300013;Cartulina Husky -- C-16 350 gramos 25 x 38;8/08/2026;CONSUMOS;200.0;200.0;hoja(s);0.042894;C16-25H;
CARTULINA;100300013;Cartulina Husky -- C-16 350 gramos 25 x 38;8/08/2026;CONSUMOS;400.0;400.0;hoja(s);0.085788;C16-25H;
CARTULINA;100300298;Cartulina FBB Zenith LOCAL -- C-14 235 gramos 25 x 38;28/08/2026;CONSUMOS;2095.0;2095.0;hoja(s);0.301684;C14-25;
CARTULINA;100300704;Cartulina FBB Zenith LOCAL -- C-16 270 gramos 25 x 36;4/08/2026;CONSUMOS;1380.0;1380.0;hoja(s);0.216253;C16-25;
CARTULINA;100300704;Cartulina FBB Zenith LOCAL -- C-16 270 gramos 25 x 36;6/08/2026;INGRESOS;4500.0;4500.0;hoja(s);0.705173;C16-25;
CARTULINA;100300704;Cartulina FBB Zenith LOCAL -- C-16 270 gramos 25 x 36;6/08/2026;INGRESOS;0.0;0.0;hoja(s);0.0;C16-25;
CARTULINA;100300704;Cartulina FBB Zenith LOCAL -- C-16 270 gramos 25 x 36;7/08/2026;CONSUMOS;4500.0;4500.0;hoja(s);0.705173;C16-25;
CARTULINA;100300704;Cartulina FBB Zenith LOCAL -- C-16 270 gramos 25 x 36;10/08/2026;INGRESOS;0.0;0.0;hoja(s);0.0;C16-25;
CARTULINA;100300704;Cartulina FBB Zenith LOCAL -- C-16 270 gramos 25 x 36;11/08/2026;INGRESOS;3000.0;3000.0;hoja(s);0.470115;C16-25;
CARTULINA;100300704;Cartulina FBB Zenith LOCAL -- C-16 270 gramos 25 x 36;14/08/2026;CONSUMOS;3000.0;3000.0;hoja(s);0.470115;C16-25;
CARTULINA;100300704;Cartulina FBB Zenith LOCAL -- C-16 270 gramos 25 x 36;28/08/2026;INGRESOS;26200.0;26200.0;hoja(s);4.105678;C16-25;
CARTULINA;100300704;Cartulina FBB Zenith LOCAL -- C-16 270 gramos 25 x 36;28/08/2026;CONSUMOS;26200.0;26200.0;hoja(s);4.105678;C16-25;
CARTULINA;100300709;Cartulina FBB Zenith LOCAL -- C-16 270 gramos 25 x 38;3/08/2026;INGRESOS;21200.0;21200.0;hoja(s);3.507524;C16-25;
CARTULINA;100300709;Cartulina FBB Zenith LOCAL -- C-16 270 gramos 25 x 38;3/08/2026;INGRESOS;1400.0;1400.0;hoja(s);0.231628;C16-25;
CARTULINA;100300709;Cartulina FBB Zenith LOCAL -- C-16 270 gramos 25 x 38;3/08/2026;INGRESOS;1300.0;1300.0;hoja(s);0.215084;C16-25;
CARTULINA;100300709;Cartulina FBB Zenith LOCAL -- C-16 270 gramos 25 x 38;3/08/2026;INGRESOS;20700.0;20700.0;hoja(s);3.424799;C16-25;
CARTULINA;100300709;Cartulina FBB Zenith LOCAL -- C-16 270 gramos 25 x 38;3/08/2026;INGRESOS;0.0;0.0;hoja(s);0.0;C16-25;
CARTULINA;100300709;Cartulina FBB Zenith LOCAL -- C-16 270 gramos 25 x 38;3/08/2026;INGRESOS;0.0;0.0;hoja(s);0.0;C16-25;
CARTULINA;100300709;Cartulina FBB Zenith LOCAL -- C-16 270 gramos 25 x 38;3/08/2026;INGRESOS;0.0;0.0;hoja(s);0.0;C16-25;
CARTULINA;100300709;Cartulina FBB Zenith LOCAL -- C-16 270 gramos 25 x 38;3/08/2026;INGRESOS;0.0;0.0;hoja(s);0.0;C16-25;
CARTULINA;100300709;Cartulina FBB Zenith LOCAL -- C-16 270 gramos 25 x 38;3/08/2026;INGRESOS;0.0;0.0;hoja(s);0.0;C16-25;
CARTULINA;100300709;Cartulina FBB Zenith LOCAL -- C-16 270 gramos 25 x 38;4/08/2026;INGRESOS;1700.0;1700.0;hoja(s);0.281263;C16-25;
CARTULINA;100300709;Cartulina FBB Zenith LOCAL -- C-16 270 gramos 25 x 38;4/08/2026;CONSUMOS;3600.0;3600.0;hoja(s);0.595617;C16-25;
CARTULINA;100300709;Cartulina FBB Zenith LOCAL -- C-16 270 gramos 25 x 38;4/08/2026;CONSUMOS;3500.0;3500.0;hoja(s);0.579072;C16-25;
CARTULINA;100300709;Cartulina FBB Zenith LOCAL -- C-16 270 gramos 25 x 38;4/08/2026;CONSUMOS;5500.0;5500.0;hoja(s);0.90997;C16-25;
CARTULINA;100300709;Cartulina FBB Zenith LOCAL -- C-16 270 gramos 25 x 38;4/08/2026;CONSUMOS;3600.0;3600.0;hoja(s);0.595617;C16-25;
CARTULINA;100300709;Cartulina FBB Zenith LOCAL -- C-16 270 gramos 25 x 38;4/08/2026;CONSUMOS;2950.0;2950.0;hoja(s);0.488075;C16-25;
CARTULINA;100300709;Cartulina FBB Zenith LOCAL -- C-16 270 gramos 25 x 38;4/08/2026;CONSUMOS;1350.0;1350.0;hoja(s);0.223356;C16-25;
CARTULINA;100300709;Cartulina FBB Zenith LOCAL -- C-16 270 gramos 25 x 38;4/08/2026;CONSUMOS;5500.0;5500.0;hoja(s);0.90997;C16-25;
CARTULINA;100300709;Cartulina FBB Zenith LOCAL -- C-16 270 gramos 25 x 38;4/08/2026;CONSUMOS;2000.0;2000.0;hoja(s);0.330898;C16-25;
CARTULINA;100300709;Cartulina FBB Zenith LOCAL -- C-16 270 gramos 25 x 38;4/08/2026;CONSUMOS;5000.0;5000.0;hoja(s);0.827246;C16-25;
CARTULINA;100300709;Cartulina FBB Zenith LOCAL -- C-16 270 gramos 25 x 38;4/08/2026;CONSUMOS;3000.0;3000.0;hoja(s);0.496347;C16-25;
CARTULINA;100300709;Cartulina FBB Zenith LOCAL -- C-16 270 gramos 25 x 38;4/08/2026;CONSUMOS;1800.0;1800.0;hoja(s);0.297808;C16-25;
CARTULINA;100300709;Cartulina FBB Zenith LOCAL -- C-16 270 gramos 25 x 38;6/08/2026;INGRESOS;2800.0;2800.0;hoja(s);0.463257;C16-25;
CARTULINA;100300709;Cartulina FBB Zenith LOCAL -- C-16 270 gramos 25 x 38;6/08/2026;INGRESOS;0.0;0.0;hoja(s);0.0;C16-25;
CARTULINA;100300709;Cartulina FBB Zenith LOCAL -- C-16 270 gramos 25 x 38;7/08/2026;CONSUMOS;900.0;900.0;hoja(s);0.148904;C16-25;
CARTULINA;100300709;Cartulina FBB Zenith LOCAL -- C-16 270 gramos 25 x 38;7/08/2026;CONSUMOS;1900.0;1900.0;hoja(s);0.314353;C16-25;
CARTULINA;100300709;Cartulina FBB Zenith LOCAL -- C-16 270 gramos 25 x 38;7/08/2026;CONSUMOS;1700.0;1700.0;hoja(s);0.281263;C16-25;
CARTULINA;100300709;Cartulina FBB Zenith LOCAL -- C-16 270 gramos 25 x 38;7/08/2026;CONSUMOS;1340.0;1340.0;hoja(s);0.221701;C16-25;
CARTULINA;100300709;Cartulina FBB Zenith LOCAL -- C-16 270 gramos 25 x 38;7/08/2026;CONSUMOS;1360.0;1360.0;hoja(s);0.22501;C16-25;
CARTULINA;100300709;Cartulina FBB Zenith LOCAL -- C-16 270 gramos 25 x 38;14/08/2026;CONSUMOS;30.0;30.0;hoja(s);0.004963;C16-25;
CARTULINA;100300709;Cartulina FBB Zenith LOCAL -- C-16 270 gramos 25 x 38;19/08/2026;CONSUMOS;535.0;535.0;hoja(s);0.088515;C16-25;
CARTULINA;100300709;Cartulina FBB Zenith LOCAL -- C-16 270 gramos 25 x 38;19/08/2026;CONSUMOS;1660.0;1660.0;hoja(s);0.274645;C16-25;
CARTULINA;100300709;Cartulina FBB Zenith LOCAL -- C-16 270 gramos 25 x 38;25/08/2026;CONSUMOS;530.0;530.0;hoja(s);0.087688;C16-25;
CARTULINA;100300754;Cartulina FBB Zenith LOCAL -- C-16 270 gramos 30 x 40;3/08/2026;INGRESOS;25500.0;25500.0;hoja(s);5.330311;C16-30;
CARTULINA;100300754;Cartulina FBB Zenith LOCAL -- C-16 270 gramos 30 x 40;3/08/2026;INGRESOS;0.0;0.0;hoja(s);0.0;C16-30;
CARTULINA;100300754;Cartulina FBB Zenith LOCAL -- C-16 270 gramos 30 x 40;3/08/2026;INGRESOS;0.0;0.0;hoja(s);0.0;C16-30;
CARTULINA;100300754;Cartulina FBB Zenith LOCAL -- C-16 270 gramos 30 x 40;4/08/2026;INGRESOS;3000.0;3000.0;hoja(s);0.627095;C16-30;
CARTULINA;100300754;Cartulina FBB Zenith LOCAL -- C-16 270 gramos 30 x 40;4/08/2026;CONSUMOS;16800.0;16800.0;hoja(s);3.511734;C16-30;
CARTULINA;100300754;Cartulina FBB Zenith LOCAL -- C-16 270 gramos 30 x 40;4/08/2026;CONSUMOS;1400.0;1400.0;hoja(s);0.292644;C16-30;
CARTULINA;100300754;Cartulina FBB Zenith LOCAL -- C-16 270 gramos 30 x 40;4/08/2026;CONSUMOS;7315.0;7315.0;hoja(s);1.529067;C16-30;
CARTULINA;100300754;Cartulina FBB Zenith LOCAL -- C-16 270 gramos 30 x 40;7/08/2026;CONSUMOS;2985.0;2985.0;hoja(s);0.62396;C16-30;
CARTULINA;100300754;Cartulina FBB Zenith LOCAL -- C-16 270 gramos 30 x 40;10/08/2026;INGRESOS;0.0;0.0;hoja(s);0.0;C16-30;
CARTULINA;100300754;Cartulina FBB Zenith LOCAL -- C-16 270 gramos 30 x 40;14/08/2026;INGRESOS;500.0;500.0;hoja(s);0.104515;C16-30;
CARTULINA;100300754;Cartulina FBB Zenith LOCAL -- C-16 270 gramos 30 x 40;14/08/2026;CONSUMOS;500.0;500.0;hoja(s);0.104515;C16-30;
CARTULINA;100300754;Cartulina FBB Zenith LOCAL -- C-16 270 gramos 30 x 40;14/08/2026;INGRESOS;0.0;0.0;hoja(s);0.0;C16-30;
CARTULINA;100300754;Cartulina FBB Zenith LOCAL -- C-16 270 gramos 30 x 40;17/08/2026;INGRESOS;2100.0;2100.0;hoja(s);0.438966;C16-30;
CARTULINA;100300754;Cartulina FBB Zenith LOCAL -- C-16 270 gramos 30 x 40;24/08/2026;CONSUMOS;2100.0;2100.0;hoja(s);0.438966;C16-30;
CARTULINA;100300754;Cartulina FBB Zenith LOCAL -- C-16 270 gramos 30 x 40;24/08/2026;CONSUMOS;2100.0;2100.0;hoja(s);0.438966;C16-30;
CARTULINA;100300754;Cartulina FBB Zenith LOCAL -- C-16 270 gramos 30 x 40;24/08/2026;INGRESOS;0.0;0.0;hoja(s);0.0;C16-30;
CARTULINA;100300754;Cartulina FBB Zenith LOCAL -- C-16 270 gramos 30 x 40;25/08/2026;INGRESOS;4200.0;4200.0;hoja(s);0.877933;C16-30;
CARTULINA;100300754;Cartulina FBB Zenith LOCAL -- C-16 270 gramos 30 x 40;25/08/2026;CONSUMOS;2100.0;2100.0;hoja(s);0.438966;C16-30;
CARTULINA;100300754;Cartulina FBB Zenith LOCAL -- C-16 270 gramos 30 x 40;27/08/2026;CONSUMOS;1450.0;1450.0;hoja(s);0.303096;C16-30;
CARTULINA;100300996;Cartulina FBB Zenith LOCAL -- C-18 295 gramos 25 x 36;7/08/2026;CONSUMOS;265.0;265.0;hoja(s);0.045371;C18-25;
CARTULINA;100300996;Cartulina FBB Zenith LOCAL -- C-18 295 gramos 25 x 36;28/08/2026;INGRESOS;5600.0;5600.0;hoja(s);0.958804;C18-25;
CARTULINA;100301000;Cartulina FBB Zenith -- C-18 295 gramos 25 x 38;26/08/2026;CONSUMOS;6835.0;6835.0;hoja(s);1.235553;C18-25;
CARTULINA;100301000;Cartulina FBB Zenith -- C-18 295 gramos 25 x 38;26/08/2026;CONSUMOS;700.0;700.0;hoja(s);0.126538;C18-25;
CARTULINA;100301000;Cartulina FBB Zenith -- C-18 295 gramos 25 x 38;26/08/2026;CONSUMOS;2000.0;2000.0;hoja(s);0.361537;C18-25;
CARTULINA;100301000;Cartulina FBB Zenith -- C-18 295 gramos 25 x 38;26/08/2026;CONSUMOS;1210.0;1210.0;hoja(s);0.21873;C18-25;
CARTULINA;100301000;Cartulina FBB Zenith -- C-18 295 gramos 25 x 38;26/08/2026;CONSUMOS;1035.0;1035.0;hoja(s);0.187095;C18-25;
CARTULINA;100301000;Cartulina FBB Zenith -- C-18 295 gramos 25 x 38;26/08/2026;CONSUMOS;390.0;390.0;hoja(s);0.070499;C18-25;
CARTULINA;100301001;Cartulina FBB Zenith LOCAL -- C-18 295 gramos 25 x 38;7/08/2026;CONSUMOS;800.0;800.0;hoja(s);0.144614;C18-25;
CARTULINA;100301001;Cartulina FBB Zenith LOCAL -- C-18 295 gramos 25 x 38;7/08/2026;CONSUMOS;3300.0;3300.0;hoja(s);0.596536;C18-25;
CARTULINA;100301001;Cartulina FBB Zenith LOCAL -- C-18 295 gramos 25 x 38;7/08/2026;CONSUMOS;655.0;655.0;hoja(s);0.118403;C18-25;
CARTULINA;100301001;Cartulina FBB Zenith LOCAL -- C-18 295 gramos 25 x 38;7/08/2026;CONSUMOS;2375.0;2375.0;hoja(s);0.429325;C18-25;
CARTULINA;100301001;Cartulina FBB Zenith LOCAL -- C-18 295 gramos 25 x 38;7/08/2026;CONSUMOS;2145.0;2145.0;hoja(s);0.387748;C18-25;
CARTULINA;100301001;Cartulina FBB Zenith LOCAL -- C-18 295 gramos 25 x 38;7/08/2026;CONSUMOS;2145.0;2145.0;hoja(s);0.387748;C18-25;
CARTULINA;100301001;Cartulina FBB Zenith LOCAL -- C-18 295 gramos 25 x 38;7/08/2026;CONSUMOS;1720.0;1720.0;hoja(s);0.310922;C18-25;
CARTULINA;100301001;Cartulina FBB Zenith LOCAL -- C-18 295 gramos 25 x 38;14/08/2026;CONSUMOS;5055.0;5055.0;hoja(s);0.913785;C18-25;
CARTULINA;100301001;Cartulina FBB Zenith LOCAL -- C-18 295 gramos 25 x 38;25/08/2026;CONSUMOS;4200.0;4200.0;hoja(s);0.759228;C18-25;
CARTULINA;100301046;Cartulina FBB Zenith LOCAL -- C-18 295 gramos 30 x 40;7/08/2026;CONSUMOS;310.0;310.0;hoja(s);0.070799;C18-30;
CARTULINA;100301262;Cartulina FBB Zenith LOCAL -- C-20 325 gramos 30 x 40;14/08/2026;INGRESOS;0.0;0.0;hoja(s);0.0;C20-30;
CARTULINA;100301262;Cartulina FBB Zenith LOCAL -- C-20 325 gramos 30 x 40;18/08/2026;INGRESOS;1300.0;1300.0;hoja(s);0.327096;C20-30;
CARTULINA;100301262;Cartulina FBB Zenith LOCAL -- C-20 325 gramos 30 x 40;19/08/2026;CONSUMOS;6200.0;6200.0;hoja(s);1.559996;C20-30;
CARTULINA;100301262;Cartulina FBB Zenith LOCAL -- C-20 325 gramos 30 x 40;25/08/2026;INGRESOS;1400.0;1400.0;hoja(s);0.352257;C20-30;
CARTULINA;100301262;Cartulina FBB Zenith LOCAL -- C-20 325 gramos 30 x 40;26/08/2026;CONSUMOS;1400.0;1400.0;hoja(s);0.352257;C20-30;
CARTULINA;100301262;Cartulina FBB Zenith LOCAL -- C-20 325 gramos 30 x 40;26/08/2026;CONSUMOS;1400.0;1400.0;hoja(s);0.352257;C20-30;
CARTULINA;100301262;Cartulina FBB Zenith LOCAL -- C-20 325 gramos 30 x 40;27/08/2026;INGRESOS;22300.0;22300.0;hoja(s);5.610956;C20-30;
CARTULINA;100301262;Cartulina FBB Zenith LOCAL -- C-20 325 gramos 30 x 40;27/08/2026;CONSUMOS;22300.0;22300.0;hoja(s);5.610956;C20-30;
CARTULINA;100301343;Cartulina FBB Zenith LOCAL -- C-22 360 gramos 25 x 38;25/08/2026;INGRESOS;4500.0;4500.0;hoja(s);0.992695;C22-25;
CARTULINA;100301343;Cartulina FBB Zenith LOCAL -- C-22 360 gramos 25 x 38;26/08/2026;CONSUMOS;4500.0;4500.0;hoja(s);0.992695;C22-25;
CARTULINA;100301343;Cartulina FBB Zenith LOCAL -- C-22 360 gramos 25 x 38;26/08/2026;CONSUMOS;4500.0;4500.0;hoja(s);0.992695;C22-25;
CARTULINA;100301343;Cartulina FBB Zenith LOCAL -- C-22 360 gramos 25 x 38;27/08/2026;CONSUMOS;4300.0;4300.0;hoja(s);0.948575;C22-25;
CARTULINA;100301357;Rollo Cartulina ASIA SYMBOL C-18 295 g ancho 25;11/08/2026;CONSUMOS;533.0;533.0;METROS;0.101536;C18-25;
CARTULINA;100301394;Cartulina FBB Asia Symbol -- C-16 270 gramos  25 x 38;11/08/2026;INGRESOS;0.0;0.0;PLIEGO;0.0;C16-25;
CARTULINA;100301394;Cartulina FBB Asia Symbol -- C-16 270 gramos  25 x 38;12/08/2026;INGRESOS;2100.0;2100.0;PLIEGO;0.347443;C16-25;
CARTULINA;100301394;Cartulina FBB Asia Symbol -- C-16 270 gramos  25 x 38;14/08/2026;CONSUMOS;2100.0;2100.0;PLIEGO;0.347443;C16-25;
CARTULINA;100301804;Rollo Cartulina High Bulk Fulam C - 16 255 g ancho 35.5;14/08/2026;CONSUMOS;1243.0;1243.0;METROS;0.285902;C16-35.5;
CARTULINA;100301804;Rollo Cartulina High Bulk Fulam C - 16 255 g ancho 35.5;14/08/2026;CONSUMOS;647.0;647.0;METROS;0.148816;C16-35.5;
CARTULINA;100301838;Cartulina FBB Asia Symbol -- C-12 230 gramos  25 x 37;19/08/2026;CONSUMOS;180.0;180.0;PLIEGO;0.024685;C12-25;
CARTULINA;100301856;Rollo Cartulina OBAFREE --  C - 18 265 g ancho 23;11/08/2026;CONSUMOS;13524.0;13524.0;METROS;2.092974;C18-23;
CARTULINA;100301856;Rollo Cartulina OBAFREE --  C - 18 265 g ancho 23;29/08/2026;CONSUMOS;6832.0;6832.0;METROS;1.05732;C18-23;
CARTULINA;100301862;Rollo Cartulina ASIA SYMBOL C-12 230 g ancho 30.5;4/08/2026;CONSUMOS;1118.0;1118.0;METROS;0.199026;C12-31;
CARTULINA;100301862;Rollo Cartulina ASIA SYMBOL C-12 230 g ancho 30.5;4/08/2026;CONSUMOS;5769.0;5769.0;METROS;1.026997;C12-31;
CARTULINA;100301863;Rollo Cartulina ASIA SYMBOL C-14 235 g ancho 29;4/08/2026;CONSUMOS;625.0;625.0;METROS;0.1081;C14-29;
CARTULINA;100301863;Rollo Cartulina ASIA SYMBOL C-14 235 g ancho 29;4/08/2026;CONSUMOS;1983.0;1983.0;METROS;0.342979;C14-29;
CARTULINA;100301863;Rollo Cartulina ASIA SYMBOL C-14 235 g ancho 29;4/08/2026;CONSUMOS;267.0;267.0;METROS;0.04618;C14-29;
CARTULINA;100301863;Rollo Cartulina ASIA SYMBOL C-14 235 g ancho 29;5/08/2026;CONSUMOS;4999.0;4999.0;METROS;0.864627;C14-29;
CARTULINA;100301863;Rollo Cartulina ASIA SYMBOL C-14 235 g ancho 29;5/08/2026;CONSUMOS;6561.0;6561.0;METROS;1.13479;C14-29;
CARTULINA;100301863;Rollo Cartulina ASIA SYMBOL C-14 235 g ancho 29;13/08/2026;CONSUMOS;163.0;163.0;METROS;0.028192;C14-29;
CARTULINA;100301863;Rollo Cartulina ASIA SYMBOL C-14 235 g ancho 29;21/08/2026;CONSUMOS;9046.0;9046.0;METROS;1.564596;C14-29;
CARTULINA;100301863;Rollo Cartulina ASIA SYMBOL C-14 235 g ancho 29;26/08/2026;CONSUMOS;9801.0;9801.0;METROS;1.69518;C14-29;
CARTULINA;100301908;Rollo Cartulina Nine Dragons C - 13.6 215 g ancho 25 (29-89);4/08/2026;CONSUMOS;1356.0;1356.0;METROS;0.185127;C13.6-25;
CARTULINA;100301908;Rollo Cartulina Nine Dragons C - 13.6 215 g ancho 25 (29-89);4/08/2026;CONSUMOS;2077.0;2077.0;METROS;0.283562;C13.6-25;
CARTULINA;100301908;Rollo Cartulina Nine Dragons C - 13.6 215 g ancho 25 (29-89);4/08/2026;CONSUMOS;1514.0;1514.0;METROS;0.206698;C13.6-25;
CARTULINA;100301908;Rollo Cartulina Nine Dragons C - 13.6 215 g ancho 25 (29-89);4/08/2026;CONSUMOS;20032.0;20032.0;METROS;2.734868;C13.6-25;
CARTULINA;100301908;Rollo Cartulina Nine Dragons C - 13.6 215 g ancho 25 (29-89);5/08/2026;CONSUMOS;3158.0;3158.0;METROS;0.431145;C13.6-25;
CARTULINA;100301908;Rollo Cartulina Nine Dragons C - 13.6 215 g ancho 25 (29-89);6/08/2026;CONSUMOS;839.0;839.0;METROS;0.114544;C13.6-25;
CARTULINA;100301908;Rollo Cartulina Nine Dragons C - 13.6 215 g ancho 25 (29-89);10/08/2026;CONSUMOS;2316.0;2316.0;METROS;0.316191;C13.6-25;
CARTULINA;100301908;Rollo Cartulina Nine Dragons C - 13.6 215 g ancho 25 (29-89);10/08/2026;CONSUMOS;1344.0;1344.0;METROS;0.183489;C13.6-25;
CARTULINA;100301908;Rollo Cartulina Nine Dragons C - 13.6 215 g ancho 25 (29-89);10/08/2026;CONSUMOS;776.0;776.0;METROS;0.105943;C13.6-25;
CARTULINA;100301908;Rollo Cartulina Nine Dragons C - 13.6 215 g ancho 25 (29-89);10/08/2026;CONSUMOS;461.0;461.0;METROS;0.062938;C13.6-25;
CARTULINA;100301908;Rollo Cartulina Nine Dragons C - 13.6 215 g ancho 25 (29-89);13/08/2026;CONSUMOS;3056.0;3056.0;METROS;0.41722;C13.6-25;
CARTULINA;100301908;Rollo Cartulina Nine Dragons C - 13.6 215 g ancho 25 (29-89);13/08/2026;CONSUMOS;1550.0;1550.0;METROS;0.211613;C13.6-25;
CARTULINA;100301908;Rollo Cartulina Nine Dragons C - 13.6 215 g ancho 25 (29-89);13/08/2026;CONSUMOS;7789.0;7789.0;METROS;1.063393;C13.6-25;
CARTULINA;100301908;Rollo Cartulina Nine Dragons C - 13.6 215 g ancho 25 (29-89);13/08/2026;CONSUMOS;416.0;416.0;METROS;0.056794;C13.6-25;
CARTULINA;100301908;Rollo Cartulina Nine Dragons C - 13.6 215 g ancho 25 (29-89);13/08/2026;CONSUMOS;713.0;713.0;METROS;0.097342;C13.6-25;
CARTULINA;100301908;Rollo Cartulina Nine Dragons C - 13.6 215 g ancho 25 (29-89);13/08/2026;CONSUMOS;457.0;457.0;METROS;0.062391;C13.6-25;
CARTULINA;100301908;Rollo Cartulina Nine Dragons C - 13.6 215 g ancho 25 (29-89);14/08/2026;CONSUMOS;2293.0;2293.0;METROS;0.313051;C13.6-25;
CARTULINA;100301908;Rollo Cartulina Nine Dragons C - 13.6 215 g ancho 25 (29-89);14/08/2026;CONSUMOS;9903.0;9903.0;METROS;1.352007;C13.6-25;
CARTULINA;100301908;Rollo Cartulina Nine Dragons C - 13.6 215 g ancho 25 (29-89);14/08/2026;CONSUMOS;2551.0;2551.0;METROS;0.348275;C13.6-25;
CARTULINA;100301908;Rollo Cartulina Nine Dragons C - 13.6 215 g ancho 25 (29-89);18/08/2026;CONSUMOS;4398.0;4398.0;METROS;0.600436;C13.6-25;
CARTULINA;100301908;Rollo Cartulina Nine Dragons C - 13.6 215 g ancho 25 (29-89);18/08/2026;CONSUMOS;1050.0;1050.0;METROS;0.143351;C13.6-25;
CARTULINA;100301908;Rollo Cartulina Nine Dragons C - 13.6 215 g ancho 25 (29-89);24/08/2026;CONSUMOS;3287.0;3287.0;METROS;0.448757;C13.6-25;
CARTULINA;100301908;Rollo Cartulina Nine Dragons C - 13.6 215 g ancho 25 (29-89);24/08/2026;CONSUMOS;9277.0;9277.0;METROS;1.266542;C13.6-25;
CARTULINA;100301908;Rollo Cartulina Nine Dragons C - 13.6 215 g ancho 25 (29-89);24/08/2026;CONSUMOS;3270.0;3270.0;METROS;0.446436;C13.6-25;
CARTULINA;100301908;Rollo Cartulina Nine Dragons C - 13.6 215 g ancho 25 (29-89);24/08/2026;CONSUMOS;461.0;461.0;METROS;0.062938;C13.6-25;
CARTULINA;100301908;Rollo Cartulina Nine Dragons C - 13.6 215 g ancho 25 (29-89);24/08/2026;CONSUMOS;3944.0;3944.0;METROS;0.538454;C13.6-25;
CARTULINA;100301908;Rollo Cartulina Nine Dragons C - 13.6 215 g ancho 25 (29-89);24/08/2026;CONSUMOS;1758.0;1758.0;METROS;0.24001;C13.6-25;
CARTULINA;100301908;Rollo Cartulina Nine Dragons C - 13.6 215 g ancho 25 (29-89);25/08/2026;CONSUMOS;2205.0;2205.0;METROS;0.301037;C13.6-25;
CARTULINA;100301908;Rollo Cartulina Nine Dragons C - 13.6 215 g ancho 25 (29-89);25/08/2026;CONSUMOS;1368.0;1368.0;METROS;0.186766;C13.6-25;
CARTULINA;100301908;Rollo Cartulina Nine Dragons C - 13.6 215 g ancho 25 (29-89);25/08/2026;CONSUMOS;1967.0;1967.0;METROS;0.268544;C13.6-25;
CARTULINA;100301908;Rollo Cartulina Nine Dragons C - 13.6 215 g ancho 25 (29-89);25/08/2026;CONSUMOS;15514.0;15514.0;METROS;2.118048;C13.6-25;
CARTULINA;100301908;Rollo Cartulina Nine Dragons C - 13.6 215 g ancho 25 (29-89);26/08/2026;CONSUMOS;1421.0;1421.0;METROS;0.194002;C13.6-25;
CARTULINA;100301908;Rollo Cartulina Nine Dragons C - 13.6 215 g ancho 25 (29-89);26/08/2026;CONSUMOS;2041.0;2041.0;METROS;0.278647;C13.6-25;
CARTULINA;100301908;Rollo Cartulina Nine Dragons C - 13.6 215 g ancho 25 (29-89);26/08/2026;CONSUMOS;2028.0;2028.0;METROS;0.276872;C13.6-25;
CARTULINA;100301908;Rollo Cartulina Nine Dragons C - 13.6 215 g ancho 25 (29-89);26/08/2026;CONSUMOS;1928.0;1928.0;METROS;0.26322;C13.6-25;
CARTULINA;100301908;Rollo Cartulina Nine Dragons C - 13.6 215 g ancho 25 (29-89);26/08/2026;CONSUMOS;486.0;486.0;METROS;0.066351;C13.6-25;
CARTULINA;100301908;Rollo Cartulina Nine Dragons C - 13.6 215 g ancho 25 (29-89);29/08/2026;CONSUMOS;11842.0;11842.0;METROS;1.616729;C13.6-25;
CARTULINA;100301908;Rollo Cartulina Nine Dragons C - 13.6 215 g ancho 25 (29-89);29/08/2026;CONSUMOS;2414.0;2414.0;METROS;0.329571;C13.6-25;
CARTULINA;100301908;Rollo Cartulina Nine Dragons C - 13.6 215 g ancho 25 (29-89);29/08/2026;CONSUMOS;1169.0;1169.0;METROS;0.159597;C13.6-25;
CARTULINA;100301908;Rollo Cartulina Nine Dragons C - 13.6 215 g ancho 25 (29-89);29/08/2026;CONSUMOS;2977.0;2977.0;METROS;0.406434;C13.6-25;
CARTULINA;100301909;Rollo Cartulina Nine Dragons C - 13.6 215 g ancho 30 (29-89);26/08/2026;CONSUMOS;50042.0;50042.0;METROS;8.19838;C13.6-30;
CARTULINA;100301917;Rollo Cartulina Nine Dragons C - 16.3 255 g ancho 25 (29-89);4/08/2026;CONSUMOS;2055.0;2055.0;METROS;0.332755;C16.3-25;
CARTULINA;100301917;Rollo Cartulina Nine Dragons C - 16.3 255 g ancho 25 (29-89);4/08/2026;CONSUMOS;1232.0;1232.0;METROS;0.199491;C16.3-25;
CARTULINA;100301917;Rollo Cartulina Nine Dragons C - 16.3 255 g ancho 25 (29-89);4/08/2026;CONSUMOS;3984.0;3984.0;METROS;0.645109;C16.3-25;
CARTULINA;100301917;Rollo Cartulina Nine Dragons C - 16.3 255 g ancho 25 (29-89);4/08/2026;CONSUMOS;1414.0;1414.0;METROS;0.228961;C16.3-25;
CARTULINA;100301917;Rollo Cartulina Nine Dragons C - 16.3 255 g ancho 25 (29-89);4/08/2026;CONSUMOS;973.0;973.0;METROS;0.157553;C16.3-25;
CARTULINA;100301917;Rollo Cartulina Nine Dragons C - 16.3 255 g ancho 25 (29-89);4/08/2026;CONSUMOS;1384.0;1384.0;METROS;0.224104;C16.3-25;
CARTULINA;100301917;Rollo Cartulina Nine Dragons C - 16.3 255 g ancho 25 (29-89);5/08/2026;CONSUMOS;3075.0;3075.0;METROS;0.497919;C16.3-25;
CARTULINA;100301917;Rollo Cartulina Nine Dragons C - 16.3 255 g ancho 25 (29-89);6/08/2026;CONSUMOS;10659.0;10659.0;METROS;1.725958;C16.3-25;
CARTULINA;100301917;Rollo Cartulina Nine Dragons C - 16.3 255 g ancho 25 (29-89);6/08/2026;CONSUMOS;729.0;729.0;METROS;0.118043;C16.3-25;
CARTULINA;100301917;Rollo Cartulina Nine Dragons C - 16.3 255 g ancho 25 (29-89);6/08/2026;CONSUMOS;4013.0;4013.0;METROS;0.649805;C16.3-25;
CARTULINA;100301917;Rollo Cartulina Nine Dragons C - 16.3 255 g ancho 25 (29-89);6/08/2026;CONSUMOS;12982.0;12982.0;METROS;2.10211;C16.3-25;
CARTULINA;100301917;Rollo Cartulina Nine Dragons C - 16.3 255 g ancho 25 (29-89);6/08/2026;CONSUMOS;825.0;825.0;METROS;0.133588;C16.3-25;
CARTULINA;100301917;Rollo Cartulina Nine Dragons C - 16.3 255 g ancho 25 (29-89);6/08/2026;CONSUMOS;943.0;943.0;METROS;0.152695;C16.3-25;
CARTULINA;100301917;Rollo Cartulina Nine Dragons C - 16.3 255 g ancho 25 (29-89);6/08/2026;CONSUMOS;2068.0;2068.0;METROS;0.33486;C16.3-25;
CARTULINA;100301917;Rollo Cartulina Nine Dragons C - 16.3 255 g ancho 25 (29-89);6/08/2026;CONSUMOS;1940.0;1940.0;METROS;0.314134;C16.3-25;
CARTULINA;100301917;Rollo Cartulina Nine Dragons C - 16.3 255 g ancho 25 (29-89);6/08/2026;CONSUMOS;100.0;100.0;METROS;0.016192;C16.3-25;
CARTULINA;100301917;Rollo Cartulina Nine Dragons C - 16.3 255 g ancho 25 (29-89);10/08/2026;CONSUMOS;997.0;997.0;METROS;0.161439;C16.3-25;
CARTULINA;100301917;Rollo Cartulina Nine Dragons C - 16.3 255 g ancho 25 (29-89);10/08/2026;CONSUMOS;16046.0;16046.0;METROS;2.598248;C16.3-25;
CARTULINA;100301917;Rollo Cartulina Nine Dragons C - 16.3 255 g ancho 25 (29-89);10/08/2026;CONSUMOS;1166.0;1166.0;METROS;0.188804;C16.3-25;
CARTULINA;100301917;Rollo Cartulina Nine Dragons C - 16.3 255 g ancho 25 (29-89);10/08/2026;CONSUMOS;618.0;618.0;METROS;0.100069;C16.3-25;
CARTULINA;100301917;Rollo Cartulina Nine Dragons C - 16.3 255 g ancho 25 (29-89);10/08/2026;CONSUMOS;1170.0;1170.0;METROS;0.189452;C16.3-25;
CARTULINA;100301917;Rollo Cartulina Nine Dragons C - 16.3 255 g ancho 25 (29-89);10/08/2026;CONSUMOS;1107.0;1107.0;METROS;0.17925;C16.3-25;
CARTULINA;100301917;Rollo Cartulina Nine Dragons C - 16.3 255 g ancho 25 (29-89);11/08/2026;CONSUMOS;2253.0;2253.0;METROS;0.364817;C16.3-25;
CARTULINA;100301917;Rollo Cartulina Nine Dragons C - 16.3 255 g ancho 25 (29-89);11/08/2026;CONSUMOS;2171.0;2171.0;METROS;0.351539;C16.3-25;
CARTULINA;100301917;Rollo Cartulina Nine Dragons C - 16.3 255 g ancho 25 (29-89);11/08/2026;CONSUMOS;2426.0;2426.0;METROS;0.39283;C16.3-25;
CARTULINA;100301917;Rollo Cartulina Nine Dragons C - 16.3 255 g ancho 25 (29-89);11/08/2026;CONSUMOS;1835.0;1835.0;METROS;0.297132;C16.3-25;
CARTULINA;100301920;Rollo Cartulina Nine Dragons C - 16.3 255 g ancho 35.5 (29-89);14/08/2026;CONSUMOS;188.0;188.0;METROS;0.043193;C16.3-35.5;
CARTULINA;100301920;Rollo Cartulina Nine Dragons C - 16.3 255 g ancho 35.5 (29-89);14/08/2026;CONSUMOS;3469.0;3469.0;METROS;0.79702;C16.3-35.5;
CARTULINA;100301924;Rollo Cartulina Nine Dragons C - 18.3 290 g ancho 25;4/08/2026;INGRESOS;0.0;0.0;METROS;0.0;C18-25;
CARTULINA;100301924;Rollo Cartulina Nine Dragons C - 18.3 290 g ancho 25;11/08/2026;CONSUMOS;5949.0;5949.0;METROS;1.095508;C18-25;
CARTULINA;100301924;Rollo Cartulina Nine Dragons C - 18.3 290 g ancho 25;11/08/2026;CONSUMOS;2146.0;2146.0;METROS;0.395185;C18-25;
CARTULINA;100301924;Rollo Cartulina Nine Dragons C - 18.3 290 g ancho 25;11/08/2026;CONSUMOS;4849.0;4849.0;METROS;0.892943;C18-25;
CARTULINA;100301924;Rollo Cartulina Nine Dragons C - 18.3 290 g ancho 25;11/08/2026;CONSUMOS;5483.0;5483.0;METROS;1.009694;C18-25;
CARTULINA;100301924;Rollo Cartulina Nine Dragons C - 18.3 290 g ancho 25;11/08/2026;CONSUMOS;1080.0;1080.0;METROS;0.198882;C18-25;
CARTULINA;100301924;Rollo Cartulina Nine Dragons C - 18.3 290 g ancho 25;11/08/2026;CONSUMOS;2613.0;2613.0;METROS;0.481183;C18-25;
CARTULINA;100301924;Rollo Cartulina Nine Dragons C - 18.3 290 g ancho 25;11/08/2026;CONSUMOS;6491.0;6491.0;METROS;1.195317;C18-25;
CARTULINA;100301924;Rollo Cartulina Nine Dragons C - 18.3 290 g ancho 25;11/08/2026;CONSUMOS;7235.0;7235.0;METROS;1.332325;C18-25;
CARTULINA;100301924;Rollo Cartulina Nine Dragons C - 18.3 290 g ancho 25;11/08/2026;CONSUMOS;5466.0;5466.0;METROS;1.006563;C18-25;
CARTULINA;100301924;Rollo Cartulina Nine Dragons C - 18.3 290 g ancho 25;11/08/2026;CONSUMOS;87630.0;87630.0;METROS;16.137064;C18-25;
CARTULINA;100301924;Rollo Cartulina Nine Dragons C - 18.3 290 g ancho 25;11/08/2026;CONSUMOS;2948.0;2948.0;METROS;0.542874;C18-25;
CARTULINA;100301924;Rollo Cartulina Nine Dragons C - 18.3 290 g ancho 25;11/08/2026;CONSUMOS;4526.0;4526.0;METROS;0.833462;C18-25;
CARTULINA;100301924;Rollo Cartulina Nine Dragons C - 18.3 290 g ancho 25;11/08/2026;CONSUMOS;6162.0;6162.0;METROS;1.134732;C18-25;
CARTULINA;100301924;Rollo Cartulina Nine Dragons C - 18.3 290 g ancho 25;11/08/2026;CONSUMOS;2792.0;2792.0;METROS;0.514146;C18-25;
CARTULINA;100301924;Rollo Cartulina Nine Dragons C - 18.3 290 g ancho 25;11/08/2026;CONSUMOS;9677.0;9677.0;METROS;1.782019;C18-25;
CARTULINA;100301924;Rollo Cartulina Nine Dragons C - 18.3 290 g ancho 25;11/08/2026;CONSUMOS;3175.0;3175.0;METROS;0.584676;C18-25;
CARTULINA;100301924;Rollo Cartulina Nine Dragons C - 18.3 290 g ancho 25;11/08/2026;CONSUMOS;1687.0;1687.0;METROS;0.310661;C18-25;
CARTULINA;100301924;Rollo Cartulina Nine Dragons C - 18.3 290 g ancho 25;11/08/2026;CONSUMOS;5896.0;5896.0;METROS;1.085748;C18-25;
CARTULINA;100301924;Rollo Cartulina Nine Dragons C - 18.3 290 g ancho 25;11/08/2026;CONSUMOS;157.0;157.0;METROS;0.028911;C18-25;
CARTULINA;100301924;Rollo Cartulina Nine Dragons C - 18.3 290 g ancho 25;11/08/2026;CONSUMOS;6381.0;6381.0;METROS;1.175061;C18-25;
CARTULINA;100301924;Rollo Cartulina Nine Dragons C - 18.3 290 g ancho 25;11/08/2026;CONSUMOS;446.0;446.0;METROS;0.08213;C18-25;
CARTULINA;100301924;Rollo Cartulina Nine Dragons C - 18.3 290 g ancho 25;11/08/2026;CONSUMOS;2483.0;2483.0;METROS;0.457244;C18-25;
CARTULINA;100301924;Rollo Cartulina Nine Dragons C - 18.3 290 g ancho 25;11/08/2026;CONSUMOS;2364.0;2364.0;METROS;0.43533;C18-25;
CARTULINA;100301924;Rollo Cartulina Nine Dragons C - 18.3 290 g ancho 25;11/08/2026;CONSUMOS;732.0;732.0;METROS;0.134797;C18-25;
CARTULINA;100301924;Rollo Cartulina Nine Dragons C - 18.3 290 g ancho 25;11/08/2026;CONSUMOS;1853.0;1853.0;METROS;0.341229;C18-25;
CARTULINA;100301924;Rollo Cartulina Nine Dragons C - 18.3 290 g ancho 25;11/08/2026;CONSUMOS;978.0;978.0;METROS;0.180098;C18-25;
CARTULINA;100301924;Rollo Cartulina Nine Dragons C - 18.3 290 g ancho 25;13/08/2026;CONSUMOS;2595.0;2595.0;METROS;0.477869;C18-25;
CARTULINA;100301924;Rollo Cartulina Nine Dragons C - 18.3 290 g ancho 25;13/08/2026;CONSUMOS;5999.0;5999.0;METROS;1.104715;C18-25;
CARTULINA;100301924;Rollo Cartulina Nine Dragons C - 18.3 290 g ancho 25;13/08/2026;CONSUMOS;1414.0;1414.0;METROS;0.260388;C18-25;
CARTULINA;100301924;Rollo Cartulina Nine Dragons C - 18.3 290 g ancho 25;25/08/2026;CONSUMOS;12663.0;12663.0;METROS;2.331891;C18-25;
CARTULINA;100301924;Rollo Cartulina Nine Dragons C - 18.3 290 g ancho 25;25/08/2026;CONSUMOS;1750.0;1750.0;METROS;0.322262;C18-25;
CARTULINA;100301924;Rollo Cartulina Nine Dragons C - 18.3 290 g ancho 25;25/08/2026;CONSUMOS;3350.0;3350.0;METROS;0.616902;C18-25;
CARTULINA;100301924;Rollo Cartulina Nine Dragons C - 18.3 290 g ancho 25;25/08/2026;CONSUMOS;1960.0;1960.0;METROS;0.360934;C18-25;
CARTULINA;100301924;Rollo Cartulina Nine Dragons C - 18.3 290 g ancho 25;25/08/2026;CONSUMOS;1116.0;1116.0;METROS;0.205511;C18-25;
CARTULINA;100301924;Rollo Cartulina Nine Dragons C - 18.3 290 g ancho 25;25/08/2026;CONSUMOS;28477.0;28477.0;METROS;5.244039;C18-25;
CARTULINA;100301924;Rollo Cartulina Nine Dragons C - 18.3 290 g ancho 25;25/08/2026;CONSUMOS;2147.0;2147.0;METROS;0.39537;C18-25;
CARTULINA;100301924;Rollo Cartulina Nine Dragons C - 18.3 290 g ancho 25;27/08/2026;CONSUMOS;2281.0;2281.0;METROS;0.420046;C18-25;
CARTULINA;100301924;Rollo Cartulina Nine Dragons C - 18.3 290 g ancho 25;27/08/2026;CONSUMOS;1762.0;1762.0;METROS;0.324472;C18-25;
CARTULINA;100301924;Rollo Cartulina Nine Dragons C - 18.3 290 g ancho 25;29/08/2026;CONSUMOS;747.0;747.0;METROS;0.13756;C18-25;
CARTULINA;100301932;Rollo Cartulina Policote 1PE0/15 C-13.5 225g ancho 36 REGIONAL;28/08/2026;INGRESOS;20005.0;20005.0;METROS;4.114028;POLICOTE;
CARTULINA;100301933;Rollo Cartulina Policote 1PE0/15 C-13.5 225g ancho 36.5 REGIONAL;28/08/2026;INGRESOS;83567.0;83567.0;METROS;17.429987;POLICOTE;
CARTULINA;100301934;Cartulina FBB NINE DRAGONS -- C-16.3 255 gramos 27 x 34.5 (29-89);27/08/2026;CONSUMOS;2735.0;2735.0;hoja(s);0.418496;C16.3-27;
CARTULINA;100304510;Cartulina FBB DUPLEX MIRABELL -- C-17 320 gramos  22 x 38.5;24/08/2026;INGRESOS;235182.0;235182.0;PLIEGO;41.028233;COLGATE-150;
CARTULINA;100304510;Cartulina FBB DUPLEX MIRABELL -- C-17 320 gramos  22 x 38.5;24/08/2026;INGRESOS;235182.0;235182.0;PLIEGO;-41.028233;COLGATE-150;
CARTULINA;100304510;Cartulina FBB DUPLEX MIRABELL -- C-17 320 gramos  22 x 38.5;24/08/2026;INGRESOS;235182.0;235182.0;PLIEGO;41.028233;COLGATE-150;
CARTULINA;100304510;Cartulina FBB DUPLEX MIRABELL -- C-17 320 gramos  22 x 38.5;28/08/2026;INGRESOS;0.0;0.0;PLIEGO;0.0;COLGATE-150;
CARTULINA;100304525;Cartulina SPARK C-18 270 gr 30 X 40;3/08/2026;INGRESOS;3200.0;3200.0;Pliego(s);0.668901;Spark;
CARTULINA;100304525;Cartulina SPARK C-18 270 gr 30 X 40;3/08/2026;INGRESOS;0.0;0.0;Pliego(s);0.0;Spark;
CARTULINA;100304525;Cartulina SPARK C-18 270 gr 30 X 40;4/08/2026;CONSUMOS;7000.0;7000.0;Pliego(s);1.463222;Spark;
CARTULINA;100304525;Cartulina SPARK C-18 270 gr 30 X 40;7/08/2026;CONSUMOS;4200.0;4200.0;Pliego(s);0.877933;Spark;
CARTULINA;100304530;Cartulina SPARK C-20 295 gr 30 X 40;27/08/2026;CONSUMOS;600.0;600.0;Pliego(s);0.137031;Spark;
CARTULINA 29-89;100304547;Rollo Cartulina Spectra Natural -- C-18 267g ancho 27;5/08/2026;CONSUMOS;38999.0;38999.0;METROS;7.141052;BIMBO;
CARTULINA;100304549;Rollo Cartulina LSH Super Bulk C-16 255g ancho 25;27/08/2026;CONSUMOS;12403.0;12403.0;METROS;2.008355;C16-25;
CARTULINA;100304549;Rollo Cartulina LSH Super Bulk C-16 255g ancho 25;27/08/2026;CONSUMOS;41314.0;41314.0;METROS;6.689769;C16-25;
CARTULINA;100304549;Rollo Cartulina LSH Super Bulk C-16 255g ancho 25;27/08/2026;CONSUMOS;198.0;198.0;METROS;0.032061;C16-25;
CARTULINA;100304563;Rollo Cartulina Nine Dragons C - 12 205 g ancho 25 (29-89);4/08/2026;CONSUMOS;2946.0;2946.0;METROS;0.383495;C12-25;
CARTULINA;100304563;Rollo Cartulina Nine Dragons C - 12 205 g ancho 25 (29-89);10/08/2026;CONSUMOS;6506.0;6506.0;METROS;0.846918;C12-25;
CARTULINA;100304563;Rollo Cartulina Nine Dragons C - 12 205 g ancho 25 (29-89);10/08/2026;CONSUMOS;3278.0;3278.0;METROS;0.426713;C12-25;
CARTULINA;100304565;Rollo Cartulina DEDICA FSC --  C - 13.5 225 g ancho 23.125;4/08/2026;CONSUMOS;16005.0;16005.0;Metro(s);2.11386;OLMECA;
CARTULINA;100304565;Rollo Cartulina DEDICA FSC --  C - 13.5 225 g ancho 23.125;4/08/2026;CONSUMOS;8004.0;8004.0;Metro(s);1.057128;OLMECA;
CARTULINA;100304565;Rollo Cartulina DEDICA FSC --  C - 13.5 225 g ancho 23.125;18/08/2026;CONSUMOS;15634.0;15634.0;Metro(s);2.06486;OLMECA;
CARTULINA;100304565;Rollo Cartulina DEDICA FSC --  C - 13.5 225 g ancho 23.125;18/08/2026;CONSUMOS;8000.0;8000.0;Metro(s);1.0566;OLMECA;
CARTULINA;100304565;Rollo Cartulina DEDICA FSC --  C - 13.5 225 g ancho 23.125;28/08/2026;INGRESOS;265828.0;265828.0;Metro(s);35.109233;OLMECA;
CARTULINA;100304565;Rollo Cartulina DEDICA FSC --  C - 13.5 225 g ancho 23.125;29/08/2026;CONSUMOS;8186.0;8186.0;Metro(s);1.081165;OLMECA;
CARTULINA;100304619;Rollo Cartulina BRIGHT   --  C-16 245 g ancho 23;4/08/2026;CONSUMOS;7808.0;7808.0;METROS;1.117168;BAY-C16-23;
CARTULINA;100304619;Rollo Cartulina BRIGHT   --  C-16 245 g ancho 23;4/08/2026;CONSUMOS;26920.0;26920.0;METROS;3.851713;BAY-C16-23;
CARTULINA;100304619;Rollo Cartulina BRIGHT   --  C-16 245 g ancho 23;29/08/2026;CONSUMOS;39134.0;39134.0;METROS;5.599292;BAY-C16-23;
CARTULINA;100304625;Rollo Cartulina ASIA SYMBOL C-14 235 g ancho 28.5;4/08/2026;CONSUMOS;1014.0;1014.0;METROS;0.172283;C14-29;
CARTULINA;100304640;Rollo Cartulina OBAFREE --  C-15 230 g ancho 25.5;4/08/2026;INGRESOS;260393.0;260393.0;METROS;38.749082;FOSFORERA;
CARTULINA;100304640;Rollo Cartulina OBAFREE --  C-15 230 g ancho 25.5;4/08/2026;CONSUMOS;35644.0;35644.0;METROS;5.304183;FOSFORERA;
CARTULINA;100304640;Rollo Cartulina OBAFREE --  C-15 230 g ancho 25.5;4/08/2026;CONSUMOS;44245.0;44245.0;METROS;6.584098;FOSFORERA;
CARTULINA;100304640;Rollo Cartulina OBAFREE --  C-15 230 g ancho 25.5;21/08/2026;INGRESOS;0.0;0.0;METROS;0.0;FOSFORERA;
CARTULINA;100304640;Rollo Cartulina OBAFREE --  C-15 230 g ancho 25.5;24/08/2026;INGRESOS;238905.0;238905.0;METROS;35.551453;FOSFORERA;
CARTULINA;100304640;Rollo Cartulina OBAFREE --  C-15 230 g ancho 25.5;24/08/2026;INGRESOS;238905.0;238905.0;METROS;-35.551453;FOSFORERA;
CARTULINA;100304640;Rollo Cartulina OBAFREE --  C-15 230 g ancho 25.5;24/08/2026;INGRESOS;238905.0;238905.0;METROS;35.551453;FOSFORERA;
CARTULINA;100304640;Rollo Cartulina OBAFREE --  C-15 230 g ancho 25.5;28/08/2026;INGRESOS;0.0;0.0;METROS;0.0;FOSFORERA;
CARTULINA;100304640;Rollo Cartulina OBAFREE --  C-15 230 g ancho 25.5;29/08/2026;CONSUMOS;44875.0;44875.0;METROS;6.677848;FOSFORERA;
CARTULINA;100304640;Rollo Cartulina OBAFREE --  C-15 230 g ancho 25.5;29/08/2026;CONSUMOS;31422.0;31422.0;METROS;4.675907;FOSFORERA;
CARTULINA;100305183;Cartulina FBB ASIA SYMBOL -- C-20 325 gramos  25 x 38;3/08/2026;INGRESOS;16100.0;16100.0;PLIEGOS;3.206345;C20-25;
CARTULINA;100305183;Cartulina FBB ASIA SYMBOL -- C-20 325 gramos  25 x 38;3/08/2026;INGRESOS;0.0;0.0;PLIEGOS;0.0;C20-25;
CARTULINA;100305183;Cartulina FBB ASIA SYMBOL -- C-20 325 gramos  25 x 38;3/08/2026;INGRESOS;0.0;0.0;PLIEGOS;0.0;C20-25;
CARTULINA;100305183;Cartulina FBB ASIA SYMBOL -- C-20 325 gramos  25 x 38;3/08/2026;INGRESOS;0.0;0.0;PLIEGOS;0.0;C20-25;
CARTULINA;100305183;Cartulina FBB ASIA SYMBOL -- C-20 325 gramos  25 x 38;4/08/2026;CONSUMOS;16100.0;16100.0;PLIEGOS;3.206345;C20-25;
CARTULINA;100305183;Cartulina FBB ASIA SYMBOL -- C-20 325 gramos  25 x 38;4/08/2026;CONSUMOS;16100.0;16100.0;PLIEGOS;3.206345;C20-25;
CARTULINA;100305183;Cartulina FBB ASIA SYMBOL -- C-20 325 gramos  25 x 38;4/08/2026;INGRESOS;4000.0;4000.0;PLIEGOS;0.796607;C20-25;
CARTULINA;100305183;Cartulina FBB ASIA SYMBOL -- C-20 325 gramos  25 x 38;4/08/2026;CONSUMOS;3000.0;3000.0;PLIEGOS;0.597455;C20-25;
CARTULINA;100305183;Cartulina FBB ASIA SYMBOL -- C-20 325 gramos  25 x 38;4/08/2026;CONSUMOS;3100.0;3100.0;PLIEGOS;0.61737;C20-25;
CARTULINA;100305183;Cartulina FBB ASIA SYMBOL -- C-20 325 gramos  25 x 38;8/08/2026;CONSUMOS;4000.0;4000.0;PLIEGOS;0.796607;C20-25;
CARTULINA;100305183;Cartulina FBB ASIA SYMBOL -- C-20 325 gramos  25 x 38;8/08/2026;CONSUMOS;7600.0;7600.0;PLIEGOS;1.513554;C20-25;
CARTULINA;100305183;Cartulina FBB ASIA SYMBOL -- C-20 325 gramos  25 x 38;11/08/2026;INGRESOS;0.0;0.0;PLIEGOS;0.0;C20-25;
CARTULINA;100305183;Cartulina FBB ASIA SYMBOL -- C-20 325 gramos  25 x 38;12/08/2026;INGRESOS;1000.0;1000.0;PLIEGOS;0.199151;C20-25;
CARTULINA;100305183;Cartulina FBB ASIA SYMBOL -- C-20 325 gramos  25 x 38;14/08/2026;CONSUMOS;1700.0;1700.0;PLIEGOS;0.338558;C20-25;
CARTULINA;100305183;Cartulina FBB ASIA SYMBOL -- C-20 325 gramos  25 x 38;14/08/2026;CONSUMOS;1000.0;1000.0;PLIEGOS;0.199151;C20-25;
CARTULINA;100305183;Cartulina FBB ASIA SYMBOL -- C-20 325 gramos  25 x 38;17/08/2026;INGRESOS;0.0;0.0;PLIEGOS;0.0;C20-25;
CARTULINA;100305183;Cartulina FBB ASIA SYMBOL -- C-20 325 gramos  25 x 38;18/08/2026;INGRESOS;3200.0;3200.0;PLIEGOS;0.637286;C20-25;
CARTULINA;100305183;Cartulina FBB ASIA SYMBOL -- C-20 325 gramos  25 x 38;18/08/2026;INGRESOS;3000.0;3000.0;PLIEGOS;0.597455;C20-25;
CARTULINA;100305183;Cartulina FBB ASIA SYMBOL -- C-20 325 gramos  25 x 38;19/08/2026;CONSUMOS;2445.0;2445.0;PLIEGOS;0.486926;C20-25;
CARTULINA;100305183;Cartulina FBB ASIA SYMBOL -- C-20 325 gramos  25 x 38;19/08/2026;CONSUMOS;1455.0;1455.0;PLIEGOS;0.289765;C20-25;
CARTULINA;100305183;Cartulina FBB ASIA SYMBOL -- C-20 325 gramos  25 x 38;27/08/2026;CONSUMOS;3000.0;3000.0;PLIEGOS;0.597455;C20-25;
CARTULINA 29-89;100305967;Rollo Cartulina Nine Dragons C - 18.3 290 g ancho 29;11/08/2026;CONSUMOS;463.0;463.0;METROS;0.098956;C18-29-COSC;
CARTULINA 29-89;100305969;Cartulina FBB DRAGONS -- C-15.7 245 gramos 34.5 x 27;14/08/2026;CONSUMOS;66860.0;66860.0;PLIEGOS;9.829402;HONDURAS FOS;
CARTULINA 29-89;100305969;Cartulina FBB DRAGONS -- C-15.7 245 gramos 34.5 x 27;25/08/2026;CONSUMOS;2935.0;2935.0;PLIEGOS;0.431488;HONDURAS FOS;
CARTULINA 29-89;100305969;Cartulina FBB DRAGONS -- C-15.7 245 gramos 34.5 x 27;25/08/2026;CONSUMOS;2400.0;2400.0;PLIEGOS;0.352835;HONDURAS FOS;
CARTULINA 29-89;100305969;Cartulina FBB DRAGONS -- C-15.7 245 gramos 34.5 x 27;25/08/2026;CONSUMOS;1660.0;1660.0;PLIEGOS;0.244044;HONDURAS FOS;
CARTULINA 29-89;100305969;Cartulina FBB DRAGONS -- C-15.7 245 gramos 34.5 x 27;25/08/2026;CONSUMOS;5670.0;5670.0;PLIEGOS;0.833573;HONDURAS FOS;
CARTULINA 29-89;100305969;Cartulina FBB DRAGONS -- C-15.7 245 gramos 34.5 x 27;25/08/2026;CONSUMOS;2085.0;2085.0;PLIEGOS;0.306525;HONDURAS FOS;
CARTULINA 29-89;100305969;Cartulina FBB DRAGONS -- C-15.7 245 gramos 34.5 x 27;25/08/2026;CONSUMOS;8375.0;8375.0;PLIEGOS;1.231248;HONDURAS FOS;
CARTULINA 29-89;100305969;Cartulina FBB DRAGONS -- C-15.7 245 gramos 34.5 x 27;25/08/2026;CONSUMOS;1235.0;1235.0;PLIEGOS;0.181563;HONDURAS FOS;
CARTULINA 29-89;100305969;Cartulina FBB DRAGONS -- C-15.7 245 gramos 34.5 x 27;25/08/2026;CONSUMOS;1020.0;1020.0;PLIEGOS;0.149954;HONDURAS FOS;
CARTULINA 29-89;100305969;Cartulina FBB DRAGONS -- C-15.7 245 gramos 34.5 x 27;27/08/2026;CONSUMOS;13470.0;13470.0;PLIEGOS;1.980288;HONDURAS FOS;
CARTULINA 29-89;100305969;Cartulina FBB DRAGONS -- C-15.7 245 gramos 34.5 x 27;27/08/2026;CONSUMOS;250.0;250.0;PLIEGOS;0.036753;HONDURAS FOS;
CARTULINA 29-89;100305969;Cartulina FBB DRAGONS -- C-15.7 245 gramos 34.5 x 27;27/08/2026;CONSUMOS;4600.0;4600.0;PLIEGOS;0.676267;HONDURAS FOS;
CARTULINA 29-89;100305969;Cartulina FBB DRAGONS -- C-15.7 245 gramos 34.5 x 27;28/08/2026;CONSUMOS;1200.0;1200.0;PLIEGOS;0.176417;HONDURAS FOS;
CARTULINA 29-89;100305982;Cartulina FBB DUPLEX MIRABELL -- C-16 300 gramos  20 x 32.5;20/08/2026;INGRESOS;58869.0;58869.0;PLIEGO;7.401599;COLGATE-100;
CARTULINA 29-89;100305982;Cartulina FBB DUPLEX MIRABELL -- C-16 300 gramos  20 x 32.5;21/08/2026;INGRESOS;0.0;0.0;PLIEGO;0.0;COLGATE-100;
CARTULINA 29-89;100305983;Cartulina FBB DUPLEX MIRABELL -- C-16 300 gramos  25.5 x 36.5;20/08/2026;INGRESOS;80363.0;80363.0;PLIEGO;14.45977;COLGATE-50;
CARTULINA 29-89;100305983;Cartulina FBB DUPLEX MIRABELL -- C-16 300 gramos  25.5 x 36.5;21/08/2026;INGRESOS;0.0;0.0;PLIEGO;0.0;COLGATE-50;
CARTULINA 29-89;100305983;Cartulina FBB DUPLEX MIRABELL -- C-16 300 gramos  25.5 x 36.5;24/08/2026;INGRESOS;95822.0;95822.0;PLIEGO;17.241319;COLGATE-50;
CARTULINA 29-89;100305983;Cartulina FBB DUPLEX MIRABELL -- C-16 300 gramos  25.5 x 36.5;24/08/2026;INGRESOS;95822.0;95822.0;PLIEGO;-17.241319;COLGATE-50;
CARTULINA 29-89;100305983;Cartulina FBB DUPLEX MIRABELL -- C-16 300 gramos  25.5 x 36.5;24/08/2026;INGRESOS;95822.0;95822.0;PLIEGO;17.241319;COLGATE-50;
CARTULINA 29-89;100305983;Cartulina FBB DUPLEX MIRABELL -- C-16 300 gramos  25.5 x 36.5;25/08/2026;CONSUMOS;49365.0;49365.0;PLIEGO;8.882279;COLGATE-50;
CARTULINA 29-89;100305983;Cartulina FBB DUPLEX MIRABELL -- C-16 300 gramos  25.5 x 36.5;25/08/2026;CONSUMOS;20170.0;20170.0;PLIEGO;3.629202;COLGATE-50;
CARTULINA 29-89;100305983;Cartulina FBB DUPLEX MIRABELL -- C-16 300 gramos  25.5 x 36.5;25/08/2026;CONSUMOS;10440.0;10440.0;PLIEGO;1.878476;COLGATE-50;
CARTULINA 29-89;100305983;Cartulina FBB DUPLEX MIRABELL -- C-16 300 gramos  25.5 x 36.5;25/08/2026;CONSUMOS;54235.0;54235.0;PLIEGO;9.758541;COLGATE-50;
CARTULINA 29-89;100305983;Cartulina FBB DUPLEX MIRABELL -- C-16 300 gramos  25.5 x 36.5;25/08/2026;CONSUMOS;22549.0;22549.0;PLIEGO;4.057257;COLGATE-50;
CARTULINA 29-89;100305983;Cartulina FBB DUPLEX MIRABELL -- C-16 300 gramos  25.5 x 36.5;28/08/2026;INGRESOS;0.0;0.0;PLIEGO;0.0;COLGATE-50;
CARTULINA 29-89;100305984;Cartulina FBB DUPLEX MIRABELL -- C-16 300 gramos  25 x 34;20/08/2026;INGRESOS;69147.0;69147.0;PLIEGO;11.36787;COLGATE-22;
CARTULINA 29-89;100305984;Cartulina FBB DUPLEX MIRABELL -- C-16 300 gramos  25 x 34;21/08/2026;INGRESOS;0.0;0.0;PLIEGO;0.0;COLGATE-22;
CARTULINA 29-89;100305984;Cartulina FBB DUPLEX MIRABELL -- C-16 300 gramos  25 x 34;24/08/2026;INGRESOS;36407.0;36407.0;PLIEGO;5.985365;COLGATE-22;
CARTULINA 29-89;100305984;Cartulina FBB DUPLEX MIRABELL -- C-16 300 gramos  25 x 34;24/08/2026;INGRESOS;36407.0;36407.0;PLIEGO;-5.985365;COLGATE-22;
CARTULINA 29-89;100305984;Cartulina FBB DUPLEX MIRABELL -- C-16 300 gramos  25 x 34;24/08/2026;INGRESOS;36407.0;36407.0;PLIEGO;5.985365;COLGATE-22;
CARTULINA 29-89;100305984;Cartulina FBB DUPLEX MIRABELL -- C-16 300 gramos  25 x 34;25/08/2026;CONSUMOS;18235.0;18235.0;PLIEGO;2.997861;COLGATE-22;
CARTULINA 29-89;100305984;Cartulina FBB DUPLEX MIRABELL -- C-16 300 gramos  25 x 34;28/08/2026;INGRESOS;0.0;0.0;PLIEGO;0.0;COLGATE-22;
CARTULINA;100305985;Cartulina FBB DUPLEX MIRABELL -- C-17 320 gramos  21.5 x 35;20/08/2026;INGRESOS;67001.0;67001.0;PLIEGO;10.407002;COLGATE-125;
CARTULINA;100305985;Cartulina FBB DUPLEX MIRABELL -- C-17 320 gramos  21.5 x 35;21/08/2026;INGRESOS;0.0;0.0;PLIEGO;0.0;COLGATE-125;
CARTULINA;100305985;Cartulina FBB DUPLEX MIRABELL -- C-17 320 gramos  21.5 x 35;24/08/2026;INGRESOS;146977.0;146977.0;PLIEGO;22.829361;COLGATE-125;
CARTULINA;100305985;Cartulina FBB DUPLEX MIRABELL -- C-17 320 gramos  21.5 x 35;24/08/2026;INGRESOS;146977.0;146977.0;PLIEGO;-22.829361;COLGATE-125;
CARTULINA;100305985;Cartulina FBB DUPLEX MIRABELL -- C-17 320 gramos  21.5 x 35;24/08/2026;INGRESOS;146977.0;146977.0;PLIEGO;22.829361;COLGATE-125;
CARTULINA;100305985;Cartulina FBB DUPLEX MIRABELL -- C-17 320 gramos  21.5 x 35;27/08/2026;CONSUMOS;87.0;87.0;PLIEGO;0.013513;COLGATE-125;
CARTULINA;100305985;Cartulina FBB DUPLEX MIRABELL -- C-17 320 gramos  21.5 x 35;28/08/2026;INGRESOS;0.0;0.0;PLIEGO;0.0;COLGATE-125;
CARTULINA;100305997;Cartulina SPARK -- C-16 250 gramos 25 X 36;27/08/2026;CONSUMOS;550.0;550.0;hoja(s);0.079803;Spark;
CARTULINA;100305999;Rollo Cartulina Nine Dragons C - 19 305 g ancho 24;27/08/2026;CONSUMOS;3481.0;3481.0;METROS;0.646578;C19-24;
CARTULINA 29-89;100306003;Rollo Cartulina Nine Dragons C - 16.3 255 g ancho 28.5;14/08/2026;CONSUMOS;5859.0;5859.0;METROS;0.948718;C16.3-28.5;
CARTULINA 29-89;100306003;Rollo Cartulina Nine Dragons C - 16.3 255 g ancho 28.5;14/08/2026;CONSUMOS;315.0;315.0;METROS;0.051006;C16.3-28.5;
CARTULINA 29-89;100306003;Rollo Cartulina Nine Dragons C - 16.3 255 g ancho 28.5;14/08/2026;CONSUMOS;5488.0;5488.0;METROS;0.888644;C16.3-28.5;
CARTULINA 29-89;100306003;Rollo Cartulina Nine Dragons C - 16.3 255 g ancho 28.5;14/08/2026;CONSUMOS;1398.0;1398.0;METROS;0.226371;C16.3-28.5;
CARTULINA 29-89;100306003;Rollo Cartulina Nine Dragons C - 16.3 255 g ancho 28.5;14/08/2026;CONSUMOS;2745.0;2745.0;METROS;0.444484;C16.3-28.5;
CARTULINA 29-89;100306003;Rollo Cartulina Nine Dragons C - 16.3 255 g ancho 28.5;14/08/2026;CONSUMOS;1925.0;1925.0;METROS;0.311705;C16.3-28.5;
CARTULINA 29-89;100306003;Rollo Cartulina Nine Dragons C - 16.3 255 g ancho 28.5;14/08/2026;CONSUMOS;233.0;233.0;METROS;0.037728;C16.3-28.5;
CARTULINA 29-89;100306003;Rollo Cartulina Nine Dragons C - 16.3 255 g ancho 28.5;14/08/2026;CONSUMOS;3287.0;3287.0;METROS;0.532247;C16.3-28.5;
CARTULINA 29-89;100306003;Rollo Cartulina Nine Dragons C - 16.3 255 g ancho 28.5;14/08/2026;CONSUMOS;1831.0;1831.0;METROS;0.296484;C16.3-28.5;
CARTULINA 29-89;100306003;Rollo Cartulina Nine Dragons C - 16.3 255 g ancho 28.5;24/08/2026;CONSUMOS;2537.0;2537.0;METROS;0.410803;C16.3-28.5;
CARTULINA 29-89;100306003;Rollo Cartulina Nine Dragons C - 16.3 255 g ancho 28.5;24/08/2026;CONSUMOS;1621.0;1621.0;METROS;0.26248;C16.3-28.5;
CARTULINA 29-89;100306003;Rollo Cartulina Nine Dragons C - 16.3 255 g ancho 28.5;24/08/2026;CONSUMOS;2002.0;2002.0;METROS;0.324173;C16.3-28.5;
CARTULINA 29-89;100306003;Rollo Cartulina Nine Dragons C - 16.3 255 g ancho 28.5;24/08/2026;CONSUMOS;1494.0;1494.0;METROS;0.241915;C16.3-28.5;
CARTULINA 29-89;100306003;Rollo Cartulina Nine Dragons C - 16.3 255 g ancho 28.5;24/08/2026;CONSUMOS;1981.0;1981.0;METROS;0.320773;C16.3-28.5;
CARTULINA 29-89;100306003;Rollo Cartulina Nine Dragons C - 16.3 255 g ancho 28.5;24/08/2026;CONSUMOS;1176.0;1176.0;METROS;0.190423;C16.3-28.5;
CARTULINA 29-89;100306003;Rollo Cartulina Nine Dragons C - 16.3 255 g ancho 28.5;24/08/2026;CONSUMOS;4440.0;4440.0;METROS;0.718947;C16.3-28.5;
CARTULINA 29-89;100306003;Rollo Cartulina Nine Dragons C - 16.3 255 g ancho 28.5;24/08/2026;CONSUMOS;2158.0;2158.0;METROS;0.349434;C16.3-28.5;
CARTULINA 29-89;100306003;Rollo Cartulina Nine Dragons C - 16.3 255 g ancho 28.5;24/08/2026;CONSUMOS;686.0;686.0;METROS;0.11108;C16.3-28.5;
CARTULINA 29-89;100306003;Rollo Cartulina Nine Dragons C - 16.3 255 g ancho 28.5;24/08/2026;CONSUMOS;7236.0;7236.0;METROS;1.171689;C16.3-28.5;
CARTULINA 29-89;100306003;Rollo Cartulina Nine Dragons C - 16.3 255 g ancho 28.5;24/08/2026;CONSUMOS;479.0;479.0;METROS;0.077562;C16.3-28.5;
CARTULINA 29-89;100306003;Rollo Cartulina Nine Dragons C - 16.3 255 g ancho 28.5;24/08/2026;CONSUMOS;789.0;789.0;METROS;0.127758;C16.3-28.5;
CARTULINA 29-89;100306003;Rollo Cartulina Nine Dragons C - 16.3 255 g ancho 28.5;24/08/2026;CONSUMOS;851.0;851.0;METROS;0.137798;C16.3-28.5;
CARTULINA 29-89;100306003;Rollo Cartulina Nine Dragons C - 16.3 255 g ancho 28.5;24/08/2026;CONSUMOS;1290.0;1290.0;METROS;0.208883;C16.3-28.5;
CARTULINA 29-89;100306003;Rollo Cartulina Nine Dragons C - 16.3 255 g ancho 28.5;24/08/2026;CONSUMOS;521.0;521.0;METROS;0.084362;C16.3-28.5;
CARTULINA 29-89;100306003;Rollo Cartulina Nine Dragons C - 16.3 255 g ancho 28.5;24/08/2026;CONSUMOS;3123.0;3123.0;METROS;0.505691;C16.3-28.5;
CARTULINA 29-89;100306003;Rollo Cartulina Nine Dragons C - 16.3 255 g ancho 28.5;24/08/2026;CONSUMOS;2751.0;2751.0;METROS;0.445455;C16.3-28.5;
CARTULINA 29-89;100306003;Rollo Cartulina Nine Dragons C - 16.3 255 g ancho 28.5;24/08/2026;CONSUMOS;2100.0;2100.0;METROS;0.340042;C16.3-28.5;
CARTULINA 29-89;100306003;Rollo Cartulina Nine Dragons C - 16.3 255 g ancho 28.5;24/08/2026;CONSUMOS;1612.0;1612.0;METROS;0.261023;C16.3-28.5;
CARTULINA 29-89;100306003;Rollo Cartulina Nine Dragons C - 16.3 255 g ancho 28.5;24/08/2026;CONSUMOS;1614.0;1614.0;METROS;0.261346;C16.3-28.5;
CARTULINA 29-89;100306003;Rollo Cartulina Nine Dragons C - 16.3 255 g ancho 28.5;24/08/2026;CONSUMOS;1289.0;1289.0;METROS;0.208721;C16.3-28.5;
CARTULINA 29-89;100306003;Rollo Cartulina Nine Dragons C - 16.3 255 g ancho 28.5;24/08/2026;CONSUMOS;709.0;709.0;METROS;0.114804;C16.3-28.5;
CARTULINA 29-89;100306003;Rollo Cartulina Nine Dragons C - 16.3 255 g ancho 28.5;25/08/2026;CONSUMOS;996.0;996.0;METROS;0.161277;C16.3-28.5;
CARTULINA 29-89;100306003;Rollo Cartulina Nine Dragons C - 16.3 255 g ancho 28.5;25/08/2026;CONSUMOS;1297.0;1297.0;METROS;0.210016;C16.3-28.5;
CARTULINA 29-89;100306132;Rollo Cartulina FBB PROTO C1S -- C-24 396 g ancho 29;21/08/2026;CONSUMOS;412.0;412.0;METROS;0.120079;GILDAN;
CARTULINA 29-89;100306134;Rollo Cartulina FBB PROTO C1S -- C-24 396 g ancho 26.5;10/08/2026;CONSUMOS;8691.0;8691.0;METROS;2.316221;GILDAN;
CARTULINA 29-89;100306134;Rollo Cartulina FBB PROTO C1S -- C-24 396 g ancho 26.5;10/08/2026;CONSUMOS;5719.0;5719.0;METROS;1.524159;GILDAN;
CARTULINA;100306136;Cartulina Husky -- C-16 350 gramos 30 X 40;19/08/2026;INGRESOS;0.0;0.0;hoja(s);0.0;C16-30H;
CARTULINA;100306136;Cartulina Husky -- C-16 350 gramos 30 X 40;20/08/2026;INGRESOS;5000.0;5000.0;hoja(s);1.354836;C16-30H;
CARTULINA;100306136;Cartulina Husky -- C-16 350 gramos 30 X 40;25/08/2026;CONSUMOS;1400.0;1400.0;hoja(s);0.379354;C16-30H;
CARTULINA;100306136;Cartulina Husky -- C-16 350 gramos 30 X 40;25/08/2026;CONSUMOS;1400.0;1400.0;hoja(s);0.379354;C16-30H;
CARTULINA;100306136;Cartulina Husky -- C-16 350 gramos 30 X 40;25/08/2026;CONSUMOS;300.0;300.0;hoja(s);0.08129;C16-30H;
CARTULINA;100306136;Cartulina Husky -- C-16 350 gramos 30 X 40;25/08/2026;CONSUMOS;500.0;500.0;hoja(s);0.135483;C16-30H;
CARTULINA 29-89;100306142;Cartulina FBB DUPLEX MIRABELL -- C-16 300 gramos  28 x 33.75;20/08/2026;INGRESOS;237076.0;237076.0;PLIEGO;43.337042;COLGATE-75;
CARTULINA 29-89;100306142;Cartulina FBB DUPLEX MIRABELL -- C-16 300 gramos  28 x 33.75;21/08/2026;INGRESOS;0.0;0.0;PLIEGO;0.0;COLGATE-75;
CARTULINA 29-89;100306142;Cartulina FBB DUPLEX MIRABELL -- C-16 300 gramos  28 x 33.75;24/08/2026;INGRESOS;116018.0;116018.0;PLIEGO;21.207869;COLGATE-75;
CARTULINA 29-89;100306142;Cartulina FBB DUPLEX MIRABELL -- C-16 300 gramos  28 x 33.75;24/08/2026;INGRESOS;116018.0;116018.0;PLIEGO;-21.207869;COLGATE-75;
CARTULINA 29-89;100306142;Cartulina FBB DUPLEX MIRABELL -- C-16 300 gramos  28 x 33.75;24/08/2026;INGRESOS;116018.0;116018.0;PLIEGO;21.207869;COLGATE-75;
CARTULINA 29-89;100306142;Cartulina FBB DUPLEX MIRABELL -- C-16 300 gramos  28 x 33.75;25/08/2026;CONSUMOS;71605.0;71605.0;PLIEGO;13.089257;COLGATE-75;
CARTULINA 29-89;100306142;Cartulina FBB DUPLEX MIRABELL -- C-16 300 gramos  28 x 33.75;25/08/2026;CONSUMOS;51795.0;51795.0;PLIEGO;9.468027;COLGATE-75;
CARTULINA 29-89;100306142;Cartulina FBB DUPLEX MIRABELL -- C-16 300 gramos  28 x 33.75;25/08/2026;CONSUMOS;23415.0;23415.0;PLIEGO;4.280217;COLGATE-75;
CARTULINA 29-89;100306142;Cartulina FBB DUPLEX MIRABELL -- C-16 300 gramos  28 x 33.75;27/08/2026;CONSUMOS;42240.0;42240.0;PLIEGO;7.721391;COLGATE-75;
CARTULINA 29-89;100306142;Cartulina FBB DUPLEX MIRABELL -- C-16 300 gramos  28 x 33.75;28/08/2026;INGRESOS;0.0;0.0;PLIEGO;0.0;COLGATE-75;
CARTULINA 29-89;100306143;Rollo Cartulina Nine Dragons C - 18.3 290 g ancho 24;4/08/2026;INGRESOS;127500.0;127500.0;METROS;22.517775;C18-25-COSC;
CARTULINA 29-89;100306143;Rollo Cartulina Nine Dragons C - 18.3 290 g ancho 24;4/08/2026;INGRESOS;0.0;0.0;METROS;0.0;C18-25-COSC;
CARTULINA 29-89;100306143;Rollo Cartulina Nine Dragons C - 18.3 290 g ancho 24;11/08/2026;CONSUMOS;4513.0;4513.0;METROS;0.79704;C18-25-COSC;
CARTULINA 29-89;100306143;Rollo Cartulina Nine Dragons C - 18.3 290 g ancho 24;11/08/2026;CONSUMOS;4504.0;4504.0;METROS;0.795451;C18-25-COSC;
CARTULINA 29-89;100306143;Rollo Cartulina Nine Dragons C - 18.3 290 g ancho 24;11/08/2026;CONSUMOS;52936.0;52936.0;METROS;9.349026;C18-25-COSC;
CARTULINA 29-89;100306143;Rollo Cartulina Nine Dragons C - 18.3 290 g ancho 24;11/08/2026;CONSUMOS;4473.0;4473.0;METROS;0.789976;C18-25-COSC;
CARTULINA 29-89;100306143;Rollo Cartulina Nine Dragons C - 18.3 290 g ancho 24;11/08/2026;CONSUMOS;10285.0;10285.0;METROS;1.816433;C18-25-COSC;
CARTULINA 29-89;100306143;Rollo Cartulina Nine Dragons C - 18.3 290 g ancho 24;11/08/2026;CONSUMOS;1418.0;1418.0;METROS;0.250432;C18-25-COSC;
CARTULINA 29-89;100306143;Rollo Cartulina Nine Dragons C - 18.3 290 g ancho 24;14/08/2026;CONSUMOS;15841.0;15841.0;METROS;2.797679;C18-25-COSC;
CARTULINA 29-89;100306143;Rollo Cartulina Nine Dragons C - 18.3 290 g ancho 24;14/08/2026;CONSUMOS;2930.0;2930.0;METROS;0.517467;C18-25-COSC;
CARTULINA 29-89;100306143;Rollo Cartulina Nine Dragons C - 18.3 290 g ancho 24;21/08/2026;INGRESOS;0.0;0.0;METROS;0.0;C18-25-COSC;
CARTULINA 29-89;100306143;Rollo Cartulina Nine Dragons C - 18.3 290 g ancho 24;25/08/2026;CONSUMOS;53407.0;53407.0;METROS;9.43221;C18-25-COSC;
CARTULINA 29-89;100306143;Rollo Cartulina Nine Dragons C - 18.3 290 g ancho 24;25/08/2026;CONSUMOS;22360.0;22360.0;METROS;3.948999;C18-25-COSC;
CARTULINA 29-89;100306143;Rollo Cartulina Nine Dragons C - 18.3 290 g ancho 24;25/08/2026;CONSUMOS;10933.0;10933.0;METROS;1.930877;C18-25-COSC;
CARTULINA 29-89;100306143;Rollo Cartulina Nine Dragons C - 18.3 290 g ancho 24;25/08/2026;CONSUMOS;49261.0;49261.0;METROS;8.699985;C18-25-COSC;
CARTULINA 29-89;100306143;Rollo Cartulina Nine Dragons C - 18.3 290 g ancho 24;25/08/2026;CONSUMOS;58643.0;58643.0;METROS;10.35694;C18-25-COSC;
CARTULINA 29-89;100306143;Rollo Cartulina Nine Dragons C - 18.3 290 g ancho 24;29/08/2026;CONSUMOS;4664.0;4664.0;METROS;0.823709;C18-25-COSC;
CARTULINA 29-89;100306143;Rollo Cartulina Nine Dragons C - 18.3 290 g ancho 24;29/08/2026;CONSUMOS;5604.0;5604.0;METROS;0.989722;C18-25-COSC;
CARTULINA;100306180;Cartulina NINGBO ALLY LOCAL C-18 290 gramos 25 x 36;28/08/2026;INGRESOS;3500.0;3500.0;PLIEGOS;0.589095;C18-25;
CARTULINA 29-89 T;100306192;Rollo Cartulina IBH ROSENFICHT -- C-18.8 290 g ancho 25;20/08/2026;INGRESOS;128000.0;128000.0;METROS;23.5712;C18-25;
CARTULINA 29-89 T;100306192;Rollo Cartulina IBH ROSENFICHT -- C-18.8 290 g ancho 25;21/08/2026;INGRESOS;0.0;0.0;METROS;0.0;C18-25;
CARTULINA 29-89 T;100306192;Rollo Cartulina IBH ROSENFICHT -- C-18.8 290 g ancho 25;25/08/2026;CONSUMOS;45234.0;45234.0;METROS;8.329841;C18-25;
CARTULINA 29-89 T;100306192;Rollo Cartulina IBH ROSENFICHT -- C-18.8 290 g ancho 25;25/08/2026;CONSUMOS;37896.0;37896.0;METROS;6.978548;C18-25;
CARTULINA 29-89 T;100306193;Rollo Cartulina IBH ROSENFICHT -- C-19.3 305 g ancho 25;20/08/2026;INGRESOS;123700.0;123700.0;METROS;23.957597;C19-25;
CARTULINA 29-89 T;100306193;Rollo Cartulina IBH ROSENFICHT -- C-19.3 305 g ancho 25;21/08/2026;INGRESOS;0.0;0.0;METROS;0.0;C19-25;
CARTULINA 29-89 T;100306193;Rollo Cartulina IBH ROSENFICHT -- C-19.3 305 g ancho 25;25/08/2026;CONSUMOS;4580.0;4580.0;METROS;0.887031;C19-25;
CARTULINA 29-89 T;100306193;Rollo Cartulina IBH ROSENFICHT -- C-19.3 305 g ancho 25;25/08/2026;CONSUMOS;16485.0;16485.0;METROS;3.192732;C19-25;
CARTULINA 29-89 T;100306193;Rollo Cartulina IBH ROSENFICHT -- C-19.3 305 g ancho 25;25/08/2026;CONSUMOS;8557.0;8557.0;METROS;1.657276;C19-25;
CARTULINA 29-89 T;100306193;Rollo Cartulina IBH ROSENFICHT -- C-19.3 305 g ancho 25;25/08/2026;CONSUMOS;5056.0;5056.0;METROS;0.97922;C19-25;
CARTULINA 29-89 T;100306193;Rollo Cartulina IBH ROSENFICHT -- C-19.3 305 g ancho 25;25/08/2026;CONSUMOS;9267.0;9267.0;METROS;1.794786;C19-25;
CARTULINA 29-89 T;100306193;Rollo Cartulina IBH ROSENFICHT -- C-19.3 305 g ancho 25;25/08/2026;CONSUMOS;6208.0;6208.0;METROS;1.202334;C19-25;
CARTULINA 29-89 T;100306193;Rollo Cartulina IBH ROSENFICHT -- C-19.3 305 g ancho 25;25/08/2026;CONSUMOS;7491.0;7491.0;METROS;1.450819;C19-25;
CARTULINA 29-89 T;100306193;Rollo Cartulina IBH ROSENFICHT -- C-19.3 305 g ancho 25;25/08/2026;CONSUMOS;1475.0;1475.0;METROS;0.28567;C19-25;
CARTULINA 29-89 T;100306193;Rollo Cartulina IBH ROSENFICHT -- C-19.3 305 g ancho 25;25/08/2026;CONSUMOS;4067.0;4067.0;METROS;0.787676;C19-25;
CARTULINA 29-89 T;100306193;Rollo Cartulina IBH ROSENFICHT -- C-19.3 305 g ancho 25;25/08/2026;CONSUMOS;3739.0;3739.0;METROS;0.72415;C19-25;
CARTULINA 29-89 T;100306193;Rollo Cartulina IBH ROSENFICHT -- C-19.3 305 g ancho 25;25/08/2026;CONSUMOS;6348.0;6348.0;METROS;1.229448;C19-25;
CARTULINA 29-89 T;100306193;Rollo Cartulina IBH ROSENFICHT -- C-19.3 305 g ancho 25;25/08/2026;CONSUMOS;3271.0;3271.0;METROS;0.63351;C19-25;
CARTULINA 29-89 T;100306193;Rollo Cartulina IBH ROSENFICHT -- C-19.3 305 g ancho 25;25/08/2026;CONSUMOS;756.0;756.0;METROS;0.146418;C19-25;
CARTULINA 29-89 T;100306193;Rollo Cartulina IBH ROSENFICHT -- C-19.3 305 g ancho 25;29/08/2026;CONSUMOS;1287.0;1287.0;METROS;0.249259;C19-25;
CARTULINA 29-89 T;100306193;Rollo Cartulina IBH ROSENFICHT -- C-19.3 305 g ancho 25;29/08/2026;CONSUMOS;5016.0;5016.0;METROS;0.971473;C19-25;
CARTULINA 29-89 T;100306193;Rollo Cartulina IBH ROSENFICHT -- C-19.3 305 g ancho 25;29/08/2026;CONSUMOS;4557.0;4557.0;METROS;0.882576;C19-25;
CARTULINA 29-89 T;100306193;Rollo Cartulina IBH ROSENFICHT -- C-19.3 305 g ancho 25;29/08/2026;CONSUMOS;26996.0;26996.0;METROS;5.22845;C19-25;
CARTULINA 29-89 T;100306193;Rollo Cartulina IBH ROSENFICHT -- C-19.3 305 g ancho 25;29/08/2026;CONSUMOS;3176.0;3176.0;METROS;0.615111;C19-25;
CARTULINA 29-89 T;100306193;Rollo Cartulina IBH ROSENFICHT -- C-19.3 305 g ancho 25;29/08/2026;CONSUMOS;210.0;210.0;METROS;0.040671;C19-25;
CARTULINA;100306212;Cartulina FBB ASIA SYMBOL LOCAL -- C-18 295 gramos  25 x 38;3/08/2026;INGRESOS;1900.0;1900.0;PLIEGOS;0.34346;C18-25;
CARTULINA;100306212;Cartulina FBB ASIA SYMBOL LOCAL -- C-18 295 gramos  25 x 38;3/08/2026;INGRESOS;0.0;0.0;PLIEGOS;0.0;C18-25;
CARTULINA;100306212;Cartulina FBB ASIA SYMBOL LOCAL -- C-18 295 gramos  25 x 38;3/08/2026;INGRESOS;0.0;0.0;PLIEGOS;0.0;C18-25;
CARTULINA;100306212;Cartulina FBB ASIA SYMBOL LOCAL -- C-18 295 gramos  25 x 38;3/08/2026;INGRESOS;0.0;0.0;PLIEGOS;0.0;C18-25;
CARTULINA;100306212;Cartulina FBB ASIA SYMBOL LOCAL -- C-18 295 gramos  25 x 38;3/08/2026;INGRESOS;0.0;0.0;PLIEGOS;0.0;C18-25;
CARTULINA;100306212;Cartulina FBB ASIA SYMBOL LOCAL -- C-18 295 gramos  25 x 38;4/08/2026;CONSUMOS;1900.0;1900.0;PLIEGOS;0.34346;C18-25;
CARTULINA;100306212;Cartulina FBB ASIA SYMBOL LOCAL -- C-18 295 gramos  25 x 38;4/08/2026;CONSUMOS;1900.0;1900.0;PLIEGOS;0.34346;C18-25;
CARTULINA;100306212;Cartulina FBB ASIA SYMBOL LOCAL -- C-18 295 gramos  25 x 38;4/08/2026;INGRESOS;12300.0;12300.0;PLIEGOS;2.223454;C18-25;
CARTULINA;100306212;Cartulina FBB ASIA SYMBOL LOCAL -- C-18 295 gramos  25 x 38;4/08/2026;CONSUMOS;2000.0;2000.0;PLIEGOS;0.361537;C18-25;
CARTULINA;100306212;Cartulina FBB ASIA SYMBOL LOCAL -- C-18 295 gramos  25 x 38;6/08/2026;INGRESOS;0.0;0.0;PLIEGOS;0.0;C18-25;
CARTULINA;100306212;Cartulina FBB ASIA SYMBOL LOCAL -- C-18 295 gramos  25 x 38;7/08/2026;INGRESOS;5600.0;5600.0;PLIEGOS;1.012304;C18-25;
CARTULINA;100306212;Cartulina FBB ASIA SYMBOL LOCAL -- C-18 295 gramos  25 x 38;8/08/2026;CONSUMOS;6000.0;6000.0;PLIEGOS;1.084611;C18-25;
CARTULINA;100306212;Cartulina FBB ASIA SYMBOL LOCAL -- C-18 295 gramos  25 x 38;8/08/2026;CONSUMOS;4300.0;4300.0;PLIEGOS;0.777305;C18-25;
CARTULINA;100306212;Cartulina FBB ASIA SYMBOL LOCAL -- C-18 295 gramos  25 x 38;8/08/2026;CONSUMOS;340.0;340.0;PLIEGOS;0.061461;C18-25;
CARTULINA;100306212;Cartulina FBB ASIA SYMBOL LOCAL -- C-18 295 gramos  25 x 38;8/08/2026;CONSUMOS;6000.0;6000.0;PLIEGOS;1.084611;C18-25;
CARTULINA;100306212;Cartulina FBB ASIA SYMBOL LOCAL -- C-18 295 gramos  25 x 38;14/08/2026;CONSUMOS;1160.0;1160.0;PLIEGOS;0.209691;C18-25;
CARTULINA;100306212;Cartulina FBB ASIA SYMBOL LOCAL -- C-18 295 gramos  25 x 38;18/08/2026;INGRESOS;10700.0;10700.0;PLIEGOS;1.934224;C18-25;
CARTULINA;100306212;Cartulina FBB ASIA SYMBOL LOCAL -- C-18 295 gramos  25 x 38;18/08/2026;INGRESOS;6000.0;6000.0;PLIEGOS;1.084611;C18-25;
CARTULINA;100306212;Cartulina FBB ASIA SYMBOL LOCAL -- C-18 295 gramos  25 x 38;19/08/2026;CONSUMOS;5600.0;5600.0;PLIEGOS;1.012304;C18-25;
CARTULINA;100306212;Cartulina FBB ASIA SYMBOL LOCAL -- C-18 295 gramos  25 x 38;27/08/2026;CONSUMOS;4835.0;4835.0;PLIEGOS;0.874016;C18-25;
CARTULINA;100306212;Cartulina FBB ASIA SYMBOL LOCAL -- C-18 295 gramos  25 x 38;27/08/2026;CONSUMOS;5865.0;5865.0;PLIEGOS;1.060207;C18-25;
CARTULINA;100306212;Cartulina FBB ASIA SYMBOL LOCAL -- C-18 295 gramos  25 x 38;27/08/2026;CONSUMOS;400.0;400.0;PLIEGOS;0.072307;C18-25;
CARTULINA;100306214;Cartulina FBB ASIA SYMBOL LOCAL -- C-16 270 gramos  25 x 38;6/08/2026;INGRESOS;0.0;0.0;PLIEGOS;0.0;C18-25;
CARTULINA;100306214;Cartulina FBB ASIA SYMBOL LOCAL -- C-16 270 gramos  25 x 38;7/08/2026;INGRESOS;11000.0;11000.0;PLIEGOS;1.819941;C18-25;
CARTULINA;100306214;Cartulina FBB ASIA SYMBOL LOCAL -- C-16 270 gramos  25 x 38;13/08/2026;INGRESOS;3700.0;3700.0;PLIEGOS;0.612162;C18-25;
CARTULINA;100306214;Cartulina FBB ASIA SYMBOL LOCAL -- C-16 270 gramos  25 x 38;13/08/2026;INGRESOS;0.0;0.0;PLIEGOS;0.0;C18-25;
CARTULINA;100306214;Cartulina FBB ASIA SYMBOL LOCAL -- C-16 270 gramos  25 x 38;14/08/2026;CONSUMOS;11000.0;11000.0;PLIEGOS;1.819941;C18-25;
CARTULINA;100306214;Cartulina FBB ASIA SYMBOL LOCAL -- C-16 270 gramos  25 x 38;14/08/2026;CONSUMOS;2100.0;2100.0;PLIEGOS;0.347443;C18-25;
CARTULINA;100306214;Cartulina FBB ASIA SYMBOL LOCAL -- C-16 270 gramos  25 x 38;14/08/2026;CONSUMOS;1600.0;1600.0;PLIEGOS;0.264718;C18-25;
CARTULINA;100306223;;14/08/2026;INGRESOS;0.0;0.0;Pliego(s);0.0;C22-30;
CARTULINA;100306223;Cartulina NINGBO ALLY LOCAL C-22 345 gramos 30 x 40;17/08/2026;INGRESOS;10900.0;10900.0;Pliego(s);2.911349;C22-30;
CARTULINA;100306223;Cartulina NINGBO ALLY LOCAL C-22 345 gramos 30 x 40;19/08/2026;CONSUMOS;10900.0;10900.0;Pliego(s);2.911349;C22-30;
CARTULINA;100306223;Cartulina NINGBO ALLY LOCAL C-22 345 gramos 30 x 40;19/08/2026;CONSUMOS;10900.0;10900.0;Pliego(s);2.911349;C22-30;
CARTULINA;100306223;Cartulina NINGBO ALLY LOCAL C-22 345 gramos 30 x 40;25/08/2026;CONSUMOS;10900.0;10900.0;Pliego(s);2.911349;C22-30;
PAPEL;100600002;Papel Bond 55 gramos -- 22 x 34;24/08/2026;INGRESOS;0.0;0.0;PLIEGOS;0.0;Bond;
PAPEL;100600002;Papel Bond 55 gramos -- 22 x 34;25/08/2026;INGRESOS;500.0;500.0;PLIEGOS;0.013281;Bond;
PAPEL;100600002;Papel Bond 55 gramos -- 22 x 34;26/08/2026;CONSUMOS;500.0;500.0;PLIEGOS;0.013281;Bond;
PAPEL;100600002;Papel Bond 55 gramos -- 22 x 34;26/08/2026;CONSUMOS;500.0;500.0;PLIEGOS;0.013281;Bond;
PAPEL;100600003;Papel Bond 55 gramos -- 26 x 34;5/08/2026;INGRESOS;0.0;0.0;PLIEGOS;0.0;Bond;
PAPEL;100600003;Papel Bond 55 gramos -- 26 x 34;6/08/2026;INGRESOS;19000.0;19000.0;PLIEGOS;0.5959;Bond;
PAPEL;100600003;Papel Bond 55 gramos -- 26 x 34;8/08/2026;CONSUMOS;2900.0;2900.0;PLIEGOS;0.090953;Bond;
PAPEL;100600003;Papel Bond 55 gramos -- 26 x 34;8/08/2026;CONSUMOS;5500.0;5500.0;PLIEGOS;0.172497;Bond;
PAPEL;100600003;Papel Bond 55 gramos -- 26 x 34;8/08/2026;CONSUMOS;9400.0;9400.0;PLIEGOS;0.294814;Bond;
PAPEL;100600003;Papel Bond 55 gramos -- 26 x 34;8/08/2026;CONSUMOS;1200.0;1200.0;PLIEGOS;0.037635;Bond;
PAPEL;100600005;Papel Bond 75 gramos -- 22 x 34;13/08/2026;INGRESOS;0.0;0.0;PLIEGOS;0.0;Bond;
PAPEL;100600005;Papel Bond 75 gramos -- 22 x 34;14/08/2026;INGRESOS;2000.0;2000.0;PLIEGOS;0.072446;Bond;
PAPEL;100600005;Papel Bond 75 gramos -- 22 x 34;19/08/2026;CONSUMOS;1600.0;1600.0;PLIEGOS;0.057957;Bond;
PAPEL;100600005;Papel Bond 75 gramos -- 22 x 34;20/08/2026;INGRESOS;0.0;0.0;PLIEGOS;0.0;Bond;
PAPEL;100600005;Papel Bond 75 gramos -- 22 x 34;25/08/2026;INGRESOS;3500.0;3500.0;PLIEGOS;0.126781;Bond;
PAPEL;100600005;Papel Bond 75 gramos -- 22 x 34;26/08/2026;CONSUMOS;3500.0;3500.0;PLIEGOS;0.126781;Bond;
PAPEL;100600006;Papel Bond 75 gramos -- 26 x 34;3/08/2026;INGRESOS;0.0;0.0;PLIEGOS;0.0;Bond;
PAPEL;100600006;Papel Bond 75 gramos -- 26 x 34;4/08/2026;INGRESOS;56000.0;56000.0;PLIEGOS;2.395008;Bond;
PAPEL;100600006;Papel Bond 75 gramos -- 26 x 34;4/08/2026;CONSUMOS;56000.0;56000.0;PLIEGOS;2.395008;Bond;
PAPEL;100600007;Papel Bond 75 gramos -- 26 x 34;13/08/2026;CONSUMOS;300.0;300.0;PLIEGOS;0.01283;Bond;
PAPEL;100600008;Papel Bond 75 gramos -- 26 x 36;20/08/2026;INGRESOS;0.0;0.0;PLIEGOS;0.0;Bond;
PAPEL;100600008;Papel Bond 75 gramos -- 26 x 36;25/08/2026;INGRESOS;1500.0;1500.0;PLIEGOS;0.067864;Bond;
PAPEL;100600008;Papel Bond 75 gramos -- 26 x 36;26/08/2026;CONSUMOS;600.0;600.0;PLIEGOS;0.027145;Bond;
PAPEL;100600008;Papel Bond 75 gramos -- 26 x 36;26/08/2026;CONSUMOS;600.0;600.0;PLIEGOS;0.027145;Bond;
PAPEL;100600009;Papel Bond 75 gramos -- 26 x 38;8/08/2026;CONSUMOS;630.0;630.0;PLIEGOS;0.030093;Bond;
PAPEL;100600009;Papel Bond 75 gramos -- 26 x 38;11/08/2026;INGRESOS;0.0;0.0;PLIEGOS;0.0;Bond;
PAPEL;100600009;Papel Bond 75 gramos -- 26 x 38;18/08/2026;INGRESOS;4000.0;4000.0;PLIEGOS;0.19107;Bond;
PAPEL;100600009;Papel Bond 75 gramos -- 26 x 38;18/08/2026;CONSUMOS;4000.0;4000.0;PLIEGOS;0.19107;Bond;
PAPEL;100600009;Papel Bond 75 gramos -- 26 x 38;18/08/2026;CONSUMOS;4000.0;4000.0;PLIEGOS;0.19107;Bond;
PAPEL;100600009;Papel Bond 75 gramos -- 26 x 38;19/08/2026;CONSUMOS;1700.0;1700.0;PLIEGOS;0.081204;Bond;
PAPEL;100600009;Papel Bond 75 gramos -- 26 x 38;19/08/2026;CONSUMOS;400.0;400.0;PLIEGOS;0.019107;Bond;
PAPEL;100600009;Papel Bond 75 gramos -- 26 x 38;19/08/2026;CONSUMOS;400.0;400.0;PLIEGOS;0.019107;Bond;
PAPEL;100600009;Papel Bond 75 gramos -- 26 x 38;24/08/2026;INGRESOS;0.0;0.0;PLIEGOS;0.0;Bond;
PAPEL;100600009;Papel Bond 75 gramos -- 26 x 38;25/08/2026;INGRESOS;3500.0;3500.0;PLIEGOS;0.167186;Bond;
PAPEL;100600009;Papel Bond 75 gramos -- 26 x 38;26/08/2026;CONSUMOS;3200.0;3200.0;PLIEGOS;0.152856;Bond;
PAPEL;100600009;Papel Bond 75 gramos -- 26 x 38;26/08/2026;CONSUMOS;1500.0;1500.0;PLIEGOS;0.071651;Bond;
PAPEL;100600012;Papel Bond 90 gramos -- 24 x 36;19/08/2026;INGRESOS;0.0;0.0;PLIEGOS;0.0;Bond;
PAPEL;100600012;Papel Bond 90 gramos -- 24 x 36;20/08/2026;INGRESOS;500.0;500.0;PLIEGOS;0.025089;Bond;
PAPEL;100600012;Papel Bond 90 gramos -- 24 x 36;25/08/2026;CONSUMOS;400.0;400.0;PLIEGOS;0.020071;Bond;
PAPEL;100600013;Papel Bond 90 gramos -- 26 x 34;14/08/2026;CONSUMOS;1080.0;1080.0;PLIEGOS;0.055427;Bond;
PAPEL;100600013;Papel Bond 90 gramos -- 26 x 34;24/08/2026;INGRESOS;0.0;0.0;PLIEGOS;0.0;Bond;
PAPEL;100600013;Papel Bond 90 gramos -- 26 x 34;25/08/2026;INGRESOS;8000.0;8000.0;PLIEGOS;0.410572;Bond;
PAPEL;100600013;Papel Bond 90 gramos -- 26 x 34;25/08/2026;CONSUMOS;5700.0;5700.0;PLIEGOS;0.292533;Bond;
PAPEL;100600013;Papel Bond 90 gramos -- 26 x 34;25/08/2026;CONSUMOS;2300.0;2300.0;PLIEGOS;0.118039;Bond;
PAPEL;100600015;Papel Bond 120 gramos -- 22 x 34;13/08/2026;CONSUMOS;490.0;490.0;PLIEGOS;0.028398;Bond;
PAPEL;100600015;Papel Bond 120 gramos -- 22 x 34;24/08/2026;INGRESOS;0.0;0.0;PLIEGOS;0.0;Bond;
PAPEL;100600015;Papel Bond 120 gramos -- 22 x 34;25/08/2026;INGRESOS;500.0;500.0;PLIEGOS;0.028978;Bond;
PAPEL;100600015;Papel Bond 120 gramos -- 22 x 34;25/08/2026;INGRESOS;1000.0;1000.0;PLIEGOS;0.057957;Bond;
PAPEL;100600015;Papel Bond 120 gramos -- 22 x 34;26/08/2026;CONSUMOS;500.0;500.0;PLIEGOS;0.028978;Bond;
PAPEL;100600015;Papel Bond 120 gramos -- 22 x 34;26/08/2026;CONSUMOS;1000.0;1000.0;PLIEGOS;0.057957;Bond;
PAPEL;100600015;Papel Bond 120 gramos -- 22 x 34;26/08/2026;CONSUMOS;1000.0;1000.0;PLIEGOS;0.057957;Bond;
PAPEL;100600016;Papel Bond 120 gramos -- 23 x 36;13/08/2026;CONSUMOS;400.0;400.0;PLIEGOS;0.025621;Bond;
PAPEL;100600017;Papel Bond 120 gramos -- 26 x 34;11/08/2026;INGRESOS;0.0;0.0;PLIEGOS;0.0;Bond;
PAPEL;100600017;Papel Bond 120 gramos -- 26 x 34;13/08/2026;CONSUMOS;200.0;200.0;PLIEGOS;0.013685;Bond;
PAPEL;100600017;Papel Bond 120 gramos -- 26 x 34;14/08/2026;INGRESOS;1250.0;1250.0;PLIEGOS;0.085536;Bond;
PAPEL;100600017;Papel Bond 120 gramos -- 26 x 34;14/08/2026;CONSUMOS;1250.0;1250.0;PLIEGOS;0.085536;Bond;
PAPEL;100600017;Papel Bond 120 gramos -- 26 x 34;14/08/2026;CONSUMOS;1250.0;1250.0;PLIEGOS;0.085536;Bond;
PAPEL;100600017;Papel Bond 120 gramos -- 26 x 34;14/08/2026;INGRESOS;0.0;0.0;PLIEGOS;0.0;Bond;
PAPEL;100600017;Papel Bond 120 gramos -- 26 x 34;18/08/2026;INGRESOS;500.0;500.0;PLIEGOS;0.034214;Bond;
PAPEL;100600017;Papel Bond 120 gramos -- 26 x 34;19/08/2026;CONSUMOS;1600.0;1600.0;PLIEGOS;0.109486;Bond;
PAPEL;100600017;Papel Bond 120 gramos -- 26 x 34;19/08/2026;CONSUMOS;100.0;100.0;PLIEGOS;0.006842;Bond;
PAPEL;100600017;Papel Bond 120 gramos -- 26 x 34;27/08/2026;CONSUMOS;50.0;50.0;PLIEGOS;0.003421;Bond;
PAPEL;100600020;Papel Couche Brillante B-60 -- 90 gramos  25 x 36;24/08/2026;INGRESOS;0.0;0.0;PLIEGOS;0.0;Couche;
PAPEL;100600020;Papel Couche Brillante B-60 -- 90 gramos  25 x 36;25/08/2026;INGRESOS;8000.0;8000.0;PLIEGOS;0.41788;Couche;
PAPEL;100600020;Papel Couche Brillante B-60 -- 90 gramos  25 x 36;25/08/2026;CONSUMOS;8000.0;8000.0;PLIEGOS;0.41788;Couche;
PAPEL;100600021;Papel Couche Brillante - 1 Cara - B-60 -- 90 gramos  25 x 36;3/08/2026;INGRESOS;1500.0;1500.0;PLIEGOS;0.078352;Couche;
PAPEL;100600021;Papel Couche Brillante - 1 Cara - B-60 -- 90 gramos  25 x 36;3/08/2026;INGRESOS;0.0;0.0;PLIEGOS;0.0;Couche;
PAPEL;100600021;Papel Couche Brillante - 1 Cara - B-60 -- 90 gramos  25 x 36;5/08/2026;INGRESOS;0.0;0.0;PLIEGOS;0.0;Couche;
PAPEL;100600021;Papel Couche Brillante - 1 Cara - B-60 -- 90 gramos  25 x 36;6/08/2026;INGRESOS;6500.0;6500.0;PLIEGOS;0.339528;Couche;
PAPEL;100600021;Papel Couche Brillante - 1 Cara - B-60 -- 90 gramos  25 x 36;7/08/2026;CONSUMOS;6500.0;6500.0;PLIEGOS;0.339528;Couche;
PAPEL;100600021;Papel Couche Brillante - 1 Cara - B-60 -- 90 gramos  25 x 36;7/08/2026;CONSUMOS;1500.0;1500.0;PLIEGOS;0.078352;Couche;
PAPEL;100600021;Papel Couche Brillante - 1 Cara - B-60 -- 90 gramos  25 x 36;7/08/2026;CONSUMOS;80.0;80.0;PLIEGOS;0.004178;Couche;
PAPEL;100600022;Papel Couche Brillante B-60 -- 90 gramos  25 x 38;14/08/2026;CONSUMOS;100.0;100.0;PLIEGOS;0.005514;Couche;
PAPEL;100600023;Papel Couche Brillante - 1 Cara - B-60 -- 90 gramos  25 x 38;3/08/2026;INGRESOS;1000.0;1000.0;PLIEGOS;0.055149;Couche;
PAPEL;100600023;Papel Couche Brillante - 1 Cara - B-60 -- 90 gramos  25 x 38;3/08/2026;INGRESOS;0.0;0.0;PLIEGOS;0.0;Couche;
PAPEL;100600023;Papel Couche Brillante - 1 Cara - B-60 -- 90 gramos  25 x 38;4/08/2026;CONSUMOS;800.0;800.0;PLIEGOS;0.044119;Couche;
PAPEL;100600023;Papel Couche Brillante - 1 Cara - B-60 -- 90 gramos  25 x 38;5/08/2026;INGRESOS;0.0;0.0;PLIEGOS;0.0;Couche;
PAPEL;100600023;Papel Couche Brillante - 1 Cara - B-60 -- 90 gramos  25 x 38;6/08/2026;INGRESOS;57500.0;57500.0;PLIEGOS;3.17111;Couche;
PAPEL;100600023;Papel Couche Brillante - 1 Cara - B-60 -- 90 gramos  25 x 38;7/08/2026;CONSUMOS;30000.0;30000.0;PLIEGOS;1.654492;Couche;
PAPEL;100600023;Papel Couche Brillante - 1 Cara - B-60 -- 90 gramos  25 x 38;7/08/2026;CONSUMOS;12300.0;12300.0;PLIEGOS;0.678341;Couche;
PAPEL;100600023;Papel Couche Brillante - 1 Cara - B-60 -- 90 gramos  25 x 38;7/08/2026;CONSUMOS;15200.0;15200.0;PLIEGOS;0.838276;Couche;
PAPEL;100600023;Papel Couche Brillante - 1 Cara - B-60 -- 90 gramos  25 x 38;7/08/2026;CONSUMOS;3800.0;3800.0;PLIEGOS;0.209569;Couche;
PAPEL;100600023;Papel Couche Brillante - 1 Cara - B-60 -- 90 gramos  25 x 38;10/08/2026;INGRESOS;0.0;0.0;PLIEGOS;0.0;Couche;
PAPEL;100600023;Papel Couche Brillante - 1 Cara - B-60 -- 90 gramos  25 x 38;13/08/2026;INGRESOS;0.0;0.0;PLIEGOS;0.0;Couche;
PAPEL;100600023;Papel Couche Brillante - 1 Cara - B-60 -- 90 gramos  25 x 38;14/08/2026;INGRESOS;1500.0;1500.0;PLIEGOS;0.082724;Couche;
PAPEL;100600023;Papel Couche Brillante - 1 Cara - B-60 -- 90 gramos  25 x 38;14/08/2026;CONSUMOS;1500.0;1500.0;PLIEGOS;0.082724;Couche;
PAPEL;100600023;Papel Couche Brillante - 1 Cara - B-60 -- 90 gramos  25 x 38;14/08/2026;INGRESOS;500.0;500.0;PLIEGOS;0.027574;Couche;
PAPEL;100600023;Papel Couche Brillante - 1 Cara - B-60 -- 90 gramos  25 x 38;18/08/2026;INGRESOS;0.0;0.0;PLIEGOS;0.0;Couche;
PAPEL;100600023;Papel Couche Brillante - 1 Cara - B-60 -- 90 gramos  25 x 38;19/08/2026;CONSUMOS;500.0;500.0;PLIEGOS;0.027574;Couche;
PAPEL;100600023;Papel Couche Brillante - 1 Cara - B-60 -- 90 gramos  25 x 38;25/08/2026;INGRESOS;500.0;500.0;PLIEGOS;0.027574;Couche;
PAPEL;100600023;Papel Couche Brillante - 1 Cara - B-60 -- 90 gramos  25 x 38;26/08/2026;CONSUMOS;400.0;400.0;PLIEGOS;0.022059;Couche;
PAPEL;100600024;Papel Couche Brillante B-60 -- 90 gramos  30 x 40;13/08/2026;INGRESOS;0.0;0.0;PLIEGOS;0.0;Couche;
PAPEL;100600024;Papel Couche Brillante B-60 -- 90 gramos  30 x 40;14/08/2026;INGRESOS;6000.0;6000.0;PLIEGOS;0.418063;Couche;
PAPEL;100600024;Papel Couche Brillante B-60 -- 90 gramos  30 x 40;19/08/2026;CONSUMOS;5800.0;5800.0;PLIEGOS;0.404128;Couche;
PAPEL;100600028;Papel Couche Brillante B-70 -- 105 gramos  30 x 40;3/08/2026;INGRESOS;0.0;0.0;PLIEGOS;0.0;Couche;
PAPEL;100600028;Papel Couche Brillante B-70 -- 105 gramos  30 x 40;4/08/2026;INGRESOS;7000.0;7000.0;PLIEGOS;0.569031;Couche;
PAPEL;100600028;Papel Couche Brillante B-70 -- 105 gramos  30 x 40;4/08/2026;CONSUMOS;6750.0;6750.0;PLIEGOS;0.548708;Couche;
PAPEL;100600030;Papel Couche Brillante B-80 -- 115 gramos  25 x 38;14/08/2026;CONSUMOS;2700.0;2700.0;PLIEGOS;0.190266;Couche;
PAPEL;100600030;Papel Couche Brillante B-80 -- 115 gramos  25 x 38;14/08/2026;CONSUMOS;2953.0;2953.0;PLIEGOS;0.208095;Couche;
PAPEL;100600033;Papel Couche Brillante B-100 -- 140 gramos  25 x 38;14/08/2026;CONSUMOS;100.0;100.0;PLIEGOS;0.008578;Couche;
PAPEL;100600033;Papel Couche Brillante B-100 -- 140 gramos  25 x 38;19/08/2026;CONSUMOS;700.0;700.0;PLIEGOS;0.060051;Couche;
PAPEL;100600033;Papel Couche Brillante B-100 -- 140 gramos  25 x 38;27/08/2026;CONSUMOS;740.0;740.0;PLIEGOS;0.063483;Couche;
PAPEL;100600045;Papel Couche Brillante B-80 -- 115 gramos  30 x 40;4/08/2026;CONSUMOS;800.0;800.0;PLIEGOS;0.071225;Couche;
PAPEL;100600045;Papel Couche Brillante B-80 -- 115 gramos  30 x 40;14/08/2026;CONSUMOS;55.0;55.0;PLIEGOS;0.004896;Couche;
PAPEL;100600045;Papel Couche Brillante B-80 -- 115 gramos  30 x 40;14/08/2026;CONSUMOS;100.0;100.0;PLIEGOS;0.008903;Couche;
PAPEL;100600101;Papel Bond 60 gramos -- 22 x 34;26/08/2026;CONSUMOS;500.0;500.0;PLIEGOS;0.014489;Bond;
PAPEL;100600116;Rollo Cartulina BRIGHT --  C - 16 245 g ancho 29;29/08/2026;CONSUMOS;12609.0;12609.0;METROS;2.273654;BAY-C16-29;
PAPEL;100600116;Rollo Cartulina BRIGHT --  C - 16 245 g ancho 29;29/08/2026;CONSUMOS;9307.0;9307.0;METROS;1.678238;BAY-C16-29;
PAPEL;100600116;Rollo Cartulina BRIGHT --  C - 16 245 g ancho 29;29/08/2026;CONSUMOS;338.0;338.0;METROS;0.060948;BAY-C16-29;
PAPEL;100600149;113 Sundance Cover FELT -- 176 gramos 26 x 40;3/08/2026;INGRESOS;17000.0;17000.0;PLIEGOS;2.006315;Varios;
PAPEL;100600149;113 Sundance Cover FELT -- 176 gramos 26 x 40;3/08/2026;INGRESOS;0.0;0.0;PLIEGOS;0.0;Varios;
PAPEL;100600149;113 Sundance Cover FELT -- 176 gramos 26 x 40;4/08/2026;CONSUMOS;17000.0;17000.0;PLIEGOS;2.006315;Varios;
PAPEL;100600155;Papel Bond 75 gramos -- 23 x 36;4/08/2026;CONSUMOS;300.0;300.0;PLIEGOS;0.012009;Bond;
PAPEL;100600155;Papel Bond 75 gramos -- 23 x 36;5/08/2026;INGRESOS;0.0;0.0;PLIEGOS;0.0;Bond;
PAPEL;100600155;Papel Bond 75 gramos -- 23 x 36;6/08/2026;INGRESOS;12500.0;12500.0;PLIEGOS;0.500415;Bond;
PAPEL;100600155;Papel Bond 75 gramos -- 23 x 36;7/08/2026;CONSUMOS;1900.0;1900.0;PLIEGOS;0.076063;Bond;
PAPEL;100600155;Papel Bond 75 gramos -- 23 x 36;8/08/2026;CONSUMOS;16700.0;16700.0;PLIEGOS;0.668554;Bond;
PAPEL;100600155;Papel Bond 75 gramos -- 23 x 36;10/08/2026;INGRESOS;0.0;0.0;PLIEGOS;0.0;Bond;
PAPEL;100600155;Papel Bond 75 gramos -- 23 x 36;13/08/2026;CONSUMOS;3400.0;3400.0;PLIEGOS;0.136112;Bond;
PAPEL;100600155;Papel Bond 75 gramos -- 23 x 36;14/08/2026;INGRESOS;500.0;500.0;PLIEGOS;0.020016;Bond;
PAPEL;100600155;Papel Bond 75 gramos -- 23 x 36;14/08/2026;CONSUMOS;500.0;500.0;PLIEGOS;0.020016;Bond;
PAPEL;100600155;Papel Bond 75 gramos -- 23 x 36;14/08/2026;INGRESOS;0.0;0.0;PLIEGOS;0.0;Bond;
PAPEL;100600155;Papel Bond 75 gramos -- 23 x 36;17/08/2026;INGRESOS;5000.0;5000.0;PLIEGOS;0.200166;Bond;
PAPEL;100600161;Papel Bond 70 gramos -- 30 x 40;13/08/2026;INGRESOS;0.0;0.0;PLIEGOS;0.0;Bond;
PAPEL;100600161;Papel Bond 70 gramos -- 30 x 40;14/08/2026;INGRESOS;6000.0;6000.0;PLIEGOS;0.32516;Bond;
PAPEL;100600161;Papel Bond 70 gramos -- 30 x 40;19/08/2026;CONSUMOS;4100.0;4100.0;PLIEGOS;0.222193;Bond;
PAPEL;100600163;PAPEL COUCHE MATTE B-100 140 Gramos 25 x 38;3/08/2026;INGRESOS;0.0;0.0;Pliego(s);0.0;Couche;
PAPEL;100600163;PAPEL COUCHE MATTE B-100 140 Gramos 25 x 38;4/08/2026;INGRESOS;1500.0;1500.0;Pliego(s);0.128682;Couche;
PAPEL;100600163;PAPEL COUCHE MATTE B-100 140 Gramos 25 x 38;4/08/2026;CONSUMOS;29.0;29.0;Pliego(s);0.002487;Couche;
PAPEL;100600163;PAPEL COUCHE MATTE B-100 140 Gramos 25 x 38;4/08/2026;CONSUMOS;453.0;453.0;Pliego(s);0.038862;Couche;
PAPEL;100600163;PAPEL COUCHE MATTE B-100 140 Gramos 25 x 38;4/08/2026;CONSUMOS;398.0;398.0;Pliego(s);0.034143;Couche;
PAPEL;100600163;PAPEL COUCHE MATTE B-100 140 Gramos 25 x 38;4/08/2026;CONSUMOS;29.0;29.0;Pliego(s);0.002487;Couche;
PAPEL;100600163;PAPEL COUCHE MATTE B-100 140 Gramos 25 x 38;4/08/2026;CONSUMOS;398.0;398.0;Pliego(s);0.034143;Couche;
PAPESP;100700002;Adhesivo con ciza -- 17*24;14/08/2026;CONSUMOS;100.0;100.0;hoja(s);0.0;Papesp;
PAPESP;100700002;Adhesivo con ciza -- 17*24;14/08/2026;CONSUMOS;50.0;50.0;hoja(s);0.0;Papesp;
PAPESP;100700002;Adhesivo con ciza -- 17*24;14/08/2026;CONSUMOS;50.0;50.0;hoja(s);0.0;Papesp;
PAPESP;100700002;Adhesivo con ciza -- 17*24;14/08/2026;CONSUMOS;50.0;50.0;hoja(s);0.0;Papesp;
PAPESP;100700002;Adhesivo con ciza -- 17*24;14/08/2026;CONSUMOS;50.0;50.0;hoja(s);0.0;Papesp;
PAPESP;100700002;Adhesivo con ciza -- 17*24;14/08/2026;CONSUMOS;200.0;200.0;hoja(s);0.0;Papesp;
PAPESP;100700002;Adhesivo con ciza -- 17*24;19/08/2026;CONSUMOS;200.0;200.0;hoja(s);0.0;Papesp;
PAPESP;100700002;Adhesivo con ciza -- 17*24;26/08/2026;CONSUMOS;115.0;115.0;hoja(s);0.0;Papesp;
PAPESP;100700003;Adhesivo sin ciza -- normal 17*24;3/08/2026;INGRESOS;1900.0;1900.0;hoja(s);0.0;Papesp;
PAPESP;100700003;Adhesivo sin ciza -- normal 17*24;3/08/2026;INGRESOS;0.0;0.0;hoja(s);0.0;Papesp;
PAPESP;100700003;Adhesivo sin ciza -- normal 17*24;4/08/2026;CONSUMOS;1000.0;1000.0;hoja(s);0.0;Papesp;
PAPESP;100700003;Adhesivo sin ciza -- normal 17*24;4/08/2026;CONSUMOS;900.0;900.0;hoja(s);0.0;Papesp;
PAPESP;100700003;Adhesivo sin ciza -- normal 17*24;14/08/2026;CONSUMOS;1300.0;1300.0;hoja(s);0.0;Papesp;
PAPESP;100700003;Adhesivo sin ciza -- normal 17*24;20/08/2026;INGRESOS;0.0;0.0;hoja(s);0.0;Papesp;
PAPESP;100700003;Adhesivo sin ciza -- normal 17*24;25/08/2026;INGRESOS;200.0;200.0;hoja(s);0.0;Papesp;
PAPESP;100700003;Adhesivo sin ciza -- normal 17*24;26/08/2026;CONSUMOS;200.0;200.0;hoja(s);0.0;Papesp;
PAPESP;100700022;Papel Kraft Natural B-115 -- 115 gramos 24 x 36;10/08/2026;INGRESOS;0.0;0.0;hoja(s);0.0;Varios;
PAPESP;100700022;Papel Kraft Natural B-115 -- 115 gramos 24 x 36;14/08/2026;INGRESOS;31500.0;31500.0;hoja(s);2.016377;Varios;
PAPESP;100700022;Papel Kraft Natural B-115 -- 115 gramos 24 x 36;14/08/2026;CONSUMOS;31700.0;31700.0;hoja(s);2.02918;Varios;
PAPESP;100700029;"PAPEL SHERPA PREMIUN 21""";17/08/2026;CONSUMOS;2.0;2.0;unidad(es);0.0;Papesp;
PAPESP;100700029;"PAPEL SHERPA PREMIUN 21""";20/08/2026;INGRESOS;2.0;2.0;unidad(es);0.0;Papesp;
PAPESP;100700029;"PAPEL SHERPA PREMIUN 21""";20/08/2026;INGRESOS;0.0;0.0;unidad(es);0.0;Papesp;
PAPESP;100700029;"PAPEL SHERPA PREMIUN 21""";26/08/2026;CONSUMOS;2.0;2.0;unidad(es);0.0;Papesp;
PAPESP;100700046;"PAPEL 6MIL  SYNTHETIC 180GR  --- 26""X40""";25/08/2026;INGRESOS;6000.0;6000.0;hoja(s);0.0;Papesp;
PAPESP;100700046;"PAPEL 6MIL  SYNTHETIC 180GR  --- 26""X40""";25/08/2026;INGRESOS;0.0;0.0;hoja(s);0.0;Papesp;
CARTULINA;100300001;Cartulina Husky -- C-8 200 gramos 25 x 36;4/09/2026;INGRESOS;1200.0;1200.0;hoja(s);0.139293;C8-25H;
CARTULINA;100300001;Cartulina Husky -- C-8 200 gramos 25 x 36;4/09/2026;INGRESOS;1200.0;1200.0;hoja(s);0.139293;C8-25H;
CARTULINA;100300001;Cartulina Husky -- C-8 200 gramos 25 x 36;4/09/2026;INGRESOS;1200.0;1200.0;hoja(s);0.139293;C8-25H;
CARTULINA;100300002;Cartulina Husky -- C-8 190 gramos 25 x 38;4/09/2026;INGRESOS;1200.0;1200.0;hoja(s);0.139712;C8-25H;
CARTULINA;100305183;Cartulina FBB ASIA SYMBOL -- C-20 325 gramos  25 x 38;2/09/2026;INGRESOS;12700.0;12700.0;PLIEGOS;2.529228;C20-25;
CARTULINA;100306212;Cartulina FBB ASIA SYMBOL LOCAL -- C-18 295 gramos  25 x 38;2/09/2026;INGRESOS;4500.0;4500.0;PLIEGOS;0.813458;C18-25;
CARTULINA;100306212;Cartulina FBB ASIA SYMBOL LOCAL -- C-18 295 gramos  25 x 38;2/09/2026;INGRESOS;2300.0;2300.0;PLIEGOS;0.415767;C18-25;
CARTULINA;100306212;Cartulina FBB ASIA SYMBOL LOCAL -- C-18 295 gramos  25 x 38;2/09/2026;INGRESOS;4400.0;4400.0;PLIEGOS;0.795381;C18-25;
CARTULINA;100306212;Cartulina FBB ASIA SYMBOL LOCAL -- C-18 295 gramos  25 x 38;2/09/2026;INGRESOS;4400.0;4400.0;PLIEGOS;0.795381;C18-25;
CARTULINA;100306212;Cartulina FBB ASIA SYMBOL LOCAL -- C-18 295 gramos  25 x 38;2/09/2026;INGRESOS;5700.0;5700.0;PLIEGOS;1.030381;C18-25;
CARTULINA;100306212;Cartulina FBB ASIA SYMBOL LOCAL -- C-18 295 gramos  25 x 38;2/09/2026;INGRESOS;5100.0;5100.0;PLIEGOS;0.921919;C18-25;
CARTULINA;100306214;Cartulina FBB ASIA SYMBOL LOCAL -- C-16 270 gramos  25 x 38;2/09/2026;INGRESOS;800.0;800.0;PLIEGOS;0.132359;C18-25;
PAPEL;100600005;Papel Bond 75 gramos -- 22 x 34;4/09/2026;INGRESOS;35500.0;35500.0;PLIEGOS;1.285923;Bond;
PAPEL;100600009;Papel Bond 75 gramos -- 26 x 38;3/09/2026;INGRESOS;14000.0;14000.0;PLIEGOS;0.668745;Bond;
PAPEL;100600009;Papel Bond 75 gramos -- 26 x 38;3/09/2026;INGRESOS;2500.0;2500.0;PLIEGOS;0.119418;Bond;
PAPEL;100600034;Papel Couche Brillante B-100 -- 140 gramos  30 x 40;4/09/2026;INGRESOS;1250.0;1250.0;PLIEGOS;0.135483;Couche;
CARTULINA;100300002;Cartulina Husky -- C-8 190 gramos 25 x 38;1/09/2026;CONSUMOS;600.0;600.0;hoja(s);0.069856;C8-25H;
CARTULINA;100300754;Cartulina FBB Zenith LOCAL -- C-16 270 gramos 30 x 40;1/09/2026;CONSUMOS;2600.0;2600.0;hoja(s);0.543482;C16-30;
CARTULINA;100300996;Cartulina FBB Zenith LOCAL -- C-18 295 gramos 25 x 36;1/09/2026;CONSUMOS;5600.0;5600.0;hoja(s);0.958804;C18-25;
CARTULINA;100301000;Cartulina FBB Zenith -- C-18 295 gramos 25 x 38;1/09/2026;CONSUMOS;1000.0;1000.0;hoja(s);0.180768;C18-25;
CARTULINA;100301262;Cartulina FBB Zenith LOCAL -- C-20 325 gramos 30 x 40;1/09/2026;CONSUMOS;1400.0;1400.0;hoja(s);0.352257;C20-30;
CARTULINA;100301862;Rollo Cartulina ASIA SYMBOL C-12 230 g ancho 30.5;4/09/2026;CONSUMOS;834.0;834.0;METROS;0.148468;C12-31;
CARTULINA;100301908;Rollo Cartulina Nine Dragons C - 13.6 215 g ancho 25 (29-89);4/09/2026;CONSUMOS;5292.0;5292.0;METROS;0.72249;C13.6-25;
CARTULINA;100301908;Rollo Cartulina Nine Dragons C - 13.6 215 g ancho 25 (29-89);4/09/2026;CONSUMOS;35966.0;35966.0;METROS;4.910258;C13.6-25;
CARTULINA;100301908;Rollo Cartulina Nine Dragons C - 13.6 215 g ancho 25 (29-89);4/09/2026;CONSUMOS;4197.0;4197.0;METROS;0.572995;C13.6-25;
CARTULINA;100301908;Rollo Cartulina Nine Dragons C - 13.6 215 g ancho 25 (29-89);4/09/2026;CONSUMOS;2553.0;2553.0;METROS;0.348548;C13.6-25;
CARTULINA;100301909;Rollo Cartulina Nine Dragons C - 13.6 215 g ancho 30 (29-89);4/09/2026;CONSUMOS;9528.0;9528.0;METROS;1.560972;C13.6-30;
CARTULINA;100301924;Rollo Cartulina Nine Dragons C - 18.3 290 g ancho 25;1/09/2026;CONSUMOS;4860.0;4860.0;METROS;0.894969;C18-25;
CARTULINA 29-89;100305969;Cartulina FBB DRAGONS -- C-15.7 245 gramos 34.5 x 27;1/09/2026;CONSUMOS;1570.0;1570.0;PLIEGOS;0.230813;HONDURAS FOS;
CARTULINA 29-89;100305969;Cartulina FBB DRAGONS -- C-15.7 245 gramos 34.5 x 27;1/09/2026;CONSUMOS;1500.0;1500.0;PLIEGOS;0.220522;HONDURAS FOS;
CARTULINA 29-89;100305969;Cartulina FBB DRAGONS -- C-15.7 245 gramos 34.5 x 27;1/09/2026;CONSUMOS;1510.0;1510.0;PLIEGOS;0.221992;HONDURAS FOS;
CARTULINA 29-89;100305969;Cartulina FBB DRAGONS -- C-15.7 245 gramos 34.5 x 27;1/09/2026;CONSUMOS;1420.0;1420.0;PLIEGOS;0.20876;HONDURAS FOS;
CARTULINA;100306180;Cartulina NINGBO ALLY LOCAL C-18 290 gramos 25 x 36;1/09/2026;CONSUMOS;3500.0;3500.0;PLIEGOS;0.589095;C18-25;
CARTULINA 29-89 T;100306192;Rollo Cartulina IBH ROSENFICHT -- C-18.8 290 g ancho 25;1/09/2026;CONSUMOS;8870.0;8870.0;METROS;1.63341;C18-25;
CARTULINA 29-89 T;100306192;Rollo Cartulina IBH ROSENFICHT -- C-18.8 290 g ancho 25;4/09/2026;CONSUMOS;2190.0;2190.0;METROS;0.403288;C18-25;
CARTULINA 29-89 T;100306192;Rollo Cartulina IBH ROSENFICHT -- C-18.8 290 g ancho 25;4/09/2026;CONSUMOS;3172.0;3172.0;METROS;0.584123;C18-25;
CARTULINA 29-89 T;100306192;Rollo Cartulina IBH ROSENFICHT -- C-18.8 290 g ancho 25;4/09/2026;CONSUMOS;2312.0;2312.0;METROS;0.425754;C18-25;
CARTULINA;100300001;Cartulina Husky -- C-8 200 gramos 25 x 36;9/09/2026;CONSUMOS;1200.0;1200.0;hoja(s);0.139293;C8-25H;LOCAL
CARTULINA;100300001;Cartulina Husky -- C-8 200 gramos 25 x 36;9/09/2026;CONSUMOS;1200.0;1200.0;hoja(s);0.139293;C8-25H;LOCAL
CARTULINA;100300001;Cartulina Husky -- C-8 200 gramos 25 x 36;9/09/2026;CONSUMOS;1200.0;1200.0;hoja(s);0.139293;C8-25H;LOCAL
CARTULINA;100300002;Cartulina Husky -- C-8 190 gramos 25 x 38;9/09/2026;CONSUMOS;1200.0;1200.0;hoja(s);0.139712;C8-25H;LOCAL
CARTULINA;100300002;Cartulina Husky -- C-8 190 gramos 25 x 38;12/09/2026;CONSUMOS;1700.0;1700.0;hoja(s);0.197926;C8-25H;LOCAL
CARTULINA;100300004;Cartulina Husky -- C-10 230 gramos 25 x 36;10/09/2026;CONSUMOS;58200.0;58200.0;hoja(s);7.7691;C10-25H;LOCAL
CARTULINA;100300010;Cartulina Husky -- C-12 270 gramos 30 x 40;9/09/2026;CONSUMOS;700.0;700.0;hoja(s);0.146322;C12-30H;LOCAL
CARTULINA;100300010;Cartulina Husky -- C-12 270 gramos 30 x 40;9/09/2026;CONSUMOS;4900.0;4900.0;hoja(s);1.024256;C12-30H;LOCAL
CARTULINA;100300010;Cartulina Husky -- C-12 270 gramos 30 x 40;9/09/2026;CONSUMOS;1400.0;1400.0;hoja(s);0.292644;C12-30H;LOCAL
CARTULINA;100300011;Cartulina Husky -- C-14 300 gramos 25 x 38;9/09/2026;CONSUMOS;1500.0;1500.0;hoja(s);0.275748;C14-25H;LOCAL
CARTULINA;100300011;Cartulina Husky -- C-14 300 gramos 25 x 38;9/09/2026;CONSUMOS;700.0;700.0;hoja(s);0.128682;C14-25H;LOCAL
CARTULINA;100300011;Cartulina Husky -- C-14 300 gramos 25 x 38;9/09/2026;CONSUMOS;700.0;700.0;hoja(s);0.128682;C14-25H;LOCAL
CARTULINA;100300011;Cartulina Husky -- C-14 300 gramos 25 x 38;9/09/2026;CONSUMOS;300.0;300.0;hoja(s);0.055149;C14-25H;LOCAL
CARTULINA;100300013;Cartulina Husky -- C-16 350 gramos 25 x 38;9/09/2026;CONSUMOS;32.0;32.0;hoja(s);0.006863;C16-25H;LOCAL
CARTULINA;100300013;Cartulina Husky -- C-16 350 gramos 25 x 38;9/09/2026;CONSUMOS;138.0;138.0;hoja(s);0.029597;C16-25H;LOCAL
CARTULINA;100300013;Cartulina Husky -- C-16 350 gramos 25 x 38;12/09/2026;CONSUMOS;600.0;600.0;hoja(s);0.128682;C16-25H;LOCAL
CARTULINA;100300162;Cartulina FBB Zenith LOCAL -- C-12 215 gramos 30 x 40;12/09/2026;CONSUMOS;2300.0;2300.0;hoja(s);0.382837;C12-30;LOCAL
CARTULINA;100300162;Cartulina FBB Zenith LOCAL -- C-12 215 gramos 30 x 40;12/09/2026;CONSUMOS;1600.0;1600.0;hoja(s);0.266322;C12-30;LOCAL
CARTULINA;100300296;Cartulina FBB Zenith LOCAL -- C-14 235 gramos 25 x 36;12/09/2026;CONSUMOS;2000.0;2000.0;hoja(s);0.272783;C14-25;LOCAL
CARTULINA;100300298;Cartulina FBB Zenith LOCAL -- C-14 235 gramos 25 x 38;9/09/2026;CONSUMOS;4700.0;4700.0;hoja(s);0.676809;C14-25;LOCAL
CARTULINA;100300298;Cartulina FBB Zenith LOCAL -- C-14 235 gramos 25 x 38;10/09/2026;CONSUMOS;1500.0;1500.0;hoja(s);0.216003;C14-25;LOCAL
CARTULINA;100300300;Cartulina FBB Zenith LOCAL -- C-14 235 gramos 30 x 40;9/09/2026;CONSUMOS;8900.0;8900.0;hoja(s);1.619222;C14-30;
CARTULINA;100300704;Cartulina FBB Zenith LOCAL -- C-16 270 gramos 25 x 36;9/09/2026;CONSUMOS;1400.0;1400.0;hoja(s);0.219387;C16-25;LOCAL
CARTULINA;100300704;Cartulina FBB Zenith LOCAL -- C-16 270 gramos 25 x 36;9/09/2026;CONSUMOS;1600.0;1600.0;hoja(s);0.250728;C16-25;LOCAL
CARTULINA;100300704;Cartulina FBB Zenith LOCAL -- C-16 270 gramos 25 x 36;12/09/2026;CONSUMOS;700.0;700.0;hoja(s);0.109693;C16-25;LOCAL
CARTULINA;100300704;Cartulina FBB Zenith LOCAL -- C-16 270 gramos 25 x 36;12/09/2026;CONSUMOS;1700.0;1700.0;hoja(s);0.266399;C16-25;LOCAL
CARTULINA;100300708;Cartulina FBB Zenith -- C-16 270 gramos 25 x 38;9/09/2026;CONSUMOS;1755.0;1755.0;hoja(s);0.290363;C16-25;
CARTULINA;100300708;Cartulina FBB Zenith -- C-16 270 gramos 25 x 38;9/09/2026;CONSUMOS;1600.0;1600.0;hoja(s);0.264718;C16-25;
CARTULINA;100300708;Cartulina FBB Zenith -- C-16 270 gramos 25 x 38;12/09/2026;CONSUMOS;1345.0;1345.0;hoja(s);0.222529;C16-25;
CARTULINA;100300709;Cartulina FBB Zenith LOCAL -- C-16 270 gramos 25 x 38;9/09/2026;CONSUMOS;3100.0;3100.0;hoja(s);0.512892;C16-25;LOCAL
CARTULINA;100300709;Cartulina FBB Zenith LOCAL -- C-16 270 gramos 25 x 38;9/09/2026;CONSUMOS;15145.0;15145.0;hoja(s);2.505728;C16-25;LOCAL
CARTULINA;100300709;Cartulina FBB Zenith LOCAL -- C-16 270 gramos 25 x 38;10/09/2026;CONSUMOS;3600.0;3600.0;hoja(s);0.595617;C16-25;LOCAL
CARTULINA;100300709;Cartulina FBB Zenith LOCAL -- C-16 270 gramos 25 x 38;12/09/2026;CONSUMOS;1655.0;1655.0;hoja(s);0.273818;C16-25;LOCAL
CARTULINA;100300709;Cartulina FBB Zenith LOCAL -- C-16 270 gramos 25 x 38;12/09/2026;CONSUMOS;5700.0;5700.0;hoja(s);0.94306;C16-25;LOCAL
CARTULINA;100300754;Cartulina FBB Zenith LOCAL -- C-16 270 gramos 30 x 40;9/09/2026;CONSUMOS;1900.0;1900.0;hoja(s);0.39716;C16-30;LOCAL
CARTULINA;100300754;Cartulina FBB Zenith LOCAL -- C-16 270 gramos 30 x 40;9/09/2026;CONSUMOS;700.0;700.0;hoja(s);0.146322;C16-30;LOCAL
CARTULINA;100300754;Cartulina FBB Zenith LOCAL -- C-16 270 gramos 30 x 40;9/09/2026;CONSUMOS;6800.0;6800.0;hoja(s);1.421416;C16-30;LOCAL
CARTULINA;100300754;Cartulina FBB Zenith LOCAL -- C-16 270 gramos 30 x 40;12/09/2026;CONSUMOS;500.0;500.0;hoja(s);0.104515;C16-30;LOCAL
CARTULINA;100300995;Cartulina FBB Zenith -- C-18 295 gramos 25 x 36;9/09/2026;CONSUMOS;4200.0;4200.0;hoja(s);0.719103;C18-25;
CARTULINA;100300996;Cartulina FBB Zenith LOCAL -- C-18 295 gramos 25 x 36;9/09/2026;CONSUMOS;1300.0;1300.0;hoja(s);0.222579;C18-25;LOCAL
CARTULINA;100300996;Cartulina FBB Zenith LOCAL -- C-18 295 gramos 25 x 36;9/09/2026;CONSUMOS;1000.0;1000.0;hoja(s);0.171215;C18-25;LOCAL
CARTULINA;100300996;Cartulina FBB Zenith LOCAL -- C-18 295 gramos 25 x 36;9/09/2026;CONSUMOS;500.0;500.0;hoja(s);0.085607;C18-25;LOCAL
CARTULINA;100300996;Cartulina FBB Zenith LOCAL -- C-18 295 gramos 25 x 36;9/09/2026;CONSUMOS;4200.0;4200.0;hoja(s);0.719103;C18-25;LOCAL
CARTULINA;100300996;Cartulina FBB Zenith LOCAL -- C-18 295 gramos 25 x 36;9/09/2026;CONSUMOS;2700.0;2700.0;hoja(s);0.46228;C18-25;LOCAL
CARTULINA;100300996;Cartulina FBB Zenith LOCAL -- C-18 295 gramos 25 x 36;10/09/2026;CONSUMOS;3800.0;3800.0;hoja(s);0.650617;C18-25;LOCAL
CARTULINA;100300996;Cartulina FBB Zenith LOCAL -- C-18 295 gramos 25 x 36;10/09/2026;CONSUMOS;3500.0;3500.0;hoja(s);0.599252;C18-25;LOCAL
CARTULINA;100300996;Cartulina FBB Zenith LOCAL -- C-18 295 gramos 25 x 36;10/09/2026;CONSUMOS;6800.0;6800.0;hoja(s);1.164262;C18-25;LOCAL
CARTULINA;100300996;Cartulina FBB Zenith LOCAL -- C-18 295 gramos 25 x 36;10/09/2026;CONSUMOS;5900.0;5900.0;hoja(s);1.010168;C18-25;LOCAL
CARTULINA;100300996;Cartulina FBB Zenith LOCAL -- C-18 295 gramos 25 x 36;12/09/2026;CONSUMOS;8900.0;8900.0;hoja(s);1.523813;C18-25;LOCAL
CARTULINA;100300996;Cartulina FBB Zenith LOCAL -- C-18 295 gramos 25 x 36;12/09/2026;CONSUMOS;23100.0;23100.0;hoja(s);3.955067;C18-25;LOCAL
CARTULINA;100301001;Cartulina FBB Zenith LOCAL -- C-18 295 gramos 25 x 38;9/09/2026;CONSUMOS;17800.0;17800.0;hoja(s);3.217681;C18-25;LOCAL
CARTULINA;100301045;Cartulina FBB Zenith -- C-18 295 gramos 30 x 40;9/09/2026;CONSUMOS;4200.0;4200.0;hoja(s);0.0;C18-30;
CARTULINA;100301046;Cartulina FBB Zenith LOCAL -- C-18 295 gramos 30 x 40;9/09/2026;CONSUMOS;1900.0;1900.0;hoja(s);0.433934;C18-30;LOCAL
CARTULINA;100301343;Cartulina FBB Zenith LOCAL -- C-22 360 gramos 25 x 38;12/09/2026;CONSUMOS;2400.0;2400.0;hoja(s);0.529437;C22-25;LOCAL
CARTULINA;100301863;Rollo Cartulina ASIA SYMBOL C-14 235 g ancho 29;12/09/2026;CONSUMOS;15685.0;15685.0;METROS;2.712877;C14-29;IMPORTACION
CARTULINA;100301908;Rollo Cartulina Nine Dragons C - 13.6 215 g ancho 25 (29-89);12/09/2026;CONSUMOS;5426.0;5426.0;METROS;0.740784;C13.6-25;IMPORTACION
CARTULINA;100301908;Rollo Cartulina Nine Dragons C - 13.6 215 g ancho 25 (29-89);12/09/2026;CONSUMOS;9524.0;9524.0;METROS;1.300264;C13.6-25;IMPORTACION
CARTULINA;100301935;Cartulina FBB Asia Symbol -- C-14 235 gramos  22 x 34;10/09/2026;CONSUMOS;2700.0;2700.0;PLIEGO;0.305546;C14-22;IMPORTACION
CARTULINA;100304526;Cartulina SPARK C-18 270 gr 25 X 36;10/09/2026;CONSUMOS;8900.0;8900.0;Pliego(s);1.394677;Spark;LOCAL
CARTULINA;100304526;Cartulina SPARK C-18 270 gr 25 X 36;12/09/2026;CONSUMOS;1900.0;1900.0;Pliego(s);0.29774;Spark;LOCAL
CARTULINA;100304527;Cartulina SPARK C-18 270 gr 25 X 38;12/09/2026;CONSUMOS;11600.0;11600.0;Pliego(s);1.919211;Spark;LOCAL
CARTULINA;100304563;Rollo Cartulina Nine Dragons C - 12 205 g ancho 25 (29-89);12/09/2026;CONSUMOS;69327.0;69327.0;METROS;9.024642;C12-25;IMPORTACION
CARTULINA;100304565;Rollo Cartulina DEDICA FSC --  C - 13.5 225 g ancho 23.125;8/09/2026;CONSUMOS;7963.0;7963.0;Metro(s);1.051713;OLMECA;IMPORTACION
CARTULINA;100304565;Rollo Cartulina DEDICA FSC --  C - 13.5 225 g ancho 23.125;8/09/2026;CONSUMOS;8081.0;8081.0;Metro(s);1.067298;OLMECA;IMPORTACION
CARTULINA;100304565;Rollo Cartulina DEDICA FSC --  C - 13.5 225 g ancho 23.125;8/09/2026;CONSUMOS;7730.0;7730.0;Metro(s);1.020939;OLMECA;IMPORTACION
CARTULINA;100304565;Rollo Cartulina DEDICA FSC --  C - 13.5 225 g ancho 23.125;12/09/2026;CONSUMOS;15655.0;15655.0;Metro(s);2.067634;OLMECA;IMPORTACION
CARTULINA;100304565;Rollo Cartulina DEDICA FSC --  C - 13.5 225 g ancho 23.125;12/09/2026;CONSUMOS;10419.0;10419.0;Metro(s);1.376089;OLMECA;IMPORTACION
CARTULINA;100305183;Cartulina FBB ASIA SYMBOL -- C-20 325 gramos  25 x 38;9/09/2026;CONSUMOS;1300.0;1300.0;PLIEGOS;0.258897;C20-25;
CARTULINA;100305183;Cartulina FBB ASIA SYMBOL -- C-20 325 gramos  25 x 38;9/09/2026;CONSUMOS;11400.0;11400.0;PLIEGOS;2.270331;C20-25;
CARTULINA 29-89;100305969;Cartulina FBB DRAGONS -- C-15.7 245 gramos 34.5 x 27;9/09/2026;CONSUMOS;13360.0;13360.0;PLIEGOS;1.964116;HONDURAS FOS;IMPORTACION
CARTULINA 29-89;100305969;Cartulina FBB DRAGONS -- C-15.7 245 gramos 34.5 x 27;9/09/2026;CONSUMOS;500.0;500.0;PLIEGOS;0.073507;HONDURAS FOS;IMPORTACION
CARTULINA 29-89;100305969;Cartulina FBB DRAGONS -- C-15.7 245 gramos 34.5 x 27;9/09/2026;CONSUMOS;3725.0;3725.0;PLIEGOS;0.547629;HONDURAS FOS;IMPORTACION
CARTULINA 29-89;100305969;Cartulina FBB DRAGONS -- C-15.7 245 gramos 34.5 x 27;10/09/2026;CONSUMOS;7525.0;7525.0;PLIEGOS;1.106285;HONDURAS FOS;IMPORTACION
CARTULINA 29-89;100305969;Cartulina FBB DRAGONS -- C-15.7 245 gramos 34.5 x 27;10/09/2026;CONSUMOS;635.0;635.0;PLIEGOS;0.093354;HONDURAS FOS;IMPORTACION
CARTULINA 29-89;100305969;Cartulina FBB DRAGONS -- C-15.7 245 gramos 34.5 x 27;10/09/2026;CONSUMOS;2775.0;2775.0;PLIEGOS;0.407965;HONDURAS FOS;IMPORTACION
CARTULINA 29-89;100305969;Cartulina FBB DRAGONS -- C-15.7 245 gramos 34.5 x 27;10/09/2026;CONSUMOS;1660.0;1660.0;PLIEGOS;0.244044;HONDURAS FOS;IMPORTACION
CARTULINA 29-89;100305969;Cartulina FBB DRAGONS -- C-15.7 245 gramos 34.5 x 27;10/09/2026;CONSUMOS;1235.0;1235.0;PLIEGOS;0.181563;HONDURAS FOS;IMPORTACION
CARTULINA 29-89;100305969;Cartulina FBB DRAGONS -- C-15.7 245 gramos 34.5 x 27;10/09/2026;CONSUMOS;1690.0;1690.0;PLIEGOS;0.248454;HONDURAS FOS;IMPORTACION
CARTULINA 29-89;100305969;Cartulina FBB DRAGONS -- C-15.7 245 gramos 34.5 x 27;10/09/2026;CONSUMOS;3010.0;3010.0;PLIEGOS;0.442514;HONDURAS FOS;IMPORTACION
CARTULINA 29-89;100305969;Cartulina FBB DRAGONS -- C-15.7 245 gramos 34.5 x 27;12/09/2026;CONSUMOS;2815.0;2815.0;PLIEGOS;0.413846;HONDURAS FOS;IMPORTACION
CARTULINA 29-89;100305982;Cartulina FBB DUPLEX MIRABELL -- C-16 300 gramos  20 x 32.5;9/09/2026;CONSUMOS;58869.0;58869.0;PLIEGO;7.401599;COLGATE-100;IMPORTACION
CARTULINA 29-89;100305983;Cartulina FBB DUPLEX MIRABELL -- C-16 300 gramos  25.5 x 36.5;9/09/2026;CONSUMOS;19100.0;19100.0;PLIEGO;3.436676;COLGATE-50;IMPORTACION
CARTULINA;100305985;Cartulina FBB DUPLEX MIRABELL -- C-17 320 gramos  21.5 x 35;9/09/2026;CONSUMOS;36470.0;36470.0;PLIEGO;5.664742;COLGATE-125;IMPORTACION
CARTULINA;100305985;Cartulina FBB DUPLEX MIRABELL -- C-17 320 gramos  21.5 x 35;9/09/2026;CONSUMOS;51800.0;51800.0;PLIEGO;8.04589;COLGATE-125;IMPORTACION
CARTULINA;100305997;Cartulina SPARK -- C-16 250 gramos 25 X 36;9/09/2026;CONSUMOS;1500.0;1500.0;hoja(s);0.217646;Spark;LOCAL
CARTULINA;100305998;Cartulina SPARK -- C-16 250 gramos 30 X 40;9/09/2026;CONSUMOS;2300.0;2300.0;hoja(s);0.44516;Spark;
CARTULINA 29-89;100306002;Cartulina FBB DRAGONS YA ESTÁ -- C-16.3 255 gramos  39.5 x 25;10/09/2026;CONSUMOS;55.0;55.0;PLIEGOS;0.008932;YA ESTA;IMPORTACION
CARTULINA 29-89;100306002;Cartulina FBB DRAGONS YA ESTÁ -- C-16.3 255 gramos  39.5 x 25;10/09/2026;CONSUMOS;940.0;940.0;PLIEGOS;0.152666;YA ESTA;IMPORTACION
CARTULINA 29-89;100306002;Cartulina FBB DRAGONS YA ESTÁ -- C-16.3 255 gramos  39.5 x 25;10/09/2026;CONSUMOS;2075.0;2075.0;PLIEGOS;0.337002;YA ESTA;IMPORTACION
CARTULINA 29-89;100306142;Cartulina FBB DUPLEX MIRABELL -- C-16 300 gramos  28 x 33.75;9/09/2026;CONSUMOS;77255.0;77255.0;PLIEGO;14.122067;COLGATE-75;
CARTULINA 29-89;100306142;Cartulina FBB DUPLEX MIRABELL -- C-16 300 gramos  28 x 33.75;9/09/2026;CONSUMOS;71605.0;71605.0;PLIEGO;13.089257;COLGATE-75;
CARTULINA 29-89;100306143;Rollo Cartulina Nine Dragons C - 18.3 290 g ancho 24;12/09/2026;CONSUMOS;20400.0;20400.0;METROS;3.602844;C18-25-COSC;
CARTULINA;100306199;Cartulina NINGBO ALLY LOCAL C-18 290 gramos 30 x 40;9/09/2026;CONSUMOS;10900.0;10900.0;;0.0;C18-30;
CARTULINA;100306212;Cartulina FBB ASIA SYMBOL LOCAL -- C-18 295 gramos  25 x 38;9/09/2026;CONSUMOS;2100.0;2100.0;PLIEGOS;0.379614;C18-25;
CARTULINA;100306212;Cartulina FBB ASIA SYMBOL LOCAL -- C-18 295 gramos  25 x 38;9/09/2026;CONSUMOS;2400.0;2400.0;PLIEGOS;0.433844;C18-25;
CARTULINA;100306212;Cartulina FBB ASIA SYMBOL LOCAL -- C-18 295 gramos  25 x 38;9/09/2026;CONSUMOS;4400.0;4400.0;PLIEGOS;0.795381;C18-25;
CARTULINA;100306212;Cartulina FBB ASIA SYMBOL LOCAL -- C-18 295 gramos  25 x 38;9/09/2026;CONSUMOS;5700.0;5700.0;PLIEGOS;1.030381;C18-25;
CARTULINA;100306212;Cartulina FBB ASIA SYMBOL LOCAL -- C-18 295 gramos  25 x 38;9/09/2026;CONSUMOS;2300.0;2300.0;PLIEGOS;0.415767;C18-25;
CARTULINA;100306212;Cartulina FBB ASIA SYMBOL LOCAL -- C-18 295 gramos  25 x 38;9/09/2026;CONSUMOS;5100.0;5100.0;PLIEGOS;0.921919;C18-25;
CARTULINA;100306213;Cartulina FBB ASIA SYMBOL LOCAL -- C-20 325 gramos  25 x 38;3/09/2026;CONSUMOS;11400.0;11400.0;PLIEGOS;2.270331;C20-25;
CARTULINA;100306213;Cartulina FBB ASIA SYMBOL LOCAL -- C-20 325 gramos  25 x 38;3/09/2026;CONSUMOS;11400.0;11400.0;PLIEGOS;2.270331;C20-25;
CARTULINA;100306213;Cartulina FBB ASIA SYMBOL LOCAL -- C-20 325 gramos  25 x 38;9/09/2026;CONSUMOS;11400.0;11400.0;PLIEGOS;2.270331;C20-25;
CARTULINA;100306214;Cartulina FBB ASIA SYMBOL LOCAL -- C-16 270 gramos  25 x 38;9/09/2026;CONSUMOS;800.0;800.0;PLIEGOS;0.132359;C18-25;
CARTULINA;100306231;Cartulina NINGBO ALLY LOCAL C-16 290 gramos 25 x 38;9/09/2026;CONSUMOS;600.0;600.0;PLIEGOS;0.100987;C16-25;
PAPEL;100306233;Cartulina FBB Zenith --  C-22 350 gramos  25 x 36;12/09/2026;CONSUMOS;3700.0;3700.0;PLIEGO;0.751605;C22-25;
PAPEL;100306233;Cartulina FBB Zenith --  C-22 350 gramos  25 x 36;12/09/2026;CONSUMOS;17600.0;17600.0;PLIEGO;3.575202;C22-25;
PAPEL;100600005;Papel Bond 75 gramos -- 22 x 34;9/09/2026;CONSUMOS;35500.0;35500.0;PLIEGOS;1.285923;Bond;LOCAL
PAPEL;100600006;Papel Bond 75 gramos -- 26 x 34;9/09/2026;CONSUMOS;4200.0;4200.0;PLIEGOS;0.179625;Bond;LOCAL
PAPEL;100600009;Papel Bond 75 gramos -- 26 x 38;9/09/2026;CONSUMOS;800.0;800.0;PLIEGOS;0.038214;Bond;LOCAL
PAPEL;100600009;Papel Bond 75 gramos -- 26 x 38;9/09/2026;CONSUMOS;14200.0;14200.0;PLIEGOS;0.678298;Bond;LOCAL
PAPEL;100600009;Papel Bond 75 gramos -- 26 x 38;9/09/2026;CONSUMOS;600.0;600.0;PLIEGOS;0.02866;Bond;LOCAL
PAPEL;100600011;Papel Bond 90 gramos -- 22 x 34;9/09/2026;CONSUMOS;1300.0;1300.0;PLIEGOS;0.056508;Bond;LOCAL
PAPEL;100600013;Papel Bond 90 gramos -- 26 x 34;9/09/2026;CONSUMOS;170.0;170.0;PLIEGOS;0.008724;Bond;LOCAL
PAPEL;100600018;Papel Bond 60 gramos -- 21 x 30;9/09/2026;CONSUMOS;51500.0;51500.0;PLIEGOS;1.254991;Bond;LOCAL
PAPEL;100600018;Papel Bond 60 gramos -- 21 x 30;9/09/2026;CONSUMOS;46500.0;46500.0;PLIEGOS;1.133147;Bond;LOCAL
PAPEL;100600021;Papel Couche Brillante - 1 Cara - B-60 -- 90 gramos  25 x 36;9/09/2026;CONSUMOS;1800.0;1800.0;PLIEGOS;0.094023;Couche;LOCAL
PAPEL;100600023;Papel Couche Brillante - 1 Cara - B-60 -- 90 gramos  25 x 38;12/09/2026;CONSUMOS;1800.0;1800.0;PLIEGOS;0.099269;Couche;LOCAL
PAPEL;100600024;Papel Couche Brillante B-60 -- 90 gramos  30 x 40;9/09/2026;CONSUMOS;2600.0;2600.0;PLIEGOS;0.18116;Couche;LOCAL
PAPEL;100600024;Papel Couche Brillante B-60 -- 90 gramos  30 x 40;9/09/2026;CONSUMOS;1400.0;1400.0;PLIEGOS;0.097548;Couche;LOCAL
PAPEL;100600030;Papel Couche Brillante B-80 -- 115 gramos  25 x 38;9/09/2026;CONSUMOS;4500.0;4500.0;PLIEGOS;0.317111;Couche;LOCAL
PAPEL;100600030;Papel Couche Brillante B-80 -- 115 gramos  25 x 38;9/09/2026;CONSUMOS;1000.0;1000.0;PLIEGOS;0.070469;Couche;LOCAL
PAPEL;100600030;Papel Couche Brillante B-80 -- 115 gramos  25 x 38;12/09/2026;CONSUMOS;1100.0;1100.0;PLIEGOS;0.077516;Couche;LOCAL
PAPEL;100600030;Papel Couche Brillante B-80 -- 115 gramos  25 x 38;12/09/2026;CONSUMOS;900.0;900.0;PLIEGOS;0.063422;Couche;LOCAL
PAPEL;100600030;Papel Couche Brillante B-80 -- 115 gramos  25 x 38;12/09/2026;CONSUMOS;3500.0;3500.0;PLIEGOS;0.246641;Couche;LOCAL
PAPEL;100600033;Papel Couche Brillante B-100 -- 140 gramos  25 x 38;8/09/2026;CONSUMOS;1000.0;1000.0;PLIEGOS;0.085788;Couche;LOCAL
PAPEL;100600033;Papel Couche Brillante B-100 -- 140 gramos  25 x 38;9/09/2026;CONSUMOS;8000.0;8000.0;PLIEGOS;0.686308;Couche;LOCAL
PAPEL;100600033;Papel Couche Brillante B-100 -- 140 gramos  25 x 38;9/09/2026;CONSUMOS;800.0;800.0;PLIEGOS;0.06863;Couche;LOCAL
PAPEL;100600033;Papel Couche Brillante B-100 -- 140 gramos  25 x 38;9/09/2026;CONSUMOS;5300.0;5300.0;PLIEGOS;0.454679;Couche;LOCAL
PAPEL;100600034;Papel Couche Brillante B-100 -- 140 gramos  30 x 40;9/09/2026;CONSUMOS;1100.0;1100.0;PLIEGOS;0.119225;Couche;LOCAL
PAPEL;100600045;Papel Couche Brillante B-80 -- 115 gramos  30 x 40;12/09/2026;CONSUMOS;705.0;705.0;PLIEGOS;0.062767;Couche;LOCAL
PAPEL;100600080;Cartulina Husky C-10 -- 250 gramos 25 x 38;10/09/2026;CONSUMOS;600.0;600.0;PLIEGO;0.091916;C10-25H;
PAPEL;100600080;Cartulina Husky C-10 -- 250 gramos 25 x 38;12/09/2026;CONSUMOS;2000.0;2000.0;PLIEGO;0.306387;C10-25H;
PAPEL;100600094;Rollo Cartulina CMPC RC --  C - 18 265 g ancho 25;12/09/2026;CONSUMOS;14826.0;14826.0;METROS;2.494845;CMPC RC;IMPORTACION
PAPEL;100600094;Rollo Cartulina CMPC RC --  C - 18 265 g ancho 25;12/09/2026;CONSUMOS;27013.0;27013.0;METROS;4.545612;CMPC RC;IMPORTACION
PAPEL;100600094;Rollo Cartulina CMPC RC --  C - 18 265 g ancho 25;12/09/2026;CONSUMOS;56432.0;56432.0;METROS;9.496094;CMPC RC;IMPORTACION
PAPESP;100700002;Adhesivo con ciza -- 17*24;9/09/2026;CONSUMOS;90.0;90.0;hoja(s);0.0;Papesp;
PAPESP;100700002;Adhesivo con ciza -- 17*24;9/09/2026;CONSUMOS;95.0;95.0;hoja(s);0.0;Papesp;
PAPESP;100700002;Adhesivo con ciza -- 17*24;9/09/2026;CONSUMOS;80.0;80.0;hoja(s);0.0;Papesp;
PAPESP;100700002;Adhesivo con ciza -- 17*24;9/09/2026;CONSUMOS;50.0;50.0;hoja(s);0.0;Papesp;
PAPESP;100700002;Adhesivo con ciza -- 17*24;9/09/2026;CONSUMOS;50.0;50.0;hoja(s);0.0;Papesp;
PAPESP;100700002;Adhesivo con ciza -- 17*24;9/09/2026;CONSUMOS;100.0;100.0;hoja(s);0.0;Papesp;
PAPESP;100700002;Adhesivo con ciza -- 17*24;9/09/2026;CONSUMOS;35.0;35.0;hoja(s);0.0;Papesp;
CARTULINA;100300002;Cartulina Husky -- C-8 190 gramos 25 x 38;9/09/2026;INGRESOS;1700.0;1700.0;hoja(s);0.197926;C8-25H;LOCAL
CARTULINA;100300004;Cartulina Husky -- C-10 230 gramos 25 x 36;9/09/2026;INGRESOS;58200.0;58200.0;hoja(s);7.7691;C10-25H;LOCAL
CARTULINA;100300010;Cartulina Husky -- C-12 270 gramos 30 x 40;7/09/2026;INGRESOS;1400.0;1400.0;hoja(s);0.292644;C12-30H;LOCAL
CARTULINA;100300010;Cartulina Husky -- C-12 270 gramos 30 x 40;8/09/2026;INGRESOS;700.0;700.0;hoja(s);0.146322;C12-30H;LOCAL
CARTULINA;100300010;Cartulina Husky -- C-12 270 gramos 30 x 40;8/09/2026;INGRESOS;4900.0;4900.0;hoja(s);1.024256;C12-30H;LOCAL
CARTULINA;100300011;Cartulina Husky -- C-14 300 gramos 25 x 38;7/09/2026;INGRESOS;1500.0;1500.0;hoja(s);0.275748;C14-25H;LOCAL
CARTULINA;100300011;Cartulina Husky -- C-14 300 gramos 25 x 38;7/09/2026;INGRESOS;700.0;700.0;hoja(s);0.128682;C14-25H;LOCAL
CARTULINA;100300011;Cartulina Husky -- C-14 300 gramos 25 x 38;7/09/2026;INGRESOS;1500.0;1500.0;hoja(s);0.275748;C14-25H;LOCAL
CARTULINA;100300011;Cartulina Husky -- C-14 300 gramos 25 x 38;7/09/2026;INGRESOS;700.0;700.0;hoja(s);0.128682;C14-25H;LOCAL
CARTULINA;100300011;Cartulina Husky -- C-14 300 gramos 25 x 38;9/09/2026;INGRESOS;300.0;300.0;hoja(s);0.055149;C14-25H;LOCAL
CARTULINA;100300013;Cartulina Husky -- C-16 350 gramos 25 x 38;9/09/2026;INGRESOS;600.0;600.0;hoja(s);0.128682;C16-25H;LOCAL
CARTULINA;100300162;Cartulina FBB Zenith LOCAL -- C-12 215 gramos 30 x 40;9/09/2026;INGRESOS;2300.0;2300.0;hoja(s);0.382837;C12-30;LOCAL
CARTULINA;100300162;Cartulina FBB Zenith LOCAL -- C-12 215 gramos 30 x 40;9/09/2026;INGRESOS;1600.0;1600.0;hoja(s);0.266322;C12-30;LOCAL
CARTULINA;100300296;Cartulina FBB Zenith LOCAL -- C-14 235 gramos 25 x 36;11/09/2026;INGRESOS;2000.0;2000.0;hoja(s);0.272783;C14-25;LOCAL
CARTULINA;100300300;Cartulina FBB Zenith LOCAL -- C-14 235 gramos 30 x 40;7/09/2026;INGRESOS;8900.0;8900.0;hoja(s);1.619222;C14-30;
CARTULINA;100300704;Cartulina FBB Zenith LOCAL -- C-16 270 gramos 25 x 36;7/09/2026;INGRESOS;1700.0;1700.0;hoja(s);0.266399;C16-25;LOCAL
CARTULINA;100300704;Cartulina FBB Zenith LOCAL -- C-16 270 gramos 25 x 36;8/09/2026;INGRESOS;3000.0;3000.0;hoja(s);0.470115;C16-25;LOCAL
CARTULINA;100300704;Cartulina FBB Zenith LOCAL -- C-16 270 gramos 25 x 36;11/09/2026;INGRESOS;700.0;700.0;hoja(s);0.109693;C16-25;LOCAL
CARTULINA;100300708;Cartulina FBB Zenith -- C-16 270 gramos 25 x 38;8/09/2026;INGRESOS;4700.0;4700.0;hoja(s);0.777611;C16-25;
CARTULINA;100300709;Cartulina FBB Zenith LOCAL -- C-16 270 gramos 25 x 38;8/09/2026;INGRESOS;16900.0;16900.0;hoja(s);2.796092;C16-25;LOCAL
CARTULINA;100300709;Cartulina FBB Zenith LOCAL -- C-16 270 gramos 25 x 38;9/09/2026;INGRESOS;3600.0;3600.0;hoja(s);0.595617;C16-25;LOCAL
CARTULINA;100300709;Cartulina FBB Zenith LOCAL -- C-16 270 gramos 25 x 38;9/09/2026;INGRESOS;5700.0;5700.0;hoja(s);0.94306;C16-25;LOCAL
CARTULINA;100300709;Cartulina FBB Zenith LOCAL -- C-16 270 gramos 25 x 38;9/09/2026;INGRESOS;11000.0;11000.0;hoja(s);1.819941;C16-25;LOCAL
CARTULINA;100300709;Cartulina FBB Zenith LOCAL -- C-16 270 gramos 25 x 38;11/09/2026;INGRESOS;3000.0;3000.0;hoja(s);0.496347;C16-25;LOCAL
CARTULINA;100300754;Cartulina FBB Zenith LOCAL -- C-16 270 gramos 30 x 40;7/09/2026;INGRESOS;6800.0;6800.0;hoja(s);1.421416;C16-30;LOCAL
CARTULINA;100300754;Cartulina FBB Zenith LOCAL -- C-16 270 gramos 30 x 40;7/09/2026;INGRESOS;1000.0;1000.0;hoja(s);0.209031;C16-30;LOCAL
CARTULINA;100300754;Cartulina FBB Zenith LOCAL -- C-16 270 gramos 30 x 40;7/09/2026;INGRESOS;700.0;700.0;hoja(s);0.146322;C16-30;LOCAL
CARTULINA;100300754;Cartulina FBB Zenith LOCAL -- C-16 270 gramos 30 x 40;8/09/2026;INGRESOS;2600.0;2600.0;hoja(s);0.543482;C16-30;LOCAL
CARTULINA;100300754;Cartulina FBB Zenith LOCAL -- C-16 270 gramos 30 x 40;8/09/2026;INGRESOS;1900.0;1900.0;hoja(s);0.39716;C16-30;LOCAL
CARTULINA;100300754;Cartulina FBB Zenith LOCAL -- C-16 270 gramos 30 x 40;11/09/2026;INGRESOS;3000.0;3000.0;hoja(s);0.627095;C16-30;LOCAL
CARTULINA;100300995;Cartulina FBB Zenith -- C-18 295 gramos 25 x 36;8/09/2026;INGRESOS;4200.0;4200.0;hoja(s);0.719103;C18-25;
CARTULINA;100300995;Cartulina FBB Zenith -- C-18 295 gramos 25 x 36;11/09/2026;INGRESOS;9000.0;9000.0;hoja(s);1.540935;C18-25;
CARTULINA;100300996;Cartulina FBB Zenith LOCAL -- C-18 295 gramos 25 x 36;7/09/2026;INGRESOS;6900.0;6900.0;hoja(s);1.181383;C18-25;LOCAL
CARTULINA;100300996;Cartulina FBB Zenith LOCAL -- C-18 295 gramos 25 x 36;8/09/2026;INGRESOS;1000.0;1000.0;hoja(s);0.171215;C18-25;LOCAL
CARTULINA;100300996;Cartulina FBB Zenith LOCAL -- C-18 295 gramos 25 x 36;8/09/2026;INGRESOS;1300.0;1300.0;hoja(s);0.222579;C18-25;LOCAL
CARTULINA;100300996;Cartulina FBB Zenith LOCAL -- C-18 295 gramos 25 x 36;8/09/2026;INGRESOS;500.0;500.0;hoja(s);0.085607;C18-25;LOCAL
CARTULINA;100300996;Cartulina FBB Zenith LOCAL -- C-18 295 gramos 25 x 36;9/09/2026;INGRESOS;3800.0;3800.0;hoja(s);0.650617;C18-25;LOCAL
CARTULINA;100300996;Cartulina FBB Zenith LOCAL -- C-18 295 gramos 25 x 36;9/09/2026;INGRESOS;3500.0;3500.0;hoja(s);0.599252;C18-25;LOCAL
CARTULINA;100300996;Cartulina FBB Zenith LOCAL -- C-18 295 gramos 25 x 36;9/09/2026;INGRESOS;6800.0;6800.0;hoja(s);1.164262;C18-25;LOCAL
CARTULINA;100300996;Cartulina FBB Zenith LOCAL -- C-18 295 gramos 25 x 36;9/09/2026;INGRESOS;5900.0;5900.0;hoja(s);1.010168;C18-25;LOCAL
CARTULINA;100300996;Cartulina FBB Zenith LOCAL -- C-18 295 gramos 25 x 36;11/09/2026;INGRESOS;8900.0;8900.0;hoja(s);1.523813;C18-25;LOCAL
CARTULINA;100300996;Cartulina FBB Zenith LOCAL -- C-18 295 gramos 25 x 36;11/09/2026;INGRESOS;23100.0;23100.0;hoja(s);3.955067;C18-25;LOCAL
CARTULINA;100301001;Cartulina FBB Zenith LOCAL -- C-18 295 gramos 25 x 38;8/09/2026;INGRESOS;17800.0;17800.0;hoja(s);3.217681;C18-25;LOCAL
CARTULINA;100301045;Cartulina FBB Zenith -- C-18 295 gramos 30 x 40;2/09/2026;INGRESOS;5900.0;5900.0;hoja(s);0.0;C18-30;
CARTULINA;100301046;Cartulina FBB Zenith LOCAL -- C-18 295 gramos 30 x 40;8/09/2026;INGRESOS;1900.0;1900.0;hoja(s);0.433934;C18-30;LOCAL
CARTULINA;100301046;Cartulina FBB Zenith LOCAL -- C-18 295 gramos 30 x 40;11/09/2026;INGRESOS;1600.0;1600.0;hoja(s);0.365418;C18-30;LOCAL
CARTULINA;100301343;Cartulina FBB Zenith LOCAL -- C-22 360 gramos 25 x 38;11/09/2026;INGRESOS;2400.0;2400.0;hoja(s);0.529437;C22-25;LOCAL
CARTULINA;100304525;Cartulina SPARK C-18 270 gr 30 X 40;11/09/2026;INGRESOS;1900.0;1900.0;Pliego(s);0.39716;Spark;LOCAL
CARTULINA;100304526;Cartulina SPARK C-18 270 gr 25 X 36;9/09/2026;INGRESOS;8900.0;8900.0;Pliego(s);1.394677;Spark;LOCAL
CARTULINA;100304526;Cartulina SPARK C-18 270 gr 25 X 36;9/09/2026;INGRESOS;1900.0;1900.0;Pliego(s);0.29774;Spark;LOCAL
CARTULINA;100304527;Cartulina SPARK C-18 270 gr 25 X 38;9/09/2026;INGRESOS;11600.0;11600.0;Pliego(s);1.919211;Spark;LOCAL
CARTULINA;100304527;Cartulina SPARK C-18 270 gr 25 X 38;11/09/2026;INGRESOS;1800.0;1800.0;Pliego(s);0.297808;Spark;LOCAL
CARTULINA;100305997;Cartulina SPARK -- C-16 250 gramos 25 X 36;8/09/2026;INGRESOS;1500.0;1500.0;hoja(s);0.217646;Spark;LOCAL
CARTULINA;100305998;Cartulina SPARK -- C-16 250 gramos 30 X 40;8/09/2026;INGRESOS;2300.0;2300.0;hoja(s);0.44516;Spark;
CARTULINA;100306199;Cartulina NINGBO ALLY LOCAL C-18 290 gramos 30 x 40;8/09/2026;INGRESOS;10900.0;10900.0;;0.0;C18-30;
CARTULINA;100306213;Cartulina FBB ASIA SYMBOL LOCAL -- C-20 325 gramos  25 x 38;3/09/2026;INGRESOS;11400.0;11400.0;PLIEGOS;2.270331;C20-25;
CARTULINA;100306231;Cartulina NINGBO ALLY LOCAL C-16 290 gramos 25 x 38;8/09/2026;INGRESOS;600.0;600.0;PLIEGOS;0.100987;C16-25;
PAPEL;100306233;Cartulina FBB Zenith --  C-22 350 gramos  25 x 36;11/09/2026;INGRESOS;3700.0;3700.0;PLIEGO;0.751605;C22-25;
PAPEL;100306233;Cartulina FBB Zenith --  C-22 350 gramos  25 x 36;11/09/2026;INGRESOS;17600.0;17600.0;PLIEGO;3.575202;C22-25;
PAPEL;100600006;Papel Bond 75 gramos -- 26 x 34;8/09/2026;INGRESOS;4500.0;4500.0;PLIEGOS;0.192456;Bond;LOCAL
PAPEL;100600009;Papel Bond 75 gramos -- 26 x 38;8/09/2026;INGRESOS;1000.0;1000.0;PLIEGOS;0.047767;Bond;LOCAL
PAPEL;100600011;Papel Bond 90 gramos -- 22 x 34;8/09/2026;INGRESOS;1500.0;1500.0;PLIEGOS;0.065201;Bond;LOCAL
PAPEL;100600013;Papel Bond 90 gramos -- 26 x 34;8/09/2026;INGRESOS;2500.0;2500.0;PLIEGOS;0.128304;Bond;LOCAL
PAPEL;100600018;Papel Bond 60 gramos -- 21 x 30;7/09/2026;INGRESOS;46500.0;46500.0;PLIEGOS;1.133147;Bond;LOCAL
PAPEL;100600018;Papel Bond 60 gramos -- 21 x 30;8/09/2026;INGRESOS;51500.0;51500.0;PLIEGOS;1.254991;Bond;LOCAL
PAPEL;100600021;Papel Couche Brillante - 1 Cara - B-60 -- 90 gramos  25 x 36;8/09/2026;INGRESOS;2000.0;2000.0;PLIEGOS;0.10447;Couche;LOCAL
PAPEL;100600023;Papel Couche Brillante - 1 Cara - B-60 -- 90 gramos  25 x 38;11/09/2026;INGRESOS;2000.0;2000.0;PLIEGOS;0.110299;Couche;LOCAL
PAPEL;100600024;Papel Couche Brillante B-60 -- 90 gramos  30 x 40;8/09/2026;INGRESOS;4000.0;4000.0;PLIEGOS;0.278709;Couche;LOCAL
PAPEL;100600029;Papel Couche Brillante B-80 -- 115 gramos  25 x 36;8/09/2026;INGRESOS;5500.0;5500.0;PLIEGOS;0.367096;Couche;LOCAL
PAPEL;100600030;Papel Couche Brillante B-80 -- 115 gramos  25 x 38;7/09/2026;INGRESOS;4000.0;4000.0;PLIEGOS;0.281876;Couche;LOCAL
PAPEL;100600030;Papel Couche Brillante B-80 -- 115 gramos  25 x 38;7/09/2026;INGRESOS;1500.0;1500.0;PLIEGOS;0.105703;Couche;LOCAL
PAPEL;100600030;Papel Couche Brillante B-80 -- 115 gramos  25 x 38;11/09/2026;INGRESOS;750.0;750.0;PLIEGOS;0.052851;Couche;LOCAL
PAPEL;100600030;Papel Couche Brillante B-80 -- 115 gramos  25 x 38;11/09/2026;INGRESOS;1000.0;1000.0;PLIEGOS;0.070469;Couche;LOCAL
PAPEL;100600030;Papel Couche Brillante B-80 -- 115 gramos  25 x 38;11/09/2026;INGRESOS;1000.0;1000.0;PLIEGOS;0.070469;Couche;LOCAL
PAPEL;100600030;Papel Couche Brillante B-80 -- 115 gramos  25 x 38;11/09/2026;INGRESOS;3500.0;3500.0;PLIEGOS;0.246641;Couche;LOCAL
PAPEL;100600033;Papel Couche Brillante B-100 -- 140 gramos  25 x 38;7/09/2026;INGRESOS;5500.0;5500.0;PLIEGOS;0.471836;Couche;LOCAL
PAPEL;100600033;Papel Couche Brillante B-100 -- 140 gramos  25 x 38;7/09/2026;INGRESOS;3000.0;3000.0;PLIEGOS;0.257365;Couche;LOCAL
PAPEL;100600033;Papel Couche Brillante B-100 -- 140 gramos  25 x 38;8/09/2026;INGRESOS;8000.0;8000.0;PLIEGOS;0.686308;Couche;LOCAL
PAPEL;100600033;Papel Couche Brillante B-100 -- 140 gramos  25 x 38;8/09/2026;INGRESOS;750.0;750.0;PLIEGOS;0.064341;Couche;LOCAL
PAPEL;100600038;Papel Couche Mate B-80 -- 115 gramos  25 x 38;8/09/2026;INGRESOS;1500.0;1500.0;PLIEGOS;0.105703;Couche;LOCAL
PAPEL;100600080;Cartulina Husky C-10 -- 250 gramos 25 x 38;9/09/2026;INGRESOS;2000.0;2000.0;PLIEGO;0.306387;C10-25H;
PAPEL;100600080;Cartulina Husky C-10 -- 250 gramos 25 x 38;9/09/2026;INGRESOS;600.0;600.0;PLIEGO;0.091916;C10-25H;
PAPESP;100700029;"PAPEL SHERPA PREMIUN 21""";2/09/2026;INGRESOS;2.0;2.0;unidad(es);0.0;Papesp;
